year,month,day,latitude,longitude,dhw,sst
1985,4,1,-18.175,147.425,2.0110497237569063,27.55
1985,4,2,-18.175,147.425,1.988950276243094,27.49
1985,4,3,-18.175,147.425,1.9668508287292819,27.47
1985,4,4,-18.175,147.425,1.9447513812154695,27.86
1985,4,5,-18.175,147.425,1.9226519337016574,27.81
1985,4,6,-18.175,147.425,1.9005524861878453,27.8
1985,4,7,-18.175,147.425,1.8784530386740332,27.93
1985,4,8,-18.175,147.425,1.856353591160221,27.95
1985,4,9,-18.175,147.425,1.8342541436464088,27.86
1985,4,10,-18.175,147.425,1.8121546961325967,27.67
1985,4,11,-18.175,147.425,1.7900552486187846,28.57
1985,4,12,-18.175,147.425,1.7679558011049723,27.12
1985,4,13,-18.175,147.425,1.7458563535911602,26.96
1985,4,14,-18.175,147.425,1.723756906077348,26.82
1985,4,15,-18.175,147.425,1.701657458563536,27.55
1985,4,16,-18.175,147.425,1.6795580110497237,28.15
1985,4,17,-18.175,147.425,1.6574585635359116,28.79
1985,4,18,-18.175,147.425,1.6353591160220995,29.22
1985,4,19,-18.175,147.425,1.6132596685082874,29.07
1985,4,20,-18.175,147.425,1.591160220994475,28.59
1985,4,21,-18.175,147.425,1.569060773480663,28.24
1985,4,22,-18.175,147.425,1.5469613259668509,28.0
1985,4,23,-18.175,147.425,1.5248618784530388,27.66
1985,4,24,-18.175,147.425,1.5027624309392265,27.55
1985,4,25,-18.175,147.425,1.4806629834254144,27.32
1985,4,26,-18.175,147.425,1.4585635359116023,27.07
1985,4,27,-18.175,147.425,1.4364640883977902,26.96
1985,4,28,-18.175,147.425,1.4143646408839778,26.95
1985,4,29,-18.175,147.425,1.3922651933701657,26.97
1985,4,30,-18.175,147.425,1.3701657458563536,26.98
1985,5,1,-18.175,147.425,1.3480662983425415,27.01
1985,5,2,-18.175,147.425,1.3259668508287292,27.0
1985,5,3,-18.175,147.425,1.3038674033149171,27.18
1985,5,4,-18.175,147.425,1.281767955801105,27.34
1985,5,5,-18.175,147.425,1.2596685082872927,27.51
1985,5,6,-18.175,147.425,1.2375690607734806,27.17
1985,5,7,-18.175,147.425,1.2154696132596685,26.74
1985,5,8,-18.175,147.425,1.1933701657458564,26.54
1985,5,9,-18.175,147.425,1.171270718232044,26.19
1985,5,10,-18.175,147.425,1.149171270718232,25.97
1985,5,11,-18.175,147.425,1.12707182320442,26.49
1985,5,12,-18.175,147.425,1.1049723756906078,26.22
1985,5,13,-18.175,147.425,1.0828729281767955,25.85
1985,5,14,-18.175,147.425,1.0607734806629834,25.53
1985,5,15,-18.175,147.425,1.0386740331491713,25.45
1985,5,16,-18.175,147.425,1.0165745856353592,25.51
1985,5,17,-18.175,147.425,0.994475138121547,25.64
1985,5,18,-18.175,147.425,0.9723756906077348,25.66
1985,5,19,-18.175,147.425,0.9502762430939227,25.58
1985,5,20,-18.175,147.425,0.9281767955801105,25.48
1985,5,21,-18.175,147.425,0.9060773480662984,25.37
1985,5,22,-18.175,147.425,0.8839779005524862,25.18
1985,5,23,-18.175,147.425,0.861878453038674,25.31
1985,5,24,-18.175,147.425,0.8397790055248618,25.26
1985,5,25,-18.175,147.425,0.8176795580110497,25.2
1985,5,26,-18.175,147.425,0.7955801104972375,25.09
1985,5,27,-18.175,147.425,0.7734806629834254,24.98
1985,5,28,-18.175,147.425,0.7513812154696132,25.01
1985,5,29,-18.175,147.425,0.7292817679558011,24.69
1985,5,30,-18.175,147.425,0.7071823204419889,24.22
1985,5,31,-18.175,147.425,0.6850828729281768,24.29
1985,6,1,-18.175,147.425,0.6629834254143646,24.84
1985,6,2,-18.175,147.425,0.6408839779005525,25.42
1985,6,3,-18.175,147.425,0.6187845303867403,25.5
1985,6,4,-18.175,147.425,0.5966850828729282,25.58
1985,6,5,-18.175,147.425,0.574585635359116,25.52
1985,6,6,-18.175,147.425,0.5524861878453039,24.96
1985,6,7,-18.175,147.425,0.5303867403314917,24.92
1985,6,8,-18.175,147.425,0.5082872928176796,25.52
1985,6,9,-18.175,147.425,0.4861878453038674,25.68
1985,6,10,-18.175,147.425,0.46408839779005523,25.17
1985,6,11,-18.175,147.425,0.4419889502762431,24.63
1985,6,12,-18.175,147.425,0.4198895027624309,24.14
1985,6,13,-18.175,147.425,0.39779005524861877,24.02
1985,6,14,-18.175,147.425,0.3756906077348066,24.07
1985,6,15,-18.175,147.425,0.35359116022099446,23.88
1985,6,16,-18.175,147.425,0.3314917127071823,23.53
1985,6,17,-18.175,147.425,0.30939226519337015,23.69
1985,6,18,-18.175,147.425,0.287292817679558,23.77
1985,6,19,-18.175,147.425,0.26519337016574585,24.06
1985,6,20,-18.175,147.425,0.2430939226519337,23.59
1985,6,21,-18.175,147.425,0.22099447513812154,23.61
1985,6,22,-18.175,147.425,0.19889502762430938,23.51
1985,6,23,-18.175,147.425,0.17679558011049723,23.71
1985,6,24,-18.175,147.425,0.15469613259668508,24.06
1985,6,25,-18.175,147.425,0.13259668508287292,23.96
1985,6,26,-18.175,147.425,0.11049723756906077,22.51
1985,6,27,-18.175,147.425,0.08839779005524862,22.46
1985,6,28,-18.175,147.425,0.06629834254143646,22.92
1985,6,29,-18.175,147.425,0.04419889502762431,23.56
1985,6,30,-18.175,147.425,0.022099447513812154,24.12
1985,7,1,-18.175,147.425,0.0,24.05
1985,7,2,-18.175,147.425,0.0,24.14
1985,7,3,-18.175,147.425,0.0,24.05
1985,7,4,-18.175,147.425,0.022099447513812154,23.94
1985,7,5,-18.175,147.425,0.04419889502762431,23.55
1985,7,6,-18.175,147.425,0.06629834254143646,23.68
1985,7,7,-18.175,147.425,0.08839779005524862,23.72
1985,7,8,-18.175,147.425,0.11049723756906077,23.81
1985,7,9,-18.175,147.425,0.13259668508287292,24.89
1985,7,10,-18.175,147.425,0.15469613259668508,24.14
1985,7,11,-18.175,147.425,0.17679558011049723,23.98
1985,7,12,-18.175,147.425,0.19889502762430938,24.02
1985,7,13,-18.175,147.425,0.22099447513812154,23.98
1985,7,14,-18.175,147.425,0.2430939226519337,23.78
1985,7,15,-18.175,147.425,0.26519337016574585,23.77
1985,7,16,-18.175,147.425,0.287292817679558,23.6
1985,7,17,-18.175,147.425,0.30939226519337015,23.68
1985,7,18,-18.175,147.425,0.3314917127071823,23.43
1985,7,19,-18.175,147.425,0.35359116022099446,23.52
1985,7,20,-18.175,147.425,0.3756906077348066,23.25
1985,7,21,-18.175,147.425,0.39779005524861877,23.48
1985,7,22,-18.175,147.425,0.4198895027624309,23.52
1985,7,23,-18.175,147.425,0.4419889502762431,23.48
1985,7,24,-18.175,147.425,0.46408839779005523,22.87
1985,7,25,-18.175,147.425,0.4861878453038674,22.92
1985,7,26,-18.175,147.425,0.5082872928176796,22.69
1985,7,27,-18.175,147.425,0.5303867403314917,22.7
1985,7,28,-18.175,147.425,0.5524861878453039,22.58
1985,7,29,-18.175,147.425,0.574585635359116,22.52
1985,7,30,-18.175,147.425,0.5966850828729282,22.32
1985,7,31,-18.175,147.425,0.6187845303867403,22.67
1985,8,1,-18.175,147.425,0.6408839779005525,24.04
1985,8,2,-18.175,147.425,0.6629834254143646,23.99
1985,8,3,-18.175,147.425,0.6850828729281768,23.99
1985,8,4,-18.175,147.425,0.7071823204419889,23.86
1985,8,5,-18.175,147.425,0.7292817679558011,23.51
1985,8,6,-18.175,147.425,0.7513812154696132,23.28
1985,8,7,-18.175,147.425,0.7734806629834254,22.79
1985,8,8,-18.175,147.425,0.7955801104972375,22.71
1985,8,9,-18.175,147.425,0.8176795580110497,22.33
1985,8,10,-18.175,147.425,0.8397790055248618,22.23
1985,8,11,-18.175,147.425,0.861878453038674,22.72
1985,8,12,-18.175,147.425,0.8839779005524862,22.52
1985,8,13,-18.175,147.425,0.9060773480662984,22.85
1985,8,14,-18.175,147.425,0.9281767955801105,23.24
1985,8,15,-18.175,147.425,0.9502762430939227,23.44
1985,8,16,-18.175,147.425,0.9723756906077348,23.72
1985,8,17,-18.175,147.425,0.994475138121547,23.78
1985,8,18,-18.175,147.425,1.0165745856353592,23.73
1985,8,19,-18.175,147.425,1.0386740331491713,23.83
1985,8,20,-18.175,147.425,1.0607734806629834,23.83
1985,8,21,-18.175,147.425,1.0828729281767955,23.55
1985,8,22,-18.175,147.425,1.1049723756906078,23.52
1985,8,23,-18.175,147.425,1.12707182320442,23.7
1985,8,24,-18.175,147.425,1.149171270718232,23.85
1985,8,25,-18.175,147.425,1.171270718232044,23.56
1985,8,26,-18.175,147.425,1.1933701657458564,23.31
1985,8,27,-18.175,147.425,1.2154696132596685,23.36
1985,8,28,-18.175,147.425,1.2375690607734806,23.26
1985,8,29,-18.175,147.425,1.2596685082872927,23.28
1985,8,30,-18.175,147.425,1.281767955801105,23.4
1985,8,31,-18.175,147.425,1.3038674033149171,23.7
1985,9,1,-18.175,147.425,1.3259668508287292,24.37
1985,9,2,-18.175,147.425,1.3480662983425415,24.3
1985,9,3,-18.175,147.425,1.3701657458563536,24.05
1985,9,4,-18.175,147.425,1.3922651933701657,23.74
1985,9,5,-18.175,147.425,1.4143646408839778,23.47
1985,9,6,-18.175,147.425,1.4364640883977902,23.37
1985,9,7,-18.175,147.425,1.4585635359116023,23.41
1985,9,8,-18.175,147.425,1.4806629834254144,23.46
1985,9,9,-18.175,147.425,1.5027624309392265,23.51
1985,9,10,-18.175,147.425,1.5248618784530388,22.91
1985,9,11,-18.175,147.425,1.5469613259668509,23.03
1985,9,12,-18.175,147.425,1.569060773480663,23.39
1985,9,13,-18.175,147.425,1.591160220994475,24.29
1985,9,14,-18.175,147.425,1.6132596685082874,24.41
1985,9,15,-18.175,147.425,1.6353591160220995,24.6
1985,9,16,-18.175,147.425,1.6574585635359116,24.57
1985,9,17,-18.175,147.425,1.6795580110497237,24.84
1985,9,18,-18.175,147.425,1.701657458563536,24.6
1985,9,19,-18.175,147.425,1.723756906077348,24.77
1985,9,20,-18.175,147.425,1.7458563535911602,24.67
1985,9,21,-18.175,147.425,1.7679558011049723,24.26
1985,9,22,-18.175,147.425,1.7900552486187846,24.31
1985,9,23,-18.175,147.425,1.8121546961325967,24.38
1985,9,24,-18.175,147.425,1.8342541436464088,24.76
1985,9,25,-18.175,147.425,1.856353591160221,24.69
1985,9,26,-18.175,147.425,1.8784530386740332,24.85
1985,9,27,-18.175,147.425,1.9005524861878453,25.24
1985,9,28,-18.175,147.425,1.9226519337016574,24.57
1985,9,29,-18.175,147.425,1.9447513812154695,24.96
1985,9,30,-18.175,147.425,1.9668508287292819,24.56
1985,10,1,-18.175,147.425,1.988950276243094,24.85
1985,10,2,-18.175,147.425,2.0110497237569063,24.72
1985,10,3,-18.175,147.425,2.0331491712707184,24.83
1985,10,4,-18.175,147.425,2.0552486187845305,24.86
1985,10,5,-18.175,147.425,2.0773480662983426,24.75
1985,10,6,-18.175,147.425,2.0994475138121547,24.7
1985,10,7,-18.175,147.425,2.1215469613259668,24.32
1985,10,8,-18.175,147.425,2.143646408839779,24.31
1985,10,9,-18.175,147.425,2.165745856353591,24.22
1985,10,10,-18.175,147.425,2.1878453038674035,24.84
1985,10,11,-18.175,147.425,2.2099447513812156,25.27
1985,10,12,-18.175,147.425,2.2320441988950277,25.44
1985,10,13,-18.175,147.425,2.25414364640884,25.16
1985,10,14,-18.175,147.425,2.276243093922652,25.13
1985,10,15,-18.175,147.425,2.298342541436464,25.21
1985,10,16,-18.175,147.425,2.320441988950276,25.09
1985,10,17,-18.175,147.425,2.342541436464088,25.34
1985,10,18,-18.175,147.425,2.3646408839779007,25.49
1985,10,19,-18.175,147.425,2.386740331491713,25.7
1985,10,20,-18.175,147.425,2.408839779005525,25.85
1985,10,21,-18.175,147.425,2.430939226519337,26.01
1985,10,22,-18.175,147.425,2.453038674033149,26.07
1985,10,23,-18.175,147.425,2.4751381215469612,25.99
1985,10,24,-18.175,147.425,2.4972375690607733,26.12
1985,10,25,-18.175,147.425,2.5193370165745854,26.07
1985,10,26,-18.175,147.425,2.541436464088398,25.95
1985,10,27,-18.175,147.425,2.56353591160221,25.98
1985,10,28,-18.175,147.425,2.585635359116022,26.22
1985,10,29,-18.175,147.425,2.6077348066298343,26.4
1985,10,30,-18.175,147.425,2.6298342541436464,26.45
1985,10,31,-18.175,147.425,2.6519337016574585,26.38
1985,11,1,-18.175,147.425,2.6740331491712706,26.37
1985,11,2,-18.175,147.425,2.696132596685083,26.39
1985,11,3,-18.175,147.425,2.718232044198895,26.24
1985,11,4,-18.175,147.425,2.7403314917127073,26.28
1985,11,5,-18.175,147.425,2.7624309392265194,26.3
1985,11,6,-18.175,147.425,2.7845303867403315,26.25
1985,11,7,-18.175,147.425,2.8066298342541436,26.26
1985,11,8,-18.175,147.425,2.8287292817679557,26.57
1985,11,9,-18.175,147.425,2.850828729281768,26.89
1985,11,10,-18.175,147.425,2.8729281767955803,26.89
1985,11,11,-18.175,147.425,2.8950276243093924,27.04
1985,11,12,-18.175,147.425,2.9171270718232045,27.05
1985,11,13,-18.175,147.425,2.9392265193370166,27.19
1985,11,14,-18.175,147.425,2.9613259668508287,27.16
1985,11,15,-18.175,147.425,2.983425414364641,26.62
1985,11,16,-18.175,147.425,3.005524861878453,26.54
1985,11,17,-18.175,147.425,3.027624309392265,26.91
1985,11,18,-18.175,147.425,3.0497237569060776,27.43
1985,11,19,-18.175,147.425,3.0718232044198897,27.79
1985,11,20,-18.175,147.425,3.0939226519337018,27.71
1985,11,21,-18.175,147.425,3.116022099447514,27.54
1985,11,22,-18.175,147.425,3.138121546961326,26.74
1985,11,23,-18.175,147.425,3.160220994475138,26.89
1985,11,24,-18.175,147.425,3.18232044198895,26.75
1985,11,25,-18.175,147.425,3.2044198895027622,26.86
1985,11,26,-18.175,147.425,3.226519337016575,27.07
1985,11,27,-18.175,147.425,3.248618784530387,28.15
1985,11,28,-18.175,147.425,3.270718232044199,28.37
1985,11,29,-18.175,147.425,3.292817679558011,28.01
1985,11,30,-18.175,147.425,3.314917127071823,27.9
1985,12,1,-18.175,147.425,3.3370165745856353,28.34
1985,12,2,-18.175,147.425,3.3591160220994474,28.73
1985,12,3,-18.175,147.425,3.3812154696132595,28.84
1985,12,4,-18.175,147.425,3.403314917127072,28.53
1985,12,5,-18.175,147.425,3.425414364640884,28.78
1985,12,6,-18.175,147.425,3.447513812154696,28.53
1985,12,7,-18.175,147.425,3.4696132596685083,28.3
1985,12,8,-18.175,147.425,3.4917127071823204,27.98
1985,12,9,-18.175,147.425,3.5138121546961325,28.03
1985,12,10,-18.175,147.425,3.5359116022099446,28.09
1985,12,11,-18.175,147.425,3.5580110497237567,29.28
1985,12,12,-18.175,147.425,3.5801104972375692,28.18
1985,12,13,-18.175,147.425,3.6022099447513813,28.2
1985,12,14,-18.175,147.425,3.6243093922651934,28.19
1985,12,15,-18.175,147.425,3.6464088397790055,28.79
1985,12,16,-18.175,147.425,3.6685082872928176,29.01
1985,12,17,-18.175,147.425,3.6906077348066297,29.5
1985,12,18,-18.175,147.425,3.712707182320442,29.6
1985,12,19,-18.175,147.425,3.734806629834254,29.61
1985,12,20,-18.175,147.425,3.7569060773480665,29.87
1985,12,21,-18.175,147.425,3.7790055248618786,29.6
1985,12,22,-18.175,147.425,3.8011049723756907,29.66
1985,12,23,-18.175,147.425,3.8232044198895028,29.26
1985,12,24,-18.175,147.425,3.845303867403315,29.06
1985,12,25,-18.175,147.425,3.867403314917127,28.27
1985,12,26,-18.175,147.425,3.889502762430939,28.08
1985,12,27,-18.175,147.425,3.911602209944751,27.81
1985,12,28,-18.175,147.425,3.9337016574585637,27.87
1985,12,29,-18.175,147.425,3.955801104972376,27.92
1985,12,30,-18.175,147.425,3.977900552486188,29.24
1985,12,31,-18.175,147.425,4.0,29.77
1986,1,1,-18.175,147.425,4.0,29.85
1986,1,2,-18.175,147.425,3.977900552486188,29.8
1986,1,3,-18.175,147.425,3.955801104972376,29.56
1986,1,4,-18.175,147.425,3.9337016574585637,29.78
1986,1,5,-18.175,147.425,3.911602209944751,29.83
1986,1,6,-18.175,147.425,3.889502762430939,29.84
1986,1,7,-18.175,147.425,3.867403314917127,29.74
1986,1,8,-18.175,147.425,3.845303867403315,28.97
1986,1,9,-18.175,147.425,3.8232044198895028,28.98
1986,1,10,-18.175,147.425,3.8011049723756907,28.93
1986,1,11,-18.175,147.425,3.7790055248618786,29.3
1986,1,12,-18.175,147.425,3.7569060773480665,29.0
1986,1,13,-18.175,147.425,3.734806629834254,29.01
1986,1,14,-18.175,147.425,3.712707182320442,28.27
1986,1,15,-18.175,147.425,3.6906077348066297,28.37
1986,1,16,-18.175,147.425,3.6685082872928176,28.41
1986,1,17,-18.175,147.425,3.6464088397790055,28.42
1986,1,18,-18.175,147.425,3.6243093922651934,28.39
1986,1,19,-18.175,147.425,3.6022099447513813,28.41
1986,1,20,-18.175,147.425,3.5801104972375692,28.42
1986,1,21,-18.175,147.425,3.5580110497237567,28.46
1986,1,22,-18.175,147.425,3.5359116022099446,28.49
1986,1,23,-18.175,147.425,3.5138121546961325,28.49
1986,1,24,-18.175,147.425,3.4917127071823204,28.5
1986,1,25,-18.175,147.425,3.4696132596685083,28.52
1986,1,26,-18.175,147.425,3.447513812154696,28.47
1986,1,27,-18.175,147.425,3.425414364640884,28.43
1986,1,28,-18.175,147.425,3.403314917127072,28.55
1986,1,29,-18.175,147.425,3.3812154696132595,28.74
1986,1,30,-18.175,147.425,3.3591160220994474,28.65
1986,1,31,-18.175,147.425,3.3370165745856353,28.74
1986,2,1,-18.175,147.425,3.314917127071823,28.85
1986,2,2,-18.175,147.425,3.292817679558011,28.83
1986,2,3,-18.175,147.425,3.270718232044199,28.77
1986,2,4,-18.175,147.425,3.248618784530387,28.74
1986,2,5,-18.175,147.425,3.226519337016575,27.65
1986,2,6,-18.175,147.425,3.2044198895027622,27.42
1986,2,7,-18.175,147.425,3.18232044198895,27.65
1986,2,8,-18.175,147.425,3.160220994475138,28.35
1986,2,9,-18.175,147.425,3.138121546961326,28.53
1986,2,10,-18.175,147.425,3.116022099447514,28.54
1986,2,11,-18.175,147.425,3.0939226519337018,29.02
1986,2,12,-18.175,147.425,3.0718232044198897,29.09
1986,2,13,-18.175,147.425,3.0497237569060776,29.03
1986,2,14,-18.175,147.425,3.027624309392265,28.68
1986,2,15,-18.175,147.425,3.005524861878453,28.39
1986,2,16,-18.175,147.425,2.983425414364641,28.17
1986,2,17,-18.175,147.425,2.9613259668508287,28.65
1986,2,18,-18.175,147.425,2.9392265193370166,28.11
1986,2,19,-18.175,147.425,2.9171270718232045,28.45
1986,2,20,-18.175,147.425,2.8950276243093924,28.63
1986,2,21,-18.175,147.425,2.8729281767955803,29.09
1986,2,22,-18.175,147.425,2.850828729281768,29.42
1986,2,23,-18.175,147.425,2.8287292817679557,29.03
1986,2,24,-18.175,147.425,2.8066298342541436,28.84
1986,2,25,-18.175,147.425,2.7845303867403315,28.52
1986,2,26,-18.175,147.425,2.7624309392265194,28.69
1986,2,27,-18.175,147.425,2.7403314917127073,28.69
1986,2,28,-18.175,147.425,2.718232044198895,28.58
1986,3,1,-18.175,147.425,2.696132596685083,28.69
1986,3,2,-18.175,147.425,2.6740331491712706,28.75
1986,3,3,-18.175,147.425,2.6519337016574585,28.86
1986,3,4,-18.175,147.425,2.6298342541436464,28.82
1986,3,5,-18.175,147.425,2.6077348066298343,28.43
1986,3,6,-18.175,147.425,2.585635359116022,28.18
1986,3,7,-18.175,147.425,2.56353591160221,28.06
1986,3,8,-18.175,147.425,2.541436464088398,28.4
1986,3,9,-18.175,147.425,2.5193370165745854,28.12
1986,3,10,-18.175,147.425,2.4972375690607733,28.19
1986,3,11,-18.175,147.425,2.4751381215469612,27.68
1986,3,12,-18.175,147.425,2.453038674033149,27.38
1986,3,13,-18.175,147.425,2.430939226519337,27.38
1986,3,14,-18.175,147.425,2.408839779005525,27.36
1986,3,15,-18.175,147.425,2.386740331491713,27.33
1986,3,16,-18.175,147.425,2.3646408839779007,27.27
1986,3,17,-18.175,147.425,2.342541436464088,27.77
1986,3,18,-18.175,147.425,2.320441988950276,28.17
1986,3,19,-18.175,147.425,2.298342541436464,28.06
1986,3,20,-18.175,147.425,2.276243093922652,27.36
1986,3,21,-18.175,147.425,2.25414364640884,27.26
1986,3,22,-18.175,147.425,2.2320441988950277,27.23
1986,3,23,-18.175,147.425,2.2099447513812156,27.25
1986,3,24,-18.175,147.425,2.1878453038674035,27.34
1986,3,25,-18.175,147.425,2.165745856353591,27.24
1986,3,26,-18.175,147.425,2.143646408839779,27.19
1986,3,27,-18.175,147.425,2.1215469613259668,26.83
1986,3,28,-18.175,147.425,2.0994475138121547,26.84
1986,3,29,-18.175,147.425,2.0773480662983426,26.83
1986,3,30,-18.175,147.425,2.0552486187845305,27.03
1986,3,31,-18.175,147.425,2.0331491712707184,27.07
1986,4,1,-18.175,147.425,2.0110497237569063,27.16
1986,4,2,-18.175,147.425,1.988950276243094,27.43
1986,4,3,-18.175,147.425,1.9668508287292819,27.31
1986,4,4,-18.175,147.425,1.9447513812154695,27.04
1986,4,5,-18.175,147.425,1.9226519337016574,26.76
1986,4,6,-18.175,147.425,1.9005524861878453,26.87
1986,4,7,-18.175,147.425,1.8784530386740332,26.97
1986,4,8,-18.175,147.425,1.856353591160221,27.0
1986,4,9,-18.175,147.425,1.8342541436464088,26.76
1986,4,10,-18.175,147.425,1.8121546961325967,26.86
1986,4,11,-18.175,147.425,1.7900552486187846,26.83
1986,4,12,-18.175,147.425,1.7679558011049723,26.83
1986,4,13,-18.175,147.425,1.7458563535911602,26.37
1986,4,14,-18.175,147.425,1.723756906077348,25.92
1986,4,15,-18.175,147.425,1.701657458563536,25.84
1986,4,16,-18.175,147.425,1.6795580110497237,25.96
1986,4,17,-18.175,147.425,1.6574585635359116,25.83
1986,4,18,-18.175,147.425,1.6353591160220995,25.92
1986,4,19,-18.175,147.425,1.6132596685082874,26.06
1986,4,20,-18.175,147.425,1.591160220994475,26.01
1986,4,21,-18.175,147.425,1.569060773480663,25.56
1986,4,22,-18.175,147.425,1.5469613259668509,25.54
1986,4,23,-18.175,147.425,1.5248618784530388,25.55
1986,4,24,-18.175,147.425,1.5027624309392265,25.47
1986,4,25,-18.175,147.425,1.4806629834254144,25.66
1986,4,26,-18.175,147.425,1.4585635359116023,25.64
1986,4,27,-18.175,147.425,1.4364640883977902,25.81
1986,4,28,-18.175,147.425,1.4143646408839778,25.85
1986,4,29,-18.175,147.425,1.3922651933701657,25.92
1986,4,30,-18.175,147.425,1.3701657458563536,25.99
1986,5,1,-18.175,147.425,1.3480662983425415,26.18
1986,5,2,-18.175,147.425,1.3259668508287292,26.08
1986,5,3,-18.175,147.425,1.3038674033149171,26.14
1986,5,4,-18.175,147.425,1.281767955801105,26.28
1986,5,5,-18.175,147.425,1.2596685082872927,25.7
1986,5,6,-18.175,147.425,1.2375690607734806,25.8
1986,5,7,-18.175,147.425,1.2154696132596685,25.86
1986,5,8,-18.175,147.425,1.1933701657458564,26.09
1986,5,9,-18.175,147.425,1.171270718232044,26.57
1986,5,10,-18.175,147.425,1.149171270718232,27.22
1986,5,11,-18.175,147.425,1.12707182320442,26.44
1986,5,12,-18.175,147.425,1.1049723756906078,26.24
1986,5,13,-18.175,147.425,1.0828729281767955,26.06
1986,5,14,-18.175,147.425,1.0607734806629834,26.03
1986,5,15,-18.175,147.425,1.0386740331491713,25.96
1986,5,16,-18.175,147.425,1.0165745856353592,25.97
1986,5,17,-18.175,147.425,0.994475138121547,25.59
1986,5,18,-18.175,147.425,0.9723756906077348,25.53
1986,5,19,-18.175,147.425,0.9502762430939227,25.83
1986,5,20,-18.175,147.425,0.9281767955801105,25.98
1986,5,21,-18.175,147.425,0.9060773480662984,25.66
1986,5,22,-18.175,147.425,0.8839779005524862,25.46
1986,5,23,-18.175,147.425,0.861878453038674,25.48
1986,5,24,-18.175,147.425,0.8397790055248618,25.99
1986,5,25,-18.175,147.425,0.8176795580110497,26.22
1986,5,26,-18.175,147.425,0.7955801104972375,26.15
1986,5,27,-18.175,147.425,0.7734806629834254,25.88
1986,5,28,-18.175,147.425,0.7513812154696132,25.07
1986,5,29,-18.175,147.425,0.7292817679558011,25.01
1986,5,30,-18.175,147.425,0.7071823204419889,25.18
1986,5,31,-18.175,147.425,0.6850828729281768,25.11
1986,6,1,-18.175,147.425,0.6629834254143646,25.22
1986,6,2,-18.175,147.425,0.6408839779005525,25.42
1986,6,3,-18.175,147.425,0.6187845303867403,25.31
1986,6,4,-18.175,147.425,0.5966850828729282,25.12
1986,6,5,-18.175,147.425,0.574585635359116,25.08
1986,6,6,-18.175,147.425,0.5524861878453039,24.78
1986,6,7,-18.175,147.425,0.5303867403314917,24.59
1986,6,8,-18.175,147.425,0.5082872928176796,24.89
1986,6,9,-18.175,147.425,0.4861878453038674,24.87
1986,6,10,-18.175,147.425,0.46408839779005523,24.98
1986,6,11,-18.175,147.425,0.4419889502762431,25.04
1986,6,12,-18.175,147.425,0.4198895027624309,25.73
1986,6,13,-18.175,147.425,0.39779005524861877,25.55
1986,6,14,-18.175,147.425,0.3756906077348066,25.5
1986,6,15,-18.175,147.425,0.35359116022099446,25.29
1986,6,16,-18.175,147.425,0.3314917127071823,24.97
1986,6,17,-18.175,147.425,0.30939226519337015,25.04
1986,6,18,-18.175,147.425,0.287292817679558,24.54
1986,6,19,-18.175,147.425,0.26519337016574585,24.32
1986,6,20,-18.175,147.425,0.2430939226519337,24.31
1986,6,21,-18.175,147.425,0.22099447513812154,24.65
1986,6,22,-18.175,147.425,0.19889502762430938,24.24
1986,6,23,-18.175,147.425,0.17679558011049723,24.31
1986,6,24,-18.175,147.425,0.15469613259668508,24.33
1986,6,25,-18.175,147.425,0.13259668508287292,24.15
1986,6,26,-18.175,147.425,0.11049723756906077,24.9
1986,6,27,-18.175,147.425,0.08839779005524862,24.73
1986,6,28,-18.175,147.425,0.06629834254143646,24.77
1986,6,29,-18.175,147.425,0.04419889502762431,24.73
1986,6,30,-18.175,147.425,0.022099447513812154,24.76
1986,7,1,-18.175,147.425,0.0,24.88
1986,7,2,-18.175,147.425,0.0,25.22
1986,7,3,-18.175,147.425,0.0,25.15
1986,7,4,-18.175,147.425,0.022099447513812154,24.88
1986,7,5,-18.175,147.425,0.04419889502762431,24.26
1986,7,6,-18.175,147.425,0.06629834254143646,24.13
1986,7,7,-18.175,147.425,0.08839779005524862,24.9
1986,7,8,-18.175,147.425,0.11049723756906077,25.45
1986,7,9,-18.175,147.425,0.13259668508287292,25.36
1986,7,10,-18.175,147.425,0.15469613259668508,25.02
1986,7,11,-18.175,147.425,0.17679558011049723,25.03
1986,7,12,-18.175,147.425,0.19889502762430938,24.98
1986,7,13,-18.175,147.425,0.22099447513812154,24.87
1986,7,14,-18.175,147.425,0.2430939226519337,24.49
1986,7,15,-18.175,147.425,0.26519337016574585,24.19
1986,7,16,-18.175,147.425,0.287292817679558,24.52
1986,7,17,-18.175,147.425,0.30939226519337015,25.25
1986,7,18,-18.175,147.425,0.3314917127071823,25.25
1986,7,19,-18.175,147.425,0.35359116022099446,25.58
1986,7,20,-18.175,147.425,0.3756906077348066,25.18
1986,7,21,-18.175,147.425,0.39779005524861877,25.08
1986,7,22,-18.175,147.425,0.4198895027624309,24.95
1986,7,23,-18.175,147.425,0.4419889502762431,24.37
1986,7,24,-18.175,147.425,0.46408839779005523,24.26
1986,7,25,-18.175,147.425,0.4861878453038674,24.26
1986,7,26,-18.175,147.425,0.5082872928176796,24.24
1986,7,27,-18.175,147.425,0.5303867403314917,24.0
1986,7,28,-18.175,147.425,0.5524861878453039,24.16
1986,7,29,-18.175,147.425,0.574585635359116,24.03
1986,7,30,-18.175,147.425,0.5966850828729282,24.01
1986,7,31,-18.175,147.425,0.6187845303867403,23.96
1986,8,1,-18.175,147.425,0.6408839779005525,23.89
1986,8,2,-18.175,147.425,0.6629834254143646,24.27
1986,8,3,-18.175,147.425,0.6850828729281768,24.77
1986,8,4,-18.175,147.425,0.7071823204419889,24.94
1986,8,5,-18.175,147.425,0.7292817679558011,25.05
1986,8,6,-18.175,147.425,0.7513812154696132,24.89
1986,8,7,-18.175,147.425,0.7734806629834254,25.39
1986,8,8,-18.175,147.425,0.7955801104972375,25.33
1986,8,9,-18.175,147.425,0.8176795580110497,25.61
1986,8,10,-18.175,147.425,0.8397790055248618,25.39
1986,8,11,-18.175,147.425,0.861878453038674,24.66
1986,8,12,-18.175,147.425,0.8839779005524862,24.61
1986,8,13,-18.175,147.425,0.9060773480662984,24.41
1986,8,14,-18.175,147.425,0.9281767955801105,25.06
1986,8,15,-18.175,147.425,0.9502762430939227,25.22
1986,8,16,-18.175,147.425,0.9723756906077348,25.5
1986,8,17,-18.175,147.425,0.994475138121547,25.55
1986,8,18,-18.175,147.425,1.0165745856353592,25.62
1986,8,19,-18.175,147.425,1.0386740331491713,25.55
1986,8,20,-18.175,147.425,1.0607734806629834,25.31
1986,8,21,-18.175,147.425,1.0828729281767955,25.26
1986,8,22,-18.175,147.425,1.1049723756906078,25.15
1986,8,23,-18.175,147.425,1.12707182320442,25.11
1986,8,24,-18.175,147.425,1.149171270718232,25.01
1986,8,25,-18.175,147.425,1.171270718232044,24.86
1986,8,26,-18.175,147.425,1.1933701657458564,24.8
1986,8,27,-18.175,147.425,1.2154696132596685,24.62
1986,8,28,-18.175,147.425,1.2375690607734806,24.52
1986,8,29,-18.175,147.425,1.2596685082872927,24.81
1986,8,30,-18.175,147.425,1.281767955801105,25.05
1986,8,31,-18.175,147.425,1.3038674033149171,24.96
1986,9,1,-18.175,147.425,1.3259668508287292,24.97
1986,9,2,-18.175,147.425,1.3480662983425415,25.14
1986,9,3,-18.175,147.425,1.3701657458563536,24.96
1986,9,4,-18.175,147.425,1.3922651933701657,25.11
1986,9,5,-18.175,147.425,1.4143646408839778,25.0
1986,9,6,-18.175,147.425,1.4364640883977902,25.01
1986,9,7,-18.175,147.425,1.4585635359116023,24.73
1986,9,8,-18.175,147.425,1.4806629834254144,24.72
1986,9,9,-18.175,147.425,1.5027624309392265,24.35
1986,9,10,-18.175,147.425,1.5248618784530388,24.89
1986,9,11,-18.175,147.425,1.5469613259668509,24.88
1986,9,12,-18.175,147.425,1.569060773480663,25.59
1986,9,13,-18.175,147.425,1.591160220994475,25.65
1986,9,14,-18.175,147.425,1.6132596685082874,25.81
1986,9,15,-18.175,147.425,1.6353591160220995,25.98
1986,9,16,-18.175,147.425,1.6574585635359116,25.85
1986,9,17,-18.175,147.425,1.6795580110497237,25.91
1986,9,18,-18.175,147.425,1.701657458563536,25.4
1986,9,19,-18.175,147.425,1.723756906077348,25.4
1986,9,20,-18.175,147.425,1.7458563535911602,25.29
1986,9,21,-18.175,147.425,1.7679558011049723,25.35
1986,9,22,-18.175,147.425,1.7900552486187846,25.58
1986,9,23,-18.175,147.425,1.8121546961325967,25.5
1986,9,24,-18.175,147.425,1.8342541436464088,25.49
1986,9,25,-18.175,147.425,1.856353591160221,25.47
1986,9,26,-18.175,147.425,1.8784530386740332,25.52
1986,9,27,-18.175,147.425,1.9005524861878453,25.39
1986,9,28,-18.175,147.425,1.9226519337016574,25.48
1986,9,29,-18.175,147.425,1.9447513812154695,25.72
1986,9,30,-18.175,147.425,1.9668508287292819,25.59
1986,10,1,-18.175,147.425,1.988950276243094,25.61
1986,10,2,-18.175,147.425,2.0110497237569063,25.73
1986,10,3,-18.175,147.425,2.0331491712707184,25.75
1986,10,4,-18.175,147.425,2.0552486187845305,25.84
1986,10,5,-18.175,147.425,2.0773480662983426,25.86
1986,10,6,-18.175,147.425,2.0994475138121547,25.51
1986,10,7,-18.175,147.425,2.1215469613259668,25.69
1986,10,8,-18.175,147.425,2.143646408839779,25.85
1986,10,9,-18.175,147.425,2.165745856353591,25.94
1986,10,10,-18.175,147.425,2.1878453038674035,25.97
1986,10,11,-18.175,147.425,2.2099447513812156,26.14
1986,10,12,-18.175,147.425,2.2320441988950277,26.26
1986,10,13,-18.175,147.425,2.25414364640884,26.27
1986,10,14,-18.175,147.425,2.276243093922652,26.07
1986,10,15,-18.175,147.425,2.298342541436464,25.07
1986,10,16,-18.175,147.425,2.320441988950276,25.22
1986,10,17,-18.175,147.425,2.342541436464088,26.13
1986,10,18,-18.175,147.425,2.3646408839779007,26.5
1986,10,19,-18.175,147.425,2.386740331491713,26.28
1986,10,20,-18.175,147.425,2.408839779005525,26.48
1986,10,21,-18.175,147.425,2.430939226519337,26.45
1986,10,22,-18.175,147.425,2.453038674033149,26.31
1986,10,23,-18.175,147.425,2.4751381215469612,26.32
1986,10,24,-18.175,147.425,2.4972375690607733,26.22
1986,10,25,-18.175,147.425,2.5193370165745854,26.63
1986,10,26,-18.175,147.425,2.541436464088398,26.9
1986,10,27,-18.175,147.425,2.56353591160221,27.25
1986,10,28,-18.175,147.425,2.585635359116022,27.57
1986,10,29,-18.175,147.425,2.6077348066298343,27.68
1986,10,30,-18.175,147.425,2.6298342541436464,27.68
1986,10,31,-18.175,147.425,2.6519337016574585,27.84
1986,11,1,-18.175,147.425,2.6740331491712706,27.55
1986,11,2,-18.175,147.425,2.696132596685083,27.22
1986,11,3,-18.175,147.425,2.718232044198895,26.33
1986,11,4,-18.175,147.425,2.7403314917127073,26.61
1986,11,5,-18.175,147.425,2.7624309392265194,26.69
1986,11,6,-18.175,147.425,2.7845303867403315,26.85
1986,11,7,-18.175,147.425,2.8066298342541436,26.86
1986,11,8,-18.175,147.425,2.8287292817679557,27.34
1986,11,9,-18.175,147.425,2.850828729281768,27.3
1986,11,10,-18.175,147.425,2.8729281767955803,27.32
1986,11,11,-18.175,147.425,2.8950276243093924,27.31
1986,11,12,-18.175,147.425,2.9171270718232045,27.29
1986,11,13,-18.175,147.425,2.9392265193370166,27.24
1986,11,14,-18.175,147.425,2.9613259668508287,27.18
1986,11,15,-18.175,147.425,2.983425414364641,27.48
1986,11,16,-18.175,147.425,3.005524861878453,27.54
1986,11,17,-18.175,147.425,3.027624309392265,27.54
1986,11,18,-18.175,147.425,3.0497237569060776,27.15
1986,11,19,-18.175,147.425,3.0718232044198897,27.69
1986,11,20,-18.175,147.425,3.0939226519337018,27.65
1986,11,21,-18.175,147.425,3.116022099447514,27.77
1986,11,22,-18.175,147.425,3.138121546961326,27.61
1986,11,23,-18.175,147.425,3.160220994475138,27.79
1986,11,24,-18.175,147.425,3.18232044198895,27.62
1986,11,25,-18.175,147.425,3.2044198895027622,28.13
1986,11,26,-18.175,147.425,3.226519337016575,27.76
1986,11,27,-18.175,147.425,3.248618784530387,27.7
1986,11,28,-18.175,147.425,3.270718232044199,27.61
1986,11,29,-18.175,147.425,3.292817679558011,27.55
1986,11,30,-18.175,147.425,3.314917127071823,27.97
1986,12,1,-18.175,147.425,3.3370165745856353,28.08
1986,12,2,-18.175,147.425,3.3591160220994474,28.01
1986,12,3,-18.175,147.425,3.3812154696132595,28.09
1986,12,4,-18.175,147.425,3.403314917127072,27.86
1986,12,5,-18.175,147.425,3.425414364640884,27.56
1986,12,6,-18.175,147.425,3.447513812154696,27.29
1986,12,7,-18.175,147.425,3.4696132596685083,27.05
1986,12,8,-18.175,147.425,3.4917127071823204,27.13
1986,12,9,-18.175,147.425,3.5138121546961325,27.16
1986,12,10,-18.175,147.425,3.5359116022099446,27.64
1986,12,11,-18.175,147.425,3.5580110497237567,27.79
1986,12,12,-18.175,147.425,3.5801104972375692,27.79
1986,12,13,-18.175,147.425,3.6022099447513813,27.57
1986,12,14,-18.175,147.425,3.6243093922651934,28.48
1986,12,15,-18.175,147.425,3.6464088397790055,28.66
1986,12,16,-18.175,147.425,3.6685082872928176,29.02
1986,12,17,-18.175,147.425,3.6906077348066297,28.79
1986,12,18,-18.175,147.425,3.712707182320442,28.71
1986,12,19,-18.175,147.425,3.734806629834254,28.55
1986,12,20,-18.175,147.425,3.7569060773480665,28.63
1986,12,21,-18.175,147.425,3.7790055248618786,28.8
1986,12,22,-18.175,147.425,3.8011049723756907,28.61
1986,12,23,-18.175,147.425,3.8232044198895028,28.24
1986,12,24,-18.175,147.425,3.845303867403315,28.13
1986,12,25,-18.175,147.425,3.867403314917127,28.18
1986,12,26,-18.175,147.425,3.889502762430939,28.52
1986,12,27,-18.175,147.425,3.911602209944751,28.56
1986,12,28,-18.175,147.425,3.9337016574585637,28.41
1986,12,29,-18.175,147.425,3.955801104972376,28.35
1986,12,30,-18.175,147.425,3.977900552486188,28.6
1986,12,31,-18.175,147.425,4.0,28.55
1987,1,1,-18.175,147.425,4.0,28.89
1987,1,2,-18.175,147.425,3.977900552486188,29.02
1987,1,3,-18.175,147.425,3.955801104972376,28.82
1987,1,4,-18.175,147.425,3.9337016574585637,28.53
1987,1,5,-18.175,147.425,3.911602209944751,28.48
1987,1,6,-18.175,147.425,3.889502762430939,28.69
1987,1,7,-18.175,147.425,3.867403314917127,28.46
1987,1,8,-18.175,147.425,3.845303867403315,28.89
1987,1,9,-18.175,147.425,3.8232044198895028,28.76
1987,1,10,-18.175,147.425,3.8011049723756907,28.47
1987,1,11,-18.175,147.425,3.7790055248618786,28.65
1987,1,12,-18.175,147.425,3.7569060773480665,29.09
1987,1,13,-18.175,147.425,3.734806629834254,29.47
1987,1,14,-18.175,147.425,3.712707182320442,29.54
1987,1,15,-18.175,147.425,3.6906077348066297,29.35
1987,1,16,-18.175,147.425,3.6685082872928176,29.35
1987,1,17,-18.175,147.425,3.6464088397790055,29.51
1987,1,18,-18.175,147.425,3.6243093922651934,29.17
1987,1,19,-18.175,147.425,3.6022099447513813,29.93
1987,1,20,-18.175,147.425,3.5801104972375692,30.2
1987,1,21,-18.175,147.425,3.5580110497237567,30.13
1987,1,22,-18.175,147.425,3.5359116022099446,29.79
1987,1,23,-18.175,147.425,3.5138121546961325,29.68
1987,1,24,-18.175,147.425,3.4917127071823204,29.66
1987,1,25,-18.175,147.425,3.4696132596685083,30.67
1987,1,26,-18.175,147.425,3.447513812154696,30.35
1987,1,27,-18.175,147.425,3.425414364640884,30.26
1987,1,28,-18.175,147.425,3.403314917127072,30.76
1987,1,29,-18.175,147.425,3.3812154696132595,31.46
1987,1,30,-18.175,147.425,3.3591160220994474,31.31
1987,1,31,-18.175,147.425,3.3370165745856353,31.04
1987,2,1,-18.175,147.425,3.314917127071823,30.69
1987,2,2,-18.175,147.425,3.292817679558011,30.44
1987,2,3,-18.175,147.425,3.270718232044199,29.95
1987,2,4,-18.175,147.425,3.248618784530387,29.45
1987,2,5,-18.175,147.425,3.226519337016575,29.75
1987,2,6,-18.175,147.425,3.2044198895027622,29.31
1987,2,7,-18.175,147.425,3.18232044198895,29.1
1987,2,8,-18.175,147.425,3.160220994475138,29.06
1987,2,9,-18.175,147.425,3.138121546961326,29.2
1987,2,10,-18.175,147.425,3.116022099447514,29.59
1987,2,11,-18.175,147.425,3.0939226519337018,29.7
1987,2,12,-18.175,147.425,3.0718232044198897,29.58
1987,2,13,-18.175,147.425,3.0497237569060776,29.39
1987,2,14,-18.175,147.425,3.027624309392265,29.24
1987,2,15,-18.175,147.425,3.005524861878453,29.16
1987,2,16,-18.175,147.425,2.983425414364641,29.08
1987,2,17,-18.175,147.425,2.9613259668508287,30.02
1987,2,18,-18.175,147.425,2.9392265193370166,29.84
1987,2,19,-18.175,147.425,2.9171270718232045,29.76
1987,2,20,-18.175,147.425,2.8950276243093924,29.39
1987,2,21,-18.175,147.425,2.8729281767955803,29.32
1987,2,22,-18.175,147.425,2.850828729281768,30.11
1987,2,23,-18.175,147.425,2.8287292817679557,29.76
1987,2,24,-18.175,147.425,2.8066298342541436,29.49
1987,2,25,-18.175,147.425,2.7845303867403315,29.4
1987,2,26,-18.175,147.425,2.7624309392265194,29.41
1987,2,27,-18.175,147.425,2.7403314917127073,29.11
1987,2,28,-18.175,147.425,2.718232044198895,29.25
1987,3,1,-18.175,147.425,2.696132596685083,29.43
1987,3,2,-18.175,147.425,2.6740331491712706,29.53
1987,3,3,-18.175,147.425,2.6519337016574585,29.56
1987,3,4,-18.175,147.425,2.6298342541436464,29.22
1987,3,5,-18.175,147.425,2.6077348066298343,28.93
1987,3,6,-18.175,147.425,2.585635359116022,28.91
1987,3,7,-18.175,147.425,2.56353591160221,28.64
1987,3,8,-18.175,147.425,2.541436464088398,28.4
1987,3,9,-18.175,147.425,2.5193370165745854,28.55
1987,3,10,-18.175,147.425,2.4972375690607733,28.66
1987,3,11,-18.175,147.425,2.4751381215469612,29.12
1987,3,12,-18.175,147.425,2.453038674033149,28.92
1987,3,13,-18.175,147.425,2.430939226519337,28.08
1987,3,14,-18.175,147.425,2.408839779005525,27.94
1987,3,15,-18.175,147.425,2.386740331491713,28.46
1987,3,16,-18.175,147.425,2.3646408839779007,27.96
1987,3,17,-18.175,147.425,2.342541436464088,27.84
1987,3,18,-18.175,147.425,2.320441988950276,27.69
1987,3,19,-18.175,147.425,2.298342541436464,27.72
1987,3,20,-18.175,147.425,2.276243093922652,27.78
1987,3,21,-18.175,147.425,2.25414364640884,27.8
1987,3,22,-18.175,147.425,2.2320441988950277,28.1
1987,3,23,-18.175,147.425,2.2099447513812156,28.28
1987,3,24,-18.175,147.425,2.1878453038674035,28.23
1987,3,25,-18.175,147.425,2.165745856353591,28.11
1987,3,26,-18.175,147.425,2.143646408839779,28.07
1987,3,27,-18.175,147.425,2.1215469613259668,28.23
1987,3,28,-18.175,147.425,2.0994475138121547,28.28
1987,3,29,-18.175,147.425,2.0773480662983426,28.48
1987,3,30,-18.175,147.425,2.0552486187845305,28.35
1987,3,31,-18.175,147.425,2.0331491712707184,27.72
1987,4,1,-18.175,147.425,2.0110497237569063,27.66
1987,4,2,-18.175,147.425,1.988950276243094,27.67
1987,4,3,-18.175,147.425,1.9668508287292819,27.63
1987,4,4,-18.175,147.425,1.9447513812154695,27.64
1987,4,5,-18.175,147.425,1.9226519337016574,27.35
1987,4,6,-18.175,147.425,1.9005524861878453,27.46
1987,4,7,-18.175,147.425,1.8784530386740332,27.43
1987,4,8,-18.175,147.425,1.856353591160221,27.49
1987,4,9,-18.175,147.425,1.8342541436464088,27.21
1987,4,10,-18.175,147.425,1.8121546961325967,26.7
1987,4,11,-18.175,147.425,1.7900552486187846,27.2
1987,4,12,-18.175,147.425,1.7679558011049723,27.11
1987,4,13,-18.175,147.425,1.7458563535911602,27.19
1987,4,14,-18.175,147.425,1.723756906077348,27.33
1987,4,15,-18.175,147.425,1.701657458563536,27.62
1987,4,16,-18.175,147.425,1.6795580110497237,27.63
1987,4,17,-18.175,147.425,1.6574585635359116,27.69
1987,4,18,-18.175,147.425,1.6353591160220995,27.51
1987,4,19,-18.175,147.425,1.6132596685082874,27.08
1987,4,20,-18.175,147.425,1.591160220994475,26.6
1987,4,21,-18.175,147.425,1.569060773480663,26.43
1987,4,22,-18.175,147.425,1.5469613259668509,26.13
1987,4,23,-18.175,147.425,1.5248618784530388,26.07
1987,4,24,-18.175,147.425,1.5027624309392265,26.05
1987,4,25,-18.175,147.425,1.4806629834254144,26.08
1987,4,26,-18.175,147.425,1.4585635359116023,26.1
1987,4,27,-18.175,147.425,1.4364640883977902,26.15
1987,4,28,-18.175,147.425,1.4143646408839778,26.03
1987,4,29,-18.175,147.425,1.3922651933701657,26.8
1987,4,30,-18.175,147.425,1.3701657458563536,27.02
1987,5,1,-18.175,147.425,1.3480662983425415,26.71
1987,5,2,-18.175,147.425,1.3259668508287292,26.72
1987,5,3,-18.175,147.425,1.3038674033149171,26.92
1987,5,4,-18.175,147.425,1.281767955801105,26.93
1987,5,5,-18.175,147.425,1.2596685082872927,26.59
1987,5,6,-18.175,147.425,1.2375690607734806,26.42
1987,5,7,-18.175,147.425,1.2154696132596685,26.26
1987,5,8,-18.175,147.425,1.1933701657458564,26.16
1987,5,9,-18.175,147.425,1.171270718232044,25.61
1987,5,10,-18.175,147.425,1.149171270718232,25.49
1987,5,11,-18.175,147.425,1.12707182320442,25.7
1987,5,12,-18.175,147.425,1.1049723756906078,25.91
1987,5,13,-18.175,147.425,1.0828729281767955,25.93
1987,5,14,-18.175,147.425,1.0607734806629834,25.79
1987,5,15,-18.175,147.425,1.0386740331491713,25.95
1987,5,16,-18.175,147.425,1.0165745856353592,26.12
1987,5,17,-18.175,147.425,0.994475138121547,27.22
1987,5,18,-18.175,147.425,0.9723756906077348,27.04
1987,5,19,-18.175,147.425,0.9502762430939227,26.41
1987,5,20,-18.175,147.425,0.9281767955801105,26.07
1987,5,21,-18.175,147.425,0.9060773480662984,26.13
1987,5,22,-18.175,147.425,0.8839779005524862,26.07
1987,5,23,-18.175,147.425,0.861878453038674,26.06
1987,5,24,-18.175,147.425,0.8397790055248618,25.99
1987,5,25,-18.175,147.425,0.8176795580110497,25.85
1987,5,26,-18.175,147.425,0.7955801104972375,25.91
1987,5,27,-18.175,147.425,0.7734806629834254,26.83
1987,5,28,-18.175,147.425,0.7513812154696132,26.67
1987,5,29,-18.175,147.425,0.7292817679558011,26.72
1987,5,30,-18.175,147.425,0.7071823204419889,26.52
1987,5,31,-18.175,147.425,0.6850828729281768,26.38
1987,6,1,-18.175,147.425,0.6629834254143646,26.19
1987,6,2,-18.175,147.425,0.6408839779005525,25.95
1987,6,3,-18.175,147.425,0.6187845303867403,25.87
1987,6,4,-18.175,147.425,0.5966850828729282,25.87
1987,6,5,-18.175,147.425,0.574585635359116,25.83
1987,6,6,-18.175,147.425,0.5524861878453039,25.81
1987,6,7,-18.175,147.425,0.5303867403314917,25.92
1987,6,8,-18.175,147.425,0.5082872928176796,25.27
1987,6,9,-18.175,147.425,0.4861878453038674,24.69
1987,6,10,-18.175,147.425,0.46408839779005523,24.63
1987,6,11,-18.175,147.425,0.4419889502762431,24.54
1987,6,12,-18.175,147.425,0.4198895027624309,24.49
1987,6,13,-18.175,147.425,0.39779005524861877,24.46
1987,6,14,-18.175,147.425,0.3756906077348066,24.4
1987,6,15,-18.175,147.425,0.35359116022099446,24.35
1987,6,16,-18.175,147.425,0.3314917127071823,24.39
1987,6,17,-18.175,147.425,0.30939226519337015,24.46
1987,6,18,-18.175,147.425,0.287292817679558,24.43
1987,6,19,-18.175,147.425,0.26519337016574585,24.32
1987,6,20,-18.175,147.425,0.2430939226519337,24.41
1987,6,21,-18.175,147.425,0.22099447513812154,24.41
1987,6,22,-18.175,147.425,0.19889502762430938,24.37
1987,6,23,-18.175,147.425,0.17679558011049723,24.53
1987,6,24,-18.175,147.425,0.15469613259668508,24.57
1987,6,25,-18.175,147.425,0.13259668508287292,24.41
1987,6,26,-18.175,147.425,0.11049723756906077,25.14
1987,6,27,-18.175,147.425,0.08839779005524862,25.77
1987,6,28,-18.175,147.425,0.06629834254143646,25.93
1987,6,29,-18.175,147.425,0.04419889502762431,25.26
1987,6,30,-18.175,147.425,0.022099447513812154,24.92
1987,7,1,-18.175,147.425,0.0,24.66
1987,7,2,-18.175,147.425,0.0,24.11
1987,7,3,-18.175,147.425,0.0,24.0
1987,7,4,-18.175,147.425,0.022099447513812154,24.04
1987,7,5,-18.175,147.425,0.04419889502762431,24.17
1987,7,6,-18.175,147.425,0.06629834254143646,24.4
1987,7,7,-18.175,147.425,0.08839779005524862,24.17
1987,7,8,-18.175,147.425,0.11049723756906077,23.84
1987,7,9,-18.175,147.425,0.13259668508287292,23.95
1987,7,10,-18.175,147.425,0.15469613259668508,24.01
1987,7,11,-18.175,147.425,0.17679558011049723,24.15
1987,7,12,-18.175,147.425,0.19889502762430938,24.63
1987,7,13,-18.175,147.425,0.22099447513812154,24.56
1987,7,14,-18.175,147.425,0.2430939226519337,24.21
1987,7,15,-18.175,147.425,0.26519337016574585,23.44
1987,7,16,-18.175,147.425,0.287292817679558,23.09
1987,7,17,-18.175,147.425,0.30939226519337015,23.22
1987,7,18,-18.175,147.425,0.3314917127071823,23.63
1987,7,19,-18.175,147.425,0.35359116022099446,23.61
1987,7,20,-18.175,147.425,0.3756906077348066,23.73
1987,7,21,-18.175,147.425,0.39779005524861877,22.87
1987,7,22,-18.175,147.425,0.4198895027624309,23.35
1987,7,23,-18.175,147.425,0.4419889502762431,23.6
1987,7,24,-18.175,147.425,0.46408839779005523,23.42
1987,7,25,-18.175,147.425,0.4861878453038674,23.67
1987,7,26,-18.175,147.425,0.5082872928176796,23.06
1987,7,27,-18.175,147.425,0.5303867403314917,23.22
1987,7,28,-18.175,147.425,0.5524861878453039,23.23
1987,7,29,-18.175,147.425,0.574585635359116,23.52
1987,7,30,-18.175,147.425,0.5966850828729282,24.15
1987,7,31,-18.175,147.425,0.6187845303867403,24.42
1987,8,1,-18.175,147.425,0.6408839779005525,24.29
1987,8,2,-18.175,147.425,0.6629834254143646,24.78
1987,8,3,-18.175,147.425,0.6850828729281768,24.65
1987,8,4,-18.175,147.425,0.7071823204419889,24.01
1987,8,5,-18.175,147.425,0.7292817679558011,23.56
1987,8,6,-18.175,147.425,0.7513812154696132,23.51
1987,8,7,-18.175,147.425,0.7734806629834254,23.57
1987,8,8,-18.175,147.425,0.7955801104972375,23.47
1987,8,9,-18.175,147.425,0.8176795580110497,23.18
1987,8,10,-18.175,147.425,0.8397790055248618,23.59
1987,8,11,-18.175,147.425,0.861878453038674,23.9
1987,8,12,-18.175,147.425,0.8839779005524862,23.93
1987,8,13,-18.175,147.425,0.9060773480662984,23.85
1987,8,14,-18.175,147.425,0.9281767955801105,23.8
1987,8,15,-18.175,147.425,0.9502762430939227,23.6
1987,8,16,-18.175,147.425,0.9723756906077348,23.58
1987,8,17,-18.175,147.425,0.994475138121547,23.78
1987,8,18,-18.175,147.425,1.0165745856353592,23.86
1987,8,19,-18.175,147.425,1.0386740331491713,23.94
1987,8,20,-18.175,147.425,1.0607734806629834,24.06
1987,8,21,-18.175,147.425,1.0828729281767955,24.17
1987,8,22,-18.175,147.425,1.1049723756906078,24.27
1987,8,23,-18.175,147.425,1.12707182320442,24.23
1987,8,24,-18.175,147.425,1.149171270718232,24.09
1987,8,25,-18.175,147.425,1.171270718232044,24.16
1987,8,26,-18.175,147.425,1.1933701657458564,24.5
1987,8,27,-18.175,147.425,1.2154696132596685,24.8
1987,8,28,-18.175,147.425,1.2375690607734806,24.0
1987,8,29,-18.175,147.425,1.2596685082872927,23.94
1987,8,30,-18.175,147.425,1.281767955801105,23.56
1987,8,31,-18.175,147.425,1.3038674033149171,24.21
1987,9,1,-18.175,147.425,1.3259668508287292,24.78
1987,9,2,-18.175,147.425,1.3480662983425415,24.88
1987,9,3,-18.175,147.425,1.3701657458563536,24.81
1987,9,4,-18.175,147.425,1.3922651933701657,24.77
1987,9,5,-18.175,147.425,1.4143646408839778,24.71
1987,9,6,-18.175,147.425,1.4364640883977902,24.58
1987,9,7,-18.175,147.425,1.4585635359116023,24.66
1987,9,8,-18.175,147.425,1.4806629834254144,24.48
1987,9,9,-18.175,147.425,1.5027624309392265,24.25
1987,9,10,-18.175,147.425,1.5248618784530388,24.36
1987,9,11,-18.175,147.425,1.5469613259668509,24.47
1987,9,12,-18.175,147.425,1.569060773480663,24.52
1987,9,13,-18.175,147.425,1.591160220994475,24.64
1987,9,14,-18.175,147.425,1.6132596685082874,24.7
1987,9,15,-18.175,147.425,1.6353591160220995,24.52
1987,9,16,-18.175,147.425,1.6574585635359116,24.81
1987,9,17,-18.175,147.425,1.6795580110497237,24.75
1987,9,18,-18.175,147.425,1.701657458563536,24.64
1987,9,19,-18.175,147.425,1.723756906077348,24.37
1987,9,20,-18.175,147.425,1.7458563535911602,24.27
1987,9,21,-18.175,147.425,1.7679558011049723,24.38
1987,9,22,-18.175,147.425,1.7900552486187846,24.38
1987,9,23,-18.175,147.425,1.8121546961325967,24.48
1987,9,24,-18.175,147.425,1.8342541436464088,24.36
1987,9,25,-18.175,147.425,1.856353591160221,24.17
1987,9,26,-18.175,147.425,1.8784530386740332,24.23
1987,9,27,-18.175,147.425,1.9005524861878453,23.96
1987,9,28,-18.175,147.425,1.9226519337016574,24.04
1987,9,29,-18.175,147.425,1.9447513812154695,23.96
1987,9,30,-18.175,147.425,1.9668508287292819,24.24
1987,10,1,-18.175,147.425,1.988950276243094,24.34
1987,10,2,-18.175,147.425,2.0110497237569063,24.52
1987,10,3,-18.175,147.425,2.0331491712707184,23.52
1987,10,4,-18.175,147.425,2.0552486187845305,24.29
1987,10,5,-18.175,147.425,2.0773480662983426,24.73
1987,10,6,-18.175,147.425,2.0994475138121547,25.14
1987,10,7,-18.175,147.425,2.1215469613259668,25.15
1987,10,8,-18.175,147.425,2.143646408839779,25.03
1987,10,9,-18.175,147.425,2.165745856353591,24.93
1987,10,10,-18.175,147.425,2.1878453038674035,25.09
1987,10,11,-18.175,147.425,2.2099447513812156,25.21
1987,10,12,-18.175,147.425,2.2320441988950277,25.4
1987,10,13,-18.175,147.425,2.25414364640884,25.21
1987,10,14,-18.175,147.425,2.276243093922652,25.45
1987,10,15,-18.175,147.425,2.298342541436464,26.29
1987,10,16,-18.175,147.425,2.320441988950276,26.19
1987,10,17,-18.175,147.425,2.342541436464088,26.26
1987,10,18,-18.175,147.425,2.3646408839779007,26.24
1987,10,19,-18.175,147.425,2.386740331491713,26.48
1987,10,20,-18.175,147.425,2.408839779005525,26.85
1987,10,21,-18.175,147.425,2.430939226519337,26.45
1987,10,22,-18.175,147.425,2.453038674033149,26.22
1987,10,23,-18.175,147.425,2.4751381215469612,26.35
1987,10,24,-18.175,147.425,2.4972375690607733,26.64
1987,10,25,-18.175,147.425,2.5193370165745854,26.59
1987,10,26,-18.175,147.425,2.541436464088398,26.29
1987,10,27,-18.175,147.425,2.56353591160221,26.37
1987,10,28,-18.175,147.425,2.585635359116022,26.39
1987,10,29,-18.175,147.425,2.6077348066298343,26.56
1987,10,30,-18.175,147.425,2.6298342541436464,26.61
1987,10,31,-18.175,147.425,2.6519337016574585,26.53
1987,11,1,-18.175,147.425,2.6740331491712706,26.97
1987,11,2,-18.175,147.425,2.696132596685083,27.02
1987,11,3,-18.175,147.425,2.718232044198895,27.4
1987,11,4,-18.175,147.425,2.7403314917127073,27.45
1987,11,5,-18.175,147.425,2.7624309392265194,27.38
1987,11,6,-18.175,147.425,2.7845303867403315,26.96
1987,11,7,-18.175,147.425,2.8066298342541436,26.93
1987,11,8,-18.175,147.425,2.8287292817679557,26.82
1987,11,9,-18.175,147.425,2.850828729281768,27.36
1987,11,10,-18.175,147.425,2.8729281767955803,27.57
1987,11,11,-18.175,147.425,2.8950276243093924,27.48
1987,11,12,-18.175,147.425,2.9171270718232045,27.36
1987,11,13,-18.175,147.425,2.9392265193370166,27.38
1987,11,14,-18.175,147.425,2.9613259668508287,27.7
1987,11,15,-18.175,147.425,2.983425414364641,27.68
1987,11,16,-18.175,147.425,3.005524861878453,27.59
1987,11,17,-18.175,147.425,3.027624309392265,27.52
1987,11,18,-18.175,147.425,3.0497237569060776,27.5
1987,11,19,-18.175,147.425,3.0718232044198897,27.34
1987,11,20,-18.175,147.425,3.0939226519337018,27.36
1987,11,21,-18.175,147.425,3.116022099447514,27.66
1987,11,22,-18.175,147.425,3.138121546961326,27.49
1987,11,23,-18.175,147.425,3.160220994475138,27.67
1987,11,24,-18.175,147.425,3.18232044198895,27.52
1987,11,25,-18.175,147.425,3.2044198895027622,27.82
1987,11,26,-18.175,147.425,3.226519337016575,27.93
1987,11,27,-18.175,147.425,3.248618784530387,28.55
1987,11,28,-18.175,147.425,3.270718232044199,28.31
1987,11,29,-18.175,147.425,3.292817679558011,28.28
1987,11,30,-18.175,147.425,3.314917127071823,28.22
1987,12,1,-18.175,147.425,3.3370165745856353,28.32
1987,12,2,-18.175,147.425,3.3591160220994474,28.19
1987,12,3,-18.175,147.425,3.3812154696132595,28.25
1987,12,4,-18.175,147.425,3.403314917127072,28.3
1987,12,5,-18.175,147.425,3.425414364640884,28.32
1987,12,6,-18.175,147.425,3.447513812154696,28.24
1987,12,7,-18.175,147.425,3.4696132596685083,28.27
1987,12,8,-18.175,147.425,3.4917127071823204,28.03
1987,12,9,-18.175,147.425,3.5138121546961325,28.25
1987,12,10,-18.175,147.425,3.5359116022099446,28.32
1987,12,11,-18.175,147.425,3.5580110497237567,28.26
1987,12,12,-18.175,147.425,3.5801104972375692,27.66
1987,12,13,-18.175,147.425,3.6022099447513813,27.51
1987,12,14,-18.175,147.425,3.6243093922651934,27.59
1987,12,15,-18.175,147.425,3.6464088397790055,27.95
1987,12,16,-18.175,147.425,3.6685082872928176,27.87
1987,12,17,-18.175,147.425,3.6906077348066297,27.71
1987,12,18,-18.175,147.425,3.712707182320442,27.66
1987,12,19,-18.175,147.425,3.734806629834254,27.65
1987,12,20,-18.175,147.425,3.7569060773480665,27.89
1987,12,21,-18.175,147.425,3.7790055248618786,27.84
1987,12,22,-18.175,147.425,3.8011049723756907,27.69
1987,12,23,-18.175,147.425,3.8232044198895028,27.65
1987,12,24,-18.175,147.425,3.845303867403315,27.97
1987,12,25,-18.175,147.425,3.867403314917127,27.99
1987,12,26,-18.175,147.425,3.889502762430939,27.99
1987,12,27,-18.175,147.425,3.911602209944751,28.16
1987,12,28,-18.175,147.425,3.9337016574585637,28.18
1987,12,29,-18.175,147.425,3.955801104972376,28.07
1987,12,30,-18.175,147.425,3.977900552486188,28.06
1987,12,31,-18.175,147.425,4.0,28.05
1988,1,1,-18.175,147.425,4.0,28.06
1988,1,2,-18.175,147.425,3.977900552486188,28.47
1988,1,3,-18.175,147.425,3.955801104972376,28.32
1988,1,4,-18.175,147.425,3.9337016574585637,28.27
1988,1,5,-18.175,147.425,3.911602209944751,28.22
1988,1,6,-18.175,147.425,3.889502762430939,28.26
1988,1,7,-18.175,147.425,3.867403314917127,28.18
1988,1,8,-18.175,147.425,3.845303867403315,28.11
1988,1,9,-18.175,147.425,3.8232044198895028,28.1
1988,1,10,-18.175,147.425,3.8011049723756907,28.18
1988,1,11,-18.175,147.425,3.7790055248618786,28.12
1988,1,12,-18.175,147.425,3.7569060773480665,28.02
1988,1,13,-18.175,147.425,3.734806629834254,28.17
1988,1,14,-18.175,147.425,3.712707182320442,28.22
1988,1,15,-18.175,147.425,3.6906077348066297,28.03
1988,1,16,-18.175,147.425,3.6685082872928176,28.65
1988,1,17,-18.175,147.425,3.6464088397790055,29.0
1988,1,18,-18.175,147.425,3.6243093922651934,28.74
1988,1,19,-18.175,147.425,3.6022099447513813,28.68
1988,1,20,-18.175,147.425,3.5801104972375692,28.58
1988,1,21,-18.175,147.425,3.5580110497237567,28.78
1988,1,22,-18.175,147.425,3.5359116022099446,28.76
1988,1,23,-18.175,147.425,3.5138121546961325,28.8
1988,1,24,-18.175,147.425,3.4917127071823204,29.0
1988,1,25,-18.175,147.425,3.4696132596685083,29.15
1988,1,26,-18.175,147.425,3.447513812154696,29.22
1988,1,27,-18.175,147.425,3.425414364640884,29.18
1988,1,28,-18.175,147.425,3.403314917127072,29.25
1988,1,29,-18.175,147.425,3.3812154696132595,29.27
1988,1,30,-18.175,147.425,3.3591160220994474,28.99
1988,1,31,-18.175,147.425,3.3370165745856353,28.78
1988,2,1,-18.175,147.425,3.314917127071823,29.14
1988,2,2,-18.175,147.425,3.292817679558011,29.02
1988,2,3,-18.175,147.425,3.270718232044199,29.23
1988,2,4,-18.175,147.425,3.248618784530387,29.23
1988,2,5,-18.175,147.425,3.226519337016575,29.57
1988,2,6,-18.175,147.425,3.2044198895027622,29.05
1988,2,7,-18.175,147.425,3.18232044198895,28.95
1988,2,8,-18.175,147.425,3.160220994475138,29.32
1988,2,9,-18.175,147.425,3.138121546961326,29.19
1988,2,10,-18.175,147.425,3.116022099447514,28.49
1988,2,11,-18.175,147.425,3.0939226519337018,28.24
1988,2,12,-18.175,147.425,3.0718232044198897,28.28
1988,2,13,-18.175,147.425,3.0497237569060776,28.24
1988,2,14,-18.175,147.425,3.027624309392265,28.27
1988,2,15,-18.175,147.425,3.005524861878453,28.31
1988,2,16,-18.175,147.425,2.983425414364641,28.39
1988,2,17,-18.175,147.425,2.9613259668508287,28.38
1988,2,18,-18.175,147.425,2.9392265193370166,28.44
1988,2,19,-18.175,147.425,2.9171270718232045,28.36
1988,2,20,-18.175,147.425,2.8950276243093924,27.87
1988,2,21,-18.175,147.425,2.8729281767955803,27.7
1988,2,22,-18.175,147.425,2.850828729281768,27.06
1988,2,23,-18.175,147.425,2.8287292817679557,27.07
1988,2,24,-18.175,147.425,2.8066298342541436,27.1
1988,2,25,-18.175,147.425,2.7845303867403315,27.1
1988,2,26,-18.175,147.425,2.7624309392265194,27.13
1988,2,27,-18.175,147.425,2.7403314917127073,27.15
1988,2,28,-18.175,147.425,2.718232044198895,27.12
1988,2,29,-18.175,147.425,2.696132596685083,27.07
1988,3,1,-18.175,147.425,2.6740331491712706,26.8
1988,3,2,-18.175,147.425,2.6519337016574585,27.17
1988,3,3,-18.175,147.425,2.6298342541436464,27.87
1988,3,4,-18.175,147.425,2.6077348066298343,27.71
1988,3,5,-18.175,147.425,2.585635359116022,27.74
1988,3,6,-18.175,147.425,2.56353591160221,27.84
1988,3,7,-18.175,147.425,2.541436464088398,27.89
1988,3,8,-18.175,147.425,2.5193370165745854,28.37
1988,3,9,-18.175,147.425,2.4972375690607733,28.44
1988,3,10,-18.175,147.425,2.4751381215469612,28.51
1988,3,11,-18.175,147.425,2.453038674033149,28.46
1988,3,12,-18.175,147.425,2.430939226519337,29.52
1988,3,13,-18.175,147.425,2.408839779005525,29.6
1988,3,14,-18.175,147.425,2.386740331491713,29.55
1988,3,15,-18.175,147.425,2.3646408839779007,29.43
1988,3,16,-18.175,147.425,2.342541436464088,29.21
1988,3,17,-18.175,147.425,2.320441988950276,29.21
1988,3,18,-18.175,147.425,2.298342541436464,29.1
1988,3,19,-18.175,147.425,2.276243093922652,28.94
1988,3,20,-18.175,147.425,2.25414364640884,28.93
1988,3,21,-18.175,147.425,2.2320441988950277,28.69
1988,3,22,-18.175,147.425,2.2099447513812156,28.68
1988,3,23,-18.175,147.425,2.1878453038674035,28.47
1988,3,24,-18.175,147.425,2.165745856353591,28.31
1988,3,25,-18.175,147.425,2.143646408839779,28.13
1988,3,26,-18.175,147.425,2.1215469613259668,28.12
1988,3,27,-18.175,147.425,2.0994475138121547,27.9
1988,3,28,-18.175,147.425,2.0773480662983426,27.8
1988,3,29,-18.175,147.425,2.0552486187845305,27.74
1988,3,30,-18.175,147.425,2.0331491712707184,27.25
1988,3,31,-18.175,147.425,2.0110497237569063,27.3
1988,4,1,-18.175,147.425,1.988950276243094,27.41
1988,4,2,-18.175,147.425,1.9668508287292819,27.46
1988,4,3,-18.175,147.425,1.9447513812154695,27.52
1988,4,4,-18.175,147.425,1.9226519337016574,27.44
1988,4,5,-18.175,147.425,1.9005524861878453,27.5
1988,4,6,-18.175,147.425,1.8784530386740332,28.13
1988,4,7,-18.175,147.425,1.856353591160221,28.36
1988,4,8,-18.175,147.425,1.8342541436464088,28.6
1988,4,9,-18.175,147.425,1.8121546961325967,28.41
1988,4,10,-18.175,147.425,1.7900552486187846,28.53
1988,4,11,-18.175,147.425,1.7679558011049723,28.8
1988,4,12,-18.175,147.425,1.7458563535911602,29.31
1988,4,13,-18.175,147.425,1.723756906077348,28.8
1988,4,14,-18.175,147.425,1.701657458563536,28.56
1988,4,15,-18.175,147.425,1.6795580110497237,28.23
1988,4,16,-18.175,147.425,1.6574585635359116,27.87
1988,4,17,-18.175,147.425,1.6353591160220995,27.86
1988,4,18,-18.175,147.425,1.6132596685082874,27.35
1988,4,19,-18.175,147.425,1.591160220994475,27.16
1988,4,20,-18.175,147.425,1.569060773480663,27.25
1988,4,21,-18.175,147.425,1.5469613259668509,27.23
1988,4,22,-18.175,147.425,1.5248618784530388,27.4
1988,4,23,-18.175,147.425,1.5027624309392265,27.31
1988,4,24,-18.175,147.425,1.4806629834254144,27.08
1988,4,25,-18.175,147.425,1.4585635359116023,26.72
1988,4,26,-18.175,147.425,1.4364640883977902,26.72
1988,4,27,-18.175,147.425,1.4143646408839778,27.02
1988,4,28,-18.175,147.425,1.3922651933701657,27.17
1988,4,29,-18.175,147.425,1.3701657458563536,27.33
1988,4,30,-18.175,147.425,1.3480662983425415,27.35
1988,5,1,-18.175,147.425,1.3259668508287292,27.18
1988,5,2,-18.175,147.425,1.3038674033149171,26.86
1988,5,3,-18.175,147.425,1.281767955801105,27.18
1988,5,4,-18.175,147.425,1.2596685082872927,27.4
1988,5,5,-18.175,147.425,1.2375690607734806,27.24
1988,5,6,-18.175,147.425,1.2154696132596685,26.62
1988,5,7,-18.175,147.425,1.1933701657458564,26.08
1988,5,8,-18.175,147.425,1.171270718232044,25.9
1988,5,9,-18.175,147.425,1.149171270718232,25.96
1988,5,10,-18.175,147.425,1.12707182320442,26.53
1988,5,11,-18.175,147.425,1.1049723756906078,26.43
1988,5,12,-18.175,147.425,1.0828729281767955,26.35
1988,5,13,-18.175,147.425,1.0607734806629834,26.27
1988,5,14,-18.175,147.425,1.0386740331491713,26.99
1988,5,15,-18.175,147.425,1.0165745856353592,27.01
1988,5,16,-18.175,147.425,0.994475138121547,27.15
1988,5,17,-18.175,147.425,0.9723756906077348,26.86
1988,5,18,-18.175,147.425,0.9502762430939227,26.77
1988,5,19,-18.175,147.425,0.9281767955801105,26.45
1988,5,20,-18.175,147.425,0.9060773480662984,26.09
1988,5,21,-18.175,147.425,0.8839779005524862,26.57
1988,5,22,-18.175,147.425,0.861878453038674,26.3
1988,5,23,-18.175,147.425,0.8397790055248618,26.17
1988,5,24,-18.175,147.425,0.8176795580110497,25.95
1988,5,25,-18.175,147.425,0.7955801104972375,26.07
1988,5,26,-18.175,147.425,0.7734806629834254,26.05
1988,5,27,-18.175,147.425,0.7513812154696132,26.02
1988,5,28,-18.175,147.425,0.7292817679558011,26.11
1988,5,29,-18.175,147.425,0.7071823204419889,25.84
1988,5,30,-18.175,147.425,0.6850828729281768,25.09
1988,5,31,-18.175,147.425,0.6629834254143646,24.76
1988,6,1,-18.175,147.425,0.6408839779005525,24.71
1988,6,2,-18.175,147.425,0.6187845303867403,24.72
1988,6,3,-18.175,147.425,0.5966850828729282,24.94
1988,6,4,-18.175,147.425,0.574585635359116,24.97
1988,6,5,-18.175,147.425,0.5524861878453039,25.0
1988,6,6,-18.175,147.425,0.5303867403314917,25.66
1988,6,7,-18.175,147.425,0.5082872928176796,26.07
1988,6,8,-18.175,147.425,0.4861878453038674,26.0
1988,6,9,-18.175,147.425,0.46408839779005523,25.89
1988,6,10,-18.175,147.425,0.4419889502762431,26.32
1988,6,11,-18.175,147.425,0.4198895027624309,26.44
1988,6,12,-18.175,147.425,0.39779005524861877,26.48
1988,6,13,-18.175,147.425,0.3756906077348066,26.45
1988,6,14,-18.175,147.425,0.35359116022099446,26.25
1988,6,15,-18.175,147.425,0.3314917127071823,26.41
1988,6,16,-18.175,147.425,0.30939226519337015,26.11
1988,6,17,-18.175,147.425,0.287292817679558,25.36
1988,6,18,-18.175,147.425,0.26519337016574585,24.85
1988,6,19,-18.175,147.425,0.2430939226519337,24.62
1988,6,20,-18.175,147.425,0.22099447513812154,25.02
1988,6,21,-18.175,147.425,0.19889502762430938,25.31
1988,6,22,-18.175,147.425,0.17679558011049723,25.39
1988,6,23,-18.175,147.425,0.15469613259668508,25.31
1988,6,24,-18.175,147.425,0.13259668508287292,25.21
1988,6,25,-18.175,147.425,0.11049723756906077,25.15
1988,6,26,-18.175,147.425,0.08839779005524862,24.67
1988,6,27,-18.175,147.425,0.06629834254143646,25.01
1988,6,28,-18.175,147.425,0.04419889502762431,25.21
1988,6,29,-18.175,147.425,0.022099447513812154,25.04
1988,6,30,-18.175,147.425,0.0,24.57
1988,7,1,-18.175,147.425,0.0,24.34
1988,7,2,-18.175,147.425,0.0,24.2
1988,7,3,-18.175,147.425,0.0,24.16
1988,7,4,-18.175,147.425,0.022099447513812154,24.03
1988,7,5,-18.175,147.425,0.04419889502762431,23.84
1988,7,6,-18.175,147.425,0.06629834254143646,24.08
1988,7,7,-18.175,147.425,0.08839779005524862,24.09
1988,7,8,-18.175,147.425,0.11049723756906077,24.16
1988,7,9,-18.175,147.425,0.13259668508287292,24.19
1988,7,10,-18.175,147.425,0.15469613259668508,24.02
1988,7,11,-18.175,147.425,0.17679558011049723,24.04
1988,7,12,-18.175,147.425,0.19889502762430938,24.0
1988,7,13,-18.175,147.425,0.22099447513812154,23.9
1988,7,14,-18.175,147.425,0.2430939226519337,24.05
1988,7,15,-18.175,147.425,0.26519337016574585,24.1
1988,7,16,-18.175,147.425,0.287292817679558,24.12
1988,7,17,-18.175,147.425,0.30939226519337015,24.28
1988,7,18,-18.175,147.425,0.3314917127071823,24.73
1988,7,19,-18.175,147.425,0.35359116022099446,24.96
1988,7,20,-18.175,147.425,0.3756906077348066,24.97
1988,7,21,-18.175,147.425,0.39779005524861877,24.93
1988,7,22,-18.175,147.425,0.4198895027624309,24.85
1988,7,23,-18.175,147.425,0.4419889502762431,25.2
1988,7,24,-18.175,147.425,0.46408839779005523,24.98
1988,7,25,-18.175,147.425,0.4861878453038674,24.88
1988,7,26,-18.175,147.425,0.5082872928176796,24.7
1988,7,27,-18.175,147.425,0.5303867403314917,24.41
1988,7,28,-18.175,147.425,0.5524861878453039,24.36
1988,7,29,-18.175,147.425,0.574585635359116,24.35
1988,7,30,-18.175,147.425,0.5966850828729282,24.42
1988,7,31,-18.175,147.425,0.6187845303867403,24.46
1988,8,1,-18.175,147.425,0.6408839779005525,24.53
1988,8,2,-18.175,147.425,0.6629834254143646,24.3
1988,8,3,-18.175,147.425,0.6850828729281768,24.37
1988,8,4,-18.175,147.425,0.7071823204419889,24.36
1988,8,5,-18.175,147.425,0.7292817679558011,24.07
1988,8,6,-18.175,147.425,0.7513812154696132,24.04
1988,8,7,-18.175,147.425,0.7734806629834254,23.27
1988,8,8,-18.175,147.425,0.7955801104972375,23.22
1988,8,9,-18.175,147.425,0.8176795580110497,22.71
1988,8,10,-18.175,147.425,0.8397790055248618,24.5
1988,8,11,-18.175,147.425,0.861878453038674,25.47
1988,8,12,-18.175,147.425,0.8839779005524862,25.24
1988,8,13,-18.175,147.425,0.9060773480662984,24.6
1988,8,14,-18.175,147.425,0.9281767955801105,24.29
1988,8,15,-18.175,147.425,0.9502762430939227,24.25
1988,8,16,-18.175,147.425,0.9723756906077348,24.45
1988,8,17,-18.175,147.425,0.994475138121547,24.4
1988,8,18,-18.175,147.425,1.0165745856353592,24.48
1988,8,19,-18.175,147.425,1.0386740331491713,25.16
1988,8,20,-18.175,147.425,1.0607734806629834,25.14
1988,8,21,-18.175,147.425,1.0828729281767955,25.65
1988,8,22,-18.175,147.425,1.1049723756906078,25.71
1988,8,23,-18.175,147.425,1.12707182320442,25.57
1988,8,24,-18.175,147.425,1.149171270718232,25.08
1988,8,25,-18.175,147.425,1.171270718232044,24.75
1988,8,26,-18.175,147.425,1.1933701657458564,24.53
1988,8,27,-18.175,147.425,1.2154696132596685,24.35
1988,8,28,-18.175,147.425,1.2375690607734806,23.97
1988,8,29,-18.175,147.425,1.2596685082872927,24.13
1988,8,30,-18.175,147.425,1.281767955801105,24.06
1988,8,31,-18.175,147.425,1.3038674033149171,23.95
1988,9,1,-18.175,147.425,1.3259668508287292,23.94
1988,9,2,-18.175,147.425,1.3480662983425415,24.33
1988,9,3,-18.175,147.425,1.3701657458563536,24.16
1988,9,4,-18.175,147.425,1.3922651933701657,23.74
1988,9,5,-18.175,147.425,1.4143646408839778,23.78
1988,9,6,-18.175,147.425,1.4364640883977902,24.41
1988,9,7,-18.175,147.425,1.4585635359116023,24.55
1988,9,8,-18.175,147.425,1.4806629834254144,24.57
1988,9,9,-18.175,147.425,1.5027624309392265,24.33
1988,9,10,-18.175,147.425,1.5248618784530388,24.06
1988,9,11,-18.175,147.425,1.5469613259668509,24.16
1988,9,12,-18.175,147.425,1.569060773480663,24.31
1988,9,13,-18.175,147.425,1.591160220994475,24.43
1988,9,14,-18.175,147.425,1.6132596685082874,24.71
1988,9,15,-18.175,147.425,1.6353591160220995,25.37
1988,9,16,-18.175,147.425,1.6574585635359116,25.44
1988,9,17,-18.175,147.425,1.6795580110497237,25.54
1988,9,18,-18.175,147.425,1.701657458563536,26.0
1988,9,19,-18.175,147.425,1.723756906077348,26.07
1988,9,20,-18.175,147.425,1.7458563535911602,26.12
1988,9,21,-18.175,147.425,1.7679558011049723,25.81
1988,9,22,-18.175,147.425,1.7900552486187846,26.61
1988,9,23,-18.175,147.425,1.8121546961325967,26.4
1988,9,24,-18.175,147.425,1.8342541436464088,26.16
1988,9,25,-18.175,147.425,1.856353591160221,25.78
1988,9,26,-18.175,147.425,1.8784530386740332,25.55
1988,9,27,-18.175,147.425,1.9005524861878453,24.8
1988,9,28,-18.175,147.425,1.9226519337016574,25.46
1988,9,29,-18.175,147.425,1.9447513812154695,25.54
1988,9,30,-18.175,147.425,1.9668508287292819,25.91
1988,10,1,-18.175,147.425,1.988950276243094,25.56
1988,10,2,-18.175,147.425,2.0110497237569063,25.34
1988,10,3,-18.175,147.425,2.0331491712707184,25.62
1988,10,4,-18.175,147.425,2.0552486187845305,25.3
1988,10,5,-18.175,147.425,2.0773480662983426,25.59
1988,10,6,-18.175,147.425,2.0994475138121547,25.92
1988,10,7,-18.175,147.425,2.1215469613259668,26.0
1988,10,8,-18.175,147.425,2.143646408839779,26.11
1988,10,9,-18.175,147.425,2.165745856353591,26.0
1988,10,10,-18.175,147.425,2.1878453038674035,26.12
1988,10,11,-18.175,147.425,2.2099447513812156,26.19
1988,10,12,-18.175,147.425,2.2320441988950277,26.53
1988,10,13,-18.175,147.425,2.25414364640884,26.96
1988,10,14,-18.175,147.425,2.276243093922652,26.27
1988,10,15,-18.175,147.425,2.298342541436464,26.16
1988,10,16,-18.175,147.425,2.320441988950276,25.91
1988,10,17,-18.175,147.425,2.342541436464088,26.64
1988,10,18,-18.175,147.425,2.3646408839779007,26.6
1988,10,19,-18.175,147.425,2.386740331491713,26.62
1988,10,20,-18.175,147.425,2.408839779005525,26.46
1988,10,21,-18.175,147.425,2.430939226519337,26.82
1988,10,22,-18.175,147.425,2.453038674033149,26.74
1988,10,23,-18.175,147.425,2.4751381215469612,27.02
1988,10,24,-18.175,147.425,2.4972375690607733,26.65
1988,10,25,-18.175,147.425,2.5193370165745854,26.49
1988,10,26,-18.175,147.425,2.541436464088398,26.91
1988,10,27,-18.175,147.425,2.56353591160221,27.65
1988,10,28,-18.175,147.425,2.585635359116022,27.87
1988,10,29,-18.175,147.425,2.6077348066298343,27.86
1988,10,30,-18.175,147.425,2.6298342541436464,27.61
1988,10,31,-18.175,147.425,2.6519337016574585,27.39
1988,11,1,-18.175,147.425,2.6740331491712706,27.25
1988,11,2,-18.175,147.425,2.696132596685083,27.15
1988,11,3,-18.175,147.425,2.718232044198895,27.09
1988,11,4,-18.175,147.425,2.7403314917127073,26.91
1988,11,5,-18.175,147.425,2.7624309392265194,27.24
1988,11,6,-18.175,147.425,2.7845303867403315,26.75
1988,11,7,-18.175,147.425,2.8066298342541436,26.53
1988,11,8,-18.175,147.425,2.8287292817679557,26.5
1988,11,9,-18.175,147.425,2.850828729281768,26.43
1988,11,10,-18.175,147.425,2.8729281767955803,26.85
1988,11,11,-18.175,147.425,2.8950276243093924,26.9
1988,11,12,-18.175,147.425,2.9171270718232045,27.03
1988,11,13,-18.175,147.425,2.9392265193370166,26.3
1988,11,14,-18.175,147.425,2.9613259668508287,26.52
1988,11,15,-18.175,147.425,2.983425414364641,25.98
1988,11,16,-18.175,147.425,3.005524861878453,26.6
1988,11,17,-18.175,147.425,3.027624309392265,26.32
1988,11,18,-18.175,147.425,3.0497237569060776,26.62
1988,11,19,-18.175,147.425,3.0718232044198897,26.66
1988,11,20,-18.175,147.425,3.0939226519337018,26.8
1988,11,21,-18.175,147.425,3.116022099447514,27.0
1988,11,22,-18.175,147.425,3.138121546961326,27.68
1988,11,23,-18.175,147.425,3.160220994475138,27.56
1988,11,24,-18.175,147.425,3.18232044198895,27.56
1988,11,25,-18.175,147.425,3.2044198895027622,27.97
1988,11,26,-18.175,147.425,3.226519337016575,28.38
1988,11,27,-18.175,147.425,3.248618784530387,28.34
1988,11,28,-18.175,147.425,3.270718232044199,28.23
1988,11,29,-18.175,147.425,3.292817679558011,28.15
1988,11,30,-18.175,147.425,3.314917127071823,29.29
1988,12,1,-18.175,147.425,3.3370165745856353,29.36
1988,12,2,-18.175,147.425,3.3591160220994474,29.08
1988,12,3,-18.175,147.425,3.3812154696132595,28.96
1988,12,4,-18.175,147.425,3.403314917127072,28.74
1988,12,5,-18.175,147.425,3.425414364640884,28.45
1988,12,6,-18.175,147.425,3.447513812154696,27.84
1988,12,7,-18.175,147.425,3.4696132596685083,27.51
1988,12,8,-18.175,147.425,3.4917127071823204,28.07
1988,12,9,-18.175,147.425,3.5138121546961325,28.17
1988,12,10,-18.175,147.425,3.5359116022099446,28.01
1988,12,11,-18.175,147.425,3.5580110497237567,28.03
1988,12,12,-18.175,147.425,3.5801104972375692,28.04
1988,12,13,-18.175,147.425,3.6022099447513813,27.96
1988,12,14,-18.175,147.425,3.6243093922651934,27.15
1988,12,15,-18.175,147.425,3.6464088397790055,27.26
1988,12,16,-18.175,147.425,3.6685082872928176,27.35
1988,12,17,-18.175,147.425,3.6906077348066297,27.87
1988,12,18,-18.175,147.425,3.712707182320442,28.11
1988,12,19,-18.175,147.425,3.734806629834254,28.07
1988,12,20,-18.175,147.425,3.7569060773480665,28.06
1988,12,21,-18.175,147.425,3.7790055248618786,28.42
1988,12,22,-18.175,147.425,3.8011049723756907,28.72
1988,12,23,-18.175,147.425,3.8232044198895028,28.97
1988,12,24,-18.175,147.425,3.845303867403315,29.28
1988,12,25,-18.175,147.425,3.867403314917127,28.88
1988,12,26,-18.175,147.425,3.889502762430939,28.53
1988,12,27,-18.175,147.425,3.911602209944751,28.35
1988,12,28,-18.175,147.425,3.9337016574585637,28.36
1988,12,29,-18.175,147.425,3.955801104972376,28.36
1988,12,30,-18.175,147.425,3.977900552486188,28.35
1988,12,31,-18.175,147.425,4.0,28.55
1989,1,1,-18.175,147.425,4.0,28.91
1989,1,2,-18.175,147.425,3.977900552486188,28.71
1989,1,3,-18.175,147.425,3.955801104972376,28.11
1989,1,4,-18.175,147.425,3.9337016574585637,28.14
1989,1,5,-18.175,147.425,3.911602209944751,28.47
1989,1,6,-18.175,147.425,3.889502762430939,28.94
1989,1,7,-18.175,147.425,3.867403314917127,29.27
1989,1,8,-18.175,147.425,3.845303867403315,29.27
1989,1,9,-18.175,147.425,3.8232044198895028,28.63
1989,1,10,-18.175,147.425,3.8011049723756907,29.31
1989,1,11,-18.175,147.425,3.7790055248618786,29.02
1989,1,12,-18.175,147.425,3.7569060773480665,29.09
1989,1,13,-18.175,147.425,3.734806629834254,29.15
1989,1,14,-18.175,147.425,3.712707182320442,29.5
1989,1,15,-18.175,147.425,3.6906077348066297,29.39
1989,1,16,-18.175,147.425,3.6685082872928176,29.31
1989,1,17,-18.175,147.425,3.6464088397790055,29.22
1989,1,18,-18.175,147.425,3.6243093922651934,29.1
1989,1,19,-18.175,147.425,3.6022099447513813,28.91
1989,1,20,-18.175,147.425,3.5801104972375692,29.25
1989,1,21,-18.175,147.425,3.5580110497237567,28.81
1989,1,22,-18.175,147.425,3.5359116022099446,28.67
1989,1,23,-18.175,147.425,3.5138121546961325,28.9
1989,1,24,-18.175,147.425,3.4917127071823204,29.14
1989,1,25,-18.175,147.425,3.4696132596685083,29.44
1989,1,26,-18.175,147.425,3.447513812154696,29.11
1989,1,27,-18.175,147.425,3.425414364640884,28.99
1989,1,28,-18.175,147.425,3.403314917127072,28.97
1989,1,29,-18.175,147.425,3.3812154696132595,29.04
1989,1,30,-18.175,147.425,3.3591160220994474,29.01
1989,1,31,-18.175,147.425,3.3370165745856353,28.99
1989,2,1,-18.175,147.425,3.314917127071823,28.97
1989,2,2,-18.175,147.425,3.292817679558011,28.87
1989,2,3,-18.175,147.425,3.270718232044199,28.81
1989,2,4,-18.175,147.425,3.248618784530387,28.87
1989,2,5,-18.175,147.425,3.226519337016575,28.91
1989,2,6,-18.175,147.425,3.2044198895027622,28.88
1989,2,7,-18.175,147.425,3.18232044198895,28.84
1989,2,8,-18.175,147.425,3.160220994475138,28.63
1989,2,9,-18.175,147.425,3.138121546961326,28.8
1989,2,10,-18.175,147.425,3.116022099447514,29.03
1989,2,11,-18.175,147.425,3.0939226519337018,28.97
1989,2,12,-18.175,147.425,3.0718232044198897,28.59
1989,2,13,-18.175,147.425,3.0497237569060776,29.04
1989,2,14,-18.175,147.425,3.027624309392265,29.29
1989,2,15,-18.175,147.425,3.005524861878453,29.91
1989,2,16,-18.175,147.425,2.983425414364641,30.24
1989,2,17,-18.175,147.425,2.9613259668508287,29.98
1989,2,18,-18.175,147.425,2.9392265193370166,29.28
1989,2,19,-18.175,147.425,2.9171270718232045,28.75
1989,2,20,-18.175,147.425,2.8950276243093924,28.21
1989,2,21,-18.175,147.425,2.8729281767955803,27.66
1989,2,22,-18.175,147.425,2.850828729281768,27.91
1989,2,23,-18.175,147.425,2.8287292817679557,28.19
1989,2,24,-18.175,147.425,2.8066298342541436,28.3
1989,2,25,-18.175,147.425,2.7845303867403315,28.43
1989,2,26,-18.175,147.425,2.7624309392265194,28.26
1989,2,27,-18.175,147.425,2.7403314917127073,28.18
1989,2,28,-18.175,147.425,2.718232044198895,27.97
1989,3,1,-18.175,147.425,2.696132596685083,28.05
1989,3,2,-18.175,147.425,2.6740331491712706,27.44
1989,3,3,-18.175,147.425,2.6519337016574585,27.51
1989,3,4,-18.175,147.425,2.6298342541436464,27.12
1989,3,5,-18.175,147.425,2.6077348066298343,27.08
1989,3,6,-18.175,147.425,2.585635359116022,27.0
1989,3,7,-18.175,147.425,2.56353591160221,27.03
1989,3,8,-18.175,147.425,2.541436464088398,27.17
1989,3,9,-18.175,147.425,2.5193370165745854,27.19
1989,3,10,-18.175,147.425,2.4972375690607733,27.15
1989,3,11,-18.175,147.425,2.4751381215469612,26.88
1989,3,12,-18.175,147.425,2.453038674033149,26.89
1989,3,13,-18.175,147.425,2.430939226519337,27.31
1989,3,14,-18.175,147.425,2.408839779005525,27.68
1989,3,15,-18.175,147.425,2.386740331491713,28.01
1989,3,16,-18.175,147.425,2.3646408839779007,28.24
1989,3,17,-18.175,147.425,2.342541436464088,28.41
1989,3,18,-18.175,147.425,2.320441988950276,28.41
1989,3,19,-18.175,147.425,2.298342541436464,28.37
1989,3,20,-18.175,147.425,2.276243093922652,28.36
1989,3,21,-18.175,147.425,2.25414364640884,28.3
1989,3,22,-18.175,147.425,2.2320441988950277,27.69
1989,3,23,-18.175,147.425,2.2099447513812156,28.11
1989,3,24,-18.175,147.425,2.1878453038674035,28.19
1989,3,25,-18.175,147.425,2.165745856353591,28.48
1989,3,26,-18.175,147.425,2.143646408839779,27.95
1989,3,27,-18.175,147.425,2.1215469613259668,28.14
1989,3,28,-18.175,147.425,2.0994475138121547,28.4
1989,3,29,-18.175,147.425,2.0773480662983426,28.32
1989,3,30,-18.175,147.425,2.0552486187845305,27.98
1989,3,31,-18.175,147.425,2.0331491712707184,27.82
1989,4,1,-18.175,147.425,2.0110497237569063,27.69
1989,4,2,-18.175,147.425,1.988950276243094,27.58
1989,4,3,-18.175,147.425,1.9668508287292819,27.52
1989,4,4,-18.175,147.425,1.9447513812154695,27.47
1989,4,5,-18.175,147.425,1.9226519337016574,27.42
1989,4,6,-18.175,147.425,1.9005524861878453,27.43
1989,4,7,-18.175,147.425,1.8784530386740332,27.41
1989,4,8,-18.175,147.425,1.856353591160221,27.55
1989,4,9,-18.175,147.425,1.8342541436464088,27.2
1989,4,10,-18.175,147.425,1.8121546961325967,27.6
1989,4,11,-18.175,147.425,1.7900552486187846,27.53
1989,4,12,-18.175,147.425,1.7679558011049723,28.02
1989,4,13,-18.175,147.425,1.7458563535911602,27.97
1989,4,14,-18.175,147.425,1.723756906077348,27.78
1989,4,15,-18.175,147.425,1.701657458563536,27.22
1989,4,16,-18.175,147.425,1.6795580110497237,27.07
1989,4,17,-18.175,147.425,1.6574585635359116,27.08
1989,4,18,-18.175,147.425,1.6353591160220995,26.92
1989,4,19,-18.175,147.425,1.6132596685082874,26.99
1989,4,20,-18.175,147.425,1.591160220994475,26.99
1989,4,21,-18.175,147.425,1.569060773480663,26.94
1989,4,22,-18.175,147.425,1.5469613259668509,26.98
1989,4,23,-18.175,147.425,1.5248618784530388,27.23
1989,4,24,-18.175,147.425,1.5027624309392265,27.37
1989,4,25,-18.175,147.425,1.4806629834254144,27.39
1989,4,26,-18.175,147.425,1.4585635359116023,27.19
1989,4,27,-18.175,147.425,1.4364640883977902,27.2
1989,4,28,-18.175,147.425,1.4143646408839778,26.73
1989,4,29,-18.175,147.425,1.3922651933701657,26.08
1989,4,30,-18.175,147.425,1.3701657458563536,25.66
1989,5,1,-18.175,147.425,1.3480662983425415,25.63
1989,5,2,-18.175,147.425,1.3259668508287292,25.75
1989,5,3,-18.175,147.425,1.3038674033149171,25.54
1989,5,4,-18.175,147.425,1.281767955801105,25.9
1989,5,5,-18.175,147.425,1.2596685082872927,26.52
1989,5,6,-18.175,147.425,1.2375690607734806,26.67
1989,5,7,-18.175,147.425,1.2154696132596685,26.56
1989,5,8,-18.175,147.425,1.1933701657458564,26.44
1989,5,9,-18.175,147.425,1.171270718232044,26.33
1989,5,10,-18.175,147.425,1.149171270718232,26.22
1989,5,11,-18.175,147.425,1.12707182320442,26.42
1989,5,12,-18.175,147.425,1.1049723756906078,25.91
1989,5,13,-18.175,147.425,1.0828729281767955,25.2
1989,5,14,-18.175,147.425,1.0607734806629834,25.1
1989,5,15,-18.175,147.425,1.0386740331491713,25.43
1989,5,16,-18.175,147.425,1.0165745856353592,25.53
1989,5,17,-18.175,147.425,0.994475138121547,25.67
1989,5,18,-18.175,147.425,0.9723756906077348,25.34
1989,5,19,-18.175,147.425,0.9502762430939227,25.27
1989,5,20,-18.175,147.425,0.9281767955801105,25.02
1989,5,21,-18.175,147.425,0.9060773480662984,25.15
1989,5,22,-18.175,147.425,0.8839779005524862,25.24
1989,5,23,-18.175,147.425,0.861878453038674,25.22
1989,5,24,-18.175,147.425,0.8397790055248618,25.17
1989,5,25,-18.175,147.425,0.8176795580110497,25.06
1989,5,26,-18.175,147.425,0.7955801104972375,24.94
1989,5,27,-18.175,147.425,0.7734806629834254,24.92
1989,5,28,-18.175,147.425,0.7513812154696132,24.88
1989,5,29,-18.175,147.425,0.7292817679558011,24.89
1989,5,30,-18.175,147.425,0.7071823204419889,24.81
1989,5,31,-18.175,147.425,0.6850828729281768,24.55
1989,6,1,-18.175,147.425,0.6629834254143646,24.66
1989,6,2,-18.175,147.425,0.6408839779005525,24.81
1989,6,3,-18.175,147.425,0.6187845303867403,24.88
1989,6,4,-18.175,147.425,0.5966850828729282,24.84
1989,6,5,-18.175,147.425,0.574585635359116,24.76
1989,6,6,-18.175,147.425,0.5524861878453039,24.5
1989,6,7,-18.175,147.425,0.5303867403314917,24.67
1989,6,8,-18.175,147.425,0.5082872928176796,23.95
1989,6,9,-18.175,147.425,0.4861878453038674,23.74
1989,6,10,-18.175,147.425,0.46408839779005523,23.4
1989,6,11,-18.175,147.425,0.4419889502762431,24.56
1989,6,12,-18.175,147.425,0.4198895027624309,25.0
1989,6,13,-18.175,147.425,0.39779005524861877,25.32
1989,6,14,-18.175,147.425,0.3756906077348066,25.17
1989,6,15,-18.175,147.425,0.35359116022099446,25.19
1989,6,16,-18.175,147.425,0.3314917127071823,24.66
1989,6,17,-18.175,147.425,0.30939226519337015,24.63
1989,6,18,-18.175,147.425,0.287292817679558,25.04
1989,6,19,-18.175,147.425,0.26519337016574585,24.66
1989,6,20,-18.175,147.425,0.2430939226519337,24.34
1989,6,21,-18.175,147.425,0.22099447513812154,23.25
1989,6,22,-18.175,147.425,0.19889502762430938,23.38
1989,6,23,-18.175,147.425,0.17679558011049723,23.87
1989,6,24,-18.175,147.425,0.15469613259668508,24.09
1989,6,25,-18.175,147.425,0.13259668508287292,24.12
1989,6,26,-18.175,147.425,0.11049723756906077,24.07
1989,6,27,-18.175,147.425,0.08839779005524862,24.09
1989,6,28,-18.175,147.425,0.06629834254143646,24.11
1989,6,29,-18.175,147.425,0.04419889502762431,23.99
1989,6,30,-18.175,147.425,0.022099447513812154,23.62
1989,7,1,-18.175,147.425,0.0,23.14
1989,7,2,-18.175,147.425,0.0,22.95
1989,7,3,-18.175,147.425,0.0,22.98
1989,7,4,-18.175,147.425,0.022099447513812154,23.24
1989,7,5,-18.175,147.425,0.04419889502762431,23.73
1989,7,6,-18.175,147.425,0.06629834254143646,23.83
1989,7,7,-18.175,147.425,0.08839779005524862,23.96
1989,7,8,-18.175,147.425,0.11049723756906077,24.02
1989,7,9,-18.175,147.425,0.13259668508287292,24.6
1989,7,10,-18.175,147.425,0.15469613259668508,24.64
1989,7,11,-18.175,147.425,0.17679558011049723,24.53
1989,7,12,-18.175,147.425,0.19889502762430938,24.38
1989,7,13,-18.175,147.425,0.22099447513812154,24.46
1989,7,14,-18.175,147.425,0.2430939226519337,24.45
1989,7,15,-18.175,147.425,0.26519337016574585,24.39
1989,7,16,-18.175,147.425,0.287292817679558,24.36
1989,7,17,-18.175,147.425,0.30939226519337015,24.56
1989,7,18,-18.175,147.425,0.3314917127071823,24.91
1989,7,19,-18.175,147.425,0.35359116022099446,24.88
1989,7,20,-18.175,147.425,0.3756906077348066,24.72
1989,7,21,-18.175,147.425,0.39779005524861877,24.44
1989,7,22,-18.175,147.425,0.4198895027624309,24.41
1989,7,23,-18.175,147.425,0.4419889502762431,24.27
1989,7,24,-18.175,147.425,0.46408839779005523,24.14
1989,7,25,-18.175,147.425,0.4861878453038674,23.52
1989,7,26,-18.175,147.425,0.5082872928176796,23.32
1989,7,27,-18.175,147.425,0.5303867403314917,23.31
1989,7,28,-18.175,147.425,0.5524861878453039,23.3
1989,7,29,-18.175,147.425,0.574585635359116,23.1
1989,7,30,-18.175,147.425,0.5966850828729282,24.11
1989,7,31,-18.175,147.425,0.6187845303867403,24.09
1989,8,1,-18.175,147.425,0.6408839779005525,24.05
1989,8,2,-18.175,147.425,0.6629834254143646,23.76
1989,8,3,-18.175,147.425,0.6850828729281768,23.38
1989,8,4,-18.175,147.425,0.7071823204419889,24.14
1989,8,5,-18.175,147.425,0.7292817679558011,23.67
1989,8,6,-18.175,147.425,0.7513812154696132,23.2
1989,8,7,-18.175,147.425,0.7734806629834254,23.49
1989,8,8,-18.175,147.425,0.7955801104972375,24.49
1989,8,9,-18.175,147.425,0.8176795580110497,24.14
1989,8,10,-18.175,147.425,0.8397790055248618,24.05
1989,8,11,-18.175,147.425,0.861878453038674,23.57
1989,8,12,-18.175,147.425,0.8839779005524862,23.67
1989,8,13,-18.175,147.425,0.9060773480662984,24.44
1989,8,14,-18.175,147.425,0.9281767955801105,24.29
1989,8,15,-18.175,147.425,0.9502762430939227,23.73
1989,8,16,-18.175,147.425,0.9723756906077348,23.4
1989,8,17,-18.175,147.425,0.994475138121547,24.08
1989,8,18,-18.175,147.425,1.0165745856353592,22.95
1989,8,19,-18.175,147.425,1.0386740331491713,23.22
1989,8,20,-18.175,147.425,1.0607734806629834,22.81
1989,8,21,-18.175,147.425,1.0828729281767955,22.86
1989,8,22,-18.175,147.425,1.1049723756906078,22.9
1989,8,23,-18.175,147.425,1.12707182320442,23.07
1989,8,24,-18.175,147.425,1.149171270718232,23.26
1989,8,25,-18.175,147.425,1.171270718232044,23.53
1989,8,26,-18.175,147.425,1.1933701657458564,23.12
1989,8,27,-18.175,147.425,1.2154696132596685,23.14
1989,8,28,-18.175,147.425,1.2375690607734806,23.55
1989,8,29,-18.175,147.425,1.2596685082872927,23.6
1989,8,30,-18.175,147.425,1.281767955801105,23.64
1989,8,31,-18.175,147.425,1.3038674033149171,23.6
1989,9,1,-18.175,147.425,1.3259668508287292,23.72
1989,9,2,-18.175,147.425,1.3480662983425415,24.15
1989,9,3,-18.175,147.425,1.3701657458563536,24.08
1989,9,4,-18.175,147.425,1.3922651933701657,24.87
1989,9,5,-18.175,147.425,1.4143646408839778,25.1
1989,9,6,-18.175,147.425,1.4364640883977902,25.14
1989,9,7,-18.175,147.425,1.4585635359116023,24.57
1989,9,8,-18.175,147.425,1.4806629834254144,24.36
1989,9,9,-18.175,147.425,1.5027624309392265,24.19
1989,9,10,-18.175,147.425,1.5248618784530388,24.22
1989,9,11,-18.175,147.425,1.5469613259668509,23.82
1989,9,12,-18.175,147.425,1.569060773480663,24.69
1989,9,13,-18.175,147.425,1.591160220994475,24.3
1989,9,14,-18.175,147.425,1.6132596685082874,24.58
1989,9,15,-18.175,147.425,1.6353591160220995,24.3
1989,9,16,-18.175,147.425,1.6574585635359116,24.28
1989,9,17,-18.175,147.425,1.6795580110497237,24.5
1989,9,18,-18.175,147.425,1.701657458563536,24.57
1989,9,19,-18.175,147.425,1.723756906077348,24.67
1989,9,20,-18.175,147.425,1.7458563535911602,24.82
1989,9,21,-18.175,147.425,1.7679558011049723,25.31
1989,9,22,-18.175,147.425,1.7900552486187846,24.75
1989,9,23,-18.175,147.425,1.8121546961325967,24.51
1989,9,24,-18.175,147.425,1.8342541436464088,24.29
1989,9,25,-18.175,147.425,1.856353591160221,25.02
1989,9,26,-18.175,147.425,1.8784530386740332,25.18
1989,9,27,-18.175,147.425,1.9005524861878453,25.3
1989,9,28,-18.175,147.425,1.9226519337016574,24.97
1989,9,29,-18.175,147.425,1.9447513812154695,24.86
1989,9,30,-18.175,147.425,1.9668508287292819,25.61
1989,10,1,-18.175,147.425,1.988950276243094,25.42
1989,10,2,-18.175,147.425,2.0110497237569063,25.59
1989,10,3,-18.175,147.425,2.0331491712707184,25.06
1989,10,4,-18.175,147.425,2.0552486187845305,24.82
1989,10,5,-18.175,147.425,2.0773480662983426,24.61
1989,10,6,-18.175,147.425,2.0994475138121547,25.16
1989,10,7,-18.175,147.425,2.1215469613259668,25.56
1989,10,8,-18.175,147.425,2.143646408839779,26.11
1989,10,9,-18.175,147.425,2.165745856353591,26.08
1989,10,10,-18.175,147.425,2.1878453038674035,25.91
1989,10,11,-18.175,147.425,2.2099447513812156,25.53
1989,10,12,-18.175,147.425,2.2320441988950277,24.9
1989,10,13,-18.175,147.425,2.25414364640884,24.56
1989,10,14,-18.175,147.425,2.276243093922652,25.08
1989,10,15,-18.175,147.425,2.298342541436464,26.17
1989,10,16,-18.175,147.425,2.320441988950276,26.47
1989,10,17,-18.175,147.425,2.342541436464088,26.71
1989,10,18,-18.175,147.425,2.3646408839779007,26.62
1989,10,19,-18.175,147.425,2.386740331491713,26.02
1989,10,20,-18.175,147.425,2.408839779005525,26.81
1989,10,21,-18.175,147.425,2.430939226519337,26.69
1989,10,22,-18.175,147.425,2.453038674033149,26.3
1989,10,23,-18.175,147.425,2.4751381215469612,25.96
1989,10,24,-18.175,147.425,2.4972375690607733,26.2
1989,10,25,-18.175,147.425,2.5193370165745854,26.44
1989,10,26,-18.175,147.425,2.541436464088398,26.78
1989,10,27,-18.175,147.425,2.56353591160221,26.89
1989,10,28,-18.175,147.425,2.585635359116022,26.8
1989,10,29,-18.175,147.425,2.6077348066298343,27.51
1989,10,30,-18.175,147.425,2.6298342541436464,27.64
1989,10,31,-18.175,147.425,2.6519337016574585,27.48
1989,11,1,-18.175,147.425,2.6740331491712706,27.05
1989,11,2,-18.175,147.425,2.696132596685083,27.02
1989,11,3,-18.175,147.425,2.718232044198895,27.34
1989,11,4,-18.175,147.425,2.7403314917127073,27.6
1989,11,5,-18.175,147.425,2.7624309392265194,27.45
1989,11,6,-18.175,147.425,2.7845303867403315,27.4
1989,11,7,-18.175,147.425,2.8066298342541436,27.51
1989,11,8,-18.175,147.425,2.8287292817679557,27.46
1989,11,9,-18.175,147.425,2.850828729281768,27.58
1989,11,10,-18.175,147.425,2.8729281767955803,27.89
1989,11,11,-18.175,147.425,2.8950276243093924,27.77
1989,11,12,-18.175,147.425,2.9171270718232045,27.65
1989,11,13,-18.175,147.425,2.9392265193370166,27.76
1989,11,14,-18.175,147.425,2.9613259668508287,28.0
1989,11,15,-18.175,147.425,2.983425414364641,28.12
1989,11,16,-18.175,147.425,3.005524861878453,28.0
1989,11,17,-18.175,147.425,3.027624309392265,27.92
1989,11,18,-18.175,147.425,3.0497237569060776,27.42
1989,11,19,-18.175,147.425,3.0718232044198897,26.86
1989,11,20,-18.175,147.425,3.0939226519337018,26.75
1989,11,21,-18.175,147.425,3.116022099447514,26.66
1989,11,22,-18.175,147.425,3.138121546961326,26.61
1989,11,23,-18.175,147.425,3.160220994475138,26.58
1989,11,24,-18.175,147.425,3.18232044198895,26.67
1989,11,25,-18.175,147.425,3.2044198895027622,26.84
1989,11,26,-18.175,147.425,3.226519337016575,26.98
1989,11,27,-18.175,147.425,3.248618784530387,27.3
1989,11,28,-18.175,147.425,3.270718232044199,27.03
1989,11,29,-18.175,147.425,3.292817679558011,27.14
1989,11,30,-18.175,147.425,3.314917127071823,26.95
1989,12,1,-18.175,147.425,3.3370165745856353,27.32
1989,12,2,-18.175,147.425,3.3591160220994474,27.91
1989,12,3,-18.175,147.425,3.3812154696132595,28.21
1989,12,4,-18.175,147.425,3.403314917127072,28.08
1989,12,5,-18.175,147.425,3.425414364640884,28.05
1989,12,6,-18.175,147.425,3.447513812154696,27.99
1989,12,7,-18.175,147.425,3.4696132596685083,28.62
1989,12,8,-18.175,147.425,3.4917127071823204,29.16
1989,12,9,-18.175,147.425,3.5138121546961325,29.51
1989,12,10,-18.175,147.425,3.5359116022099446,28.8
1989,12,11,-18.175,147.425,3.5580110497237567,28.59
1989,12,12,-18.175,147.425,3.5801104972375692,28.32
1989,12,13,-18.175,147.425,3.6022099447513813,28.44
1989,12,14,-18.175,147.425,3.6243093922651934,28.46
1989,12,15,-18.175,147.425,3.6464088397790055,28.4
1989,12,16,-18.175,147.425,3.6685082872928176,28.38
1989,12,17,-18.175,147.425,3.6906077348066297,27.54
1989,12,18,-18.175,147.425,3.712707182320442,27.92
1989,12,19,-18.175,147.425,3.734806629834254,28.51
1989,12,20,-18.175,147.425,3.7569060773480665,28.68
1989,12,21,-18.175,147.425,3.7790055248618786,28.71
1989,12,22,-18.175,147.425,3.8011049723756907,28.25
1989,12,23,-18.175,147.425,3.8232044198895028,27.85
1989,12,24,-18.175,147.425,3.845303867403315,27.78
1989,12,25,-18.175,147.425,3.867403314917127,27.52
1989,12,26,-18.175,147.425,3.889502762430939,27.3
1989,12,27,-18.175,147.425,3.911602209944751,27.59
1989,12,28,-18.175,147.425,3.9337016574585637,27.97
1989,12,29,-18.175,147.425,3.955801104972376,27.51
1989,12,30,-18.175,147.425,3.977900552486188,27.44
1989,12,31,-18.175,147.425,4.0,27.13
1990,1,1,-18.175,147.425,4.0,27.14
1990,1,2,-18.175,147.425,3.977900552486188,27.19
1990,1,3,-18.175,147.425,3.955801104972376,26.43
1990,1,4,-18.175,147.425,3.9337016574585637,26.33
1990,1,5,-18.175,147.425,3.911602209944751,27.03
1990,1,6,-18.175,147.425,3.889502762430939,27.25
1990,1,7,-18.175,147.425,3.867403314917127,27.65
1990,1,8,-18.175,147.425,3.845303867403315,27.57
1990,1,9,-18.175,147.425,3.8232044198895028,27.59
1990,1,10,-18.175,147.425,3.8011049723756907,27.71
1990,1,11,-18.175,147.425,3.7790055248618786,27.62
1990,1,12,-18.175,147.425,3.7569060773480665,27.45
1990,1,13,-18.175,147.425,3.734806629834254,28.21
1990,1,14,-18.175,147.425,3.712707182320442,27.82
1990,1,15,-18.175,147.425,3.6906077348066297,27.51
1990,1,16,-18.175,147.425,3.6685082872928176,26.85
1990,1,17,-18.175,147.425,3.6464088397790055,27.72
1990,1,18,-18.175,147.425,3.6243093922651934,28.07
1990,1,19,-18.175,147.425,3.6022099447513813,28.48
1990,1,20,-18.175,147.425,3.5801104972375692,29.01
1990,1,21,-18.175,147.425,3.5580110497237567,28.99
1990,1,22,-18.175,147.425,3.5359116022099446,29.92
1990,1,23,-18.175,147.425,3.5138121546961325,29.82
1990,1,24,-18.175,147.425,3.4917127071823204,29.61
1990,1,25,-18.175,147.425,3.4696132596685083,29.25
1990,1,26,-18.175,147.425,3.447513812154696,28.68
1990,1,27,-18.175,147.425,3.425414364640884,27.85
1990,1,28,-18.175,147.425,3.403314917127072,27.73
1990,1,29,-18.175,147.425,3.3812154696132595,28.07
1990,1,30,-18.175,147.425,3.3591160220994474,28.15
1990,1,31,-18.175,147.425,3.3370165745856353,28.43
1990,2,1,-18.175,147.425,3.314917127071823,28.06
1990,2,2,-18.175,147.425,3.292817679558011,27.71
1990,2,3,-18.175,147.425,3.270718232044199,28.13
1990,2,4,-18.175,147.425,3.248618784530387,28.57
1990,2,5,-18.175,147.425,3.226519337016575,28.8
1990,2,6,-18.175,147.425,3.2044198895027622,28.64
1990,2,7,-18.175,147.425,3.18232044198895,28.35
1990,2,8,-18.175,147.425,3.160220994475138,28.43
1990,2,9,-18.175,147.425,3.138121546961326,28.06
1990,2,10,-18.175,147.425,3.116022099447514,28.32
1990,2,11,-18.175,147.425,3.0939226519337018,29.09
1990,2,12,-18.175,147.425,3.0718232044198897,29.44
1990,2,13,-18.175,147.425,3.0497237569060776,29.38
1990,2,14,-18.175,147.425,3.027624309392265,29.12
1990,2,15,-18.175,147.425,3.005524861878453,28.95
1990,2,16,-18.175,147.425,2.983425414364641,28.97
1990,2,17,-18.175,147.425,2.9613259668508287,29.05
1990,2,18,-18.175,147.425,2.9392265193370166,28.94
1990,2,19,-18.175,147.425,2.9171270718232045,28.57
1990,2,20,-18.175,147.425,2.8950276243093924,28.28
1990,2,21,-18.175,147.425,2.8729281767955803,28.44
1990,2,22,-18.175,147.425,2.850828729281768,28.18
1990,2,23,-18.175,147.425,2.8287292817679557,27.94
1990,2,24,-18.175,147.425,2.8066298342541436,27.72
1990,2,25,-18.175,147.425,2.7845303867403315,27.66
1990,2,26,-18.175,147.425,2.7624309392265194,27.69
1990,2,27,-18.175,147.425,2.7403314917127073,27.66
1990,2,28,-18.175,147.425,2.718232044198895,27.57
1990,3,1,-18.175,147.425,2.696132596685083,27.39
1990,3,2,-18.175,147.425,2.6740331491712706,27.49
1990,3,3,-18.175,147.425,2.6519337016574585,27.53
1990,3,4,-18.175,147.425,2.6298342541436464,27.48
1990,3,5,-18.175,147.425,2.6077348066298343,27.42
1990,3,6,-18.175,147.425,2.585635359116022,27.45
1990,3,7,-18.175,147.425,2.56353591160221,27.39
1990,3,8,-18.175,147.425,2.541436464088398,27.53
1990,3,9,-18.175,147.425,2.5193370165745854,27.51
1990,3,10,-18.175,147.425,2.4972375690607733,28.12
1990,3,11,-18.175,147.425,2.4751381215469612,28.84
1990,3,12,-18.175,147.425,2.453038674033149,28.34
1990,3,13,-18.175,147.425,2.430939226519337,27.98
1990,3,14,-18.175,147.425,2.408839779005525,27.34
1990,3,15,-18.175,147.425,2.386740331491713,28.61
1990,3,16,-18.175,147.425,2.3646408839779007,29.26
1990,3,17,-18.175,147.425,2.342541436464088,29.6
1990,3,18,-18.175,147.425,2.320441988950276,29.37
1990,3,19,-18.175,147.425,2.298342541436464,29.05
1990,3,20,-18.175,147.425,2.276243093922652,28.73
1990,3,21,-18.175,147.425,2.25414364640884,28.41
1990,3,22,-18.175,147.425,2.2320441988950277,28.19
1990,3,23,-18.175,147.425,2.2099447513812156,27.98
1990,3,24,-18.175,147.425,2.1878453038674035,26.55
1990,3,25,-18.175,147.425,2.165745856353591,25.89
1990,3,26,-18.175,147.425,2.143646408839779,25.56
1990,3,27,-18.175,147.425,2.1215469613259668,25.71
1990,3,28,-18.175,147.425,2.0994475138121547,25.92
1990,3,29,-18.175,147.425,2.0773480662983426,25.99
1990,3,30,-18.175,147.425,2.0552486187845305,26.15
1990,3,31,-18.175,147.425,2.0331491712707184,26.77
1990,4,1,-18.175,147.425,2.0110497237569063,27.09
1990,4,2,-18.175,147.425,1.988950276243094,27.33
1990,4,3,-18.175,147.425,1.9668508287292819,27.71
1990,4,4,-18.175,147.425,1.9447513812154695,27.87
1990,4,5,-18.175,147.425,1.9226519337016574,27.57
1990,4,6,-18.175,147.425,1.9005524861878453,27.45
1990,4,7,-18.175,147.425,1.8784530386740332,27.06
1990,4,8,-18.175,147.425,1.856353591160221,27.32
1990,4,9,-18.175,147.425,1.8342541436464088,27.39
1990,4,10,-18.175,147.425,1.8121546961325967,27.4
1990,4,11,-18.175,147.425,1.7900552486187846,27.34
1990,4,12,-18.175,147.425,1.7679558011049723,27.6
1990,4,13,-18.175,147.425,1.7458563535911602,27.51
1990,4,14,-18.175,147.425,1.723756906077348,27.42
1990,4,15,-18.175,147.425,1.701657458563536,27.18
1990,4,16,-18.175,147.425,1.6795580110497237,26.56
1990,4,17,-18.175,147.425,1.6574585635359116,26.31
1990,4,18,-18.175,147.425,1.6353591160220995,26.35
1990,4,19,-18.175,147.425,1.6132596685082874,26.43
1990,4,20,-18.175,147.425,1.591160220994475,26.59
1990,4,21,-18.175,147.425,1.569060773480663,26.65
1990,4,22,-18.175,147.425,1.5469613259668509,26.84
1990,4,23,-18.175,147.425,1.5248618784530388,26.88
1990,4,24,-18.175,147.425,1.5027624309392265,26.92
1990,4,25,-18.175,147.425,1.4806629834254144,28.25
1990,4,26,-18.175,147.425,1.4585635359116023,28.52
1990,4,27,-18.175,147.425,1.4364640883977902,28.48
1990,4,28,-18.175,147.425,1.4143646408839778,27.8
1990,4,29,-18.175,147.425,1.3922651933701657,27.89
1990,4,30,-18.175,147.425,1.3701657458563536,27.92
1990,5,1,-18.175,147.425,1.3480662983425415,27.87
1990,5,2,-18.175,147.425,1.3259668508287292,27.54
1990,5,3,-18.175,147.425,1.3038674033149171,27.43
1990,5,4,-18.175,147.425,1.281767955801105,27.21
1990,5,5,-18.175,147.425,1.2596685082872927,26.81
1990,5,6,-18.175,147.425,1.2375690607734806,26.6
1990,5,7,-18.175,147.425,1.2154696132596685,26.57
1990,5,8,-18.175,147.425,1.1933701657458564,26.81
1990,5,9,-18.175,147.425,1.171270718232044,26.59
1990,5,10,-18.175,147.425,1.149171270718232,26.49
1990,5,11,-18.175,147.425,1.12707182320442,26.36
1990,5,12,-18.175,147.425,1.1049723756906078,26.39
1990,5,13,-18.175,147.425,1.0828729281767955,26.49
1990,5,14,-18.175,147.425,1.0607734806629834,26.56
1990,5,15,-18.175,147.425,1.0386740331491713,26.7
1990,5,16,-18.175,147.425,1.0165745856353592,25.88
1990,5,17,-18.175,147.425,0.994475138121547,25.72
1990,5,18,-18.175,147.425,0.9723756906077348,26.3
1990,5,19,-18.175,147.425,0.9502762430939227,26.6
1990,5,20,-18.175,147.425,0.9281767955801105,26.52
1990,5,21,-18.175,147.425,0.9060773480662984,26.31
1990,5,22,-18.175,147.425,0.8839779005524862,26.31
1990,5,23,-18.175,147.425,0.861878453038674,26.13
1990,5,24,-18.175,147.425,0.8397790055248618,26.04
1990,5,25,-18.175,147.425,0.8176795580110497,26.03
1990,5,26,-18.175,147.425,0.7955801104972375,25.9
1990,5,27,-18.175,147.425,0.7734806629834254,25.77
1990,5,28,-18.175,147.425,0.7513812154696132,25.41
1990,5,29,-18.175,147.425,0.7292817679558011,25.29
1990,5,30,-18.175,147.425,0.7071823204419889,25.15
1990,5,31,-18.175,147.425,0.6850828729281768,25.0
1990,6,1,-18.175,147.425,0.6629834254143646,25.98
1990,6,2,-18.175,147.425,0.6408839779005525,26.63
1990,6,3,-18.175,147.425,0.6187845303867403,26.26
1990,6,4,-18.175,147.425,0.5966850828729282,26.04
1990,6,5,-18.175,147.425,0.574585635359116,25.79
1990,6,6,-18.175,147.425,0.5524861878453039,25.62
1990,6,7,-18.175,147.425,0.5303867403314917,25.53
1990,6,8,-18.175,147.425,0.5082872928176796,25.47
1990,6,9,-18.175,147.425,0.4861878453038674,25.4
1990,6,10,-18.175,147.425,0.46408839779005523,24.77
1990,6,11,-18.175,147.425,0.4419889502762431,25.26
1990,6,12,-18.175,147.425,0.4198895027624309,25.3
1990,6,13,-18.175,147.425,0.39779005524861877,25.29
1990,6,14,-18.175,147.425,0.3756906077348066,25.25
1990,6,15,-18.175,147.425,0.35359116022099446,25.19
1990,6,16,-18.175,147.425,0.3314917127071823,25.03
1990,6,17,-18.175,147.425,0.30939226519337015,24.65
1990,6,18,-18.175,147.425,0.287292817679558,24.54
1990,6,19,-18.175,147.425,0.26519337016574585,24.12
1990,6,20,-18.175,147.425,0.2430939226519337,23.82
1990,6,21,-18.175,147.425,0.22099447513812154,23.91
1990,6,22,-18.175,147.425,0.19889502762430938,24.56
1990,6,23,-18.175,147.425,0.17679558011049723,24.96
1990,6,24,-18.175,147.425,0.15469613259668508,24.1
1990,6,25,-18.175,147.425,0.13259668508287292,23.02
1990,6,26,-18.175,147.425,0.11049723756906077,22.78
1990,6,27,-18.175,147.425,0.08839779005524862,23.02
1990,6,28,-18.175,147.425,0.06629834254143646,23.49
1990,6,29,-18.175,147.425,0.04419889502762431,23.58
1990,6,30,-18.175,147.425,0.022099447513812154,23.42
1990,7,1,-18.175,147.425,0.0,22.77
1990,7,2,-18.175,147.425,0.0,22.72
1990,7,3,-18.175,147.425,0.0,22.39
1990,7,4,-18.175,147.425,0.022099447513812154,22.5
1990,7,5,-18.175,147.425,0.04419889502762431,22.43
1990,7,6,-18.175,147.425,0.06629834254143646,22.74
1990,7,7,-18.175,147.425,0.08839779005524862,23.06
1990,7,8,-18.175,147.425,0.11049723756906077,23.25
1990,7,9,-18.175,147.425,0.13259668508287292,23.27
1990,7,10,-18.175,147.425,0.15469613259668508,22.98
1990,7,11,-18.175,147.425,0.17679558011049723,23.32
1990,7,12,-18.175,147.425,0.19889502762430938,23.47
1990,7,13,-18.175,147.425,0.22099447513812154,23.63
1990,7,14,-18.175,147.425,0.2430939226519337,23.74
1990,7,15,-18.175,147.425,0.26519337016574585,23.82
1990,7,16,-18.175,147.425,0.287292817679558,24.08
1990,7,17,-18.175,147.425,0.30939226519337015,24.62
1990,7,18,-18.175,147.425,0.3314917127071823,24.71
1990,7,19,-18.175,147.425,0.35359116022099446,24.41
1990,7,20,-18.175,147.425,0.3756906077348066,24.34
1990,7,21,-18.175,147.425,0.39779005524861877,23.56
1990,7,22,-18.175,147.425,0.4198895027624309,24.21
1990,7,23,-18.175,147.425,0.4419889502762431,24.35
1990,7,24,-18.175,147.425,0.46408839779005523,24.22
1990,7,25,-18.175,147.425,0.4861878453038674,24.11
1990,7,26,-18.175,147.425,0.5082872928176796,24.88
1990,7,27,-18.175,147.425,0.5303867403314917,24.76
1990,7,28,-18.175,147.425,0.5524861878453039,24.82
1990,7,29,-18.175,147.425,0.574585635359116,24.66
1990,7,30,-18.175,147.425,0.5966850828729282,25.02
1990,7,31,-18.175,147.425,0.6187845303867403,25.1
1990,8,1,-18.175,147.425,0.6408839779005525,24.94
1990,8,2,-18.175,147.425,0.6629834254143646,24.67
1990,8,3,-18.175,147.425,0.6850828729281768,24.55
1990,8,4,-18.175,147.425,0.7071823204419889,24.15
1990,8,5,-18.175,147.425,0.7292817679558011,23.83
1990,8,6,-18.175,147.425,0.7513812154696132,24.1
1990,8,7,-18.175,147.425,0.7734806629834254,24.12
1990,8,8,-18.175,147.425,0.7955801104972375,24.42
1990,8,9,-18.175,147.425,0.8176795580110497,24.14
1990,8,10,-18.175,147.425,0.8397790055248618,24.86
1990,8,11,-18.175,147.425,0.861878453038674,24.74
1990,8,12,-18.175,147.425,0.8839779005524862,24.71
1990,8,13,-18.175,147.425,0.9060773480662984,23.98
1990,8,14,-18.175,147.425,0.9281767955801105,25.25
1990,8,15,-18.175,147.425,0.9502762430939227,24.26
1990,8,16,-18.175,147.425,0.9723756906077348,24.09
1990,8,17,-18.175,147.425,0.994475138121547,23.62
1990,8,18,-18.175,147.425,1.0165745856353592,23.69
1990,8,19,-18.175,147.425,1.0386740331491713,23.55
1990,8,20,-18.175,147.425,1.0607734806629834,23.45
1990,8,21,-18.175,147.425,1.0828729281767955,23.47
1990,8,22,-18.175,147.425,1.1049723756906078,24.13
1990,8,23,-18.175,147.425,1.12707182320442,24.87
1990,8,24,-18.175,147.425,1.149171270718232,24.74
1990,8,25,-18.175,147.425,1.171270718232044,24.74
1990,8,26,-18.175,147.425,1.1933701657458564,24.91
1990,8,27,-18.175,147.425,1.2154696132596685,25.24
1990,8,28,-18.175,147.425,1.2375690607734806,25.17
1990,8,29,-18.175,147.425,1.2596685082872927,24.63
1990,8,30,-18.175,147.425,1.281767955801105,24.23
1990,8,31,-18.175,147.425,1.3038674033149171,23.55
1990,9,1,-18.175,147.425,1.3259668508287292,23.88
1990,9,2,-18.175,147.425,1.3480662983425415,24.11
1990,9,3,-18.175,147.425,1.3701657458563536,23.77
1990,9,4,-18.175,147.425,1.3922651933701657,23.54
1990,9,5,-18.175,147.425,1.4143646408839778,23.49
1990,9,6,-18.175,147.425,1.4364640883977902,23.49
1990,9,7,-18.175,147.425,1.4585635359116023,23.59
1990,9,8,-18.175,147.425,1.4806629834254144,23.68
1990,9,9,-18.175,147.425,1.5027624309392265,23.93
1990,9,10,-18.175,147.425,1.5248618784530388,24.54
1990,9,11,-18.175,147.425,1.5469613259668509,24.61
1990,9,12,-18.175,147.425,1.569060773480663,24.19
1990,9,13,-18.175,147.425,1.591160220994475,24.28
1990,9,14,-18.175,147.425,1.6132596685082874,24.28
1990,9,15,-18.175,147.425,1.6353591160220995,24.14
1990,9,16,-18.175,147.425,1.6574585635359116,24.04
1990,9,17,-18.175,147.425,1.6795580110497237,24.06
1990,9,18,-18.175,147.425,1.701657458563536,24.1
1990,9,19,-18.175,147.425,1.723756906077348,24.01
1990,9,20,-18.175,147.425,1.7458563535911602,24.44
1990,9,21,-18.175,147.425,1.7679558011049723,24.86
1990,9,22,-18.175,147.425,1.7900552486187846,24.84
1990,9,23,-18.175,147.425,1.8121546961325967,24.5
1990,9,24,-18.175,147.425,1.8342541436464088,24.62
1990,9,25,-18.175,147.425,1.856353591160221,24.33
1990,9,26,-18.175,147.425,1.8784530386740332,24.22
1990,9,27,-18.175,147.425,1.9005524861878453,24.31
1990,9,28,-18.175,147.425,1.9226519337016574,23.77
1990,9,29,-18.175,147.425,1.9447513812154695,23.26
1990,9,30,-18.175,147.425,1.9668508287292819,23.16
1990,10,1,-18.175,147.425,1.988950276243094,23.65
1990,10,2,-18.175,147.425,2.0110497237569063,24.23
1990,10,3,-18.175,147.425,2.0331491712707184,24.58
1990,10,4,-18.175,147.425,2.0552486187845305,24.89
1990,10,5,-18.175,147.425,2.0773480662983426,24.14
1990,10,6,-18.175,147.425,2.0994475138121547,24.18
1990,10,7,-18.175,147.425,2.1215469613259668,24.05
1990,10,8,-18.175,147.425,2.143646408839779,24.48
1990,10,9,-18.175,147.425,2.165745856353591,24.79
1990,10,10,-18.175,147.425,2.1878453038674035,25.46
1990,10,11,-18.175,147.425,2.2099447513812156,25.52
1990,10,12,-18.175,147.425,2.2320441988950277,25.51
1990,10,13,-18.175,147.425,2.25414364640884,25.55
1990,10,14,-18.175,147.425,2.276243093922652,25.55
1990,10,15,-18.175,147.425,2.298342541436464,25.51
1990,10,16,-18.175,147.425,2.320441988950276,25.07
1990,10,17,-18.175,147.425,2.342541436464088,24.83
1990,10,18,-18.175,147.425,2.3646408839779007,24.9
1990,10,19,-18.175,147.425,2.386740331491713,25.14
1990,10,20,-18.175,147.425,2.408839779005525,24.79
1990,10,21,-18.175,147.425,2.430939226519337,24.4
1990,10,22,-18.175,147.425,2.453038674033149,24.52
1990,10,23,-18.175,147.425,2.4751381215469612,24.7
1990,10,24,-18.175,147.425,2.4972375690607733,25.11
1990,10,25,-18.175,147.425,2.5193370165745854,25.26
1990,10,26,-18.175,147.425,2.541436464088398,25.3
1990,10,27,-18.175,147.425,2.56353591160221,25.15
1990,10,28,-18.175,147.425,2.585635359116022,25.14
1990,10,29,-18.175,147.425,2.6077348066298343,25.02
1990,10,30,-18.175,147.425,2.6298342541436464,25.02
1990,10,31,-18.175,147.425,2.6519337016574585,25.39
1990,11,1,-18.175,147.425,2.6740331491712706,25.52
1990,11,2,-18.175,147.425,2.696132596685083,25.58
1990,11,3,-18.175,147.425,2.718232044198895,26.08
1990,11,4,-18.175,147.425,2.7403314917127073,26.53
1990,11,5,-18.175,147.425,2.7624309392265194,26.55
1990,11,6,-18.175,147.425,2.7845303867403315,26.5
1990,11,7,-18.175,147.425,2.8066298342541436,26.97
1990,11,8,-18.175,147.425,2.8287292817679557,27.09
1990,11,9,-18.175,147.425,2.850828729281768,27.22
1990,11,10,-18.175,147.425,2.8729281767955803,27.0
1990,11,11,-18.175,147.425,2.8950276243093924,27.12
1990,11,12,-18.175,147.425,2.9171270718232045,27.18
1990,11,13,-18.175,147.425,2.9392265193370166,27.02
1990,11,14,-18.175,147.425,2.9613259668508287,26.86
1990,11,15,-18.175,147.425,2.983425414364641,26.49
1990,11,16,-18.175,147.425,3.005524861878453,26.86
1990,11,17,-18.175,147.425,3.027624309392265,27.06
1990,11,18,-18.175,147.425,3.0497237569060776,26.88
1990,11,19,-18.175,147.425,3.0718232044198897,26.76
1990,11,20,-18.175,147.425,3.0939226519337018,26.56
1990,11,21,-18.175,147.425,3.116022099447514,26.18
1990,11,22,-18.175,147.425,3.138121546961326,26.13
1990,11,23,-18.175,147.425,3.160220994475138,26.52
1990,11,24,-18.175,147.425,3.18232044198895,26.59
1990,11,25,-18.175,147.425,3.2044198895027622,26.52
1990,11,26,-18.175,147.425,3.226519337016575,26.67
1990,11,27,-18.175,147.425,3.248618784530387,27.03
1990,11,28,-18.175,147.425,3.270718232044199,27.06
1990,11,29,-18.175,147.425,3.292817679558011,27.13
1990,11,30,-18.175,147.425,3.314917127071823,27.32
1990,12,1,-18.175,147.425,3.3370165745856353,27.28
1990,12,2,-18.175,147.425,3.3591160220994474,26.89
1990,12,3,-18.175,147.425,3.3812154696132595,26.7
1990,12,4,-18.175,147.425,3.403314917127072,25.68
1990,12,5,-18.175,147.425,3.425414364640884,25.5
1990,12,6,-18.175,147.425,3.447513812154696,25.46
1990,12,7,-18.175,147.425,3.4696132596685083,25.67
1990,12,8,-18.175,147.425,3.4917127071823204,25.88
1990,12,9,-18.175,147.425,3.5138121546961325,26.81
1990,12,10,-18.175,147.425,3.5359116022099446,27.0
1990,12,11,-18.175,147.425,3.5580110497237567,27.17
1990,12,12,-18.175,147.425,3.5801104972375692,27.67
1990,12,13,-18.175,147.425,3.6022099447513813,27.7
1990,12,14,-18.175,147.425,3.6243093922651934,27.61
1990,12,15,-18.175,147.425,3.6464088397790055,27.62
1990,12,16,-18.175,147.425,3.6685082872928176,27.72
1990,12,17,-18.175,147.425,3.6906077348066297,27.78
1990,12,18,-18.175,147.425,3.712707182320442,27.22
1990,12,19,-18.175,147.425,3.734806629834254,26.92
1990,12,20,-18.175,147.425,3.7569060773480665,26.82
1990,12,21,-18.175,147.425,3.7790055248618786,27.03
1990,12,22,-18.175,147.425,3.8011049723756907,27.14
1990,12,23,-18.175,147.425,3.8232044198895028,27.19
1990,12,24,-18.175,147.425,3.845303867403315,27.22
1990,12,25,-18.175,147.425,3.867403314917127,27.23
1990,12,26,-18.175,147.425,3.889502762430939,27.27
1990,12,27,-18.175,147.425,3.911602209944751,27.01
1990,12,28,-18.175,147.425,3.9337016574585637,27.03
1990,12,29,-18.175,147.425,3.955801104972376,27.04
1990,12,30,-18.175,147.425,3.977900552486188,27.19
1990,12,31,-18.175,147.425,4.0,27.19
1991,1,1,-18.175,147.425,4.0,27.21
1991,1,2,-18.175,147.425,3.977900552486188,27.22
1991,1,3,-18.175,147.425,3.955801104972376,27.26
1991,1,4,-18.175,147.425,3.9337016574585637,27.35
1991,1,5,-18.175,147.425,3.911602209944751,27.17
1991,1,6,-18.175,147.425,3.889502762430939,27.33
1991,1,7,-18.175,147.425,3.867403314917127,27.59
1991,1,8,-18.175,147.425,3.845303867403315,27.8
1991,1,9,-18.175,147.425,3.8232044198895028,27.94
1991,1,10,-18.175,147.425,3.8011049723756907,27.91
1991,1,11,-18.175,147.425,3.7790055248618786,27.91
1991,1,12,-18.175,147.425,3.7569060773480665,27.76
1991,1,13,-18.175,147.425,3.734806629834254,27.69
1991,1,14,-18.175,147.425,3.712707182320442,27.63
1991,1,15,-18.175,147.425,3.6906077348066297,27.63
1991,1,16,-18.175,147.425,3.6685082872928176,27.95
1991,1,17,-18.175,147.425,3.6464088397790055,28.24
1991,1,18,-18.175,147.425,3.6243093922651934,28.45
1991,1,19,-18.175,147.425,3.6022099447513813,28.6
1991,1,20,-18.175,147.425,3.5801104972375692,28.58
1991,1,21,-18.175,147.425,3.5580110497237567,28.6
1991,1,22,-18.175,147.425,3.5359116022099446,28.6
1991,1,23,-18.175,147.425,3.5138121546961325,28.61
1991,1,24,-18.175,147.425,3.4917127071823204,28.91
1991,1,25,-18.175,147.425,3.4696132596685083,28.64
1991,1,26,-18.175,147.425,3.447513812154696,28.87
1991,1,27,-18.175,147.425,3.425414364640884,28.48
1991,1,28,-18.175,147.425,3.403314917127072,28.6
1991,1,29,-18.175,147.425,3.3812154696132595,28.33
1991,1,30,-18.175,147.425,3.3591160220994474,28.49
1991,1,31,-18.175,147.425,3.3370165745856353,28.64
1991,2,1,-18.175,147.425,3.314917127071823,28.77
1991,2,2,-18.175,147.425,3.292817679558011,28.67
1991,2,3,-18.175,147.425,3.270718232044199,28.66
1991,2,4,-18.175,147.425,3.248618784530387,28.67
1991,2,5,-18.175,147.425,3.226519337016575,28.72
1991,2,6,-18.175,147.425,3.2044198895027622,28.7
1991,2,7,-18.175,147.425,3.18232044198895,28.73
1991,2,8,-18.175,147.425,3.160220994475138,28.68
1991,2,9,-18.175,147.425,3.138121546961326,28.72
1991,2,10,-18.175,147.425,3.116022099447514,28.73
1991,2,11,-18.175,147.425,3.0939226519337018,28.74
1991,2,12,-18.175,147.425,3.0718232044198897,29.43
1991,2,13,-18.175,147.425,3.0497237569060776,29.55
1991,2,14,-18.175,147.425,3.027624309392265,28.77
1991,2,15,-18.175,147.425,3.005524861878453,28.77
1991,2,16,-18.175,147.425,2.983425414364641,28.76
1991,2,17,-18.175,147.425,2.9613259668508287,28.73
1991,2,18,-18.175,147.425,2.9392265193370166,28.68
1991,2,19,-18.175,147.425,2.9171270718232045,28.48
1991,2,20,-18.175,147.425,2.8950276243093924,28.48
1991,2,21,-18.175,147.425,2.8729281767955803,27.64
1991,2,22,-18.175,147.425,2.850828729281768,27.74
1991,2,23,-18.175,147.425,2.8287292817679557,27.81
1991,2,24,-18.175,147.425,2.8066298342541436,27.98
1991,2,25,-18.175,147.425,2.7845303867403315,27.92
1991,2,26,-18.175,147.425,2.7624309392265194,27.75
1991,2,27,-18.175,147.425,2.7403314917127073,27.62
1991,2,28,-18.175,147.425,2.718232044198895,27.39
1991,3,1,-18.175,147.425,2.696132596685083,26.91
1991,3,2,-18.175,147.425,2.6740331491712706,26.84
1991,3,3,-18.175,147.425,2.6519337016574585,26.97
1991,3,4,-18.175,147.425,2.6298342541436464,26.89
1991,3,5,-18.175,147.425,2.6077348066298343,27.04
1991,3,6,-18.175,147.425,2.585635359116022,27.16
1991,3,7,-18.175,147.425,2.56353591160221,27.27
1991,3,8,-18.175,147.425,2.541436464088398,27.38
1991,3,9,-18.175,147.425,2.5193370165745854,27.03
1991,3,10,-18.175,147.425,2.4972375690607733,26.85
1991,3,11,-18.175,147.425,2.4751381215469612,26.64
1991,3,12,-18.175,147.425,2.453038674033149,26.63
1991,3,13,-18.175,147.425,2.430939226519337,27.07
1991,3,14,-18.175,147.425,2.408839779005525,26.93
1991,3,15,-18.175,147.425,2.386740331491713,26.86
1991,3,16,-18.175,147.425,2.3646408839779007,26.85
1991,3,17,-18.175,147.425,2.342541436464088,26.83
1991,3,18,-18.175,147.425,2.320441988950276,25.9
1991,3,19,-18.175,147.425,2.298342541436464,25.68
1991,3,20,-18.175,147.425,2.276243093922652,25.74
1991,3,21,-18.175,147.425,2.25414364640884,26.6
1991,3,22,-18.175,147.425,2.2320441988950277,26.29
1991,3,23,-18.175,147.425,2.2099447513812156,25.8
1991,3,24,-18.175,147.425,2.1878453038674035,25.91
1991,3,25,-18.175,147.425,2.165745856353591,26.1
1991,3,26,-18.175,147.425,2.143646408839779,25.53
1991,3,27,-18.175,147.425,2.1215469613259668,25.4
1991,3,28,-18.175,147.425,2.0994475138121547,25.25
1991,3,29,-18.175,147.425,2.0773480662983426,25.76
1991,3,30,-18.175,147.425,2.0552486187845305,26.18
1991,3,31,-18.175,147.425,2.0331491712707184,26.62
1991,4,1,-18.175,147.425,2.0110497237569063,26.12
1991,4,2,-18.175,147.425,1.988950276243094,26.2
1991,4,3,-18.175,147.425,1.9668508287292819,26.31
1991,4,4,-18.175,147.425,1.9447513812154695,26.73
1991,4,5,-18.175,147.425,1.9226519337016574,26.69
1991,4,6,-18.175,147.425,1.9005524861878453,26.9
1991,4,7,-18.175,147.425,1.8784530386740332,26.56
1991,4,8,-18.175,147.425,1.856353591160221,27.0
1991,4,9,-18.175,147.425,1.8342541436464088,26.69
1991,4,10,-18.175,147.425,1.8121546961325967,26.18
1991,4,11,-18.175,147.425,1.7900552486187846,25.36
1991,4,12,-18.175,147.425,1.7679558011049723,25.2
1991,4,13,-18.175,147.425,1.7458563535911602,25.16
1991,4,14,-18.175,147.425,1.723756906077348,25.68
1991,4,15,-18.175,147.425,1.701657458563536,25.52
1991,4,16,-18.175,147.425,1.6795580110497237,25.79
1991,4,17,-18.175,147.425,1.6574585635359116,25.98
1991,4,18,-18.175,147.425,1.6353591160220995,26.45
1991,4,19,-18.175,147.425,1.6132596685082874,26.31
1991,4,20,-18.175,147.425,1.591160220994475,26.25
1991,4,21,-18.175,147.425,1.569060773480663,26.19
1991,4,22,-18.175,147.425,1.5469613259668509,25.2
1991,4,23,-18.175,147.425,1.5248618784530388,24.84
1991,4,24,-18.175,147.425,1.5027624309392265,24.81
1991,4,25,-18.175,147.425,1.4806629834254144,25.35
1991,4,26,-18.175,147.425,1.4585635359116023,25.85
1991,4,27,-18.175,147.425,1.4364640883977902,26.06
1991,4,28,-18.175,147.425,1.4143646408839778,26.67
1991,4,29,-18.175,147.425,1.3922651933701657,26.61
1991,4,30,-18.175,147.425,1.3701657458563536,26.24
1991,5,1,-18.175,147.425,1.3480662983425415,25.79
1991,5,2,-18.175,147.425,1.3259668508287292,24.32
1991,5,3,-18.175,147.425,1.3038674033149171,24.13
1991,5,4,-18.175,147.425,1.281767955801105,24.7
1991,5,5,-18.175,147.425,1.2596685082872927,25.33
1991,5,6,-18.175,147.425,1.2375690607734806,25.71
1991,5,7,-18.175,147.425,1.2154696132596685,25.43
1991,5,8,-18.175,147.425,1.1933701657458564,25.31
1991,5,9,-18.175,147.425,1.171270718232044,24.71
1991,5,10,-18.175,147.425,1.149171270718232,25.02
1991,5,11,-18.175,147.425,1.12707182320442,24.0
1991,5,12,-18.175,147.425,1.1049723756906078,23.59
1991,5,13,-18.175,147.425,1.0828729281767955,23.57
1991,5,14,-18.175,147.425,1.0607734806629834,23.9
1991,5,15,-18.175,147.425,1.0386740331491713,24.1
1991,5,16,-18.175,147.425,1.0165745856353592,24.33
1991,5,17,-18.175,147.425,0.994475138121547,24.44
1991,5,18,-18.175,147.425,0.9723756906077348,24.26
1991,5,19,-18.175,147.425,0.9502762430939227,24.11
1991,5,20,-18.175,147.425,0.9281767955801105,23.87
1991,5,21,-18.175,147.425,0.9060773480662984,23.69
1991,5,22,-18.175,147.425,0.8839779005524862,23.84
1991,5,23,-18.175,147.425,0.861878453038674,23.75
1991,5,24,-18.175,147.425,0.8397790055248618,23.73
1991,5,25,-18.175,147.425,0.8176795580110497,23.61
1991,5,26,-18.175,147.425,0.7955801104972375,23.61
1991,5,27,-18.175,147.425,0.7734806629834254,24.93
1991,5,28,-18.175,147.425,0.7513812154696132,24.87
1991,5,29,-18.175,147.425,0.7292817679558011,25.34
1991,5,30,-18.175,147.425,0.7071823204419889,25.24
1991,5,31,-18.175,147.425,0.6850828729281768,24.92
1991,6,1,-18.175,147.425,0.6629834254143646,24.34
1991,6,2,-18.175,147.425,0.6408839779005525,24.37
1991,6,3,-18.175,147.425,0.6187845303867403,24.57
1991,6,4,-18.175,147.425,0.5966850828729282,24.7
1991,6,5,-18.175,147.425,0.574585635359116,24.4
1991,6,6,-18.175,147.425,0.5524861878453039,24.72
1991,6,7,-18.175,147.425,0.5303867403314917,25.08
1991,6,8,-18.175,147.425,0.5082872928176796,25.27
1991,6,9,-18.175,147.425,0.4861878453038674,24.15
1991,6,10,-18.175,147.425,0.46408839779005523,23.5
1991,6,11,-18.175,147.425,0.4419889502762431,23.27
1991,6,12,-18.175,147.425,0.4198895027624309,23.32
1991,6,13,-18.175,147.425,0.39779005524861877,24.42
1991,6,14,-18.175,147.425,0.3756906077348066,22.96
1991,6,15,-18.175,147.425,0.35359116022099446,22.7
1991,6,16,-18.175,147.425,0.3314917127071823,22.37
1991,6,17,-18.175,147.425,0.30939226519337015,22.53
1991,6,18,-18.175,147.425,0.287292817679558,22.44
1991,6,19,-18.175,147.425,0.26519337016574585,22.43
1991,6,20,-18.175,147.425,0.2430939226519337,23.03
1991,6,21,-18.175,147.425,0.22099447513812154,23.1
1991,6,22,-18.175,147.425,0.19889502762430938,23.75
1991,6,23,-18.175,147.425,0.17679558011049723,23.46
1991,6,24,-18.175,147.425,0.15469613259668508,23.05
1991,6,25,-18.175,147.425,0.13259668508287292,23.5
1991,6,26,-18.175,147.425,0.11049723756906077,23.35
1991,6,27,-18.175,147.425,0.08839779005524862,23.02
1991,6,28,-18.175,147.425,0.06629834254143646,22.98
1991,6,29,-18.175,147.425,0.04419889502762431,23.18
1991,6,30,-18.175,147.425,0.022099447513812154,23.16
1991,7,1,-18.175,147.425,0.0,23.81
1991,7,2,-18.175,147.425,0.0,23.64
1991,7,3,-18.175,147.425,0.0,23.47
1991,7,4,-18.175,147.425,0.022099447513812154,23.5
1991,7,5,-18.175,147.425,0.04419889502762431,23.5
1991,7,6,-18.175,147.425,0.06629834254143646,23.66
1991,7,7,-18.175,147.425,0.08839779005524862,24.05
1991,7,8,-18.175,147.425,0.11049723756906077,24.37
1991,7,9,-18.175,147.425,0.13259668508287292,24.62
1991,7,10,-18.175,147.425,0.15469613259668508,25.27
1991,7,11,-18.175,147.425,0.17679558011049723,25.5
1991,7,12,-18.175,147.425,0.19889502762430938,25.44
1991,7,13,-18.175,147.425,0.22099447513812154,24.56
1991,7,14,-18.175,147.425,0.2430939226519337,24.15
1991,7,15,-18.175,147.425,0.26519337016574585,23.93
1991,7,16,-18.175,147.425,0.287292817679558,23.26
1991,7,17,-18.175,147.425,0.30939226519337015,23.1
1991,7,18,-18.175,147.425,0.3314917127071823,22.3
1991,7,19,-18.175,147.425,0.35359116022099446,22.37
1991,7,20,-18.175,147.425,0.3756906077348066,22.33
1991,7,21,-18.175,147.425,0.39779005524861877,21.35
1991,7,22,-18.175,147.425,0.4198895027624309,22.08
1991,7,23,-18.175,147.425,0.4419889502762431,22.22
1991,7,24,-18.175,147.425,0.46408839779005523,22.3
1991,7,25,-18.175,147.425,0.4861878453038674,22.28
1991,7,26,-18.175,147.425,0.5082872928176796,22.9
1991,7,27,-18.175,147.425,0.5303867403314917,23.72
1991,7,28,-18.175,147.425,0.5524861878453039,24.29
1991,7,29,-18.175,147.425,0.574585635359116,24.83
1991,7,30,-18.175,147.425,0.5966850828729282,25.07
1991,7,31,-18.175,147.425,0.6187845303867403,25.18
1991,8,1,-18.175,147.425,0.6408839779005525,25.09
1991,8,2,-18.175,147.425,0.6629834254143646,24.95
1991,8,3,-18.175,147.425,0.6850828729281768,24.85
1991,8,4,-18.175,147.425,0.7071823204419889,24.7
1991,8,5,-18.175,147.425,0.7292817679558011,24.37
1991,8,6,-18.175,147.425,0.7513812154696132,25.16
1991,8,7,-18.175,147.425,0.7734806629834254,24.0
1991,8,8,-18.175,147.425,0.7955801104972375,23.62
1991,8,9,-18.175,147.425,0.8176795580110497,23.27
1991,8,10,-18.175,147.425,0.8397790055248618,23.22
1991,8,11,-18.175,147.425,0.861878453038674,23.15
1991,8,12,-18.175,147.425,0.8839779005524862,23.27
1991,8,13,-18.175,147.425,0.9060773480662984,22.63
1991,8,14,-18.175,147.425,0.9281767955801105,22.81
1991,8,15,-18.175,147.425,0.9502762430939227,23.47
1991,8,16,-18.175,147.425,0.9723756906077348,23.69
1991,8,17,-18.175,147.425,0.994475138121547,23.76
1991,8,18,-18.175,147.425,1.0165745856353592,23.87
1991,8,19,-18.175,147.425,1.0386740331491713,23.02
1991,8,20,-18.175,147.425,1.0607734806629834,23.04
1991,8,21,-18.175,147.425,1.0828729281767955,22.77
1991,8,22,-18.175,147.425,1.1049723756906078,23.09
1991,8,23,-18.175,147.425,1.12707182320442,23.46
1991,8,24,-18.175,147.425,1.149171270718232,23.37
1991,8,25,-18.175,147.425,1.171270718232044,23.16
1991,8,26,-18.175,147.425,1.1933701657458564,23.98
1991,8,27,-18.175,147.425,1.2154696132596685,24.07
1991,8,28,-18.175,147.425,1.2375690607734806,24.46
1991,8,29,-18.175,147.425,1.2596685082872927,24.68
1991,8,30,-18.175,147.425,1.281767955801105,24.88
1991,8,31,-18.175,147.425,1.3038674033149171,24.13
1991,9,1,-18.175,147.425,1.3259668508287292,23.27
1991,9,2,-18.175,147.425,1.3480662983425415,23.7
1991,9,3,-18.175,147.425,1.3701657458563536,23.99
1991,9,4,-18.175,147.425,1.3922651933701657,23.88
1991,9,5,-18.175,147.425,1.4143646408839778,23.72
1991,9,6,-18.175,147.425,1.4364640883977902,23.23
1991,9,7,-18.175,147.425,1.4585635359116023,23.58
1991,9,8,-18.175,147.425,1.4806629834254144,23.47
1991,9,9,-18.175,147.425,1.5027624309392265,24.58
1991,9,10,-18.175,147.425,1.5248618784530388,24.73
1991,9,11,-18.175,147.425,1.5469613259668509,24.84
1991,9,12,-18.175,147.425,1.569060773480663,24.48
1991,9,13,-18.175,147.425,1.591160220994475,23.83
1991,9,14,-18.175,147.425,1.6132596685082874,23.58
1991,9,15,-18.175,147.425,1.6353591160220995,24.96
1991,9,16,-18.175,147.425,1.6574585635359116,25.04
1991,9,17,-18.175,147.425,1.6795580110497237,25.23
1991,9,18,-18.175,147.425,1.701657458563536,24.95
1991,9,19,-18.175,147.425,1.723756906077348,25.14
1991,9,20,-18.175,147.425,1.7458563535911602,25.22
1991,9,21,-18.175,147.425,1.7679558011049723,25.57
1991,9,22,-18.175,147.425,1.7900552486187846,25.89
1991,9,23,-18.175,147.425,1.8121546961325967,25.66
1991,9,24,-18.175,147.425,1.8342541436464088,24.66
1991,9,25,-18.175,147.425,1.856353591160221,25.05
1991,9,26,-18.175,147.425,1.8784530386740332,25.1
1991,9,27,-18.175,147.425,1.9005524861878453,24.77
1991,9,28,-18.175,147.425,1.9226519337016574,25.87
1991,9,29,-18.175,147.425,1.9447513812154695,26.22
1991,9,30,-18.175,147.425,1.9668508287292819,26.21
1991,10,1,-18.175,147.425,1.988950276243094,26.45
1991,10,2,-18.175,147.425,2.0110497237569063,26.49
1991,10,3,-18.175,147.425,2.0331491712707184,25.81
1991,10,4,-18.175,147.425,2.0552486187845305,25.25
1991,10,5,-18.175,147.425,2.0773480662983426,25.63
1991,10,6,-18.175,147.425,2.0994475138121547,25.28
1991,10,7,-18.175,147.425,2.1215469613259668,25.85
1991,10,8,-18.175,147.425,2.143646408839779,25.83
1991,10,9,-18.175,147.425,2.165745856353591,25.83
1991,10,10,-18.175,147.425,2.1878453038674035,25.69
1991,10,11,-18.175,147.425,2.2099447513812156,25.8
1991,10,12,-18.175,147.425,2.2320441988950277,25.84
1991,10,13,-18.175,147.425,2.25414364640884,25.82
1991,10,14,-18.175,147.425,2.276243093922652,25.68
1991,10,15,-18.175,147.425,2.298342541436464,25.87
1991,10,16,-18.175,147.425,2.320441988950276,25.88
1991,10,17,-18.175,147.425,2.342541436464088,25.86
1991,10,18,-18.175,147.425,2.3646408839779007,25.67
1991,10,19,-18.175,147.425,2.386740331491713,25.64
1991,10,20,-18.175,147.425,2.408839779005525,25.56
1991,10,21,-18.175,147.425,2.430939226519337,25.56
1991,10,22,-18.175,147.425,2.453038674033149,25.65
1991,10,23,-18.175,147.425,2.4751381215469612,25.47
1991,10,24,-18.175,147.425,2.4972375690607733,25.25
1991,10,25,-18.175,147.425,2.5193370165745854,25.15
1991,10,26,-18.175,147.425,2.541436464088398,25.26
1991,10,27,-18.175,147.425,2.56353591160221,26.15
1991,10,28,-18.175,147.425,2.585635359116022,26.13
1991,10,29,-18.175,147.425,2.6077348066298343,26.37
1991,10,30,-18.175,147.425,2.6298342541436464,26.34
1991,10,31,-18.175,147.425,2.6519337016574585,26.06
1991,11,1,-18.175,147.425,2.6740331491712706,26.13
1991,11,2,-18.175,147.425,2.696132596685083,26.47
1991,11,3,-18.175,147.425,2.718232044198895,26.16
1991,11,4,-18.175,147.425,2.7403314917127073,25.98
1991,11,5,-18.175,147.425,2.7624309392265194,25.73
1991,11,6,-18.175,147.425,2.7845303867403315,26.46
1991,11,7,-18.175,147.425,2.8066298342541436,26.57
1991,11,8,-18.175,147.425,2.8287292817679557,26.7
1991,11,9,-18.175,147.425,2.850828729281768,26.77
1991,11,10,-18.175,147.425,2.8729281767955803,26.94
1991,11,11,-18.175,147.425,2.8950276243093924,26.71
1991,11,12,-18.175,147.425,2.9171270718232045,26.58
1991,11,13,-18.175,147.425,2.9392265193370166,26.68
1991,11,14,-18.175,147.425,2.9613259668508287,26.77
1991,11,15,-18.175,147.425,2.983425414364641,26.85
1991,11,16,-18.175,147.425,3.005524861878453,26.75
1991,11,17,-18.175,147.425,3.027624309392265,26.78
1991,11,18,-18.175,147.425,3.0497237569060776,27.26
1991,11,19,-18.175,147.425,3.0718232044198897,26.93
1991,11,20,-18.175,147.425,3.0939226519337018,27.1
1991,11,21,-18.175,147.425,3.116022099447514,26.25
1991,11,22,-18.175,147.425,3.138121546961326,26.0
1991,11,23,-18.175,147.425,3.160220994475138,26.74
1991,11,24,-18.175,147.425,3.18232044198895,26.49
1991,11,25,-18.175,147.425,3.2044198895027622,26.56
1991,11,26,-18.175,147.425,3.226519337016575,26.82
1991,11,27,-18.175,147.425,3.248618784530387,26.82
1991,11,28,-18.175,147.425,3.270718232044199,26.7
1991,11,29,-18.175,147.425,3.292817679558011,26.67
1991,11,30,-18.175,147.425,3.314917127071823,26.61
1991,12,1,-18.175,147.425,3.3370165745856353,26.63
1991,12,2,-18.175,147.425,3.3591160220994474,26.75
1991,12,3,-18.175,147.425,3.3812154696132595,27.24
1991,12,4,-18.175,147.425,3.403314917127072,27.16
1991,12,5,-18.175,147.425,3.425414364640884,26.93
1991,12,6,-18.175,147.425,3.447513812154696,27.08
1991,12,7,-18.175,147.425,3.4696132596685083,27.44
1991,12,8,-18.175,147.425,3.4917127071823204,27.6
1991,12,9,-18.175,147.425,3.5138121546961325,27.68
1991,12,10,-18.175,147.425,3.5359116022099446,27.7
1991,12,11,-18.175,147.425,3.5580110497237567,27.7
1991,12,12,-18.175,147.425,3.5801104972375692,27.72
1991,12,13,-18.175,147.425,3.6022099447513813,27.9
1991,12,14,-18.175,147.425,3.6243093922651934,27.67
1991,12,15,-18.175,147.425,3.6464088397790055,27.48
1991,12,16,-18.175,147.425,3.6685082872928176,27.73
1991,12,17,-18.175,147.425,3.6906077348066297,28.13
1991,12,18,-18.175,147.425,3.712707182320442,28.22
1991,12,19,-18.175,147.425,3.734806629834254,28.09
1991,12,20,-18.175,147.425,3.7569060773480665,28.69
1991,12,21,-18.175,147.425,3.7790055248618786,28.68
1991,12,22,-18.175,147.425,3.8011049723756907,28.22
1991,12,23,-18.175,147.425,3.8232044198895028,27.88
1991,12,24,-18.175,147.425,3.845303867403315,27.92
1991,12,25,-18.175,147.425,3.867403314917127,27.6
1991,12,26,-18.175,147.425,3.889502762430939,27.52
1991,12,27,-18.175,147.425,3.911602209944751,27.46
1991,12,28,-18.175,147.425,3.9337016574585637,27.92
1991,12,29,-18.175,147.425,3.955801104972376,27.58
1991,12,30,-18.175,147.425,3.977900552486188,27.38
1991,12,31,-18.175,147.425,4.0,28.0
1992,1,1,-18.175,147.425,4.0,28.43
1992,1,2,-18.175,147.425,3.977900552486188,28.28
1992,1,3,-18.175,147.425,3.955801104972376,28.19
1992,1,4,-18.175,147.425,3.9337016574585637,28.02
1992,1,5,-18.175,147.425,3.911602209944751,27.82
1992,1,6,-18.175,147.425,3.889502762430939,27.33
1992,1,7,-18.175,147.425,3.867403314917127,27.21
1992,1,8,-18.175,147.425,3.845303867403315,27.37
1992,1,9,-18.175,147.425,3.8232044198895028,26.98
1992,1,10,-18.175,147.425,3.8011049723756907,27.03
1992,1,11,-18.175,147.425,3.7790055248618786,27.11
1992,1,12,-18.175,147.425,3.7569060773480665,27.27
1992,1,13,-18.175,147.425,3.734806629834254,27.34
1992,1,14,-18.175,147.425,3.712707182320442,28.33
1992,1,15,-18.175,147.425,3.6906077348066297,28.45
1992,1,16,-18.175,147.425,3.6685082872928176,28.98
1992,1,17,-18.175,147.425,3.6464088397790055,28.86
1992,1,18,-18.175,147.425,3.6243093922651934,28.84
1992,1,19,-18.175,147.425,3.6022099447513813,28.41
1992,1,20,-18.175,147.425,3.5801104972375692,28.44
1992,1,21,-18.175,147.425,3.5580110497237567,28.14
1992,1,22,-18.175,147.425,3.5359116022099446,27.98
1992,1,23,-18.175,147.425,3.5138121546961325,27.64
1992,1,24,-18.175,147.425,3.4917127071823204,27.73
1992,1,25,-18.175,147.425,3.4696132596685083,27.69
1992,1,26,-18.175,147.425,3.447513812154696,27.78
1992,1,27,-18.175,147.425,3.425414364640884,27.64
1992,1,28,-18.175,147.425,3.403314917127072,27.83
1992,1,29,-18.175,147.425,3.3812154696132595,28.0
1992,1,30,-18.175,147.425,3.3591160220994474,28.13
1992,1,31,-18.175,147.425,3.3370165745856353,28.3
1992,2,1,-18.175,147.425,3.314917127071823,27.02
1992,2,2,-18.175,147.425,3.292817679558011,27.36
1992,2,3,-18.175,147.425,3.270718232044199,27.81
1992,2,4,-18.175,147.425,3.248618784530387,27.76
1992,2,5,-18.175,147.425,3.226519337016575,27.87
1992,2,6,-18.175,147.425,3.2044198895027622,28.08
1992,2,7,-18.175,147.425,3.18232044198895,28.09
1992,2,8,-18.175,147.425,3.160220994475138,28.08
1992,2,9,-18.175,147.425,3.138121546961326,28.05
1992,2,10,-18.175,147.425,3.116022099447514,27.58
1992,2,11,-18.175,147.425,3.0939226519337018,27.4
1992,2,12,-18.175,147.425,3.0718232044198897,28.56
1992,2,13,-18.175,147.425,3.0497237569060776,28.46
1992,2,14,-18.175,147.425,3.027624309392265,27.88
1992,2,15,-18.175,147.425,3.005524861878453,28.14
1992,2,16,-18.175,147.425,2.983425414364641,28.13
1992,2,17,-18.175,147.425,2.9613259668508287,27.88
1992,2,18,-18.175,147.425,2.9392265193370166,27.53
1992,2,19,-18.175,147.425,2.9171270718232045,27.22
1992,2,20,-18.175,147.425,2.8950276243093924,27.63
1992,2,21,-18.175,147.425,2.8729281767955803,28.28
1992,2,22,-18.175,147.425,2.850828729281768,28.67
1992,2,23,-18.175,147.425,2.8287292817679557,28.92
1992,2,24,-18.175,147.425,2.8066298342541436,28.92
1992,2,25,-18.175,147.425,2.7845303867403315,28.77
1992,2,26,-18.175,147.425,2.7624309392265194,28.9
1992,2,27,-18.175,147.425,2.7403314917127073,28.36
1992,2,28,-18.175,147.425,2.718232044198895,28.47
1992,2,29,-18.175,147.425,2.696132596685083,28.51
1992,3,1,-18.175,147.425,2.6740331491712706,28.11
1992,3,2,-18.175,147.425,2.6519337016574585,28.15
1992,3,3,-18.175,147.425,2.6298342541436464,28.17
1992,3,4,-18.175,147.425,2.6077348066298343,28.36
1992,3,5,-18.175,147.425,2.585635359116022,29.43
1992,3,6,-18.175,147.425,2.56353591160221,29.22
1992,3,7,-18.175,147.425,2.541436464088398,28.96
1992,3,8,-18.175,147.425,2.5193370165745854,28.95
1992,3,9,-18.175,147.425,2.4972375690607733,29.2
1992,3,10,-18.175,147.425,2.4751381215469612,29.16
1992,3,11,-18.175,147.425,2.453038674033149,29.31
1992,3,12,-18.175,147.425,2.430939226519337,29.06
1992,3,13,-18.175,147.425,2.408839779005525,28.65
1992,3,14,-18.175,147.425,2.386740331491713,28.43
1992,3,15,-18.175,147.425,2.3646408839779007,28.82
1992,3,16,-18.175,147.425,2.342541436464088,29.52
1992,3,17,-18.175,147.425,2.320441988950276,29.23
1992,3,18,-18.175,147.425,2.298342541436464,28.96
1992,3,19,-18.175,147.425,2.276243093922652,28.55
1992,3,20,-18.175,147.425,2.25414364640884,28.03
1992,3,21,-18.175,147.425,2.2320441988950277,28.62
1992,3,22,-18.175,147.425,2.2099447513812156,29.03
1992,3,23,-18.175,147.425,2.1878453038674035,28.78
1992,3,24,-18.175,147.425,2.165745856353591,28.72
1992,3,25,-18.175,147.425,2.143646408839779,28.64
1992,3,26,-18.175,147.425,2.1215469613259668,28.55
1992,3,27,-18.175,147.425,2.0994475138121547,28.13
1992,3,28,-18.175,147.425,2.0773480662983426,28.18
1992,3,29,-18.175,147.425,2.0552486187845305,28.11
1992,3,30,-18.175,147.425,2.0331491712707184,28.3
1992,3,31,-18.175,147.425,2.0110497237569063,28.3
1992,4,1,-18.175,147.425,1.988950276243094,28.32
1992,4,2,-18.175,147.425,1.9668508287292819,28.75
1992,4,3,-18.175,147.425,1.9447513812154695,28.78
1992,4,4,-18.175,147.425,1.9226519337016574,28.69
1992,4,5,-18.175,147.425,1.9005524861878453,28.45
1992,4,6,-18.175,147.425,1.8784530386740332,28.19
1992,4,7,-18.175,147.425,1.856353591160221,27.9
1992,4,8,-18.175,147.425,1.8342541436464088,28.15
1992,4,9,-18.175,147.425,1.8121546961325967,28.21
1992,4,10,-18.175,147.425,1.7900552486187846,28.18
1992,4,11,-18.175,147.425,1.7679558011049723,28.01
1992,4,12,-18.175,147.425,1.7458563535911602,27.75
1992,4,13,-18.175,147.425,1.723756906077348,27.55
1992,4,14,-18.175,147.425,1.701657458563536,27.49
1992,4,15,-18.175,147.425,1.6795580110497237,27.33
1992,4,16,-18.175,147.425,1.6574585635359116,27.18
1992,4,17,-18.175,147.425,1.6353591160220995,27.82
1992,4,18,-18.175,147.425,1.6132596685082874,27.85
1992,4,19,-18.175,147.425,1.591160220994475,27.69
1992,4,20,-18.175,147.425,1.569060773480663,27.47
1992,4,21,-18.175,147.425,1.5469613259668509,27.54
1992,4,22,-18.175,147.425,1.5248618784530388,27.72
1992,4,23,-18.175,147.425,1.5027624309392265,26.98
1992,4,24,-18.175,147.425,1.4806629834254144,27.26
1992,4,25,-18.175,147.425,1.4585635359116023,27.33
1992,4,26,-18.175,147.425,1.4364640883977902,27.48
1992,4,27,-18.175,147.425,1.4143646408839778,27.47
1992,4,28,-18.175,147.425,1.3922651933701657,27.3
1992,4,29,-18.175,147.425,1.3701657458563536,27.25
1992,4,30,-18.175,147.425,1.3480662983425415,27.17
1992,5,1,-18.175,147.425,1.3259668508287292,27.2
1992,5,2,-18.175,147.425,1.3038674033149171,27.05
1992,5,3,-18.175,147.425,1.281767955801105,26.81
1992,5,4,-18.175,147.425,1.2596685082872927,26.79
1992,5,5,-18.175,147.425,1.2375690607734806,26.69
1992,5,6,-18.175,147.425,1.2154696132596685,26.42
1992,5,7,-18.175,147.425,1.1933701657458564,26.27
1992,5,8,-18.175,147.425,1.171270718232044,26.04
1992,5,9,-18.175,147.425,1.149171270718232,26.35
1992,5,10,-18.175,147.425,1.12707182320442,26.35
1992,5,11,-18.175,147.425,1.1049723756906078,26.18
1992,5,12,-18.175,147.425,1.0828729281767955,26.18
1992,5,13,-18.175,147.425,1.0607734806629834,26.58
1992,5,14,-18.175,147.425,1.0386740331491713,26.83
1992,5,15,-18.175,147.425,1.0165745856353592,24.93
1992,5,16,-18.175,147.425,0.994475138121547,24.51
1992,5,17,-18.175,147.425,0.9723756906077348,24.93
1992,5,18,-18.175,147.425,0.9502762430939227,25.09
1992,5,19,-18.175,147.425,0.9281767955801105,26.0
1992,5,20,-18.175,147.425,0.9060773480662984,26.56
1992,5,21,-18.175,147.425,0.8839779005524862,26.4
1992,5,22,-18.175,147.425,0.861878453038674,26.84
1992,5,23,-18.175,147.425,0.8397790055248618,26.08
1992,5,24,-18.175,147.425,0.8176795580110497,24.93
1992,5,25,-18.175,147.425,0.7955801104972375,24.45
1992,5,26,-18.175,147.425,0.7734806629834254,24.47
1992,5,27,-18.175,147.425,0.7513812154696132,24.52
1992,5,28,-18.175,147.425,0.7292817679558011,25.62
1992,5,29,-18.175,147.425,0.7071823204419889,25.42
1992,5,30,-18.175,147.425,0.6850828729281768,25.67
1992,5,31,-18.175,147.425,0.6629834254143646,25.85
1992,6,1,-18.175,147.425,0.6408839779005525,26.17
1992,6,2,-18.175,147.425,0.6187845303867403,26.12
1992,6,3,-18.175,147.425,0.5966850828729282,25.27
1992,6,4,-18.175,147.425,0.574585635359116,25.15
1992,6,5,-18.175,147.425,0.5524861878453039,24.99
1992,6,6,-18.175,147.425,0.5303867403314917,24.84
1992,6,7,-18.175,147.425,0.5082872928176796,24.35
1992,6,8,-18.175,147.425,0.4861878453038674,24.18
1992,6,9,-18.175,147.425,0.46408839779005523,24.89
1992,6,10,-18.175,147.425,0.4419889502762431,25.12
1992,6,11,-18.175,147.425,0.4198895027624309,25.19
1992,6,12,-18.175,147.425,0.39779005524861877,24.99
1992,6,13,-18.175,147.425,0.3756906077348066,24.88
1992,6,14,-18.175,147.425,0.35359116022099446,24.64
1992,6,15,-18.175,147.425,0.3314917127071823,24.32
1992,6,16,-18.175,147.425,0.30939226519337015,24.53
1992,6,17,-18.175,147.425,0.287292817679558,24.96
1992,6,18,-18.175,147.425,0.26519337016574585,25.26
1992,6,19,-18.175,147.425,0.2430939226519337,25.1
1992,6,20,-18.175,147.425,0.22099447513812154,24.91
1992,6,21,-18.175,147.425,0.19889502762430938,24.9
1992,6,22,-18.175,147.425,0.17679558011049723,23.28
1992,6,23,-18.175,147.425,0.15469613259668508,22.7
1992,6,24,-18.175,147.425,0.13259668508287292,23.12
1992,6,25,-18.175,147.425,0.11049723756906077,23.7
1992,6,26,-18.175,147.425,0.08839779005524862,23.62
1992,6,27,-18.175,147.425,0.06629834254143646,23.52
1992,6,28,-18.175,147.425,0.04419889502762431,23.27
1992,6,29,-18.175,147.425,0.022099447513812154,23.37
1992,6,30,-18.175,147.425,0.0,24.47
1992,7,1,-18.175,147.425,0.0,25.03
1992,7,2,-18.175,147.425,0.0,24.84
1992,7,3,-18.175,147.425,0.0,24.62
1992,7,4,-18.175,147.425,0.022099447513812154,24.28
1992,7,5,-18.175,147.425,0.04419889502762431,24.49
1992,7,6,-18.175,147.425,0.06629834254143646,24.77
1992,7,7,-18.175,147.425,0.08839779005524862,25.0
1992,7,8,-18.175,147.425,0.11049723756906077,24.73
1992,7,9,-18.175,147.425,0.13259668508287292,23.95
1992,7,10,-18.175,147.425,0.15469613259668508,23.61
1992,7,11,-18.175,147.425,0.17679558011049723,23.89
1992,7,12,-18.175,147.425,0.19889502762430938,23.99
1992,7,13,-18.175,147.425,0.22099447513812154,24.38
1992,7,14,-18.175,147.425,0.2430939226519337,24.36
1992,7,15,-18.175,147.425,0.26519337016574585,24.07
1992,7,16,-18.175,147.425,0.287292817679558,23.84
1992,7,17,-18.175,147.425,0.30939226519337015,23.81
1992,7,18,-18.175,147.425,0.3314917127071823,23.98
1992,7,19,-18.175,147.425,0.35359116022099446,23.92
1992,7,20,-18.175,147.425,0.3756906077348066,24.19
1992,7,21,-18.175,147.425,0.39779005524861877,24.17
1992,7,22,-18.175,147.425,0.4198895027624309,24.07
1992,7,23,-18.175,147.425,0.4419889502762431,23.89
1992,7,24,-18.175,147.425,0.46408839779005523,23.5
1992,7,25,-18.175,147.425,0.4861878453038674,23.37
1992,7,26,-18.175,147.425,0.5082872928176796,22.99
1992,7,27,-18.175,147.425,0.5303867403314917,23.09
1992,7,28,-18.175,147.425,0.5524861878453039,23.21
1992,7,29,-18.175,147.425,0.574585635359116,23.53
1992,7,30,-18.175,147.425,0.5966850828729282,23.94
1992,7,31,-18.175,147.425,0.6187845303867403,23.9
1992,8,1,-18.175,147.425,0.6408839779005525,23.91
1992,8,2,-18.175,147.425,0.6629834254143646,23.97
1992,8,3,-18.175,147.425,0.6850828729281768,24.08
1992,8,4,-18.175,147.425,0.7071823204419889,24.21
1992,8,5,-18.175,147.425,0.7292817679558011,23.91
1992,8,6,-18.175,147.425,0.7513812154696132,23.93
1992,8,7,-18.175,147.425,0.7734806629834254,23.81
1992,8,8,-18.175,147.425,0.7955801104972375,23.41
1992,8,9,-18.175,147.425,0.8176795580110497,23.32
1992,8,10,-18.175,147.425,0.8397790055248618,23.11
1992,8,11,-18.175,147.425,0.861878453038674,23.66
1992,8,12,-18.175,147.425,0.8839779005524862,24.02
1992,8,13,-18.175,147.425,0.9060773480662984,23.99
1992,8,14,-18.175,147.425,0.9281767955801105,23.88
1992,8,15,-18.175,147.425,0.9502762430939227,23.1
1992,8,16,-18.175,147.425,0.9723756906077348,22.88
1992,8,17,-18.175,147.425,0.994475138121547,23.46
1992,8,18,-18.175,147.425,1.0165745856353592,23.67
1992,8,19,-18.175,147.425,1.0386740331491713,23.86
1992,8,20,-18.175,147.425,1.0607734806629834,23.79
1992,8,21,-18.175,147.425,1.0828729281767955,23.8
1992,8,22,-18.175,147.425,1.1049723756906078,23.74
1992,8,23,-18.175,147.425,1.12707182320442,23.73
1992,8,24,-18.175,147.425,1.149171270718232,23.51
1992,8,25,-18.175,147.425,1.171270718232044,23.85
1992,8,26,-18.175,147.425,1.1933701657458564,24.14
1992,8,27,-18.175,147.425,1.2154696132596685,24.42
1992,8,28,-18.175,147.425,1.2375690607734806,24.54
1992,8,29,-18.175,147.425,1.2596685082872927,24.8
1992,8,30,-18.175,147.425,1.281767955801105,24.65
1992,8,31,-18.175,147.425,1.3038674033149171,25.2
1992,9,1,-18.175,147.425,1.3259668508287292,25.09
1992,9,2,-18.175,147.425,1.3480662983425415,24.68
1992,9,3,-18.175,147.425,1.3701657458563536,24.31
1992,9,4,-18.175,147.425,1.3922651933701657,24.5
1992,9,5,-18.175,147.425,1.4143646408839778,24.6
1992,9,6,-18.175,147.425,1.4364640883977902,24.57
1992,9,7,-18.175,147.425,1.4585635359116023,24.8
1992,9,8,-18.175,147.425,1.4806629834254144,24.96
1992,9,9,-18.175,147.425,1.5027624309392265,25.07
1992,9,10,-18.175,147.425,1.5248618784530388,25.16
1992,9,11,-18.175,147.425,1.5469613259668509,25.22
1992,9,12,-18.175,147.425,1.569060773480663,25.28
1992,9,13,-18.175,147.425,1.591160220994475,25.04
1992,9,14,-18.175,147.425,1.6132596685082874,25.3
1992,9,15,-18.175,147.425,1.6353591160220995,25.43
1992,9,16,-18.175,147.425,1.6574585635359116,25.73
1992,9,17,-18.175,147.425,1.6795580110497237,25.96
1992,9,18,-18.175,147.425,1.701657458563536,25.89
1992,9,19,-18.175,147.425,1.723756906077348,25.67
1992,9,20,-18.175,147.425,1.7458563535911602,26.41
1992,9,21,-18.175,147.425,1.7679558011049723,26.72
1992,9,22,-18.175,147.425,1.7900552486187846,26.1
1992,9,23,-18.175,147.425,1.8121546961325967,26.05
1992,9,24,-18.175,147.425,1.8342541436464088,25.71
1992,9,25,-18.175,147.425,1.856353591160221,24.75
1992,9,26,-18.175,147.425,1.8784530386740332,24.35
1992,9,27,-18.175,147.425,1.9005524861878453,24.47
1992,9,28,-18.175,147.425,1.9226519337016574,25.13
1992,9,29,-18.175,147.425,1.9447513812154695,25.38
1992,9,30,-18.175,147.425,1.9668508287292819,25.4
1992,10,1,-18.175,147.425,1.988950276243094,25.52
1992,10,2,-18.175,147.425,2.0110497237569063,25.75
1992,10,3,-18.175,147.425,2.0331491712707184,25.95
1992,10,4,-18.175,147.425,2.0552486187845305,25.71
1992,10,5,-18.175,147.425,2.0773480662983426,25.68
1992,10,6,-18.175,147.425,2.0994475138121547,25.65
1992,10,7,-18.175,147.425,2.1215469613259668,25.62
1992,10,8,-18.175,147.425,2.143646408839779,25.31
1992,10,9,-18.175,147.425,2.165745856353591,25.2
1992,10,10,-18.175,147.425,2.1878453038674035,25.07
1992,10,11,-18.175,147.425,2.2099447513812156,25.43
1992,10,12,-18.175,147.425,2.2320441988950277,25.45
1992,10,13,-18.175,147.425,2.25414364640884,25.1
1992,10,14,-18.175,147.425,2.276243093922652,24.98
1992,10,15,-18.175,147.425,2.298342541436464,25.05
1992,10,16,-18.175,147.425,2.320441988950276,24.98
1992,10,17,-18.175,147.425,2.342541436464088,24.84
1992,10,18,-18.175,147.425,2.3646408839779007,24.87
1992,10,19,-18.175,147.425,2.386740331491713,24.66
1992,10,20,-18.175,147.425,2.408839779005525,24.69
1992,10,21,-18.175,147.425,2.430939226519337,24.9
1992,10,22,-18.175,147.425,2.453038674033149,25.09
1992,10,23,-18.175,147.425,2.4751381215469612,25.03
1992,10,24,-18.175,147.425,2.4972375690607733,24.9
1992,10,25,-18.175,147.425,2.5193370165745854,25.09
1992,10,26,-18.175,147.425,2.541436464088398,25.11
1992,10,27,-18.175,147.425,2.56353591160221,25.23
1992,10,28,-18.175,147.425,2.585635359116022,25.26
1992,10,29,-18.175,147.425,2.6077348066298343,25.29
1992,10,30,-18.175,147.425,2.6298342541436464,25.23
1992,10,31,-18.175,147.425,2.6519337016574585,25.2
1992,11,1,-18.175,147.425,2.6740331491712706,25.88
1992,11,2,-18.175,147.425,2.696132596685083,26.21
1992,11,3,-18.175,147.425,2.718232044198895,26.24
1992,11,4,-18.175,147.425,2.7403314917127073,26.18
1992,11,5,-18.175,147.425,2.7624309392265194,25.85
1992,11,6,-18.175,147.425,2.7845303867403315,26.05
1992,11,7,-18.175,147.425,2.8066298342541436,25.46
1992,11,8,-18.175,147.425,2.8287292817679557,25.36
1992,11,9,-18.175,147.425,2.850828729281768,25.4
1992,11,10,-18.175,147.425,2.8729281767955803,25.05
1992,11,11,-18.175,147.425,2.8950276243093924,25.37
1992,11,12,-18.175,147.425,2.9171270718232045,25.98
1992,11,13,-18.175,147.425,2.9392265193370166,25.88
1992,11,14,-18.175,147.425,2.9613259668508287,25.75
1992,11,15,-18.175,147.425,2.983425414364641,25.68
1992,11,16,-18.175,147.425,3.005524861878453,25.82
1992,11,17,-18.175,147.425,3.027624309392265,25.93
1992,11,18,-18.175,147.425,3.0497237569060776,26.04
1992,11,19,-18.175,147.425,3.0718232044198897,26.43
1992,11,20,-18.175,147.425,3.0939226519337018,26.56
1992,11,21,-18.175,147.425,3.116022099447514,26.65
1992,11,22,-18.175,147.425,3.138121546961326,27.26
1992,11,23,-18.175,147.425,3.160220994475138,27.35
1992,11,24,-18.175,147.425,3.18232044198895,27.39
1992,11,25,-18.175,147.425,3.2044198895027622,27.6
1992,11,26,-18.175,147.425,3.226519337016575,27.35
1992,11,27,-18.175,147.425,3.248618784530387,27.21
1992,11,28,-18.175,147.425,3.270718232044199,27.19
1992,11,29,-18.175,147.425,3.292817679558011,27.27
1992,11,30,-18.175,147.425,3.314917127071823,27.51
1992,12,1,-18.175,147.425,3.3370165745856353,27.86
1992,12,2,-18.175,147.425,3.3591160220994474,27.72
1992,12,3,-18.175,147.425,3.3812154696132595,27.63
1992,12,4,-18.175,147.425,3.403314917127072,27.68
1992,12,5,-18.175,147.425,3.425414364640884,27.36
1992,12,6,-18.175,147.425,3.447513812154696,27.17
1992,12,7,-18.175,147.425,3.4696132596685083,27.53
1992,12,8,-18.175,147.425,3.4917127071823204,28.02
1992,12,9,-18.175,147.425,3.5138121546961325,28.04
1992,12,10,-18.175,147.425,3.5359116022099446,27.82
1992,12,11,-18.175,147.425,3.5580110497237567,28.09
1992,12,12,-18.175,147.425,3.5801104972375692,27.77
1992,12,13,-18.175,147.425,3.6022099447513813,27.9
1992,12,14,-18.175,147.425,3.6243093922651934,28.43
1992,12,15,-18.175,147.425,3.6464088397790055,28.49
1992,12,16,-18.175,147.425,3.6685082872928176,28.53
1992,12,17,-18.175,147.425,3.6906077348066297,28.66
1992,12,18,-18.175,147.425,3.712707182320442,28.72
1992,12,19,-18.175,147.425,3.734806629834254,28.66
1992,12,20,-18.175,147.425,3.7569060773480665,28.45
1992,12,21,-18.175,147.425,3.7790055248618786,27.88
1992,12,22,-18.175,147.425,3.8011049723756907,27.69
1992,12,23,-18.175,147.425,3.8232044198895028,27.53
1992,12,24,-18.175,147.425,3.845303867403315,27.37
1992,12,25,-18.175,147.425,3.867403314917127,27.26
1992,12,26,-18.175,147.425,3.889502762430939,27.29
1992,12,27,-18.175,147.425,3.911602209944751,27.33
1992,12,28,-18.175,147.425,3.9337016574585637,27.4
1992,12,29,-18.175,147.425,3.955801104972376,27.55
1992,12,30,-18.175,147.425,3.977900552486188,27.82
1992,12,31,-18.175,147.425,4.0,27.97
1993,1,1,-18.175,147.425,4.0,27.7
1993,1,2,-18.175,147.425,3.977900552486188,27.61
1993,1,3,-18.175,147.425,3.955801104972376,27.51
1993,1,4,-18.175,147.425,3.9337016574585637,28.12
1993,1,5,-18.175,147.425,3.911602209944751,28.28
1993,1,6,-18.175,147.425,3.889502762430939,28.77
1993,1,7,-18.175,147.425,3.867403314917127,28.61
1993,1,8,-18.175,147.425,3.845303867403315,28.44
1993,1,9,-18.175,147.425,3.8232044198895028,28.35
1993,1,10,-18.175,147.425,3.8011049723756907,28.25
1993,1,11,-18.175,147.425,3.7790055248618786,28.19
1993,1,12,-18.175,147.425,3.7569060773480665,27.77
1993,1,13,-18.175,147.425,3.734806629834254,27.6
1993,1,14,-18.175,147.425,3.712707182320442,27.92
1993,1,15,-18.175,147.425,3.6906077348066297,28.1
1993,1,16,-18.175,147.425,3.6685082872928176,27.81
1993,1,17,-18.175,147.425,3.6464088397790055,27.49
1993,1,18,-18.175,147.425,3.6243093922651934,27.29
1993,1,19,-18.175,147.425,3.6022099447513813,27.27
1993,1,20,-18.175,147.425,3.5801104972375692,27.39
1993,1,21,-18.175,147.425,3.5580110497237567,27.13
1993,1,22,-18.175,147.425,3.5359116022099446,28.05
1993,1,23,-18.175,147.425,3.5138121546961325,27.64
1993,1,24,-18.175,147.425,3.4917127071823204,27.61
1993,1,25,-18.175,147.425,3.4696132596685083,27.45
1993,1,26,-18.175,147.425,3.447513812154696,27.57
1993,1,27,-18.175,147.425,3.425414364640884,27.76
1993,1,28,-18.175,147.425,3.403314917127072,27.66
1993,1,29,-18.175,147.425,3.3812154696132595,27.8
1993,1,30,-18.175,147.425,3.3591160220994474,27.95
1993,1,31,-18.175,147.425,3.3370165745856353,28.08
1993,2,1,-18.175,147.425,3.314917127071823,27.27
1993,2,2,-18.175,147.425,3.292817679558011,27.21
1993,2,3,-18.175,147.425,3.270718232044199,27.93
1993,2,4,-18.175,147.425,3.248618784530387,27.6
1993,2,5,-18.175,147.425,3.226519337016575,27.48
1993,2,6,-18.175,147.425,3.2044198895027622,27.22
1993,2,7,-18.175,147.425,3.18232044198895,27.24
1993,2,8,-18.175,147.425,3.160220994475138,26.94
1993,2,9,-18.175,147.425,3.138121546961326,26.47
1993,2,10,-18.175,147.425,3.116022099447514,26.59
1993,2,11,-18.175,147.425,3.0939226519337018,26.86
1993,2,12,-18.175,147.425,3.0718232044198897,27.78
1993,2,13,-18.175,147.425,3.0497237569060776,28.01
1993,2,14,-18.175,147.425,3.027624309392265,28.31
1993,2,15,-18.175,147.425,3.005524861878453,28.34
1993,2,16,-18.175,147.425,2.983425414364641,28.22
1993,2,17,-18.175,147.425,2.9613259668508287,28.13
1993,2,18,-18.175,147.425,2.9392265193370166,27.98
1993,2,19,-18.175,147.425,2.9171270718232045,27.25
1993,2,20,-18.175,147.425,2.8950276243093924,27.23
1993,2,21,-18.175,147.425,2.8729281767955803,27.18
1993,2,22,-18.175,147.425,2.850828729281768,27.21
1993,2,23,-18.175,147.425,2.8287292817679557,27.55
1993,2,24,-18.175,147.425,2.8066298342541436,28.34
1993,2,25,-18.175,147.425,2.7845303867403315,28.51
1993,2,26,-18.175,147.425,2.7624309392265194,27.91
1993,2,27,-18.175,147.425,2.7403314917127073,27.24
1993,2,28,-18.175,147.425,2.718232044198895,27.19
1993,3,1,-18.175,147.425,2.696132596685083,27.38
1993,3,2,-18.175,147.425,2.6740331491712706,27.82
1993,3,3,-18.175,147.425,2.6519337016574585,28.09
1993,3,4,-18.175,147.425,2.6298342541436464,27.93
1993,3,5,-18.175,147.425,2.6077348066298343,27.39
1993,3,6,-18.175,147.425,2.585635359116022,27.38
1993,3,7,-18.175,147.425,2.56353591160221,27.51
1993,3,8,-18.175,147.425,2.541436464088398,27.55
1993,3,9,-18.175,147.425,2.5193370165745854,27.31
1993,3,10,-18.175,147.425,2.4972375690607733,27.04
1993,3,11,-18.175,147.425,2.4751381215469612,26.93
1993,3,12,-18.175,147.425,2.453038674033149,27.02
1993,3,13,-18.175,147.425,2.430939226519337,26.88
1993,3,14,-18.175,147.425,2.408839779005525,26.89
1993,3,15,-18.175,147.425,2.386740331491713,27.51
1993,3,16,-18.175,147.425,2.3646408839779007,27.87
1993,3,17,-18.175,147.425,2.342541436464088,28.15
1993,3,18,-18.175,147.425,2.320441988950276,28.57
1993,3,19,-18.175,147.425,2.298342541436464,28.86
1993,3,20,-18.175,147.425,2.276243093922652,28.46
1993,3,21,-18.175,147.425,2.25414364640884,27.83
1993,3,22,-18.175,147.425,2.2320441988950277,27.56
1993,3,23,-18.175,147.425,2.2099447513812156,27.52
1993,3,24,-18.175,147.425,2.1878453038674035,27.51
1993,3,25,-18.175,147.425,2.165745856353591,27.68
1993,3,26,-18.175,147.425,2.143646408839779,27.31
1993,3,27,-18.175,147.425,2.1215469613259668,27.32
1993,3,28,-18.175,147.425,2.0994475138121547,27.31
1993,3,29,-18.175,147.425,2.0773480662983426,27.25
1993,3,30,-18.175,147.425,2.0552486187845305,27.57
1993,3,31,-18.175,147.425,2.0331491712707184,27.83
1993,4,1,-18.175,147.425,2.0110497237569063,27.42
1993,4,2,-18.175,147.425,1.988950276243094,27.26
1993,4,3,-18.175,147.425,1.9668508287292819,27.04
1993,4,4,-18.175,147.425,1.9447513812154695,27.23
1993,4,5,-18.175,147.425,1.9226519337016574,27.29
1993,4,6,-18.175,147.425,1.9005524861878453,26.78
1993,4,7,-18.175,147.425,1.8784530386740332,26.97
1993,4,8,-18.175,147.425,1.856353591160221,26.74
1993,4,9,-18.175,147.425,1.8342541436464088,26.47
1993,4,10,-18.175,147.425,1.8121546961325967,26.85
1993,4,11,-18.175,147.425,1.7900552486187846,26.73
1993,4,12,-18.175,147.425,1.7679558011049723,26.76
1993,4,13,-18.175,147.425,1.7458563535911602,26.97
1993,4,14,-18.175,147.425,1.723756906077348,27.02
1993,4,15,-18.175,147.425,1.701657458563536,27.06
1993,4,16,-18.175,147.425,1.6795580110497237,27.0
1993,4,17,-18.175,147.425,1.6574585635359116,27.28
1993,4,18,-18.175,147.425,1.6353591160220995,27.46
1993,4,19,-18.175,147.425,1.6132596685082874,27.33
1993,4,20,-18.175,147.425,1.591160220994475,26.9
1993,4,21,-18.175,147.425,1.569060773480663,26.41
1993,4,22,-18.175,147.425,1.5469613259668509,26.64
1993,4,23,-18.175,147.425,1.5248618784530388,27.0
1993,4,24,-18.175,147.425,1.5027624309392265,26.96
1993,4,25,-18.175,147.425,1.4806629834254144,27.01
1993,4,26,-18.175,147.425,1.4585635359116023,26.96
1993,4,27,-18.175,147.425,1.4364640883977902,27.26
1993,4,28,-18.175,147.425,1.4143646408839778,27.06
1993,4,29,-18.175,147.425,1.3922651933701657,26.97
1993,4,30,-18.175,147.425,1.3701657458563536,26.89
1993,5,1,-18.175,147.425,1.3480662983425415,26.93
1993,5,2,-18.175,147.425,1.3259668508287292,26.77
1993,5,3,-18.175,147.425,1.3038674033149171,26.65
1993,5,4,-18.175,147.425,1.281767955801105,26.74
1993,5,5,-18.175,147.425,1.2596685082872927,26.72
1993,5,6,-18.175,147.425,1.2375690607734806,26.65
1993,5,7,-18.175,147.425,1.2154696132596685,26.36
1993,5,8,-18.175,147.425,1.1933701657458564,26.36
1993,5,9,-18.175,147.425,1.171270718232044,25.59
1993,5,10,-18.175,147.425,1.149171270718232,25.24
1993,5,11,-18.175,147.425,1.12707182320442,25.99
1993,5,12,-18.175,147.425,1.1049723756906078,26.42
1993,5,13,-18.175,147.425,1.0828729281767955,26.6
1993,5,14,-18.175,147.425,1.0607734806629834,26.48
1993,5,15,-18.175,147.425,1.0386740331491713,26.13
1993,5,16,-18.175,147.425,1.0165745856353592,25.06
1993,5,17,-18.175,147.425,0.994475138121547,24.86
1993,5,18,-18.175,147.425,0.9723756906077348,25.13
1993,5,19,-18.175,147.425,0.9502762430939227,24.66
1993,5,20,-18.175,147.425,0.9281767955801105,24.7
1993,5,21,-18.175,147.425,0.9060773480662984,24.93
1993,5,22,-18.175,147.425,0.8839779005524862,25.27
1993,5,23,-18.175,147.425,0.861878453038674,25.1
1993,5,24,-18.175,147.425,0.8397790055248618,25.16
1993,5,25,-18.175,147.425,0.8176795580110497,24.95
1993,5,26,-18.175,147.425,0.7955801104972375,24.97
1993,5,27,-18.175,147.425,0.7734806629834254,25.13
1993,5,28,-18.175,147.425,0.7513812154696132,24.7
1993,5,29,-18.175,147.425,0.7292817679558011,24.4
1993,5,30,-18.175,147.425,0.7071823204419889,24.07
1993,5,31,-18.175,147.425,0.6850828729281768,24.05
1993,6,1,-18.175,147.425,0.6629834254143646,23.93
1993,6,2,-18.175,147.425,0.6408839779005525,24.62
1993,6,3,-18.175,147.425,0.6187845303867403,24.46
1993,6,4,-18.175,147.425,0.5966850828729282,24.32
1993,6,5,-18.175,147.425,0.574585635359116,23.77
1993,6,6,-18.175,147.425,0.5524861878453039,24.03
1993,6,7,-18.175,147.425,0.5303867403314917,24.54
1993,6,8,-18.175,147.425,0.5082872928176796,24.75
1993,6,9,-18.175,147.425,0.4861878453038674,24.99
1993,6,10,-18.175,147.425,0.46408839779005523,24.95
1993,6,11,-18.175,147.425,0.4419889502762431,24.95
1993,6,12,-18.175,147.425,0.4198895027624309,24.69
1993,6,13,-18.175,147.425,0.39779005524861877,24.45
1993,6,14,-18.175,147.425,0.3756906077348066,24.28
1993,6,15,-18.175,147.425,0.35359116022099446,24.8
1993,6,16,-18.175,147.425,0.3314917127071823,25.01
1993,6,17,-18.175,147.425,0.30939226519337015,24.64
1993,6,18,-18.175,147.425,0.287292817679558,24.44
1993,6,19,-18.175,147.425,0.26519337016574585,24.47
1993,6,20,-18.175,147.425,0.2430939226519337,24.48
1993,6,21,-18.175,147.425,0.22099447513812154,24.31
1993,6,22,-18.175,147.425,0.19889502762430938,24.3
1993,6,23,-18.175,147.425,0.17679558011049723,24.2
1993,6,24,-18.175,147.425,0.15469613259668508,24.42
1993,6,25,-18.175,147.425,0.13259668508287292,24.54
1993,6,26,-18.175,147.425,0.11049723756906077,24.29
1993,6,27,-18.175,147.425,0.08839779005524862,24.12
1993,6,28,-18.175,147.425,0.06629834254143646,23.8
1993,6,29,-18.175,147.425,0.04419889502762431,23.77
1993,6,30,-18.175,147.425,0.022099447513812154,23.83
1993,7,1,-18.175,147.425,0.0,24.26
1993,7,2,-18.175,147.425,0.0,24.42
1993,7,3,-18.175,147.425,0.0,24.11
1993,7,4,-18.175,147.425,0.022099447513812154,24.06
1993,7,5,-18.175,147.425,0.04419889502762431,24.38
1993,7,6,-18.175,147.425,0.06629834254143646,24.47
1993,7,7,-18.175,147.425,0.08839779005524862,24.32
1993,7,8,-18.175,147.425,0.11049723756906077,24.33
1993,7,9,-18.175,147.425,0.13259668508287292,24.27
1993,7,10,-18.175,147.425,0.15469613259668508,24.28
1993,7,11,-18.175,147.425,0.17679558011049723,24.33
1993,7,12,-18.175,147.425,0.19889502762430938,23.31
1993,7,13,-18.175,147.425,0.22099447513812154,23.81
1993,7,14,-18.175,147.425,0.2430939226519337,23.77
1993,7,15,-18.175,147.425,0.26519337016574585,23.84
1993,7,16,-18.175,147.425,0.287292817679558,24.14
1993,7,17,-18.175,147.425,0.30939226519337015,24.16
1993,7,18,-18.175,147.425,0.3314917127071823,24.12
1993,7,19,-18.175,147.425,0.35359116022099446,24.12
1993,7,20,-18.175,147.425,0.3756906077348066,24.2
1993,7,21,-18.175,147.425,0.39779005524861877,24.3
1993,7,22,-18.175,147.425,0.4198895027624309,24.51
1993,7,23,-18.175,147.425,0.4419889502762431,24.26
1993,7,24,-18.175,147.425,0.46408839779005523,24.3
1993,7,25,-18.175,147.425,0.4861878453038674,24.44
1993,7,26,-18.175,147.425,0.5082872928176796,24.67
1993,7,27,-18.175,147.425,0.5303867403314917,24.9
1993,7,28,-18.175,147.425,0.5524861878453039,25.05
1993,7,29,-18.175,147.425,0.574585635359116,25.26
1993,7,30,-18.175,147.425,0.5966850828729282,25.22
1993,7,31,-18.175,147.425,0.6187845303867403,25.24
1993,8,1,-18.175,147.425,0.6408839779005525,24.95
1993,8,2,-18.175,147.425,0.6629834254143646,24.77
1993,8,3,-18.175,147.425,0.6850828729281768,24.74
1993,8,4,-18.175,147.425,0.7071823204419889,24.94
1993,8,5,-18.175,147.425,0.7292817679558011,24.78
1993,8,6,-18.175,147.425,0.7513812154696132,24.82
1993,8,7,-18.175,147.425,0.7734806629834254,24.92
1993,8,8,-18.175,147.425,0.7955801104972375,24.45
1993,8,9,-18.175,147.425,0.8176795580110497,24.55
1993,8,10,-18.175,147.425,0.8397790055248618,24.75
1993,8,11,-18.175,147.425,0.861878453038674,25.05
1993,8,12,-18.175,147.425,0.8839779005524862,25.14
1993,8,13,-18.175,147.425,0.9060773480662984,24.68
1993,8,14,-18.175,147.425,0.9281767955801105,24.59
1993,8,15,-18.175,147.425,0.9502762430939227,24.4
1993,8,16,-18.175,147.425,0.9723756906077348,25.11
1993,8,17,-18.175,147.425,0.994475138121547,25.25
1993,8,18,-18.175,147.425,1.0165745856353592,25.49
1993,8,19,-18.175,147.425,1.0386740331491713,25.55
1993,8,20,-18.175,147.425,1.0607734806629834,25.16
1993,8,21,-18.175,147.425,1.0828729281767955,25.08
1993,8,22,-18.175,147.425,1.1049723756906078,24.97
1993,8,23,-18.175,147.425,1.12707182320442,24.63
1993,8,24,-18.175,147.425,1.149171270718232,24.4
1993,8,25,-18.175,147.425,1.171270718232044,24.34
1993,8,26,-18.175,147.425,1.1933701657458564,24.55
1993,8,27,-18.175,147.425,1.2154696132596685,24.82
1993,8,28,-18.175,147.425,1.2375690607734806,24.91
1993,8,29,-18.175,147.425,1.2596685082872927,24.84
1993,8,30,-18.175,147.425,1.281767955801105,24.6
1993,8,31,-18.175,147.425,1.3038674033149171,24.15
1993,9,1,-18.175,147.425,1.3259668508287292,24.05
1993,9,2,-18.175,147.425,1.3480662983425415,23.85
1993,9,3,-18.175,147.425,1.3701657458563536,23.91
1993,9,4,-18.175,147.425,1.3922651933701657,24.21
1993,9,5,-18.175,147.425,1.4143646408839778,24.14
1993,9,6,-18.175,147.425,1.4364640883977902,24.23
1993,9,7,-18.175,147.425,1.4585635359116023,24.09
1993,9,8,-18.175,147.425,1.4806629834254144,24.37
1993,9,9,-18.175,147.425,1.5027624309392265,24.34
1993,9,10,-18.175,147.425,1.5248618784530388,24.28
1993,9,11,-18.175,147.425,1.5469613259668509,24.34
1993,9,12,-18.175,147.425,1.569060773480663,24.47
1993,9,13,-18.175,147.425,1.591160220994475,24.8
1993,9,14,-18.175,147.425,1.6132596685082874,24.72
1993,9,15,-18.175,147.425,1.6353591160220995,24.6
1993,9,16,-18.175,147.425,1.6574585635359116,24.41
1993,9,17,-18.175,147.425,1.6795580110497237,24.72
1993,9,18,-18.175,147.425,1.701657458563536,24.73
1993,9,19,-18.175,147.425,1.723756906077348,24.83
1993,9,20,-18.175,147.425,1.7458563535911602,25.51
1993,9,21,-18.175,147.425,1.7679558011049723,25.39
1993,9,22,-18.175,147.425,1.7900552486187846,25.18
1993,9,23,-18.175,147.425,1.8121546961325967,25.26
1993,9,24,-18.175,147.425,1.8342541436464088,25.05
1993,9,25,-18.175,147.425,1.856353591160221,24.86
1993,9,26,-18.175,147.425,1.8784530386740332,24.78
1993,9,27,-18.175,147.425,1.9005524861878453,25.13
1993,9,28,-18.175,147.425,1.9226519337016574,25.25
1993,9,29,-18.175,147.425,1.9447513812154695,24.76
1993,9,30,-18.175,147.425,1.9668508287292819,24.35
1993,10,1,-18.175,147.425,1.988950276243094,24.44
1993,10,2,-18.175,147.425,2.0110497237569063,24.52
1993,10,3,-18.175,147.425,2.0331491712707184,23.81
1993,10,4,-18.175,147.425,2.0552486187845305,23.09
1993,10,5,-18.175,147.425,2.0773480662983426,23.13
1993,10,6,-18.175,147.425,2.0994475138121547,23.89
1993,10,7,-18.175,147.425,2.1215469613259668,24.0
1993,10,8,-18.175,147.425,2.143646408839779,24.2
1993,10,9,-18.175,147.425,2.165745856353591,24.59
1993,10,10,-18.175,147.425,2.1878453038674035,24.57
1993,10,11,-18.175,147.425,2.2099447513812156,24.69
1993,10,12,-18.175,147.425,2.2320441988950277,25.47
1993,10,13,-18.175,147.425,2.25414364640884,25.55
1993,10,14,-18.175,147.425,2.276243093922652,25.68
1993,10,15,-18.175,147.425,2.298342541436464,25.5
1993,10,16,-18.175,147.425,2.320441988950276,25.74
1993,10,17,-18.175,147.425,2.342541436464088,25.65
1993,10,18,-18.175,147.425,2.3646408839779007,25.71
1993,10,19,-18.175,147.425,2.386740331491713,26.13
1993,10,20,-18.175,147.425,2.408839779005525,25.84
1993,10,21,-18.175,147.425,2.430939226519337,26.06
1993,10,22,-18.175,147.425,2.453038674033149,25.98
1993,10,23,-18.175,147.425,2.4751381215469612,26.29
1993,10,24,-18.175,147.425,2.4972375690607733,26.69
1993,10,25,-18.175,147.425,2.5193370165745854,26.98
1993,10,26,-18.175,147.425,2.541436464088398,26.08
1993,10,27,-18.175,147.425,2.56353591160221,26.19
1993,10,28,-18.175,147.425,2.585635359116022,27.33
1993,10,29,-18.175,147.425,2.6077348066298343,26.96
1993,10,30,-18.175,147.425,2.6298342541436464,26.8
1993,10,31,-18.175,147.425,2.6519337016574585,27.01
1993,11,1,-18.175,147.425,2.6740331491712706,26.99
1993,11,2,-18.175,147.425,2.696132596685083,26.81
1993,11,3,-18.175,147.425,2.718232044198895,26.81
1993,11,4,-18.175,147.425,2.7403314917127073,27.05
1993,11,5,-18.175,147.425,2.7624309392265194,26.68
1993,11,6,-18.175,147.425,2.7845303867403315,26.13
1993,11,7,-18.175,147.425,2.8066298342541436,25.68
1993,11,8,-18.175,147.425,2.8287292817679557,25.87
1993,11,9,-18.175,147.425,2.850828729281768,26.06
1993,11,10,-18.175,147.425,2.8729281767955803,26.33
1993,11,11,-18.175,147.425,2.8950276243093924,26.3
1993,11,12,-18.175,147.425,2.9171270718232045,26.4
1993,11,13,-18.175,147.425,2.9392265193370166,28.07
1993,11,14,-18.175,147.425,2.9613259668508287,27.62
1993,11,15,-18.175,147.425,2.983425414364641,28.12
1993,11,16,-18.175,147.425,3.005524861878453,28.06
1993,11,17,-18.175,147.425,3.027624309392265,28.34
1993,11,18,-18.175,147.425,3.0497237569060776,28.39
1993,11,19,-18.175,147.425,3.0718232044198897,28.02
1993,11,20,-18.175,147.425,3.0939226519337018,28.28
1993,11,21,-18.175,147.425,3.116022099447514,28.59
1993,11,22,-18.175,147.425,3.138121546961326,28.31
1993,11,23,-18.175,147.425,3.160220994475138,27.95
1993,11,24,-18.175,147.425,3.18232044198895,27.13
1993,11,25,-18.175,147.425,3.2044198895027622,26.81
1993,11,26,-18.175,147.425,3.226519337016575,26.23
1993,11,27,-18.175,147.425,3.248618784530387,26.77
1993,11,28,-18.175,147.425,3.270718232044199,26.92
1993,11,29,-18.175,147.425,3.292817679558011,26.72
1993,11,30,-18.175,147.425,3.314917127071823,26.85
1993,12,1,-18.175,147.425,3.3370165745856353,26.87
1993,12,2,-18.175,147.425,3.3591160220994474,27.2
1993,12,3,-18.175,147.425,3.3812154696132595,26.8
1993,12,4,-18.175,147.425,3.403314917127072,26.63
1993,12,5,-18.175,147.425,3.425414364640884,26.8
1993,12,6,-18.175,147.425,3.447513812154696,27.01
1993,12,7,-18.175,147.425,3.4696132596685083,26.74
1993,12,8,-18.175,147.425,3.4917127071823204,26.89
1993,12,9,-18.175,147.425,3.5138121546961325,27.6
1993,12,10,-18.175,147.425,3.5359116022099446,28.19
1993,12,11,-18.175,147.425,3.5580110497237567,28.53
1993,12,12,-18.175,147.425,3.5801104972375692,27.34
1993,12,13,-18.175,147.425,3.6022099447513813,27.0
1993,12,14,-18.175,147.425,3.6243093922651934,26.47
1993,12,15,-18.175,147.425,3.6464088397790055,26.88
1993,12,16,-18.175,147.425,3.6685082872928176,26.64
1993,12,17,-18.175,147.425,3.6906077348066297,26.52
1993,12,18,-18.175,147.425,3.712707182320442,26.68
1993,12,19,-18.175,147.425,3.734806629834254,26.9
1993,12,20,-18.175,147.425,3.7569060773480665,26.99
1993,12,21,-18.175,147.425,3.7790055248618786,27.39
1993,12,22,-18.175,147.425,3.8011049723756907,27.2
1993,12,23,-18.175,147.425,3.8232044198895028,27.32
1993,12,24,-18.175,147.425,3.845303867403315,28.75
1993,12,25,-18.175,147.425,3.867403314917127,28.61
1993,12,26,-18.175,147.425,3.889502762430939,28.52
1993,12,27,-18.175,147.425,3.911602209944751,28.41
1993,12,28,-18.175,147.425,3.9337016574585637,29.24
1993,12,29,-18.175,147.425,3.955801104972376,29.31
1993,12,30,-18.175,147.425,3.977900552486188,29.19
1993,12,31,-18.175,147.425,4.0,29.21
1994,1,1,-18.175,147.425,4.0,28.68
1994,1,2,-18.175,147.425,3.977900552486188,28.31
1994,1,3,-18.175,147.425,3.955801104972376,28.27
1994,1,4,-18.175,147.425,3.9337016574585637,29.01
1994,1,5,-18.175,147.425,3.911602209944751,28.87
1994,1,6,-18.175,147.425,3.889502762430939,28.76
1994,1,7,-18.175,147.425,3.867403314917127,28.97
1994,1,8,-18.175,147.425,3.845303867403315,29.14
1994,1,9,-18.175,147.425,3.8232044198895028,29.22
1994,1,10,-18.175,147.425,3.8011049723756907,29.08
1994,1,11,-18.175,147.425,3.7790055248618786,28.93
1994,1,12,-18.175,147.425,3.7569060773480665,29.83
1994,1,13,-18.175,147.425,3.734806629834254,29.93
1994,1,14,-18.175,147.425,3.712707182320442,29.82
1994,1,15,-18.175,147.425,3.6906077348066297,29.88
1994,1,16,-18.175,147.425,3.6685082872928176,30.41
1994,1,17,-18.175,147.425,3.6464088397790055,30.67
1994,1,18,-18.175,147.425,3.6243093922651934,30.48
1994,1,19,-18.175,147.425,3.6022099447513813,29.53
1994,1,20,-18.175,147.425,3.5801104972375692,29.29
1994,1,21,-18.175,147.425,3.5580110497237567,29.24
1994,1,22,-18.175,147.425,3.5359116022099446,29.38
1994,1,23,-18.175,147.425,3.5138121546961325,29.39
1994,1,24,-18.175,147.425,3.4917127071823204,28.94
1994,1,25,-18.175,147.425,3.4696132596685083,28.88
1994,1,26,-18.175,147.425,3.447513812154696,28.97
1994,1,27,-18.175,147.425,3.425414364640884,29.06
1994,1,28,-18.175,147.425,3.403314917127072,28.86
1994,1,29,-18.175,147.425,3.3812154696132595,28.78
1994,1,30,-18.175,147.425,3.3591160220994474,29.2
1994,1,31,-18.175,147.425,3.3370165745856353,29.08
1994,2,1,-18.175,147.425,3.314917127071823,29.05
1994,2,2,-18.175,147.425,3.292817679558011,29.04
1994,2,3,-18.175,147.425,3.270718232044199,28.78
1994,2,4,-18.175,147.425,3.248618784530387,28.91
1994,2,5,-18.175,147.425,3.226519337016575,28.78
1994,2,6,-18.175,147.425,3.2044198895027622,28.8
1994,2,7,-18.175,147.425,3.18232044198895,28.57
1994,2,8,-18.175,147.425,3.160220994475138,28.59
1994,2,9,-18.175,147.425,3.138121546961326,28.51
1994,2,10,-18.175,147.425,3.116022099447514,28.54
1994,2,11,-18.175,147.425,3.0939226519337018,28.57
1994,2,12,-18.175,147.425,3.0718232044198897,28.5
1994,2,13,-18.175,147.425,3.0497237569060776,28.5
1994,2,14,-18.175,147.425,3.027624309392265,28.59
1994,2,15,-18.175,147.425,3.005524861878453,28.56
1994,2,16,-18.175,147.425,2.983425414364641,28.39
1994,2,17,-18.175,147.425,2.9613259668508287,28.63
1994,2,18,-18.175,147.425,2.9392265193370166,27.91
1994,2,19,-18.175,147.425,2.9171270718232045,28.98
1994,2,20,-18.175,147.425,2.8950276243093924,29.44
1994,2,21,-18.175,147.425,2.8729281767955803,29.35
1994,2,22,-18.175,147.425,2.850828729281768,29.3
1994,2,23,-18.175,147.425,2.8287292817679557,29.12
1994,2,24,-18.175,147.425,2.8066298342541436,28.99
1994,2,25,-18.175,147.425,2.7845303867403315,28.84
1994,2,26,-18.175,147.425,2.7624309392265194,29.26
1994,2,27,-18.175,147.425,2.7403314917127073,28.85
1994,2,28,-18.175,147.425,2.718232044198895,29.14
1994,3,1,-18.175,147.425,2.696132596685083,28.78
1994,3,2,-18.175,147.425,2.6740331491712706,28.78
1994,3,3,-18.175,147.425,2.6519337016574585,28.82
1994,3,4,-18.175,147.425,2.6298342541436464,28.92
1994,3,5,-18.175,147.425,2.6077348066298343,29.05
1994,3,6,-18.175,147.425,2.585635359116022,28.97
1994,3,7,-18.175,147.425,2.56353591160221,28.91
1994,3,8,-18.175,147.425,2.541436464088398,28.76
1994,3,9,-18.175,147.425,2.5193370165745854,28.72
1994,3,10,-18.175,147.425,2.4972375690607733,28.38
1994,3,11,-18.175,147.425,2.4751381215469612,28.58
1994,3,12,-18.175,147.425,2.453038674033149,28.68
1994,3,13,-18.175,147.425,2.430939226519337,28.91
1994,3,14,-18.175,147.425,2.408839779005525,28.82
1994,3,15,-18.175,147.425,2.386740331491713,28.58
1994,3,16,-18.175,147.425,2.3646408839779007,28.43
1994,3,17,-18.175,147.425,2.342541436464088,29.09
1994,3,18,-18.175,147.425,2.320441988950276,29.36
1994,3,19,-18.175,147.425,2.298342541436464,28.94
1994,3,20,-18.175,147.425,2.276243093922652,28.76
1994,3,21,-18.175,147.425,2.25414364640884,28.62
1994,3,22,-18.175,147.425,2.2320441988950277,28.02
1994,3,23,-18.175,147.425,2.2099447513812156,27.35
1994,3,24,-18.175,147.425,2.1878453038674035,26.88
1994,3,25,-18.175,147.425,2.165745856353591,27.37
1994,3,26,-18.175,147.425,2.143646408839779,27.04
1994,3,27,-18.175,147.425,2.1215469613259668,27.13
1994,3,28,-18.175,147.425,2.0994475138121547,27.12
1994,3,29,-18.175,147.425,2.0773480662983426,27.12
1994,3,30,-18.175,147.425,2.0552486187845305,26.71
1994,3,31,-18.175,147.425,2.0331491712707184,26.57
1994,4,1,-18.175,147.425,2.0110497237569063,26.86
1994,4,2,-18.175,147.425,1.988950276243094,27.13
1994,4,3,-18.175,147.425,1.9668508287292819,27.41
1994,4,4,-18.175,147.425,1.9447513812154695,27.59
1994,4,5,-18.175,147.425,1.9226519337016574,27.98
1994,4,6,-18.175,147.425,1.9005524861878453,28.34
1994,4,7,-18.175,147.425,1.8784530386740332,29.26
1994,4,8,-18.175,147.425,1.856353591160221,28.87
1994,4,9,-18.175,147.425,1.8342541436464088,29.11
1994,4,10,-18.175,147.425,1.8121546961325967,29.26
1994,4,11,-18.175,147.425,1.7900552486187846,28.65
1994,4,12,-18.175,147.425,1.7679558011049723,27.92
1994,4,13,-18.175,147.425,1.7458563535911602,27.52
1994,4,14,-18.175,147.425,1.723756906077348,27.28
1994,4,15,-18.175,147.425,1.701657458563536,26.98
1994,4,16,-18.175,147.425,1.6795580110497237,26.7
1994,4,17,-18.175,147.425,1.6574585635359116,26.32
1994,4,18,-18.175,147.425,1.6353591160220995,26.38
1994,4,19,-18.175,147.425,1.6132596685082874,26.57
1994,4,20,-18.175,147.425,1.591160220994475,26.58
1994,4,21,-18.175,147.425,1.569060773480663,26.39
1994,4,22,-18.175,147.425,1.5469613259668509,26.26
1994,4,23,-18.175,147.425,1.5248618784530388,26.47
1994,4,24,-18.175,147.425,1.5027624309392265,26.35
1994,4,25,-18.175,147.425,1.4806629834254144,26.41
1994,4,26,-18.175,147.425,1.4585635359116023,26.52
1994,4,27,-18.175,147.425,1.4364640883977902,26.45
1994,4,28,-18.175,147.425,1.4143646408839778,26.12
1994,4,29,-18.175,147.425,1.3922651933701657,26.23
1994,4,30,-18.175,147.425,1.3701657458563536,26.32
1994,5,1,-18.175,147.425,1.3480662983425415,26.25
1994,5,2,-18.175,147.425,1.3259668508287292,25.95
1994,5,3,-18.175,147.425,1.3038674033149171,25.93
1994,5,4,-18.175,147.425,1.281767955801105,25.87
1994,5,5,-18.175,147.425,1.2596685082872927,25.76
1994,5,6,-18.175,147.425,1.2375690607734806,25.83
1994,5,7,-18.175,147.425,1.2154696132596685,26.22
1994,5,8,-18.175,147.425,1.1933701657458564,25.38
1994,5,9,-18.175,147.425,1.171270718232044,25.39
1994,5,10,-18.175,147.425,1.149171270718232,25.49
1994,5,11,-18.175,147.425,1.12707182320442,25.6
1994,5,12,-18.175,147.425,1.1049723756906078,25.68
1994,5,13,-18.175,147.425,1.0828729281767955,25.69
1994,5,14,-18.175,147.425,1.0607734806629834,25.74
1994,5,15,-18.175,147.425,1.0386740331491713,25.85
1994,5,16,-18.175,147.425,1.0165745856353592,25.97
1994,5,17,-18.175,147.425,0.994475138121547,26.03
1994,5,18,-18.175,147.425,0.9723756906077348,25.86
1994,5,19,-18.175,147.425,0.9502762430939227,25.5
1994,5,20,-18.175,147.425,0.9281767955801105,25.24
1994,5,21,-18.175,147.425,0.9060773480662984,25.4
1994,5,22,-18.175,147.425,0.8839779005524862,25.09
1994,5,23,-18.175,147.425,0.861878453038674,25.33
1994,5,24,-18.175,147.425,0.8397790055248618,25.38
1994,5,25,-18.175,147.425,0.8176795580110497,25.1
1994,5,26,-18.175,147.425,0.7955801104972375,25.22
1994,5,27,-18.175,147.425,0.7734806629834254,25.37
1994,5,28,-18.175,147.425,0.7513812154696132,25.36
1994,5,29,-18.175,147.425,0.7292817679558011,25.54
1994,5,30,-18.175,147.425,0.7071823204419889,25.06
1994,5,31,-18.175,147.425,0.6850828729281768,24.66
1994,6,1,-18.175,147.425,0.6629834254143646,24.52
1994,6,2,-18.175,147.425,0.6408839779005525,24.5
1994,6,3,-18.175,147.425,0.6187845303867403,24.57
1994,6,4,-18.175,147.425,0.5966850828729282,24.58
1994,6,5,-18.175,147.425,0.574585635359116,24.67
1994,6,6,-18.175,147.425,0.5524861878453039,24.46
1994,6,7,-18.175,147.425,0.5303867403314917,24.38
1994,6,8,-18.175,147.425,0.5082872928176796,24.12
1994,6,9,-18.175,147.425,0.4861878453038674,24.04
1994,6,10,-18.175,147.425,0.46408839779005523,22.85
1994,6,11,-18.175,147.425,0.4419889502762431,22.74
1994,6,12,-18.175,147.425,0.4198895027624309,22.57
1994,6,13,-18.175,147.425,0.39779005524861877,24.32
1994,6,14,-18.175,147.425,0.3756906077348066,24.34
1994,6,15,-18.175,147.425,0.35359116022099446,24.12
1994,6,16,-18.175,147.425,0.3314917127071823,24.24
1994,6,17,-18.175,147.425,0.30939226519337015,24.26
1994,6,18,-18.175,147.425,0.287292817679558,24.26
1994,6,19,-18.175,147.425,0.26519337016574585,23.92
1994,6,20,-18.175,147.425,0.2430939226519337,24.22
1994,6,21,-18.175,147.425,0.22099447513812154,23.83
1994,6,22,-18.175,147.425,0.19889502762430938,23.73
1994,6,23,-18.175,147.425,0.17679558011049723,23.94
1994,6,24,-18.175,147.425,0.15469613259668508,24.18
1994,6,25,-18.175,147.425,0.13259668508287292,23.88
1994,6,26,-18.175,147.425,0.11049723756906077,23.54
1994,6,27,-18.175,147.425,0.08839779005524862,24.96
1994,6,28,-18.175,147.425,0.06629834254143646,25.13
1994,6,29,-18.175,147.425,0.04419889502762431,24.63
1994,6,30,-18.175,147.425,0.022099447513812154,24.43
1994,7,1,-18.175,147.425,0.0,24.75
1994,7,2,-18.175,147.425,0.0,24.53
1994,7,3,-18.175,147.425,0.0,24.51
1994,7,4,-18.175,147.425,0.022099447513812154,24.51
1994,7,5,-18.175,147.425,0.04419889502762431,25.05
1994,7,6,-18.175,147.425,0.06629834254143646,25.15
1994,7,7,-18.175,147.425,0.08839779005524862,24.9
1994,7,8,-18.175,147.425,0.11049723756906077,24.49
1994,7,9,-18.175,147.425,0.13259668508287292,24.29
1994,7,10,-18.175,147.425,0.15469613259668508,24.29
1994,7,11,-18.175,147.425,0.17679558011049723,24.47
1994,7,12,-18.175,147.425,0.19889502762430938,24.49
1994,7,13,-18.175,147.425,0.22099447513812154,24.75
1994,7,14,-18.175,147.425,0.2430939226519337,24.54
1994,7,15,-18.175,147.425,0.26519337016574585,23.96
1994,7,16,-18.175,147.425,0.287292817679558,23.65
1994,7,17,-18.175,147.425,0.30939226519337015,24.67
1994,7,18,-18.175,147.425,0.3314917127071823,24.84
1994,7,19,-18.175,147.425,0.35359116022099446,24.96
1994,7,20,-18.175,147.425,0.3756906077348066,24.64
1994,7,21,-18.175,147.425,0.39779005524861877,24.62
1994,7,22,-18.175,147.425,0.4198895027624309,23.87
1994,7,23,-18.175,147.425,0.4419889502762431,24.03
1994,7,24,-18.175,147.425,0.46408839779005523,24.06
1994,7,25,-18.175,147.425,0.4861878453038674,24.03
1994,7,26,-18.175,147.425,0.5082872928176796,24.46
1994,7,27,-18.175,147.425,0.5303867403314917,24.35
1994,7,28,-18.175,147.425,0.5524861878453039,24.4
1994,7,29,-18.175,147.425,0.574585635359116,24.36
1994,7,30,-18.175,147.425,0.5966850828729282,24.19
1994,7,31,-18.175,147.425,0.6187845303867403,24.13
1994,8,1,-18.175,147.425,0.6408839779005525,23.62
1994,8,2,-18.175,147.425,0.6629834254143646,23.28
1994,8,3,-18.175,147.425,0.6850828729281768,24.03
1994,8,4,-18.175,147.425,0.7071823204419889,23.97
1994,8,5,-18.175,147.425,0.7292817679558011,23.98
1994,8,6,-18.175,147.425,0.7513812154696132,23.88
1994,8,7,-18.175,147.425,0.7734806629834254,23.46
1994,8,8,-18.175,147.425,0.7955801104972375,23.55
1994,8,9,-18.175,147.425,0.8176795580110497,23.35
1994,8,10,-18.175,147.425,0.8397790055248618,23.23
1994,8,11,-18.175,147.425,0.861878453038674,23.38
1994,8,12,-18.175,147.425,0.8839779005524862,23.24
1994,8,13,-18.175,147.425,0.9060773480662984,23.16
1994,8,14,-18.175,147.425,0.9281767955801105,23.0
1994,8,15,-18.175,147.425,0.9502762430939227,22.98
1994,8,16,-18.175,147.425,0.9723756906077348,23.11
1994,8,17,-18.175,147.425,0.994475138121547,23.18
1994,8,18,-18.175,147.425,1.0165745856353592,23.32
1994,8,19,-18.175,147.425,1.0386740331491713,23.59
1994,8,20,-18.175,147.425,1.0607734806629834,24.07
1994,8,21,-18.175,147.425,1.0828729281767955,24.29
1994,8,22,-18.175,147.425,1.1049723756906078,24.32
1994,8,23,-18.175,147.425,1.12707182320442,23.98
1994,8,24,-18.175,147.425,1.149171270718232,23.54
1994,8,25,-18.175,147.425,1.171270718232044,23.18
1994,8,26,-18.175,147.425,1.1933701657458564,22.76
1994,8,27,-18.175,147.425,1.2154696132596685,22.8
1994,8,28,-18.175,147.425,1.2375690607734806,22.83
1994,8,29,-18.175,147.425,1.2596685082872927,22.95
1994,8,30,-18.175,147.425,1.281767955801105,23.1
1994,8,31,-18.175,147.425,1.3038674033149171,23.93
1994,9,1,-18.175,147.425,1.3259668508287292,23.52
1994,9,2,-18.175,147.425,1.3480662983425415,23.26
1994,9,3,-18.175,147.425,1.3701657458563536,23.38
1994,9,4,-18.175,147.425,1.3922651933701657,23.74
1994,9,5,-18.175,147.425,1.4143646408839778,23.65
1994,9,6,-18.175,147.425,1.4364640883977902,23.77
1994,9,7,-18.175,147.425,1.4585635359116023,23.51
1994,9,8,-18.175,147.425,1.4806629834254144,23.65
1994,9,9,-18.175,147.425,1.5027624309392265,23.65
1994,9,10,-18.175,147.425,1.5248618784530388,23.96
1994,9,11,-18.175,147.425,1.5469613259668509,24.05
1994,9,12,-18.175,147.425,1.569060773480663,24.16
1994,9,13,-18.175,147.425,1.591160220994475,23.37
1994,9,14,-18.175,147.425,1.6132596685082874,22.92
1994,9,15,-18.175,147.425,1.6353591160220995,23.29
1994,9,16,-18.175,147.425,1.6574585635359116,24.03
1994,9,17,-18.175,147.425,1.6795580110497237,24.32
1994,9,18,-18.175,147.425,1.701657458563536,24.4
1994,9,19,-18.175,147.425,1.723756906077348,24.37
1994,9,20,-18.175,147.425,1.7458563535911602,24.97
1994,9,21,-18.175,147.425,1.7679558011049723,24.33
1994,9,22,-18.175,147.425,1.7900552486187846,24.13
1994,9,23,-18.175,147.425,1.8121546961325967,24.55
1994,9,24,-18.175,147.425,1.8342541436464088,24.08
1994,9,25,-18.175,147.425,1.856353591160221,24.04
1994,9,26,-18.175,147.425,1.8784530386740332,23.66
1994,9,27,-18.175,147.425,1.9005524861878453,24.27
1994,9,28,-18.175,147.425,1.9226519337016574,24.91
1994,9,29,-18.175,147.425,1.9447513812154695,24.75
1994,9,30,-18.175,147.425,1.9668508287292819,24.73
1994,10,1,-18.175,147.425,1.988950276243094,25.05
1994,10,2,-18.175,147.425,2.0110497237569063,25.44
1994,10,3,-18.175,147.425,2.0331491712707184,25.49
1994,10,4,-18.175,147.425,2.0552486187845305,25.3
1994,10,5,-18.175,147.425,2.0773480662983426,25.75
1994,10,6,-18.175,147.425,2.0994475138121547,25.42
1994,10,7,-18.175,147.425,2.1215469613259668,25.43
1994,10,8,-18.175,147.425,2.143646408839779,25.03
1994,10,9,-18.175,147.425,2.165745856353591,24.96
1994,10,10,-18.175,147.425,2.1878453038674035,24.86
1994,10,11,-18.175,147.425,2.2099447513812156,25.31
1994,10,12,-18.175,147.425,2.2320441988950277,25.48
1994,10,13,-18.175,147.425,2.25414364640884,25.55
1994,10,14,-18.175,147.425,2.276243093922652,25.54
1994,10,15,-18.175,147.425,2.298342541436464,25.55
1994,10,16,-18.175,147.425,2.320441988950276,25.28
1994,10,17,-18.175,147.425,2.342541436464088,24.96
1994,10,18,-18.175,147.425,2.3646408839779007,24.96
1994,10,19,-18.175,147.425,2.386740331491713,25.19
1994,10,20,-18.175,147.425,2.408839779005525,25.19
1994,10,21,-18.175,147.425,2.430939226519337,25.84
1994,10,22,-18.175,147.425,2.453038674033149,25.3
1994,10,23,-18.175,147.425,2.4751381215469612,25.14
1994,10,24,-18.175,147.425,2.4972375690607733,25.19
1994,10,25,-18.175,147.425,2.5193370165745854,25.31
1994,10,26,-18.175,147.425,2.541436464088398,25.38
1994,10,27,-18.175,147.425,2.56353591160221,25.24
1994,10,28,-18.175,147.425,2.585635359116022,25.4
1994,10,29,-18.175,147.425,2.6077348066298343,25.32
1994,10,30,-18.175,147.425,2.6298342541436464,24.93
1994,10,31,-18.175,147.425,2.6519337016574585,25.37
1994,11,1,-18.175,147.425,2.6740331491712706,26.26
1994,11,2,-18.175,147.425,2.696132596685083,26.33
1994,11,3,-18.175,147.425,2.718232044198895,25.59
1994,11,4,-18.175,147.425,2.7403314917127073,25.15
1994,11,5,-18.175,147.425,2.7624309392265194,25.7
1994,11,6,-18.175,147.425,2.7845303867403315,25.65
1994,11,7,-18.175,147.425,2.8066298342541436,26.09
1994,11,8,-18.175,147.425,2.8287292817679557,26.46
1994,11,9,-18.175,147.425,2.850828729281768,26.42
1994,11,10,-18.175,147.425,2.8729281767955803,26.43
1994,11,11,-18.175,147.425,2.8950276243093924,26.6
1994,11,12,-18.175,147.425,2.9171270718232045,26.6
1994,11,13,-18.175,147.425,2.9392265193370166,26.51
1994,11,14,-18.175,147.425,2.9613259668508287,27.65
1994,11,15,-18.175,147.425,2.983425414364641,27.48
1994,11,16,-18.175,147.425,3.005524861878453,27.09
1994,11,17,-18.175,147.425,3.027624309392265,27.11
1994,11,18,-18.175,147.425,3.0497237569060776,27.43
1994,11,19,-18.175,147.425,3.0718232044198897,27.53
1994,11,20,-18.175,147.425,3.0939226519337018,27.48
1994,11,21,-18.175,147.425,3.116022099447514,27.42
1994,11,22,-18.175,147.425,3.138121546961326,27.51
1994,11,23,-18.175,147.425,3.160220994475138,26.89
1994,11,24,-18.175,147.425,3.18232044198895,26.75
1994,11,25,-18.175,147.425,3.2044198895027622,26.64
1994,11,26,-18.175,147.425,3.226519337016575,26.68
1994,11,27,-18.175,147.425,3.248618784530387,26.48
1994,11,28,-18.175,147.425,3.270718232044199,27.76
1994,11,29,-18.175,147.425,3.292817679558011,28.15
1994,11,30,-18.175,147.425,3.314917127071823,27.98
1994,12,1,-18.175,147.425,3.3370165745856353,27.15
1994,12,2,-18.175,147.425,3.3591160220994474,27.11
1994,12,3,-18.175,147.425,3.3812154696132595,26.85
1994,12,4,-18.175,147.425,3.403314917127072,27.01
1994,12,5,-18.175,147.425,3.425414364640884,27.13
1994,12,6,-18.175,147.425,3.447513812154696,27.64
1994,12,7,-18.175,147.425,3.4696132596685083,27.17
1994,12,8,-18.175,147.425,3.4917127071823204,27.38
1994,12,9,-18.175,147.425,3.5138121546961325,27.45
1994,12,10,-18.175,147.425,3.5359116022099446,27.59
1994,12,11,-18.175,147.425,3.5580110497237567,27.81
1994,12,12,-18.175,147.425,3.5801104972375692,27.99
1994,12,13,-18.175,147.425,3.6022099447513813,27.89
1994,12,14,-18.175,147.425,3.6243093922651934,27.77
1994,12,15,-18.175,147.425,3.6464088397790055,27.52
1994,12,16,-18.175,147.425,3.6685082872928176,26.68
1994,12,17,-18.175,147.425,3.6906077348066297,26.72
1994,12,18,-18.175,147.425,3.712707182320442,26.89
1994,12,19,-18.175,147.425,3.734806629834254,27.24
1994,12,20,-18.175,147.425,3.7569060773480665,27.23
1994,12,21,-18.175,147.425,3.7790055248618786,27.09
1994,12,22,-18.175,147.425,3.8011049723756907,26.81
1994,12,23,-18.175,147.425,3.8232044198895028,26.69
1994,12,24,-18.175,147.425,3.845303867403315,26.95
1994,12,25,-18.175,147.425,3.867403314917127,26.93
1994,12,26,-18.175,147.425,3.889502762430939,26.65
1994,12,27,-18.175,147.425,3.911602209944751,26.59
1994,12,28,-18.175,147.425,3.9337016574585637,26.7
1994,12,29,-18.175,147.425,3.955801104972376,26.74
1994,12,30,-18.175,147.425,3.977900552486188,27.11
1994,12,31,-18.175,147.425,4.0,27.14
1995,1,1,-18.175,147.425,4.0,27.28
1995,1,2,-18.175,147.425,3.977900552486188,27.54
1995,1,3,-18.175,147.425,3.955801104972376,27.81
1995,1,4,-18.175,147.425,3.9337016574585637,28.34
1995,1,5,-18.175,147.425,3.911602209944751,29.27
1995,1,6,-18.175,147.425,3.889502762430939,29.57
1995,1,7,-18.175,147.425,3.867403314917127,27.73
1995,1,8,-18.175,147.425,3.845303867403315,28.15
1995,1,9,-18.175,147.425,3.8232044198895028,28.36
1995,1,10,-18.175,147.425,3.8011049723756907,28.53
1995,1,11,-18.175,147.425,3.7790055248618786,28.55
1995,1,12,-18.175,147.425,3.7569060773480665,28.95
1995,1,13,-18.175,147.425,3.734806629834254,28.37
1995,1,14,-18.175,147.425,3.712707182320442,28.2
1995,1,15,-18.175,147.425,3.6906077348066297,28.06
1995,1,16,-18.175,147.425,3.6685082872928176,28.4
1995,1,17,-18.175,147.425,3.6464088397790055,28.44
1995,1,18,-18.175,147.425,3.6243093922651934,28.86
1995,1,19,-18.175,147.425,3.6022099447513813,28.71
1995,1,20,-18.175,147.425,3.5801104972375692,28.66
1995,1,21,-18.175,147.425,3.5580110497237567,28.72
1995,1,22,-18.175,147.425,3.5359116022099446,28.71
1995,1,23,-18.175,147.425,3.5138121546961325,28.59
1995,1,24,-18.175,147.425,3.4917127071823204,27.62
1995,1,25,-18.175,147.425,3.4696132596685083,28.39
1995,1,26,-18.175,147.425,3.447513812154696,28.64
1995,1,27,-18.175,147.425,3.425414364640884,28.67
1995,1,28,-18.175,147.425,3.403314917127072,28.8
1995,1,29,-18.175,147.425,3.3812154696132595,28.74
1995,1,30,-18.175,147.425,3.3591160220994474,29.05
1995,1,31,-18.175,147.425,3.3370165745856353,29.28
1995,2,1,-18.175,147.425,3.314917127071823,29.2
1995,2,2,-18.175,147.425,3.292817679558011,29.06
1995,2,3,-18.175,147.425,3.270718232044199,28.68
1995,2,4,-18.175,147.425,3.248618784530387,28.16
1995,2,5,-18.175,147.425,3.226519337016575,28.63
1995,2,6,-18.175,147.425,3.2044198895027622,28.89
1995,2,7,-18.175,147.425,3.18232044198895,29.27
1995,2,8,-18.175,147.425,3.160220994475138,30.0
1995,2,9,-18.175,147.425,3.138121546961326,30.31
1995,2,10,-18.175,147.425,3.116022099447514,29.92
1995,2,11,-18.175,147.425,3.0939226519337018,29.8
1995,2,12,-18.175,147.425,3.0718232044198897,29.71
1995,2,13,-18.175,147.425,3.0497237569060776,28.76
1995,2,14,-18.175,147.425,3.027624309392265,28.5
1995,2,15,-18.175,147.425,3.005524861878453,28.47
1995,2,16,-18.175,147.425,2.983425414364641,28.34
1995,2,17,-18.175,147.425,2.9613259668508287,29.03
1995,2,18,-18.175,147.425,2.9392265193370166,28.81
1995,2,19,-18.175,147.425,2.9171270718232045,29.29
1995,2,20,-18.175,147.425,2.8950276243093924,29.35
1995,2,21,-18.175,147.425,2.8729281767955803,29.87
1995,2,22,-18.175,147.425,2.850828729281768,29.51
1995,2,23,-18.175,147.425,2.8287292817679557,29.47
1995,2,24,-18.175,147.425,2.8066298342541436,29.25
1995,2,25,-18.175,147.425,2.7845303867403315,29.0
1995,2,26,-18.175,147.425,2.7624309392265194,28.78
1995,2,27,-18.175,147.425,2.7403314917127073,28.34
1995,2,28,-18.175,147.425,2.718232044198895,28.16
1995,3,1,-18.175,147.425,2.696132596685083,28.06
1995,3,2,-18.175,147.425,2.6740331491712706,28.15
1995,3,3,-18.175,147.425,2.6519337016574585,28.22
1995,3,4,-18.175,147.425,2.6298342541436464,27.95
1995,3,5,-18.175,147.425,2.6077348066298343,27.35
1995,3,6,-18.175,147.425,2.585635359116022,26.87
1995,3,7,-18.175,147.425,2.56353591160221,26.68
1995,3,8,-18.175,147.425,2.541436464088398,26.56
1995,3,9,-18.175,147.425,2.5193370165745854,26.68
1995,3,10,-18.175,147.425,2.4972375690607733,26.82
1995,3,11,-18.175,147.425,2.4751381215469612,26.79
1995,3,12,-18.175,147.425,2.453038674033149,26.95
1995,3,13,-18.175,147.425,2.430939226519337,26.9
1995,3,14,-18.175,147.425,2.408839779005525,26.96
1995,3,15,-18.175,147.425,2.386740331491713,26.94
1995,3,16,-18.175,147.425,2.3646408839779007,27.35
1995,3,17,-18.175,147.425,2.342541436464088,27.51
1995,3,18,-18.175,147.425,2.320441988950276,27.63
1995,3,19,-18.175,147.425,2.298342541436464,27.52
1995,3,20,-18.175,147.425,2.276243093922652,27.68
1995,3,21,-18.175,147.425,2.25414364640884,27.65
1995,3,22,-18.175,147.425,2.2320441988950277,27.72
1995,3,23,-18.175,147.425,2.2099447513812156,27.97
1995,3,24,-18.175,147.425,2.1878453038674035,27.97
1995,3,25,-18.175,147.425,2.165745856353591,27.52
1995,3,26,-18.175,147.425,2.143646408839779,27.87
1995,3,27,-18.175,147.425,2.1215469613259668,27.87
1995,3,28,-18.175,147.425,2.0994475138121547,27.82
1995,3,29,-18.175,147.425,2.0773480662983426,27.87
1995,3,30,-18.175,147.425,2.0552486187845305,28.68
1995,3,31,-18.175,147.425,2.0331491712707184,28.61
1995,4,1,-18.175,147.425,2.0110497237569063,28.19
1995,4,2,-18.175,147.425,1.988950276243094,28.0
1995,4,3,-18.175,147.425,1.9668508287292819,28.52
1995,4,4,-18.175,147.425,1.9447513812154695,28.8
1995,4,5,-18.175,147.425,1.9226519337016574,28.77
1995,4,6,-18.175,147.425,1.9005524861878453,28.27
1995,4,7,-18.175,147.425,1.8784530386740332,27.65
1995,4,8,-18.175,147.425,1.856353591160221,27.29
1995,4,9,-18.175,147.425,1.8342541436464088,27.91
1995,4,10,-18.175,147.425,1.8121546961325967,28.3
1995,4,11,-18.175,147.425,1.7900552486187846,28.41
1995,4,12,-18.175,147.425,1.7679558011049723,28.34
1995,4,13,-18.175,147.425,1.7458563535911602,28.23
1995,4,14,-18.175,147.425,1.723756906077348,28.11
1995,4,15,-18.175,147.425,1.701657458563536,28.01
1995,4,16,-18.175,147.425,1.6795580110497237,27.93
1995,4,17,-18.175,147.425,1.6574585635359116,27.71
1995,4,18,-18.175,147.425,1.6353591160220995,27.47
1995,4,19,-18.175,147.425,1.6132596685082874,27.39
1995,4,20,-18.175,147.425,1.591160220994475,27.15
1995,4,21,-18.175,147.425,1.569060773480663,27.17
1995,4,22,-18.175,147.425,1.5469613259668509,27.26
1995,4,23,-18.175,147.425,1.5248618784530388,27.53
1995,4,24,-18.175,147.425,1.5027624309392265,27.58
1995,4,25,-18.175,147.425,1.4806629834254144,27.54
1995,4,26,-18.175,147.425,1.4585635359116023,27.36
1995,4,27,-18.175,147.425,1.4364640883977902,27.11
1995,4,28,-18.175,147.425,1.4143646408839778,27.05
1995,4,29,-18.175,147.425,1.3922651933701657,26.88
1995,4,30,-18.175,147.425,1.3701657458563536,27.08
1995,5,1,-18.175,147.425,1.3480662983425415,27.52
1995,5,2,-18.175,147.425,1.3259668508287292,27.46
1995,5,3,-18.175,147.425,1.3038674033149171,27.23
1995,5,4,-18.175,147.425,1.281767955801105,26.98
1995,5,5,-18.175,147.425,1.2596685082872927,26.96
1995,5,6,-18.175,147.425,1.2375690607734806,26.84
1995,5,7,-18.175,147.425,1.2154696132596685,26.71
1995,5,8,-18.175,147.425,1.1933701657458564,26.78
1995,5,9,-18.175,147.425,1.171270718232044,26.63
1995,5,10,-18.175,147.425,1.149171270718232,26.52
1995,5,11,-18.175,147.425,1.12707182320442,26.44
1995,5,12,-18.175,147.425,1.1049723756906078,27.67
1995,5,13,-18.175,147.425,1.0828729281767955,27.66
1995,5,14,-18.175,147.425,1.0607734806629834,27.73
1995,5,15,-18.175,147.425,1.0386740331491713,27.7
1995,5,16,-18.175,147.425,1.0165745856353592,27.15
1995,5,17,-18.175,147.425,0.994475138121547,27.24
1995,5,18,-18.175,147.425,0.9723756906077348,26.81
1995,5,19,-18.175,147.425,0.9502762430939227,26.94
1995,5,20,-18.175,147.425,0.9281767955801105,26.39
1995,5,21,-18.175,147.425,0.9060773480662984,26.14
1995,5,22,-18.175,147.425,0.8839779005524862,25.64
1995,5,23,-18.175,147.425,0.861878453038674,25.97
1995,5,24,-18.175,147.425,0.8397790055248618,25.89
1995,5,25,-18.175,147.425,0.8176795580110497,26.94
1995,5,26,-18.175,147.425,0.7955801104972375,26.74
1995,5,27,-18.175,147.425,0.7734806629834254,26.42
1995,5,28,-18.175,147.425,0.7513812154696132,26.02
1995,5,29,-18.175,147.425,0.7292817679558011,26.04
1995,5,30,-18.175,147.425,0.7071823204419889,26.01
1995,5,31,-18.175,147.425,0.6850828729281768,25.63
1995,6,1,-18.175,147.425,0.6629834254143646,25.68
1995,6,2,-18.175,147.425,0.6408839779005525,25.7
1995,6,3,-18.175,147.425,0.6187845303867403,25.7
1995,6,4,-18.175,147.425,0.5966850828729282,25.44
1995,6,5,-18.175,147.425,0.574585635359116,25.44
1995,6,6,-18.175,147.425,0.5524861878453039,25.5
1995,6,7,-18.175,147.425,0.5303867403314917,25.54
1995,6,8,-18.175,147.425,0.5082872928176796,25.39
1995,6,9,-18.175,147.425,0.4861878453038674,25.24
1995,6,10,-18.175,147.425,0.46408839779005523,25.0
1995,6,11,-18.175,147.425,0.4419889502762431,25.22
1995,6,12,-18.175,147.425,0.4198895027624309,25.2
1995,6,13,-18.175,147.425,0.39779005524861877,25.26
1995,6,14,-18.175,147.425,0.3756906077348066,25.34
1995,6,15,-18.175,147.425,0.35359116022099446,25.33
1995,6,16,-18.175,147.425,0.3314917127071823,25.65
1995,6,17,-18.175,147.425,0.30939226519337015,25.25
1995,6,18,-18.175,147.425,0.287292817679558,25.29
1995,6,19,-18.175,147.425,0.26519337016574585,25.32
1995,6,20,-18.175,147.425,0.2430939226519337,24.62
1995,6,21,-18.175,147.425,0.22099447513812154,24.62
1995,6,22,-18.175,147.425,0.19889502762430938,24.63
1995,6,23,-18.175,147.425,0.17679558011049723,24.25
1995,6,24,-18.175,147.425,0.15469613259668508,24.3
1995,6,25,-18.175,147.425,0.13259668508287292,24.24
1995,6,26,-18.175,147.425,0.11049723756906077,23.95
1995,6,27,-18.175,147.425,0.08839779005524862,23.94
1995,6,28,-18.175,147.425,0.06629834254143646,23.62
1995,6,29,-18.175,147.425,0.04419889502762431,23.72
1995,6,30,-18.175,147.425,0.022099447513812154,24.08
1995,7,1,-18.175,147.425,0.0,24.11
1995,7,2,-18.175,147.425,0.0,24.05
1995,7,3,-18.175,147.425,0.0,24.03
1995,7,4,-18.175,147.425,0.022099447513812154,23.84
1995,7,5,-18.175,147.425,0.04419889502762431,23.66
1995,7,6,-18.175,147.425,0.06629834254143646,23.75
1995,7,7,-18.175,147.425,0.08839779005524862,23.77
1995,7,8,-18.175,147.425,0.11049723756906077,23.74
1995,7,9,-18.175,147.425,0.13259668508287292,24.18
1995,7,10,-18.175,147.425,0.15469613259668508,24.24
1995,7,11,-18.175,147.425,0.17679558011049723,24.08
1995,7,12,-18.175,147.425,0.19889502762430938,23.81
1995,7,13,-18.175,147.425,0.22099447513812154,24.01
1995,7,14,-18.175,147.425,0.2430939226519337,24.27
1995,7,15,-18.175,147.425,0.26519337016574585,24.35
1995,7,16,-18.175,147.425,0.287292817679558,23.74
1995,7,17,-18.175,147.425,0.30939226519337015,23.79
1995,7,18,-18.175,147.425,0.3314917127071823,23.13
1995,7,19,-18.175,147.425,0.35359116022099446,24.33
1995,7,20,-18.175,147.425,0.3756906077348066,24.47
1995,7,21,-18.175,147.425,0.39779005524861877,24.5
1995,7,22,-18.175,147.425,0.4198895027624309,24.5
1995,7,23,-18.175,147.425,0.4419889502762431,24.38
1995,7,24,-18.175,147.425,0.46408839779005523,24.4
1995,7,25,-18.175,147.425,0.4861878453038674,24.14
1995,7,26,-18.175,147.425,0.5082872928176796,24.54
1995,7,27,-18.175,147.425,0.5303867403314917,24.49
1995,7,28,-18.175,147.425,0.5524861878453039,24.29
1995,7,29,-18.175,147.425,0.574585635359116,24.25
1995,7,30,-18.175,147.425,0.5966850828729282,23.85
1995,7,31,-18.175,147.425,0.6187845303867403,23.62
1995,8,1,-18.175,147.425,0.6408839779005525,23.82
1995,8,2,-18.175,147.425,0.6629834254143646,23.87
1995,8,3,-18.175,147.425,0.6850828729281768,23.89
1995,8,4,-18.175,147.425,0.7071823204419889,23.71
1995,8,5,-18.175,147.425,0.7292817679558011,23.59
1995,8,6,-18.175,147.425,0.7513812154696132,23.67
1995,8,7,-18.175,147.425,0.7734806629834254,23.57
1995,8,8,-18.175,147.425,0.7955801104972375,23.58
1995,8,9,-18.175,147.425,0.8176795580110497,23.57
1995,8,10,-18.175,147.425,0.8397790055248618,23.81
1995,8,11,-18.175,147.425,0.861878453038674,23.72
1995,8,12,-18.175,147.425,0.8839779005524862,23.07
1995,8,13,-18.175,147.425,0.9060773480662984,22.85
1995,8,14,-18.175,147.425,0.9281767955801105,23.06
1995,8,15,-18.175,147.425,0.9502762430939227,23.01
1995,8,16,-18.175,147.425,0.9723756906077348,22.98
1995,8,17,-18.175,147.425,0.994475138121547,23.01
1995,8,18,-18.175,147.425,1.0165745856353592,22.87
1995,8,19,-18.175,147.425,1.0386740331491713,22.82
1995,8,20,-18.175,147.425,1.0607734806629834,22.89
1995,8,21,-18.175,147.425,1.0828729281767955,22.99
1995,8,22,-18.175,147.425,1.1049723756906078,23.0
1995,8,23,-18.175,147.425,1.12707182320442,23.33
1995,8,24,-18.175,147.425,1.149171270718232,23.34
1995,8,25,-18.175,147.425,1.171270718232044,23.35
1995,8,26,-18.175,147.425,1.1933701657458564,23.32
1995,8,27,-18.175,147.425,1.2154696132596685,23.26
1995,8,28,-18.175,147.425,1.2375690607734806,23.19
1995,8,29,-18.175,147.425,1.2596685082872927,23.37
1995,8,30,-18.175,147.425,1.281767955801105,23.47
1995,8,31,-18.175,147.425,1.3038674033149171,23.56
1995,9,1,-18.175,147.425,1.3259668508287292,23.6
1995,9,2,-18.175,147.425,1.3480662983425415,23.52
1995,9,3,-18.175,147.425,1.3701657458563536,23.63
1995,9,4,-18.175,147.425,1.3922651933701657,23.67
1995,9,5,-18.175,147.425,1.4143646408839778,23.29
1995,9,6,-18.175,147.425,1.4364640883977902,23.27
1995,9,7,-18.175,147.425,1.4585635359116023,23.2
1995,9,8,-18.175,147.425,1.4806629834254144,23.73
1995,9,9,-18.175,147.425,1.5027624309392265,23.79
1995,9,10,-18.175,147.425,1.5248618784530388,23.81
1995,9,11,-18.175,147.425,1.5469613259668509,23.81
1995,9,12,-18.175,147.425,1.569060773480663,23.86
1995,9,13,-18.175,147.425,1.591160220994475,23.94
1995,9,14,-18.175,147.425,1.6132596685082874,24.0
1995,9,15,-18.175,147.425,1.6353591160220995,24.08
1995,9,16,-18.175,147.425,1.6574585635359116,24.24
1995,9,17,-18.175,147.425,1.6795580110497237,24.32
1995,9,18,-18.175,147.425,1.701657458563536,24.2
1995,9,19,-18.175,147.425,1.723756906077348,24.06
1995,9,20,-18.175,147.425,1.7458563535911602,23.8
1995,9,21,-18.175,147.425,1.7679558011049723,23.56
1995,9,22,-18.175,147.425,1.7900552486187846,23.91
1995,9,23,-18.175,147.425,1.8121546961325967,24.27
1995,9,24,-18.175,147.425,1.8342541436464088,24.39
1995,9,25,-18.175,147.425,1.856353591160221,24.41
1995,9,26,-18.175,147.425,1.8784530386740332,24.41
1995,9,27,-18.175,147.425,1.9005524861878453,24.39
1995,9,28,-18.175,147.425,1.9226519337016574,24.47
1995,9,29,-18.175,147.425,1.9447513812154695,24.54
1995,9,30,-18.175,147.425,1.9668508287292819,24.68
1995,10,1,-18.175,147.425,1.988950276243094,24.7
1995,10,2,-18.175,147.425,2.0110497237569063,24.49
1995,10,3,-18.175,147.425,2.0331491712707184,24.8
1995,10,4,-18.175,147.425,2.0552486187845305,24.77
1995,10,5,-18.175,147.425,2.0773480662983426,24.85
1995,10,6,-18.175,147.425,2.0994475138121547,24.95
1995,10,7,-18.175,147.425,2.1215469613259668,25.33
1995,10,8,-18.175,147.425,2.143646408839779,25.24
1995,10,9,-18.175,147.425,2.165745856353591,25.39
1995,10,10,-18.175,147.425,2.1878453038674035,25.27
1995,10,11,-18.175,147.425,2.2099447513812156,24.67
1995,10,12,-18.175,147.425,2.2320441988950277,24.49
1995,10,13,-18.175,147.425,2.25414364640884,25.17
1995,10,14,-18.175,147.425,2.276243093922652,25.19
1995,10,15,-18.175,147.425,2.298342541436464,25.26
1995,10,16,-18.175,147.425,2.320441988950276,25.2
1995,10,17,-18.175,147.425,2.342541436464088,25.08
1995,10,18,-18.175,147.425,2.3646408839779007,24.92
1995,10,19,-18.175,147.425,2.386740331491713,24.85
1995,10,20,-18.175,147.425,2.408839779005525,24.84
1995,10,21,-18.175,147.425,2.430939226519337,24.84
1995,10,22,-18.175,147.425,2.453038674033149,25.43
1995,10,23,-18.175,147.425,2.4751381215469612,25.59
1995,10,24,-18.175,147.425,2.4972375690607733,25.56
1995,10,25,-18.175,147.425,2.5193370165745854,25.64
1995,10,26,-18.175,147.425,2.541436464088398,25.67
1995,10,27,-18.175,147.425,2.56353591160221,25.64
1995,10,28,-18.175,147.425,2.585635359116022,25.71
1995,10,29,-18.175,147.425,2.6077348066298343,25.95
1995,10,30,-18.175,147.425,2.6298342541436464,25.98
1995,10,31,-18.175,147.425,2.6519337016574585,26.28
1995,11,1,-18.175,147.425,2.6740331491712706,26.48
1995,11,2,-18.175,147.425,2.696132596685083,26.43
1995,11,3,-18.175,147.425,2.718232044198895,26.42
1995,11,4,-18.175,147.425,2.7403314917127073,26.72
1995,11,5,-18.175,147.425,2.7624309392265194,26.78
1995,11,6,-18.175,147.425,2.7845303867403315,26.78
1995,11,7,-18.175,147.425,2.8066298342541436,27.1
1995,11,8,-18.175,147.425,2.8287292817679557,27.01
1995,11,9,-18.175,147.425,2.850828729281768,26.95
1995,11,10,-18.175,147.425,2.8729281767955803,26.97
1995,11,11,-18.175,147.425,2.8950276243093924,27.19
1995,11,12,-18.175,147.425,2.9171270718232045,27.27
1995,11,13,-18.175,147.425,2.9392265193370166,27.36
1995,11,14,-18.175,147.425,2.9613259668508287,27.22
1995,11,15,-18.175,147.425,2.983425414364641,27.26
1995,11,16,-18.175,147.425,3.005524861878453,27.25
1995,11,17,-18.175,147.425,3.027624309392265,27.14
1995,11,18,-18.175,147.425,3.0497237569060776,27.13
1995,11,19,-18.175,147.425,3.0718232044198897,27.14
1995,11,20,-18.175,147.425,3.0939226519337018,27.09
1995,11,21,-18.175,147.425,3.116022099447514,27.16
1995,11,22,-18.175,147.425,3.138121546961326,28.09
1995,11,23,-18.175,147.425,3.160220994475138,28.25
1995,11,24,-18.175,147.425,3.18232044198895,28.16
1995,11,25,-18.175,147.425,3.2044198895027622,28.15
1995,11,26,-18.175,147.425,3.226519337016575,28.19
1995,11,27,-18.175,147.425,3.248618784530387,28.18
1995,11,28,-18.175,147.425,3.270718232044199,28.15
1995,11,29,-18.175,147.425,3.292817679558011,28.2
1995,11,30,-18.175,147.425,3.314917127071823,28.29
1995,12,1,-18.175,147.425,3.3370165745856353,28.26
1995,12,2,-18.175,147.425,3.3591160220994474,28.26
1995,12,3,-18.175,147.425,3.3812154696132595,28.33
1995,12,4,-18.175,147.425,3.403314917127072,28.35
1995,12,5,-18.175,147.425,3.425414364640884,28.36
1995,12,6,-18.175,147.425,3.447513812154696,28.71
1995,12,7,-18.175,147.425,3.4696132596685083,28.39
1995,12,8,-18.175,147.425,3.4917127071823204,28.24
1995,12,9,-18.175,147.425,3.5138121546961325,28.53
1995,12,10,-18.175,147.425,3.5359116022099446,28.71
1995,12,11,-18.175,147.425,3.5580110497237567,28.74
1995,12,12,-18.175,147.425,3.5801104972375692,29.01
1995,12,13,-18.175,147.425,3.6022099447513813,28.54
1995,12,14,-18.175,147.425,3.6243093922651934,28.51
1995,12,15,-18.175,147.425,3.6464088397790055,28.35
1995,12,16,-18.175,147.425,3.6685082872928176,28.58
1995,12,17,-18.175,147.425,3.6906077348066297,28.66
1995,12,18,-18.175,147.425,3.712707182320442,28.49
1995,12,19,-18.175,147.425,3.734806629834254,28.35
1995,12,20,-18.175,147.425,3.7569060773480665,28.61
1995,12,21,-18.175,147.425,3.7790055248618786,28.78
1995,12,22,-18.175,147.425,3.8011049723756907,28.78
1995,12,23,-18.175,147.425,3.8232044198895028,28.78
1995,12,24,-18.175,147.425,3.845303867403315,28.44
1995,12,25,-18.175,147.425,3.867403314917127,28.12
1995,12,26,-18.175,147.425,3.889502762430939,26.91
1995,12,27,-18.175,147.425,3.911602209944751,26.33
1995,12,28,-18.175,147.425,3.9337016574585637,26.97
1995,12,29,-18.175,147.425,3.955801104972376,28.18
1995,12,30,-18.175,147.425,3.977900552486188,28.62
1995,12,31,-18.175,147.425,4.0,28.39
1996,1,1,-18.175,147.425,4.0,28.38
1996,1,2,-18.175,147.425,3.977900552486188,28.38
1996,1,3,-18.175,147.425,3.955801104972376,28.38
1996,1,4,-18.175,147.425,3.9337016574585637,28.43
1996,1,5,-18.175,147.425,3.911602209944751,28.0
1996,1,6,-18.175,147.425,3.889502762430939,27.75
1996,1,7,-18.175,147.425,3.867403314917127,27.88
1996,1,8,-18.175,147.425,3.845303867403315,27.56
1996,1,9,-18.175,147.425,3.8232044198895028,28.11
1996,1,10,-18.175,147.425,3.8011049723756907,28.2
1996,1,11,-18.175,147.425,3.7790055248618786,28.38
1996,1,12,-18.175,147.425,3.7569060773480665,28.63
1996,1,13,-18.175,147.425,3.734806629834254,28.47
1996,1,14,-18.175,147.425,3.712707182320442,28.12
1996,1,15,-18.175,147.425,3.6906077348066297,27.6
1996,1,16,-18.175,147.425,3.6685082872928176,27.61
1996,1,17,-18.175,147.425,3.6464088397790055,27.84
1996,1,18,-18.175,147.425,3.6243093922651934,28.49
1996,1,19,-18.175,147.425,3.6022099447513813,28.44
1996,1,20,-18.175,147.425,3.5801104972375692,28.45
1996,1,21,-18.175,147.425,3.5580110497237567,28.26
1996,1,22,-18.175,147.425,3.5359116022099446,27.99
1996,1,23,-18.175,147.425,3.5138121546961325,27.91
1996,1,24,-18.175,147.425,3.4917127071823204,27.92
1996,1,25,-18.175,147.425,3.4696132596685083,27.86
1996,1,26,-18.175,147.425,3.447513812154696,28.01
1996,1,27,-18.175,147.425,3.425414364640884,28.26
1996,1,28,-18.175,147.425,3.403314917127072,28.45
1996,1,29,-18.175,147.425,3.3812154696132595,28.57
1996,1,30,-18.175,147.425,3.3591160220994474,28.89
1996,1,31,-18.175,147.425,3.3370165745856353,29.31
1996,2,1,-18.175,147.425,3.314917127071823,29.36
1996,2,2,-18.175,147.425,3.292817679558011,29.47
1996,2,3,-18.175,147.425,3.270718232044199,29.6
1996,2,4,-18.175,147.425,3.248618784530387,29.9
1996,2,5,-18.175,147.425,3.226519337016575,29.48
1996,2,6,-18.175,147.425,3.2044198895027622,28.57
1996,2,7,-18.175,147.425,3.18232044198895,28.54
1996,2,8,-18.175,147.425,3.160220994475138,28.52
1996,2,9,-18.175,147.425,3.138121546961326,28.53
1996,2,10,-18.175,147.425,3.116022099447514,28.38
1996,2,11,-18.175,147.425,3.0939226519337018,28.41
1996,2,12,-18.175,147.425,3.0718232044198897,29.08
1996,2,13,-18.175,147.425,3.0497237569060776,28.95
1996,2,14,-18.175,147.425,3.027624309392265,28.65
1996,2,15,-18.175,147.425,3.005524861878453,28.56
1996,2,16,-18.175,147.425,2.983425414364641,28.29
1996,2,17,-18.175,147.425,2.9613259668508287,28.39
1996,2,18,-18.175,147.425,2.9392265193370166,28.37
1996,2,19,-18.175,147.425,2.9171270718232045,27.72
1996,2,20,-18.175,147.425,2.8950276243093924,28.75
1996,2,21,-18.175,147.425,2.8729281767955803,28.73
1996,2,22,-18.175,147.425,2.850828729281768,28.83
1996,2,23,-18.175,147.425,2.8287292817679557,29.09
1996,2,24,-18.175,147.425,2.8066298342541436,28.98
1996,2,25,-18.175,147.425,2.7845303867403315,28.73
1996,2,26,-18.175,147.425,2.7624309392265194,28.58
1996,2,27,-18.175,147.425,2.7403314917127073,28.56
1996,2,28,-18.175,147.425,2.718232044198895,29.06
1996,2,29,-18.175,147.425,2.696132596685083,29.17
1996,3,1,-18.175,147.425,2.6740331491712706,28.84
1996,3,2,-18.175,147.425,2.6519337016574585,28.31
1996,3,3,-18.175,147.425,2.6298342541436464,28.24
1996,3,4,-18.175,147.425,2.6077348066298343,28.28
1996,3,5,-18.175,147.425,2.585635359116022,28.37
1996,3,6,-18.175,147.425,2.56353591160221,28.46
1996,3,7,-18.175,147.425,2.541436464088398,28.54
1996,3,8,-18.175,147.425,2.5193370165745854,27.97
1996,3,9,-18.175,147.425,2.4972375690607733,28.3
1996,3,10,-18.175,147.425,2.4751381215469612,28.55
1996,3,11,-18.175,147.425,2.453038674033149,28.66
1996,3,12,-18.175,147.425,2.430939226519337,27.45
1996,3,13,-18.175,147.425,2.408839779005525,27.33
1996,3,14,-18.175,147.425,2.386740331491713,27.01
1996,3,15,-18.175,147.425,2.3646408839779007,27.03
1996,3,16,-18.175,147.425,2.342541436464088,27.19
1996,3,17,-18.175,147.425,2.320441988950276,27.29
1996,3,18,-18.175,147.425,2.298342541436464,28.32
1996,3,19,-18.175,147.425,2.276243093922652,28.26
1996,3,20,-18.175,147.425,2.25414364640884,28.59
1996,3,21,-18.175,147.425,2.2320441988950277,28.38
1996,3,22,-18.175,147.425,2.2099447513812156,28.36
1996,3,23,-18.175,147.425,2.1878453038674035,28.04
1996,3,24,-18.175,147.425,2.165745856353591,28.67
1996,3,25,-18.175,147.425,2.143646408839779,28.56
1996,3,26,-18.175,147.425,2.1215469613259668,28.57
1996,3,27,-18.175,147.425,2.0994475138121547,28.39
1996,3,28,-18.175,147.425,2.0773480662983426,28.18
1996,3,29,-18.175,147.425,2.0552486187845305,28.03
1996,3,30,-18.175,147.425,2.0331491712707184,27.77
1996,3,31,-18.175,147.425,2.0110497237569063,27.86
1996,4,1,-18.175,147.425,1.988950276243094,27.94
1996,4,2,-18.175,147.425,1.9668508287292819,28.12
1996,4,3,-18.175,147.425,1.9447513812154695,28.01
1996,4,4,-18.175,147.425,1.9226519337016574,27.94
1996,4,5,-18.175,147.425,1.9005524861878453,27.84
1996,4,6,-18.175,147.425,1.8784530386740332,27.99
1996,4,7,-18.175,147.425,1.856353591160221,28.63
1996,4,8,-18.175,147.425,1.8342541436464088,28.4
1996,4,9,-18.175,147.425,1.8121546961325967,28.3
1996,4,10,-18.175,147.425,1.7900552486187846,27.47
1996,4,11,-18.175,147.425,1.7679558011049723,27.37
1996,4,12,-18.175,147.425,1.7458563535911602,27.36
1996,4,13,-18.175,147.425,1.723756906077348,27.1
1996,4,14,-18.175,147.425,1.701657458563536,28.05
1996,4,15,-18.175,147.425,1.6795580110497237,27.59
1996,4,16,-18.175,147.425,1.6574585635359116,27.38
1996,4,17,-18.175,147.425,1.6353591160220995,27.75
1996,4,18,-18.175,147.425,1.6132596685082874,27.93
1996,4,19,-18.175,147.425,1.591160220994475,27.9
1996,4,20,-18.175,147.425,1.569060773480663,27.81
1996,4,21,-18.175,147.425,1.5469613259668509,27.82
1996,4,22,-18.175,147.425,1.5248618784530388,27.5
1996,4,23,-18.175,147.425,1.5027624309392265,27.2
1996,4,24,-18.175,147.425,1.4806629834254144,27.55
1996,4,25,-18.175,147.425,1.4585635359116023,27.87
1996,4,26,-18.175,147.425,1.4364640883977902,27.95
1996,4,27,-18.175,147.425,1.4143646408839778,27.8
1996,4,28,-18.175,147.425,1.3922651933701657,27.7
1996,4,29,-18.175,147.425,1.3701657458563536,27.59
1996,4,30,-18.175,147.425,1.3480662983425415,27.31
1996,5,1,-18.175,147.425,1.3259668508287292,27.7
1996,5,2,-18.175,147.425,1.3038674033149171,28.51
1996,5,3,-18.175,147.425,1.281767955801105,27.53
1996,5,4,-18.175,147.425,1.2596685082872927,27.41
1996,5,5,-18.175,147.425,1.2375690607734806,27.31
1996,5,6,-18.175,147.425,1.2154696132596685,27.24
1996,5,7,-18.175,147.425,1.1933701657458564,27.05
1996,5,8,-18.175,147.425,1.171270718232044,26.85
1996,5,9,-18.175,147.425,1.149171270718232,26.67
1996,5,10,-18.175,147.425,1.12707182320442,26.62
1996,5,11,-18.175,147.425,1.1049723756906078,26.47
1996,5,12,-18.175,147.425,1.0828729281767955,26.37
1996,5,13,-18.175,147.425,1.0607734806629834,26.67
1996,5,14,-18.175,147.425,1.0386740331491713,27.3
1996,5,15,-18.175,147.425,1.0165745856353592,27.58
1996,5,16,-18.175,147.425,0.994475138121547,27.87
1996,5,17,-18.175,147.425,0.9723756906077348,27.77
1996,5,18,-18.175,147.425,0.9502762430939227,27.62
1996,5,19,-18.175,147.425,0.9281767955801105,27.47
1996,5,20,-18.175,147.425,0.9060773480662984,27.35
1996,5,21,-18.175,147.425,0.8839779005524862,27.33
1996,5,22,-18.175,147.425,0.861878453038674,27.19
1996,5,23,-18.175,147.425,0.8397790055248618,27.03
1996,5,24,-18.175,147.425,0.8176795580110497,26.81
1996,5,25,-18.175,147.425,0.7955801104972375,26.64
1996,5,26,-18.175,147.425,0.7734806629834254,26.47
1996,5,27,-18.175,147.425,0.7513812154696132,26.33
1996,5,28,-18.175,147.425,0.7292817679558011,26.19
1996,5,29,-18.175,147.425,0.7071823204419889,26.06
1996,5,30,-18.175,147.425,0.6850828729281768,25.89
1996,5,31,-18.175,147.425,0.6629834254143646,25.82
1996,6,1,-18.175,147.425,0.6408839779005525,25.5
1996,6,2,-18.175,147.425,0.6187845303867403,25.87
1996,6,3,-18.175,147.425,0.5966850828729282,25.98
1996,6,4,-18.175,147.425,0.574585635359116,26.06
1996,6,5,-18.175,147.425,0.5524861878453039,25.93
1996,6,6,-18.175,147.425,0.5303867403314917,25.91
1996,6,7,-18.175,147.425,0.5082872928176796,25.81
1996,6,8,-18.175,147.425,0.4861878453038674,25.73
1996,6,9,-18.175,147.425,0.46408839779005523,25.27
1996,6,10,-18.175,147.425,0.4419889502762431,25.13
1996,6,11,-18.175,147.425,0.4198895027624309,25.34
1996,6,12,-18.175,147.425,0.39779005524861877,25.45
1996,6,13,-18.175,147.425,0.3756906077348066,25.74
1996,6,14,-18.175,147.425,0.35359116022099446,25.17
1996,6,15,-18.175,147.425,0.3314917127071823,25.06
1996,6,16,-18.175,147.425,0.30939226519337015,24.96
1996,6,17,-18.175,147.425,0.287292817679558,25.29
1996,6,18,-18.175,147.425,0.26519337016574585,25.3
1996,6,19,-18.175,147.425,0.2430939226519337,25.44
1996,6,20,-18.175,147.425,0.22099447513812154,25.28
1996,6,21,-18.175,147.425,0.19889502762430938,25.2
1996,6,22,-18.175,147.425,0.17679558011049723,25.45
1996,6,23,-18.175,147.425,0.15469613259668508,25.26
1996,6,24,-18.175,147.425,0.13259668508287292,25.24
1996,6,25,-18.175,147.425,0.11049723756906077,25.34
1996,6,26,-18.175,147.425,0.08839779005524862,25.46
1996,6,27,-18.175,147.425,0.06629834254143646,25.29
1996,6,28,-18.175,147.425,0.04419889502762431,25.21
1996,6,29,-18.175,147.425,0.022099447513812154,25.36
1996,6,30,-18.175,147.425,0.0,25.25
1996,7,1,-18.175,147.425,0.0,25.24
1996,7,2,-18.175,147.425,0.0,25.23
1996,7,3,-18.175,147.425,0.0,25.31
1996,7,4,-18.175,147.425,0.022099447513812154,25.19
1996,7,5,-18.175,147.425,0.04419889502762431,25.18
1996,7,6,-18.175,147.425,0.06629834254143646,25.13
1996,7,7,-18.175,147.425,0.08839779005524862,25.08
1996,7,8,-18.175,147.425,0.11049723756906077,24.67
1996,7,9,-18.175,147.425,0.13259668508287292,24.78
1996,7,10,-18.175,147.425,0.15469613259668508,24.78
1996,7,11,-18.175,147.425,0.17679558011049723,24.77
1996,7,12,-18.175,147.425,0.19889502762430938,24.59
1996,7,13,-18.175,147.425,0.22099447513812154,24.46
1996,7,14,-18.175,147.425,0.2430939226519337,24.52
1996,7,15,-18.175,147.425,0.26519337016574585,23.99
1996,7,16,-18.175,147.425,0.287292817679558,24.24
1996,7,17,-18.175,147.425,0.30939226519337015,24.35
1996,7,18,-18.175,147.425,0.3314917127071823,24.27
1996,7,19,-18.175,147.425,0.35359116022099446,24.43
1996,7,20,-18.175,147.425,0.3756906077348066,24.39
1996,7,21,-18.175,147.425,0.39779005524861877,24.5
1996,7,22,-18.175,147.425,0.4198895027624309,24.54
1996,7,23,-18.175,147.425,0.4419889502762431,24.49
1996,7,24,-18.175,147.425,0.46408839779005523,24.53
1996,7,25,-18.175,147.425,0.4861878453038674,24.71
1996,7,26,-18.175,147.425,0.5082872928176796,24.76
1996,7,27,-18.175,147.425,0.5303867403314917,24.52
1996,7,28,-18.175,147.425,0.5524861878453039,24.54
1996,7,29,-18.175,147.425,0.574585635359116,24.48
1996,7,30,-18.175,147.425,0.5966850828729282,24.51
1996,7,31,-18.175,147.425,0.6187845303867403,24.49
1996,8,1,-18.175,147.425,0.6408839779005525,24.45
1996,8,2,-18.175,147.425,0.6629834254143646,23.38
1996,8,3,-18.175,147.425,0.6850828729281768,23.65
1996,8,4,-18.175,147.425,0.7071823204419889,24.22
1996,8,5,-18.175,147.425,0.7292817679558011,24.56
1996,8,6,-18.175,147.425,0.7513812154696132,24.86
1996,8,7,-18.175,147.425,0.7734806629834254,24.93
1996,8,8,-18.175,147.425,0.7955801104972375,25.15
1996,8,9,-18.175,147.425,0.8176795580110497,25.05
1996,8,10,-18.175,147.425,0.8397790055248618,24.57
1996,8,11,-18.175,147.425,0.861878453038674,24.41
1996,8,12,-18.175,147.425,0.8839779005524862,24.17
1996,8,13,-18.175,147.425,0.9060773480662984,24.43
1996,8,14,-18.175,147.425,0.9281767955801105,24.59
1996,8,15,-18.175,147.425,0.9502762430939227,24.53
1996,8,16,-18.175,147.425,0.9723756906077348,24.43
1996,8,17,-18.175,147.425,0.994475138121547,24.19
1996,8,18,-18.175,147.425,1.0165745856353592,23.99
1996,8,19,-18.175,147.425,1.0386740331491713,24.07
1996,8,20,-18.175,147.425,1.0607734806629834,24.23
1996,8,21,-18.175,147.425,1.0828729281767955,24.25
1996,8,22,-18.175,147.425,1.1049723756906078,24.18
1996,8,23,-18.175,147.425,1.12707182320442,24.15
1996,8,24,-18.175,147.425,1.149171270718232,24.19
1996,8,25,-18.175,147.425,1.171270718232044,24.19
1996,8,26,-18.175,147.425,1.1933701657458564,24.46
1996,8,27,-18.175,147.425,1.2154696132596685,24.24
1996,8,28,-18.175,147.425,1.2375690607734806,24.17
1996,8,29,-18.175,147.425,1.2596685082872927,24.12
1996,8,30,-18.175,147.425,1.281767955801105,24.05
1996,8,31,-18.175,147.425,1.3038674033149171,24.12
1996,9,1,-18.175,147.425,1.3259668508287292,24.06
1996,9,2,-18.175,147.425,1.3480662983425415,23.99
1996,9,3,-18.175,147.425,1.3701657458563536,23.97
1996,9,4,-18.175,147.425,1.3922651933701657,23.91
1996,9,5,-18.175,147.425,1.4143646408839778,24.08
1996,9,6,-18.175,147.425,1.4364640883977902,24.44
1996,9,7,-18.175,147.425,1.4585635359116023,24.45
1996,9,8,-18.175,147.425,1.4806629834254144,24.42
1996,9,9,-18.175,147.425,1.5027624309392265,24.36
1996,9,10,-18.175,147.425,1.5248618784530388,24.54
1996,9,11,-18.175,147.425,1.5469613259668509,24.52
1996,9,12,-18.175,147.425,1.569060773480663,24.53
1996,9,13,-18.175,147.425,1.591160220994475,24.64
1996,9,14,-18.175,147.425,1.6132596685082874,24.71
1996,9,15,-18.175,147.425,1.6353591160220995,24.78
1996,9,16,-18.175,147.425,1.6574585635359116,24.49
1996,9,17,-18.175,147.425,1.6795580110497237,24.96
1996,9,18,-18.175,147.425,1.701657458563536,24.94
1996,9,19,-18.175,147.425,1.723756906077348,24.92
1996,9,20,-18.175,147.425,1.7458563535911602,24.87
1996,9,21,-18.175,147.425,1.7679558011049723,24.92
1996,9,22,-18.175,147.425,1.7900552486187846,24.9
1996,9,23,-18.175,147.425,1.8121546961325967,24.92
1996,9,24,-18.175,147.425,1.8342541436464088,24.84
1996,9,25,-18.175,147.425,1.856353591160221,24.82
1996,9,26,-18.175,147.425,1.8784530386740332,24.85
1996,9,27,-18.175,147.425,1.9005524861878453,24.84
1996,9,28,-18.175,147.425,1.9226519337016574,24.93
1996,9,29,-18.175,147.425,1.9447513812154695,25.1
1996,9,30,-18.175,147.425,1.9668508287292819,25.27
1996,10,1,-18.175,147.425,1.988950276243094,25.32
1996,10,2,-18.175,147.425,2.0110497237569063,25.28
1996,10,3,-18.175,147.425,2.0331491712707184,25.77
1996,10,4,-18.175,147.425,2.0552486187845305,25.82
1996,10,5,-18.175,147.425,2.0773480662983426,25.9
1996,10,6,-18.175,147.425,2.0994475138121547,26.08
1996,10,7,-18.175,147.425,2.1215469613259668,26.01
1996,10,8,-18.175,147.425,2.143646408839779,25.95
1996,10,9,-18.175,147.425,2.165745856353591,26.03
1996,10,10,-18.175,147.425,2.1878453038674035,25.86
1996,10,11,-18.175,147.425,2.2099447513812156,25.8
1996,10,12,-18.175,147.425,2.2320441988950277,25.78
1996,10,13,-18.175,147.425,2.25414364640884,25.84
1996,10,14,-18.175,147.425,2.276243093922652,25.83
1996,10,15,-18.175,147.425,2.298342541436464,25.78
1996,10,16,-18.175,147.425,2.320441988950276,25.8
1996,10,17,-18.175,147.425,2.342541436464088,25.86
1996,10,18,-18.175,147.425,2.3646408839779007,25.89
1996,10,19,-18.175,147.425,2.386740331491713,26.12
1996,10,20,-18.175,147.425,2.408839779005525,26.01
1996,10,21,-18.175,147.425,2.430939226519337,26.0
1996,10,22,-18.175,147.425,2.453038674033149,25.47
1996,10,23,-18.175,147.425,2.4751381215469612,25.48
1996,10,24,-18.175,147.425,2.4972375690607733,25.31
1996,10,25,-18.175,147.425,2.5193370165745854,25.45
1996,10,26,-18.175,147.425,2.541436464088398,25.66
1996,10,27,-18.175,147.425,2.56353591160221,25.73
1996,10,28,-18.175,147.425,2.585635359116022,25.78
1996,10,29,-18.175,147.425,2.6077348066298343,25.88
1996,10,30,-18.175,147.425,2.6298342541436464,25.75
1996,10,31,-18.175,147.425,2.6519337016574585,25.84
1996,11,1,-18.175,147.425,2.6740331491712706,25.91
1996,11,2,-18.175,147.425,2.696132596685083,26.04
1996,11,3,-18.175,147.425,2.718232044198895,25.92
1996,11,4,-18.175,147.425,2.7403314917127073,25.97
1996,11,5,-18.175,147.425,2.7624309392265194,25.95
1996,11,6,-18.175,147.425,2.7845303867403315,25.89
1996,11,7,-18.175,147.425,2.8066298342541436,26.17
1996,11,8,-18.175,147.425,2.8287292817679557,26.12
1996,11,9,-18.175,147.425,2.850828729281768,26.26
1996,11,10,-18.175,147.425,2.8729281767955803,26.57
1996,11,11,-18.175,147.425,2.8950276243093924,26.42
1996,11,12,-18.175,147.425,2.9171270718232045,26.34
1996,11,13,-18.175,147.425,2.9392265193370166,26.21
1996,11,14,-18.175,147.425,2.9613259668508287,26.26
1996,11,15,-18.175,147.425,2.983425414364641,26.6
1996,11,16,-18.175,147.425,3.005524861878453,26.57
1996,11,17,-18.175,147.425,3.027624309392265,26.84
1996,11,18,-18.175,147.425,3.0497237569060776,26.72
1996,11,19,-18.175,147.425,3.0718232044198897,26.77
1996,11,20,-18.175,147.425,3.0939226519337018,27.23
1996,11,21,-18.175,147.425,3.116022099447514,27.58
1996,11,22,-18.175,147.425,3.138121546961326,27.46
1996,11,23,-18.175,147.425,3.160220994475138,27.38
1996,11,24,-18.175,147.425,3.18232044198895,27.4
1996,11,25,-18.175,147.425,3.2044198895027622,27.63
1996,11,26,-18.175,147.425,3.226519337016575,27.53
1996,11,27,-18.175,147.425,3.248618784530387,28.18
1996,11,28,-18.175,147.425,3.270718232044199,28.11
1996,11,29,-18.175,147.425,3.292817679558011,27.63
1996,11,30,-18.175,147.425,3.314917127071823,27.27
1996,12,1,-18.175,147.425,3.3370165745856353,27.27
1996,12,2,-18.175,147.425,3.3591160220994474,27.09
1996,12,3,-18.175,147.425,3.3812154696132595,27.6
1996,12,4,-18.175,147.425,3.403314917127072,27.89
1996,12,5,-18.175,147.425,3.425414364640884,28.08
1996,12,6,-18.175,147.425,3.447513812154696,28.25
1996,12,7,-18.175,147.425,3.4696132596685083,28.27
1996,12,8,-18.175,147.425,3.4917127071823204,28.31
1996,12,9,-18.175,147.425,3.5138121546961325,28.55
1996,12,10,-18.175,147.425,3.5359116022099446,28.51
1996,12,11,-18.175,147.425,3.5580110497237567,28.3
1996,12,12,-18.175,147.425,3.5801104972375692,28.33
1996,12,13,-18.175,147.425,3.6022099447513813,28.45
1996,12,14,-18.175,147.425,3.6243093922651934,28.69
1996,12,15,-18.175,147.425,3.6464088397790055,28.47
1996,12,16,-18.175,147.425,3.6685082872928176,28.44
1996,12,17,-18.175,147.425,3.6906077348066297,28.43
1996,12,18,-18.175,147.425,3.712707182320442,28.43
1996,12,19,-18.175,147.425,3.734806629834254,28.93
1996,12,20,-18.175,147.425,3.7569060773480665,29.36
1996,12,21,-18.175,147.425,3.7790055248618786,29.08
1996,12,22,-18.175,147.425,3.8011049723756907,28.63
1996,12,23,-18.175,147.425,3.8232044198895028,28.41
1996,12,24,-18.175,147.425,3.845303867403315,28.3
1996,12,25,-18.175,147.425,3.867403314917127,28.24
1996,12,26,-18.175,147.425,3.889502762430939,28.21
1996,12,27,-18.175,147.425,3.911602209944751,28.2
1996,12,28,-18.175,147.425,3.9337016574585637,28.33
1996,12,29,-18.175,147.425,3.955801104972376,28.06
1996,12,30,-18.175,147.425,3.977900552486188,28.03
1996,12,31,-18.175,147.425,4.0,27.36
1997,1,1,-18.175,147.425,4.0,27.51
1997,1,2,-18.175,147.425,3.977900552486188,27.71
1997,1,3,-18.175,147.425,3.955801104972376,27.92
1997,1,4,-18.175,147.425,3.9337016574585637,27.94
1997,1,5,-18.175,147.425,3.911602209944751,27.32
1997,1,6,-18.175,147.425,3.889502762430939,27.04
1997,1,7,-18.175,147.425,3.867403314917127,27.58
1997,1,8,-18.175,147.425,3.845303867403315,28.3
1997,1,9,-18.175,147.425,3.8232044198895028,28.44
1997,1,10,-18.175,147.425,3.8011049723756907,28.59
1997,1,11,-18.175,147.425,3.7790055248618786,28.6
1997,1,12,-18.175,147.425,3.7569060773480665,28.32
1997,1,13,-18.175,147.425,3.734806629834254,28.37
1997,1,14,-18.175,147.425,3.712707182320442,28.46
1997,1,15,-18.175,147.425,3.6906077348066297,28.5
1997,1,16,-18.175,147.425,3.6685082872928176,28.52
1997,1,17,-18.175,147.425,3.6464088397790055,28.44
1997,1,18,-18.175,147.425,3.6243093922651934,28.41
1997,1,19,-18.175,147.425,3.6022099447513813,28.29
1997,1,20,-18.175,147.425,3.5801104972375692,28.41
1997,1,21,-18.175,147.425,3.5580110497237567,28.51
1997,1,22,-18.175,147.425,3.5359116022099446,28.48
1997,1,23,-18.175,147.425,3.5138121546961325,28.21
1997,1,24,-18.175,147.425,3.4917127071823204,28.34
1997,1,25,-18.175,147.425,3.4696132596685083,28.74
1997,1,26,-18.175,147.425,3.447513812154696,28.66
1997,1,27,-18.175,147.425,3.425414364640884,28.59
1997,1,28,-18.175,147.425,3.403314917127072,28.49
1997,1,29,-18.175,147.425,3.3812154696132595,28.67
1997,1,30,-18.175,147.425,3.3591160220994474,28.78
1997,1,31,-18.175,147.425,3.3370165745856353,28.81
1997,2,1,-18.175,147.425,3.314917127071823,29.17
1997,2,2,-18.175,147.425,3.292817679558011,29.05
1997,2,3,-18.175,147.425,3.270718232044199,29.13
1997,2,4,-18.175,147.425,3.248618784530387,28.8
1997,2,5,-18.175,147.425,3.226519337016575,28.58
1997,2,6,-18.175,147.425,3.2044198895027622,28.51
1997,2,7,-18.175,147.425,3.18232044198895,28.48
1997,2,8,-18.175,147.425,3.160220994475138,28.48
1997,2,9,-18.175,147.425,3.138121546961326,28.27
1997,2,10,-18.175,147.425,3.116022099447514,28.34
1997,2,11,-18.175,147.425,3.0939226519337018,28.44
1997,2,12,-18.175,147.425,3.0718232044198897,28.18
1997,2,13,-18.175,147.425,3.0497237569060776,28.18
1997,2,14,-18.175,147.425,3.027624309392265,28.78
1997,2,15,-18.175,147.425,3.005524861878453,28.48
1997,2,16,-18.175,147.425,2.983425414364641,28.49
1997,2,17,-18.175,147.425,2.9613259668508287,28.18
1997,2,18,-18.175,147.425,2.9392265193370166,28.4
1997,2,19,-18.175,147.425,2.9171270718232045,28.6
1997,2,20,-18.175,147.425,2.8950276243093924,28.49
1997,2,21,-18.175,147.425,2.8729281767955803,28.51
1997,2,22,-18.175,147.425,2.850828729281768,28.52
1997,2,23,-18.175,147.425,2.8287292817679557,28.42
1997,2,24,-18.175,147.425,2.8066298342541436,28.45
1997,2,25,-18.175,147.425,2.7845303867403315,27.87
1997,2,26,-18.175,147.425,2.7624309392265194,27.77
1997,2,27,-18.175,147.425,2.7403314917127073,27.65
1997,2,28,-18.175,147.425,2.718232044198895,27.66
1997,3,1,-18.175,147.425,2.696132596685083,27.61
1997,3,2,-18.175,147.425,2.6740331491712706,27.87
1997,3,3,-18.175,147.425,2.6519337016574585,27.91
1997,3,4,-18.175,147.425,2.6298342541436464,27.97
1997,3,5,-18.175,147.425,2.6077348066298343,27.96
1997,3,6,-18.175,147.425,2.585635359116022,27.97
1997,3,7,-18.175,147.425,2.56353591160221,28.0
1997,3,8,-18.175,147.425,2.541436464088398,28.04
1997,3,9,-18.175,147.425,2.5193370165745854,27.98
1997,3,10,-18.175,147.425,2.4972375690607733,27.93
1997,3,11,-18.175,147.425,2.4751381215469612,27.88
1997,3,12,-18.175,147.425,2.453038674033149,27.82
1997,3,13,-18.175,147.425,2.430939226519337,27.54
1997,3,14,-18.175,147.425,2.408839779005525,26.66
1997,3,15,-18.175,147.425,2.386740331491713,27.13
1997,3,16,-18.175,147.425,2.3646408839779007,27.15
1997,3,17,-18.175,147.425,2.342541436464088,27.36
1997,3,18,-18.175,147.425,2.320441988950276,27.35
1997,3,19,-18.175,147.425,2.298342541436464,27.38
1997,3,20,-18.175,147.425,2.276243093922652,27.26
1997,3,21,-18.175,147.425,2.25414364640884,27.14
1997,3,22,-18.175,147.425,2.2320441988950277,27.11
1997,3,23,-18.175,147.425,2.2099447513812156,27.07
1997,3,24,-18.175,147.425,2.1878453038674035,26.42
1997,3,25,-18.175,147.425,2.165745856353591,26.42
1997,3,26,-18.175,147.425,2.143646408839779,26.43
1997,3,27,-18.175,147.425,2.1215469613259668,26.0
1997,3,28,-18.175,147.425,2.0994475138121547,25.92
1997,3,29,-18.175,147.425,2.0773480662983426,25.9
1997,3,30,-18.175,147.425,2.0552486187845305,25.81
1997,3,31,-18.175,147.425,2.0331491712707184,25.78
1997,4,1,-18.175,147.425,2.0110497237569063,25.79
1997,4,2,-18.175,147.425,1.988950276243094,25.69
1997,4,3,-18.175,147.425,1.9668508287292819,25.74
1997,4,4,-18.175,147.425,1.9447513812154695,25.72
1997,4,5,-18.175,147.425,1.9226519337016574,25.8
1997,4,6,-18.175,147.425,1.9005524861878453,25.76
1997,4,7,-18.175,147.425,1.8784530386740332,25.92
1997,4,8,-18.175,147.425,1.856353591160221,25.74
1997,4,9,-18.175,147.425,1.8342541436464088,25.77
1997,4,10,-18.175,147.425,1.8121546961325967,25.78
1997,4,11,-18.175,147.425,1.7900552486187846,25.89
1997,4,12,-18.175,147.425,1.7679558011049723,25.77
1997,4,13,-18.175,147.425,1.7458563535911602,25.81
1997,4,14,-18.175,147.425,1.723756906077348,25.89
1997,4,15,-18.175,147.425,1.701657458563536,25.58
1997,4,16,-18.175,147.425,1.6795580110497237,25.55
1997,4,17,-18.175,147.425,1.6574585635359116,25.47
1997,4,18,-18.175,147.425,1.6353591160220995,25.51
1997,4,19,-18.175,147.425,1.6132596685082874,25.53
1997,4,20,-18.175,147.425,1.591160220994475,25.59
1997,4,21,-18.175,147.425,1.569060773480663,25.49
1997,4,22,-18.175,147.425,1.5469613259668509,25.33
1997,4,23,-18.175,147.425,1.5248618784530388,25.33
1997,4,24,-18.175,147.425,1.5027624309392265,25.29
1997,4,25,-18.175,147.425,1.4806629834254144,25.18
1997,4,26,-18.175,147.425,1.4585635359116023,25.25
1997,4,27,-18.175,147.425,1.4364640883977902,25.24
1997,4,28,-18.175,147.425,1.4143646408839778,25.2
1997,4,29,-18.175,147.425,1.3922651933701657,25.23
1997,4,30,-18.175,147.425,1.3701657458563536,25.19
1997,5,1,-18.175,147.425,1.3480662983425415,25.38
1997,5,2,-18.175,147.425,1.3259668508287292,25.46
1997,5,3,-18.175,147.425,1.3038674033149171,25.48
1997,5,4,-18.175,147.425,1.281767955801105,25.37
1997,5,5,-18.175,147.425,1.2596685082872927,25.32
1997,5,6,-18.175,147.425,1.2375690607734806,25.28
1997,5,7,-18.175,147.425,1.2154696132596685,25.49
1997,5,8,-18.175,147.425,1.1933701657458564,25.67
1997,5,9,-18.175,147.425,1.171270718232044,25.58
1997,5,10,-18.175,147.425,1.149171270718232,25.61
1997,5,11,-18.175,147.425,1.12707182320442,25.25
1997,5,12,-18.175,147.425,1.1049723756906078,25.28
1997,5,13,-18.175,147.425,1.0828729281767955,25.25
1997,5,14,-18.175,147.425,1.0607734806629834,25.35
1997,5,15,-18.175,147.425,1.0386740331491713,25.31
1997,5,16,-18.175,147.425,1.0165745856353592,25.36
1997,5,17,-18.175,147.425,0.994475138121547,24.85
1997,5,18,-18.175,147.425,0.9723756906077348,24.91
1997,5,19,-18.175,147.425,0.9502762430939227,24.9
1997,5,20,-18.175,147.425,0.9281767955801105,25.07
1997,5,21,-18.175,147.425,0.9060773480662984,25.1
1997,5,22,-18.175,147.425,0.8839779005524862,25.11
1997,5,23,-18.175,147.425,0.861878453038674,25.11
1997,5,24,-18.175,147.425,0.8397790055248618,25.06
1997,5,25,-18.175,147.425,0.8176795580110497,25.02
1997,5,26,-18.175,147.425,0.7955801104972375,24.89
1997,5,27,-18.175,147.425,0.7734806629834254,24.89
1997,5,28,-18.175,147.425,0.7513812154696132,24.88
1997,5,29,-18.175,147.425,0.7292817679558011,24.79
1997,5,30,-18.175,147.425,0.7071823204419889,24.83
1997,5,31,-18.175,147.425,0.6850828729281768,24.83
1997,6,1,-18.175,147.425,0.6629834254143646,24.82
1997,6,2,-18.175,147.425,0.6408839779005525,24.75
1997,6,3,-18.175,147.425,0.6187845303867403,24.74
1997,6,4,-18.175,147.425,0.5966850828729282,24.67
1997,6,5,-18.175,147.425,0.574585635359116,24.67
1997,6,6,-18.175,147.425,0.5524861878453039,24.76
1997,6,7,-18.175,147.425,0.5303867403314917,24.8
1997,6,8,-18.175,147.425,0.5082872928176796,24.81
1997,6,9,-18.175,147.425,0.4861878453038674,24.59
1997,6,10,-18.175,147.425,0.46408839779005523,24.58
1997,6,11,-18.175,147.425,0.4419889502762431,24.6
1997,6,12,-18.175,147.425,0.4198895027624309,24.56
1997,6,13,-18.175,147.425,0.39779005524861877,24.55
1997,6,14,-18.175,147.425,0.3756906077348066,24.5
1997,6,15,-18.175,147.425,0.35359116022099446,24.49
1997,6,16,-18.175,147.425,0.3314917127071823,24.48
1997,6,17,-18.175,147.425,0.30939226519337015,24.45
1997,6,18,-18.175,147.425,0.287292817679558,24.38
1997,6,19,-18.175,147.425,0.26519337016574585,24.34
1997,6,20,-18.175,147.425,0.2430939226519337,24.36
1997,6,21,-18.175,147.425,0.22099447513812154,23.78
1997,6,22,-18.175,147.425,0.19889502762430938,23.82
1997,6,23,-18.175,147.425,0.17679558011049723,23.87
1997,6,24,-18.175,147.425,0.15469613259668508,23.91
1997,6,25,-18.175,147.425,0.13259668508287292,23.9
1997,6,26,-18.175,147.425,0.11049723756906077,23.97
1997,6,27,-18.175,147.425,0.08839779005524862,23.66
1997,6,28,-18.175,147.425,0.06629834254143646,23.69
1997,6,29,-18.175,147.425,0.04419889502762431,23.22
1997,6,30,-18.175,147.425,0.022099447513812154,23.14
1997,7,1,-18.175,147.425,0.0,22.72
1997,7,2,-18.175,147.425,0.0,22.7
1997,7,3,-18.175,147.425,0.0,22.43
1997,7,4,-18.175,147.425,0.022099447513812154,22.56
1997,7,5,-18.175,147.425,0.04419889502762431,22.66
1997,7,6,-18.175,147.425,0.06629834254143646,22.8
1997,7,7,-18.175,147.425,0.08839779005524862,23.51
1997,7,8,-18.175,147.425,0.11049723756906077,23.51
1997,7,9,-18.175,147.425,0.13259668508287292,23.49
1997,7,10,-18.175,147.425,0.15469613259668508,23.34
1997,7,11,-18.175,147.425,0.17679558011049723,23.26
1997,7,12,-18.175,147.425,0.19889502762430938,23.36
1997,7,13,-18.175,147.425,0.22099447513812154,23.43
1997,7,14,-18.175,147.425,0.2430939226519337,23.42
1997,7,15,-18.175,147.425,0.26519337016574585,23.47
1997,7,16,-18.175,147.425,0.287292817679558,24.11
1997,7,17,-18.175,147.425,0.30939226519337015,23.88
1997,7,18,-18.175,147.425,0.3314917127071823,23.86
1997,7,19,-18.175,147.425,0.35359116022099446,23.6
1997,7,20,-18.175,147.425,0.3756906077348066,23.42
1997,7,21,-18.175,147.425,0.39779005524861877,23.49
1997,7,22,-18.175,147.425,0.4198895027624309,23.53
1997,7,23,-18.175,147.425,0.4419889502762431,23.53
1997,7,24,-18.175,147.425,0.46408839779005523,23.5
1997,7,25,-18.175,147.425,0.4861878453038674,23.34
1997,7,26,-18.175,147.425,0.5082872928176796,23.47
1997,7,27,-18.175,147.425,0.5303867403314917,23.5
1997,7,28,-18.175,147.425,0.5524861878453039,23.44
1997,7,29,-18.175,147.425,0.574585635359116,23.32
1997,7,30,-18.175,147.425,0.5966850828729282,23.23
1997,7,31,-18.175,147.425,0.6187845303867403,23.24
1997,8,1,-18.175,147.425,0.6408839779005525,22.78
1997,8,2,-18.175,147.425,0.6629834254143646,22.87
1997,8,3,-18.175,147.425,0.6850828729281768,23.05
1997,8,4,-18.175,147.425,0.7071823204419889,22.93
1997,8,5,-18.175,147.425,0.7292817679558011,23.04
1997,8,6,-18.175,147.425,0.7513812154696132,23.17
1997,8,7,-18.175,147.425,0.7734806629834254,23.57
1997,8,8,-18.175,147.425,0.7955801104972375,23.85
1997,8,9,-18.175,147.425,0.8176795580110497,23.92
1997,8,10,-18.175,147.425,0.8397790055248618,23.91
1997,8,11,-18.175,147.425,0.861878453038674,24.13
1997,8,12,-18.175,147.425,0.8839779005524862,24.07
1997,8,13,-18.175,147.425,0.9060773480662984,23.97
1997,8,14,-18.175,147.425,0.9281767955801105,24.0
1997,8,15,-18.175,147.425,0.9502762430939227,24.04
1997,8,16,-18.175,147.425,0.9723756906077348,24.14
1997,8,17,-18.175,147.425,0.994475138121547,24.24
1997,8,18,-18.175,147.425,1.0165745856353592,24.29
1997,8,19,-18.175,147.425,1.0386740331491713,24.29
1997,8,20,-18.175,147.425,1.0607734806629834,24.2
1997,8,21,-18.175,147.425,1.0828729281767955,24.1
1997,8,22,-18.175,147.425,1.1049723756906078,23.89
1997,8,23,-18.175,147.425,1.12707182320442,23.03
1997,8,24,-18.175,147.425,1.149171270718232,22.65
1997,8,25,-18.175,147.425,1.171270718232044,22.55
1997,8,26,-18.175,147.425,1.1933701657458564,24.11
1997,8,27,-18.175,147.425,1.2154696132596685,24.05
1997,8,28,-18.175,147.425,1.2375690607734806,24.07
1997,8,29,-18.175,147.425,1.2596685082872927,24.1
1997,8,30,-18.175,147.425,1.281767955801105,23.96
1997,8,31,-18.175,147.425,1.3038674033149171,23.96
1997,9,1,-18.175,147.425,1.3259668508287292,23.77
1997,9,2,-18.175,147.425,1.3480662983425415,23.71
1997,9,3,-18.175,147.425,1.3701657458563536,23.69
1997,9,4,-18.175,147.425,1.3922651933701657,23.9
1997,9,5,-18.175,147.425,1.4143646408839778,23.75
1997,9,6,-18.175,147.425,1.4364640883977902,23.68
1997,9,7,-18.175,147.425,1.4585635359116023,23.44
1997,9,8,-18.175,147.425,1.4806629834254144,23.59
1997,9,9,-18.175,147.425,1.5027624309392265,23.82
1997,9,10,-18.175,147.425,1.5248618784530388,24.11
1997,9,11,-18.175,147.425,1.5469613259668509,24.17
1997,9,12,-18.175,147.425,1.569060773480663,24.22
1997,9,13,-18.175,147.425,1.591160220994475,24.21
1997,9,14,-18.175,147.425,1.6132596685082874,24.26
1997,9,15,-18.175,147.425,1.6353591160220995,24.28
1997,9,16,-18.175,147.425,1.6574585635359116,24.23
1997,9,17,-18.175,147.425,1.6795580110497237,24.19
1997,9,18,-18.175,147.425,1.701657458563536,24.27
1997,9,19,-18.175,147.425,1.723756906077348,24.38
1997,9,20,-18.175,147.425,1.7458563535911602,24.46
1997,9,21,-18.175,147.425,1.7679558011049723,24.74
1997,9,22,-18.175,147.425,1.7900552486187846,24.59
1997,9,23,-18.175,147.425,1.8121546961325967,24.45
1997,9,24,-18.175,147.425,1.8342541436464088,24.19
1997,9,25,-18.175,147.425,1.856353591160221,24.26
1997,9,26,-18.175,147.425,1.8784530386740332,24.37
1997,9,27,-18.175,147.425,1.9005524861878453,24.76
1997,9,28,-18.175,147.425,1.9226519337016574,25.0
1997,9,29,-18.175,147.425,1.9447513812154695,24.72
1997,9,30,-18.175,147.425,1.9668508287292819,24.6
1997,10,1,-18.175,147.425,1.988950276243094,24.96
1997,10,2,-18.175,147.425,2.0110497237569063,25.1
1997,10,3,-18.175,147.425,2.0331491712707184,25.22
1997,10,4,-18.175,147.425,2.0552486187845305,25.28
1997,10,5,-18.175,147.425,2.0773480662983426,25.17
1997,10,6,-18.175,147.425,2.0994475138121547,25.65
1997,10,7,-18.175,147.425,2.1215469613259668,25.49
1997,10,8,-18.175,147.425,2.143646408839779,25.44
1997,10,9,-18.175,147.425,2.165745856353591,25.35
1997,10,10,-18.175,147.425,2.1878453038674035,25.38
1997,10,11,-18.175,147.425,2.2099447513812156,25.35
1997,10,12,-18.175,147.425,2.2320441988950277,25.26
1997,10,13,-18.175,147.425,2.25414364640884,25.1
1997,10,14,-18.175,147.425,2.276243093922652,25.16
1997,10,15,-18.175,147.425,2.298342541436464,25.58
1997,10,16,-18.175,147.425,2.320441988950276,25.45
1997,10,17,-18.175,147.425,2.342541436464088,25.45
1997,10,18,-18.175,147.425,2.3646408839779007,25.39
1997,10,19,-18.175,147.425,2.386740331491713,25.54
1997,10,20,-18.175,147.425,2.408839779005525,25.6
1997,10,21,-18.175,147.425,2.430939226519337,25.85
1997,10,22,-18.175,147.425,2.453038674033149,25.65
1997,10,23,-18.175,147.425,2.4751381215469612,25.24
1997,10,24,-18.175,147.425,2.4972375690607733,25.27
1997,10,25,-18.175,147.425,2.5193370165745854,25.23
1997,10,26,-18.175,147.425,2.541436464088398,25.09
1997,10,27,-18.175,147.425,2.56353591160221,25.05
1997,10,28,-18.175,147.425,2.585635359116022,25.04
1997,10,29,-18.175,147.425,2.6077348066298343,25.13
1997,10,30,-18.175,147.425,2.6298342541436464,25.09
1997,10,31,-18.175,147.425,2.6519337016574585,25.15
1997,11,1,-18.175,147.425,2.6740331491712706,25.14
1997,11,2,-18.175,147.425,2.696132596685083,25.63
1997,11,3,-18.175,147.425,2.718232044198895,25.73
1997,11,4,-18.175,147.425,2.7403314917127073,25.59
1997,11,5,-18.175,147.425,2.7624309392265194,25.75
1997,11,6,-18.175,147.425,2.7845303867403315,25.74
1997,11,7,-18.175,147.425,2.8066298342541436,25.79
1997,11,8,-18.175,147.425,2.8287292817679557,25.97
1997,11,9,-18.175,147.425,2.850828729281768,26.11
1997,11,10,-18.175,147.425,2.8729281767955803,26.14
1997,11,11,-18.175,147.425,2.8950276243093924,26.6
1997,11,12,-18.175,147.425,2.9171270718232045,26.55
1997,11,13,-18.175,147.425,2.9392265193370166,26.54
1997,11,14,-18.175,147.425,2.9613259668508287,26.23
1997,11,15,-18.175,147.425,2.983425414364641,26.46
1997,11,16,-18.175,147.425,3.005524861878453,26.71
1997,11,17,-18.175,147.425,3.027624309392265,27.0
1997,11,18,-18.175,147.425,3.0497237569060776,27.03
1997,11,19,-18.175,147.425,3.0718232044198897,27.26
1997,11,20,-18.175,147.425,3.0939226519337018,27.07
1997,11,21,-18.175,147.425,3.116022099447514,26.7
1997,11,22,-18.175,147.425,3.138121546961326,26.65
1997,11,23,-18.175,147.425,3.160220994475138,26.54
1997,11,24,-18.175,147.425,3.18232044198895,26.31
1997,11,25,-18.175,147.425,3.2044198895027622,26.37
1997,11,26,-18.175,147.425,3.226519337016575,26.75
1997,11,27,-18.175,147.425,3.248618784530387,26.91
1997,11,28,-18.175,147.425,3.270718232044199,26.94
1997,11,29,-18.175,147.425,3.292817679558011,26.98
1997,11,30,-18.175,147.425,3.314917127071823,27.58
1997,12,1,-18.175,147.425,3.3370165745856353,27.65
1997,12,2,-18.175,147.425,3.3591160220994474,27.71
1997,12,3,-18.175,147.425,3.3812154696132595,27.85
1997,12,4,-18.175,147.425,3.403314917127072,27.87
1997,12,5,-18.175,147.425,3.425414364640884,27.91
1997,12,6,-18.175,147.425,3.447513812154696,27.95
1997,12,7,-18.175,147.425,3.4696132596685083,27.92
1997,12,8,-18.175,147.425,3.4917127071823204,28.03
1997,12,9,-18.175,147.425,3.5138121546961325,28.28
1997,12,10,-18.175,147.425,3.5359116022099446,28.23
1997,12,11,-18.175,147.425,3.5580110497237567,28.22
1997,12,12,-18.175,147.425,3.5801104972375692,28.15
1997,12,13,-18.175,147.425,3.6022099447513813,28.02
1997,12,14,-18.175,147.425,3.6243093922651934,28.01
1997,12,15,-18.175,147.425,3.6464088397790055,28.08
1997,12,16,-18.175,147.425,3.6685082872928176,28.81
1997,12,17,-18.175,147.425,3.6906077348066297,28.86
1997,12,18,-18.175,147.425,3.712707182320442,28.91
1997,12,19,-18.175,147.425,3.734806629834254,28.79
1997,12,20,-18.175,147.425,3.7569060773480665,28.92
1997,12,21,-18.175,147.425,3.7790055248618786,28.94
1997,12,22,-18.175,147.425,3.8011049723756907,28.81
1997,12,23,-18.175,147.425,3.8232044198895028,28.8
1997,12,24,-18.175,147.425,3.845303867403315,28.76
1997,12,25,-18.175,147.425,3.867403314917127,28.69
1997,12,26,-18.175,147.425,3.889502762430939,28.66
1997,12,27,-18.175,147.425,3.911602209944751,28.61
1997,12,28,-18.175,147.425,3.9337016574585637,28.61
1997,12,29,-18.175,147.425,3.955801104972376,28.59
1997,12,30,-18.175,147.425,3.977900552486188,28.57
1997,12,31,-18.175,147.425,4.0,28.54
1998,1,1,-18.175,147.425,4.0,28.49
1998,1,2,-18.175,147.425,3.977900552486188,28.47
1998,1,3,-18.175,147.425,3.955801104972376,28.46
1998,1,4,-18.175,147.425,3.9337016574585637,28.48
1998,1,5,-18.175,147.425,3.911602209944751,28.55
1998,1,6,-18.175,147.425,3.889502762430939,27.92
1998,1,7,-18.175,147.425,3.867403314917127,27.88
1998,1,8,-18.175,147.425,3.845303867403315,27.79
1998,1,9,-18.175,147.425,3.8232044198895028,27.73
1998,1,10,-18.175,147.425,3.8011049723756907,27.46
1998,1,11,-18.175,147.425,3.7790055248618786,27.46
1998,1,12,-18.175,147.425,3.7569060773480665,27.41
1998,1,13,-18.175,147.425,3.734806629834254,27.43
1998,1,14,-18.175,147.425,3.712707182320442,27.71
1998,1,15,-18.175,147.425,3.6906077348066297,27.8
1998,1,16,-18.175,147.425,3.6685082872928176,27.87
1998,1,17,-18.175,147.425,3.6464088397790055,27.86
1998,1,18,-18.175,147.425,3.6243093922651934,27.85
1998,1,19,-18.175,147.425,3.6022099447513813,28.04
1998,1,20,-18.175,147.425,3.5801104972375692,28.25
1998,1,21,-18.175,147.425,3.5580110497237567,28.13
1998,1,22,-18.175,147.425,3.5359116022099446,28.39
1998,1,23,-18.175,147.425,3.5138121546961325,28.64
1998,1,24,-18.175,147.425,3.4917127071823204,28.39
1998,1,25,-18.175,147.425,3.4696132596685083,28.54
1998,1,26,-18.175,147.425,3.447513812154696,28.56
1998,1,27,-18.175,147.425,3.425414364640884,28.61
1998,1,28,-18.175,147.425,3.403314917127072,28.66
1998,1,29,-18.175,147.425,3.3812154696132595,28.64
1998,1,30,-18.175,147.425,3.3591160220994474,29.27
1998,1,31,-18.175,147.425,3.3370165745856353,29.31
1998,2,1,-18.175,147.425,3.314917127071823,29.24
1998,2,2,-18.175,147.425,3.292817679558011,29.53
1998,2,3,-18.175,147.425,3.270718232044199,29.53
1998,2,4,-18.175,147.425,3.248618784530387,29.61
1998,2,5,-18.175,147.425,3.226519337016575,29.38
1998,2,6,-18.175,147.425,3.2044198895027622,29.26
1998,2,7,-18.175,147.425,3.18232044198895,29.27
1998,2,8,-18.175,147.425,3.160220994475138,29.12
1998,2,9,-18.175,147.425,3.138121546961326,29.11
1998,2,10,-18.175,147.425,3.116022099447514,29.1
1998,2,11,-18.175,147.425,3.0939226519337018,29.11
1998,2,12,-18.175,147.425,3.0718232044198897,29.19
1998,2,13,-18.175,147.425,3.0497237569060776,29.35
1998,2,14,-18.175,147.425,3.027624309392265,29.12
1998,2,15,-18.175,147.425,3.005524861878453,29.17
1998,2,16,-18.175,147.425,2.983425414364641,29.11
1998,2,17,-18.175,147.425,2.9613259668508287,28.99
1998,2,18,-18.175,147.425,2.9392265193370166,29.24
1998,2,19,-18.175,147.425,2.9171270718232045,29.02
1998,2,20,-18.175,147.425,2.8950276243093924,28.94
1998,2,21,-18.175,147.425,2.8729281767955803,29.02
1998,2,22,-18.175,147.425,2.850828729281768,29.18
1998,2,23,-18.175,147.425,2.8287292817679557,29.25
1998,2,24,-18.175,147.425,2.8066298342541436,28.97
1998,2,25,-18.175,147.425,2.7845303867403315,28.81
1998,2,26,-18.175,147.425,2.7624309392265194,28.7
1998,2,27,-18.175,147.425,2.7403314917127073,28.53
1998,2,28,-18.175,147.425,2.718232044198895,28.45
1998,3,1,-18.175,147.425,2.696132596685083,28.36
1998,3,2,-18.175,147.425,2.6740331491712706,28.37
1998,3,3,-18.175,147.425,2.6519337016574585,28.43
1998,3,4,-18.175,147.425,2.6298342541436464,28.55
1998,3,5,-18.175,147.425,2.6077348066298343,28.59
1998,3,6,-18.175,147.425,2.585635359116022,28.4
1998,3,7,-18.175,147.425,2.56353591160221,28.42
1998,3,8,-18.175,147.425,2.541436464088398,28.42
1998,3,9,-18.175,147.425,2.5193370165745854,28.57
1998,3,10,-18.175,147.425,2.4972375690607733,28.18
1998,3,11,-18.175,147.425,2.4751381215469612,27.86
1998,3,12,-18.175,147.425,2.453038674033149,28.14
1998,3,13,-18.175,147.425,2.430939226519337,28.21
1998,3,14,-18.175,147.425,2.408839779005525,28.2
1998,3,15,-18.175,147.425,2.386740331491713,28.27
1998,3,16,-18.175,147.425,2.3646408839779007,28.27
1998,3,17,-18.175,147.425,2.342541436464088,28.28
1998,3,18,-18.175,147.425,2.320441988950276,28.3
1998,3,19,-18.175,147.425,2.298342541436464,28.0
1998,3,20,-18.175,147.425,2.276243093922652,28.0
1998,3,21,-18.175,147.425,2.25414364640884,28.03
1998,3,22,-18.175,147.425,2.2320441988950277,27.93
1998,3,23,-18.175,147.425,2.2099447513812156,27.95
1998,3,24,-18.175,147.425,2.1878453038674035,27.89
1998,3,25,-18.175,147.425,2.165745856353591,28.18
1998,3,26,-18.175,147.425,2.143646408839779,28.16
1998,3,27,-18.175,147.425,2.1215469613259668,28.15
1998,3,28,-18.175,147.425,2.0994475138121547,28.19
1998,3,29,-18.175,147.425,2.0773480662983426,28.19
1998,3,30,-18.175,147.425,2.0552486187845305,28.17
1998,3,31,-18.175,147.425,2.0331491712707184,28.43
1998,4,1,-18.175,147.425,2.0110497237569063,28.42
1998,4,2,-18.175,147.425,1.988950276243094,28.49
1998,4,3,-18.175,147.425,1.9668508287292819,28.06
1998,4,4,-18.175,147.425,1.9447513812154695,28.05
1998,4,5,-18.175,147.425,1.9226519337016574,28.09
1998,4,6,-18.175,147.425,1.9005524861878453,28.29
1998,4,7,-18.175,147.425,1.8784530386740332,28.12
1998,4,8,-18.175,147.425,1.856353591160221,28.2
1998,4,9,-18.175,147.425,1.8342541436464088,28.15
1998,4,10,-18.175,147.425,1.8121546961325967,28.03
1998,4,11,-18.175,147.425,1.7900552486187846,28.01
1998,4,12,-18.175,147.425,1.7679558011049723,28.03
1998,4,13,-18.175,147.425,1.7458563535911602,28.22
1998,4,14,-18.175,147.425,1.723756906077348,28.19
1998,4,15,-18.175,147.425,1.701657458563536,28.16
1998,4,16,-18.175,147.425,1.6795580110497237,28.17
1998,4,17,-18.175,147.425,1.6574585635359116,28.25
1998,4,18,-18.175,147.425,1.6353591160220995,28.18
1998,4,19,-18.175,147.425,1.6132596685082874,27.5
1998,4,20,-18.175,147.425,1.591160220994475,27.36
1998,4,21,-18.175,147.425,1.569060773480663,27.35
1998,4,22,-18.175,147.425,1.5469613259668509,27.55
1998,4,23,-18.175,147.425,1.5248618784530388,27.48
1998,4,24,-18.175,147.425,1.5027624309392265,27.21
1998,4,25,-18.175,147.425,1.4806629834254144,27.68
1998,4,26,-18.175,147.425,1.4585635359116023,27.77
1998,4,27,-18.175,147.425,1.4364640883977902,27.83
1998,4,28,-18.175,147.425,1.4143646408839778,28.07
1998,4,29,-18.175,147.425,1.3922651933701657,27.99
1998,4,30,-18.175,147.425,1.3701657458563536,27.96
1998,5,1,-18.175,147.425,1.3480662983425415,27.81
1998,5,2,-18.175,147.425,1.3259668508287292,27.97
1998,5,3,-18.175,147.425,1.3038674033149171,27.91
1998,5,4,-18.175,147.425,1.281767955801105,27.9
1998,5,5,-18.175,147.425,1.2596685082872927,27.7
1998,5,6,-18.175,147.425,1.2375690607734806,27.48
1998,5,7,-18.175,147.425,1.2154696132596685,27.38
1998,5,8,-18.175,147.425,1.1933701657458564,27.37
1998,5,9,-18.175,147.425,1.171270718232044,27.29
1998,5,10,-18.175,147.425,1.149171270718232,27.2
1998,5,11,-18.175,147.425,1.12707182320442,27.27
1998,5,12,-18.175,147.425,1.1049723756906078,26.68
1998,5,13,-18.175,147.425,1.0828729281767955,26.47
1998,5,14,-18.175,147.425,1.0607734806629834,26.27
1998,5,15,-18.175,147.425,1.0386740331491713,26.23
1998,5,16,-18.175,147.425,1.0165745856353592,26.35
1998,5,17,-18.175,147.425,0.994475138121547,26.48
1998,5,18,-18.175,147.425,0.9723756906077348,27.11
1998,5,19,-18.175,147.425,0.9502762430939227,27.16
1998,5,20,-18.175,147.425,0.9281767955801105,27.18
1998,5,21,-18.175,147.425,0.9060773480662984,27.02
1998,5,22,-18.175,147.425,0.8839779005524862,27.02
1998,5,23,-18.175,147.425,0.861878453038674,26.95
1998,5,24,-18.175,147.425,0.8397790055248618,26.92
1998,5,25,-18.175,147.425,0.8176795580110497,26.88
1998,5,26,-18.175,147.425,0.7955801104972375,26.94
1998,5,27,-18.175,147.425,0.7734806629834254,26.67
1998,5,28,-18.175,147.425,0.7513812154696132,26.45
1998,5,29,-18.175,147.425,0.7292817679558011,26.29
1998,5,30,-18.175,147.425,0.7071823204419889,25.73
1998,5,31,-18.175,147.425,0.6850828729281768,25.92
1998,6,1,-18.175,147.425,0.6629834254143646,25.9
1998,6,2,-18.175,147.425,0.6408839779005525,26.0
1998,6,3,-18.175,147.425,0.6187845303867403,26.65
1998,6,4,-18.175,147.425,0.5966850828729282,27.31
1998,6,5,-18.175,147.425,0.574585635359116,27.98
1998,6,6,-18.175,147.425,0.5524861878453039,27.68
1998,6,7,-18.175,147.425,0.5303867403314917,27.51
1998,6,8,-18.175,147.425,0.5082872928176796,25.95
1998,6,9,-18.175,147.425,0.4861878453038674,26.02
1998,6,10,-18.175,147.425,0.46408839779005523,25.94
1998,6,11,-18.175,147.425,0.4419889502762431,25.9
1998,6,12,-18.175,147.425,0.4198895027624309,25.61
1998,6,13,-18.175,147.425,0.39779005524861877,25.77
1998,6,14,-18.175,147.425,0.3756906077348066,25.91
1998,6,15,-18.175,147.425,0.35359116022099446,25.99
1998,6,16,-18.175,147.425,0.3314917127071823,25.81
1998,6,17,-18.175,147.425,0.30939226519337015,25.14
1998,6,18,-18.175,147.425,0.287292817679558,25.12
1998,6,19,-18.175,147.425,0.26519337016574585,25.17
1998,6,20,-18.175,147.425,0.2430939226519337,25.26
1998,6,21,-18.175,147.425,0.22099447513812154,25.36
1998,6,22,-18.175,147.425,0.19889502762430938,25.36
1998,6,23,-18.175,147.425,0.17679558011049723,25.28
1998,6,24,-18.175,147.425,0.15469613259668508,25.22
1998,6,25,-18.175,147.425,0.13259668508287292,24.98
1998,6,26,-18.175,147.425,0.11049723756906077,24.93
1998,6,27,-18.175,147.425,0.08839779005524862,24.95
1998,6,28,-18.175,147.425,0.06629834254143646,24.7
1998,6,29,-18.175,147.425,0.04419889502762431,24.73
1998,6,30,-18.175,147.425,0.022099447513812154,25.18
1998,7,1,-18.175,147.425,0.0,25.51
1998,7,2,-18.175,147.425,0.0,25.43
1998,7,3,-18.175,147.425,0.0,25.64
1998,7,4,-18.175,147.425,0.022099447513812154,25.47
1998,7,5,-18.175,147.425,0.04419889502762431,24.98
1998,7,6,-18.175,147.425,0.06629834254143646,24.82
1998,7,7,-18.175,147.425,0.08839779005524862,24.77
1998,7,8,-18.175,147.425,0.11049723756906077,24.71
1998,7,9,-18.175,147.425,0.13259668508287292,24.62
1998,7,10,-18.175,147.425,0.15469613259668508,24.59
1998,7,11,-18.175,147.425,0.17679558011049723,24.2
1998,7,12,-18.175,147.425,0.19889502762430938,24.3
1998,7,13,-18.175,147.425,0.22099447513812154,24.34
1998,7,14,-18.175,147.425,0.2430939226519337,24.84
1998,7,15,-18.175,147.425,0.26519337016574585,24.74
1998,7,16,-18.175,147.425,0.287292817679558,24.73
1998,7,17,-18.175,147.425,0.30939226519337015,24.52
1998,7,18,-18.175,147.425,0.3314917127071823,24.5
1998,7,19,-18.175,147.425,0.35359116022099446,24.59
1998,7,20,-18.175,147.425,0.3756906077348066,24.5
1998,7,21,-18.175,147.425,0.39779005524861877,24.61
1998,7,22,-18.175,147.425,0.4198895027624309,24.69
1998,7,23,-18.175,147.425,0.4419889502762431,24.73
1998,7,24,-18.175,147.425,0.46408839779005523,25.15
1998,7,25,-18.175,147.425,0.4861878453038674,25.35
1998,7,26,-18.175,147.425,0.5082872928176796,25.46
1998,7,27,-18.175,147.425,0.5303867403314917,25.62
1998,7,28,-18.175,147.425,0.5524861878453039,25.56
1998,7,29,-18.175,147.425,0.574585635359116,25.57
1998,7,30,-18.175,147.425,0.5966850828729282,24.7
1998,7,31,-18.175,147.425,0.6187845303867403,24.51
1998,8,1,-18.175,147.425,0.6408839779005525,24.49
1998,8,2,-18.175,147.425,0.6629834254143646,24.73
1998,8,3,-18.175,147.425,0.6850828729281768,24.67
1998,8,4,-18.175,147.425,0.7071823204419889,24.68
1998,8,5,-18.175,147.425,0.7292817679558011,24.85
1998,8,6,-18.175,147.425,0.7513812154696132,24.89
1998,8,7,-18.175,147.425,0.7734806629834254,24.83
1998,8,8,-18.175,147.425,0.7955801104972375,24.83
1998,8,9,-18.175,147.425,0.8176795580110497,24.82
1998,8,10,-18.175,147.425,0.8397790055248618,24.76
1998,8,11,-18.175,147.425,0.861878453038674,24.81
1998,8,12,-18.175,147.425,0.8839779005524862,24.85
1998,8,13,-18.175,147.425,0.9060773480662984,24.89
1998,8,14,-18.175,147.425,0.9281767955801105,24.95
1998,8,15,-18.175,147.425,0.9502762430939227,25.27
1998,8,16,-18.175,147.425,0.9723756906077348,25.33
1998,8,17,-18.175,147.425,0.994475138121547,25.37
1998,8,18,-18.175,147.425,1.0165745856353592,25.67
1998,8,19,-18.175,147.425,1.0386740331491713,25.73
1998,8,20,-18.175,147.425,1.0607734806629834,25.67
1998,8,21,-18.175,147.425,1.0828729281767955,25.47
1998,8,22,-18.175,147.425,1.1049723756906078,25.39
1998,8,23,-18.175,147.425,1.12707182320442,25.62
1998,8,24,-18.175,147.425,1.149171270718232,25.6
1998,8,25,-18.175,147.425,1.171270718232044,25.6
1998,8,26,-18.175,147.425,1.1933701657458564,25.31
1998,8,27,-18.175,147.425,1.2154696132596685,25.18
1998,8,28,-18.175,147.425,1.2375690607734806,25.31
1998,8,29,-18.175,147.425,1.2596685082872927,25.37
1998,8,30,-18.175,147.425,1.281767955801105,25.38
1998,8,31,-18.175,147.425,1.3038674033149171,25.55
1998,9,1,-18.175,147.425,1.3259668508287292,25.36
1998,9,2,-18.175,147.425,1.3480662983425415,25.34
1998,9,3,-18.175,147.425,1.3701657458563536,25.87
1998,9,4,-18.175,147.425,1.3922651933701657,25.94
1998,9,5,-18.175,147.425,1.4143646408839778,26.0
1998,9,6,-18.175,147.425,1.4364640883977902,25.76
1998,9,7,-18.175,147.425,1.4585635359116023,25.69
1998,9,8,-18.175,147.425,1.4806629834254144,25.7
1998,9,9,-18.175,147.425,1.5027624309392265,25.67
1998,9,10,-18.175,147.425,1.5248618784530388,25.71
1998,9,11,-18.175,147.425,1.5469613259668509,26.18
1998,9,12,-18.175,147.425,1.569060773480663,26.34
1998,9,13,-18.175,147.425,1.591160220994475,26.35
1998,9,14,-18.175,147.425,1.6132596685082874,26.39
1998,9,15,-18.175,147.425,1.6353591160220995,26.45
1998,9,16,-18.175,147.425,1.6574585635359116,26.47
1998,9,17,-18.175,147.425,1.6795580110497237,26.45
1998,9,18,-18.175,147.425,1.701657458563536,26.34
1998,9,19,-18.175,147.425,1.723756906077348,26.07
1998,9,20,-18.175,147.425,1.7458563535911602,25.96
1998,9,21,-18.175,147.425,1.7679558011049723,25.89
1998,9,22,-18.175,147.425,1.7900552486187846,26.15
1998,9,23,-18.175,147.425,1.8121546961325967,26.21
1998,9,24,-18.175,147.425,1.8342541436464088,26.27
1998,9,25,-18.175,147.425,1.856353591160221,26.0
1998,9,26,-18.175,147.425,1.8784530386740332,26.07
1998,9,27,-18.175,147.425,1.9005524861878453,26.07
1998,9,28,-18.175,147.425,1.9226519337016574,26.33
1998,9,29,-18.175,147.425,1.9447513812154695,26.18
1998,9,30,-18.175,147.425,1.9668508287292819,26.21
1998,10,1,-18.175,147.425,1.988950276243094,26.07
1998,10,2,-18.175,147.425,2.0110497237569063,26.13
1998,10,3,-18.175,147.425,2.0331491712707184,26.19
1998,10,4,-18.175,147.425,2.0552486187845305,26.2
1998,10,5,-18.175,147.425,2.0773480662983426,26.41
1998,10,6,-18.175,147.425,2.0994475138121547,26.4
1998,10,7,-18.175,147.425,2.1215469613259668,26.41
1998,10,8,-18.175,147.425,2.143646408839779,26.52
1998,10,9,-18.175,147.425,2.165745856353591,26.53
1998,10,10,-18.175,147.425,2.1878453038674035,26.43
1998,10,11,-18.175,147.425,2.2099447513812156,26.34
1998,10,12,-18.175,147.425,2.2320441988950277,26.36
1998,10,13,-18.175,147.425,2.25414364640884,26.46
1998,10,14,-18.175,147.425,2.276243093922652,26.42
1998,10,15,-18.175,147.425,2.298342541436464,26.51
1998,10,16,-18.175,147.425,2.320441988950276,26.79
1998,10,17,-18.175,147.425,2.342541436464088,26.84
1998,10,18,-18.175,147.425,2.3646408839779007,26.94
1998,10,19,-18.175,147.425,2.386740331491713,27.04
1998,10,20,-18.175,147.425,2.408839779005525,27.06
1998,10,21,-18.175,147.425,2.430939226519337,27.24
1998,10,22,-18.175,147.425,2.453038674033149,27.18
1998,10,23,-18.175,147.425,2.4751381215469612,26.95
1998,10,24,-18.175,147.425,2.4972375690607733,27.37
1998,10,25,-18.175,147.425,2.5193370165745854,27.36
1998,10,26,-18.175,147.425,2.541436464088398,27.47
1998,10,27,-18.175,147.425,2.56353591160221,28.03
1998,10,28,-18.175,147.425,2.585635359116022,28.01
1998,10,29,-18.175,147.425,2.6077348066298343,28.05
1998,10,30,-18.175,147.425,2.6298342541436464,27.6
1998,10,31,-18.175,147.425,2.6519337016574585,27.29
1998,11,1,-18.175,147.425,2.6740331491712706,27.0
1998,11,2,-18.175,147.425,2.696132596685083,26.63
1998,11,3,-18.175,147.425,2.718232044198895,27.08
1998,11,4,-18.175,147.425,2.7403314917127073,27.27
1998,11,5,-18.175,147.425,2.7624309392265194,27.28
1998,11,6,-18.175,147.425,2.7845303867403315,27.39
1998,11,7,-18.175,147.425,2.8066298342541436,27.4
1998,11,8,-18.175,147.425,2.8287292817679557,27.43
1998,11,9,-18.175,147.425,2.850828729281768,27.37
1998,11,10,-18.175,147.425,2.8729281767955803,27.46
1998,11,11,-18.175,147.425,2.8950276243093924,27.53
1998,11,12,-18.175,147.425,2.9171270718232045,27.68
1998,11,13,-18.175,147.425,2.9392265193370166,27.64
1998,11,14,-18.175,147.425,2.9613259668508287,27.63
1998,11,15,-18.175,147.425,2.983425414364641,28.5
1998,11,16,-18.175,147.425,3.005524861878453,28.55
1998,11,17,-18.175,147.425,3.027624309392265,28.56
1998,11,18,-18.175,147.425,3.0497237569060776,28.49
1998,11,19,-18.175,147.425,3.0718232044198897,28.38
1998,11,20,-18.175,147.425,3.0939226519337018,28.13
1998,11,21,-18.175,147.425,3.116022099447514,28.11
1998,11,22,-18.175,147.425,3.138121546961326,28.56
1998,11,23,-18.175,147.425,3.160220994475138,28.59
1998,11,24,-18.175,147.425,3.18232044198895,28.59
1998,11,25,-18.175,147.425,3.2044198895027622,28.29
1998,11,26,-18.175,147.425,3.226519337016575,27.77
1998,11,27,-18.175,147.425,3.248618784530387,27.65
1998,11,28,-18.175,147.425,3.270718232044199,27.89
1998,11,29,-18.175,147.425,3.292817679558011,27.8
1998,11,30,-18.175,147.425,3.314917127071823,29.4
1998,12,1,-18.175,147.425,3.3370165745856353,28.89
1998,12,2,-18.175,147.425,3.3591160220994474,28.88
1998,12,3,-18.175,147.425,3.3812154696132595,28.71
1998,12,4,-18.175,147.425,3.403314917127072,28.6
1998,12,5,-18.175,147.425,3.425414364640884,29.51
1998,12,6,-18.175,147.425,3.447513812154696,29.28
1998,12,7,-18.175,147.425,3.4696132596685083,28.9
1998,12,8,-18.175,147.425,3.4917127071823204,28.42
1998,12,9,-18.175,147.425,3.5138121546961325,27.97
1998,12,10,-18.175,147.425,3.5359116022099446,28.07
1998,12,11,-18.175,147.425,3.5580110497237567,27.98
1998,12,12,-18.175,147.425,3.5801104972375692,28.0
1998,12,13,-18.175,147.425,3.6022099447513813,27.9
1998,12,14,-18.175,147.425,3.6243093922651934,27.95
1998,12,15,-18.175,147.425,3.6464088397790055,27.98
1998,12,16,-18.175,147.425,3.6685082872928176,28.11
1998,12,17,-18.175,147.425,3.6906077348066297,28.82
1998,12,18,-18.175,147.425,3.712707182320442,28.94
1998,12,19,-18.175,147.425,3.734806629834254,28.95
1998,12,20,-18.175,147.425,3.7569060773480665,29.66
1998,12,21,-18.175,147.425,3.7790055248618786,29.62
1998,12,22,-18.175,147.425,3.8011049723756907,29.51
1998,12,23,-18.175,147.425,3.8232044198895028,28.92
1998,12,24,-18.175,147.425,3.845303867403315,28.82
1998,12,25,-18.175,147.425,3.867403314917127,28.7
1998,12,26,-18.175,147.425,3.889502762430939,28.8
1998,12,27,-18.175,147.425,3.911602209944751,28.54
1998,12,28,-18.175,147.425,3.9337016574585637,28.58
1998,12,29,-18.175,147.425,3.955801104972376,28.68
1998,12,30,-18.175,147.425,3.977900552486188,28.65
1998,12,31,-18.175,147.425,4.0,28.64
1999,1,1,-18.175,147.425,4.0,28.53
1999,1,2,-18.175,147.425,3.977900552486188,28.03
1999,1,3,-18.175,147.425,3.955801104972376,28.11
1999,1,4,-18.175,147.425,3.9337016574585637,28.24
1999,1,5,-18.175,147.425,3.911602209944751,29.18
1999,1,6,-18.175,147.425,3.889502762430939,29.24
1999,1,7,-18.175,147.425,3.867403314917127,29.25
1999,1,8,-18.175,147.425,3.845303867403315,29.27
1999,1,9,-18.175,147.425,3.8232044198895028,29.28
1999,1,10,-18.175,147.425,3.8011049723756907,28.52
1999,1,11,-18.175,147.425,3.7790055248618786,28.77
1999,1,12,-18.175,147.425,3.7569060773480665,29.28
1999,1,13,-18.175,147.425,3.734806629834254,29.66
1999,1,14,-18.175,147.425,3.712707182320442,29.79
1999,1,15,-18.175,147.425,3.6906077348066297,29.61
1999,1,16,-18.175,147.425,3.6685082872928176,29.42
1999,1,17,-18.175,147.425,3.6464088397790055,29.25
1999,1,18,-18.175,147.425,3.6243093922651934,28.91
1999,1,19,-18.175,147.425,3.6022099447513813,28.84
1999,1,20,-18.175,147.425,3.5801104972375692,28.83
1999,1,21,-18.175,147.425,3.5580110497237567,28.63
1999,1,22,-18.175,147.425,3.5359116022099446,28.02
1999,1,23,-18.175,147.425,3.5138121546961325,28.12
1999,1,24,-18.175,147.425,3.4917127071823204,28.09
1999,1,25,-18.175,147.425,3.4696132596685083,28.1
1999,1,26,-18.175,147.425,3.447513812154696,28.43
1999,1,27,-18.175,147.425,3.425414364640884,28.55
1999,1,28,-18.175,147.425,3.403314917127072,28.17
1999,1,29,-18.175,147.425,3.3812154696132595,28.15
1999,1,30,-18.175,147.425,3.3591160220994474,28.49
1999,1,31,-18.175,147.425,3.3370165745856353,28.73
1999,2,1,-18.175,147.425,3.314917127071823,28.7
1999,2,2,-18.175,147.425,3.292817679558011,28.47
1999,2,3,-18.175,147.425,3.270718232044199,28.69
1999,2,4,-18.175,147.425,3.248618784530387,28.76
1999,2,5,-18.175,147.425,3.226519337016575,28.81
1999,2,6,-18.175,147.425,3.2044198895027622,29.03
1999,2,7,-18.175,147.425,3.18232044198895,29.07
1999,2,8,-18.175,147.425,3.160220994475138,29.15
1999,2,9,-18.175,147.425,3.138121546961326,28.74
1999,2,10,-18.175,147.425,3.116022099447514,28.5
1999,2,11,-18.175,147.425,3.0939226519337018,28.49
1999,2,12,-18.175,147.425,3.0718232044198897,28.48
1999,2,13,-18.175,147.425,3.0497237569060776,28.5
1999,2,14,-18.175,147.425,3.027624309392265,28.45
1999,2,15,-18.175,147.425,3.005524861878453,28.43
1999,2,16,-18.175,147.425,2.983425414364641,28.14
1999,2,17,-18.175,147.425,2.9613259668508287,28.13
1999,2,18,-18.175,147.425,2.9392265193370166,28.34
1999,2,19,-18.175,147.425,2.9171270718232045,28.7
1999,2,20,-18.175,147.425,2.8950276243093924,28.78
1999,2,21,-18.175,147.425,2.8729281767955803,28.8
1999,2,22,-18.175,147.425,2.850828729281768,28.93
1999,2,23,-18.175,147.425,2.8287292817679557,28.96
1999,2,24,-18.175,147.425,2.8066298342541436,28.98
1999,2,25,-18.175,147.425,2.7845303867403315,29.07
1999,2,26,-18.175,147.425,2.7624309392265194,28.9
1999,2,27,-18.175,147.425,2.7403314917127073,28.48
1999,2,28,-18.175,147.425,2.718232044198895,28.54
1999,3,1,-18.175,147.425,2.696132596685083,28.53
1999,3,2,-18.175,147.425,2.6740331491712706,28.6
1999,3,3,-18.175,147.425,2.6519337016574585,28.72
1999,3,4,-18.175,147.425,2.6298342541436464,28.8
1999,3,5,-18.175,147.425,2.6077348066298343,28.52
1999,3,6,-18.175,147.425,2.585635359116022,28.29
1999,3,7,-18.175,147.425,2.56353591160221,28.34
1999,3,8,-18.175,147.425,2.541436464088398,28.42
1999,3,9,-18.175,147.425,2.5193370165745854,28.45
1999,3,10,-18.175,147.425,2.4972375690607733,28.35
1999,3,11,-18.175,147.425,2.4751381215469612,28.31
1999,3,12,-18.175,147.425,2.453038674033149,28.26
1999,3,13,-18.175,147.425,2.430939226519337,28.04
1999,3,14,-18.175,147.425,2.408839779005525,27.95
1999,3,15,-18.175,147.425,2.386740331491713,27.87
1999,3,16,-18.175,147.425,2.3646408839779007,27.81
1999,3,17,-18.175,147.425,2.342541436464088,27.75
1999,3,18,-18.175,147.425,2.320441988950276,27.74
1999,3,19,-18.175,147.425,2.298342541436464,27.73
1999,3,20,-18.175,147.425,2.276243093922652,27.78
1999,3,21,-18.175,147.425,2.25414364640884,27.63
1999,3,22,-18.175,147.425,2.2320441988950277,27.64
1999,3,23,-18.175,147.425,2.2099447513812156,27.84
1999,3,24,-18.175,147.425,2.1878453038674035,27.64
1999,3,25,-18.175,147.425,2.165745856353591,27.51
1999,3,26,-18.175,147.425,2.143646408839779,27.33
1999,3,27,-18.175,147.425,2.1215469613259668,27.27
1999,3,28,-18.175,147.425,2.0994475138121547,27.23
1999,3,29,-18.175,147.425,2.0773480662983426,27.67
1999,3,30,-18.175,147.425,2.0552486187845305,27.81
1999,3,31,-18.175,147.425,2.0331491712707184,27.87
1999,4,1,-18.175,147.425,2.0110497237569063,27.9
1999,4,2,-18.175,147.425,1.988950276243094,28.12
1999,4,3,-18.175,147.425,1.9668508287292819,28.18
1999,4,4,-18.175,147.425,1.9447513812154695,28.03
1999,4,5,-18.175,147.425,1.9226519337016574,27.93
1999,4,6,-18.175,147.425,1.9005524861878453,27.92
1999,4,7,-18.175,147.425,1.8784530386740332,27.9
1999,4,8,-18.175,147.425,1.856353591160221,27.47
1999,4,9,-18.175,147.425,1.8342541436464088,27.33
1999,4,10,-18.175,147.425,1.8121546961325967,27.25
1999,4,11,-18.175,147.425,1.7900552486187846,27.37
1999,4,12,-18.175,147.425,1.7679558011049723,27.35
1999,4,13,-18.175,147.425,1.7458563535911602,27.38
1999,4,14,-18.175,147.425,1.723756906077348,27.09
1999,4,15,-18.175,147.425,1.701657458563536,27.15
1999,4,16,-18.175,147.425,1.6795580110497237,27.16
1999,4,17,-18.175,147.425,1.6574585635359116,27.09
1999,4,18,-18.175,147.425,1.6353591160220995,27.01
1999,4,19,-18.175,147.425,1.6132596685082874,26.8
1999,4,20,-18.175,147.425,1.591160220994475,26.78
1999,4,21,-18.175,147.425,1.569060773480663,26.87
1999,4,22,-18.175,147.425,1.5469613259668509,26.74
1999,4,23,-18.175,147.425,1.5248618784530388,26.75
1999,4,24,-18.175,147.425,1.5027624309392265,26.45
1999,4,25,-18.175,147.425,1.4806629834254144,26.41
1999,4,26,-18.175,147.425,1.4585635359116023,25.86
1999,4,27,-18.175,147.425,1.4364640883977902,26.57
1999,4,28,-18.175,147.425,1.4143646408839778,26.56
1999,4,29,-18.175,147.425,1.3922651933701657,26.51
1999,4,30,-18.175,147.425,1.3701657458563536,26.41
1999,5,1,-18.175,147.425,1.3480662983425415,25.93
1999,5,2,-18.175,147.425,1.3259668508287292,26.04
1999,5,3,-18.175,147.425,1.3038674033149171,26.2
1999,5,4,-18.175,147.425,1.281767955801105,26.16
1999,5,5,-18.175,147.425,1.2596685082872927,26.09
1999,5,6,-18.175,147.425,1.2375690607734806,25.85
1999,5,7,-18.175,147.425,1.2154696132596685,25.77
1999,5,8,-18.175,147.425,1.1933701657458564,25.7
1999,5,9,-18.175,147.425,1.171270718232044,25.65
1999,5,10,-18.175,147.425,1.149171270718232,25.54
1999,5,11,-18.175,147.425,1.12707182320442,25.57
1999,5,12,-18.175,147.425,1.1049723756906078,25.23
1999,5,13,-18.175,147.425,1.0828729281767955,25.41
1999,5,14,-18.175,147.425,1.0607734806629834,25.7
1999,5,15,-18.175,147.425,1.0386740331491713,25.44
1999,5,16,-18.175,147.425,1.0165745856353592,25.36
1999,5,17,-18.175,147.425,0.994475138121547,25.36
1999,5,18,-18.175,147.425,0.9723756906077348,25.52
1999,5,19,-18.175,147.425,0.9502762430939227,25.72
1999,5,20,-18.175,147.425,0.9281767955801105,25.84
1999,5,21,-18.175,147.425,0.9060773480662984,25.87
1999,5,22,-18.175,147.425,0.8839779005524862,25.64
1999,5,23,-18.175,147.425,0.861878453038674,25.43
1999,5,24,-18.175,147.425,0.8397790055248618,25.33
1999,5,25,-18.175,147.425,0.8176795580110497,25.51
1999,5,26,-18.175,147.425,0.7955801104972375,25.56
1999,5,27,-18.175,147.425,0.7734806629834254,25.79
1999,5,28,-18.175,147.425,0.7513812154696132,25.78
1999,5,29,-18.175,147.425,0.7292817679558011,26.2
1999,5,30,-18.175,147.425,0.7071823204419889,25.89
1999,5,31,-18.175,147.425,0.6850828729281768,25.73
1999,6,1,-18.175,147.425,0.6629834254143646,25.74
1999,6,2,-18.175,147.425,0.6408839779005525,25.62
1999,6,3,-18.175,147.425,0.6187845303867403,25.43
1999,6,4,-18.175,147.425,0.5966850828729282,25.49
1999,6,5,-18.175,147.425,0.574585635359116,25.49
1999,6,6,-18.175,147.425,0.5524861878453039,25.55
1999,6,7,-18.175,147.425,0.5303867403314917,25.39
1999,6,8,-18.175,147.425,0.5082872928176796,25.19
1999,6,9,-18.175,147.425,0.4861878453038674,24.89
1999,6,10,-18.175,147.425,0.46408839779005523,25.41
1999,6,11,-18.175,147.425,0.4419889502762431,25.38
1999,6,12,-18.175,147.425,0.4198895027624309,25.31
1999,6,13,-18.175,147.425,0.39779005524861877,25.21
1999,6,14,-18.175,147.425,0.3756906077348066,25.37
1999,6,15,-18.175,147.425,0.35359116022099446,25.39
1999,6,16,-18.175,147.425,0.3314917127071823,25.6
1999,6,17,-18.175,147.425,0.30939226519337015,25.58
1999,6,18,-18.175,147.425,0.287292817679558,25.01
1999,6,19,-18.175,147.425,0.26519337016574585,24.73
1999,6,20,-18.175,147.425,0.2430939226519337,24.85
1999,6,21,-18.175,147.425,0.22099447513812154,24.92
1999,6,22,-18.175,147.425,0.19889502762430938,24.93
1999,6,23,-18.175,147.425,0.17679558011049723,24.87
1999,6,24,-18.175,147.425,0.15469613259668508,24.92
1999,6,25,-18.175,147.425,0.13259668508287292,24.94
1999,6,26,-18.175,147.425,0.11049723756906077,24.84
1999,6,27,-18.175,147.425,0.08839779005524862,24.75
1999,6,28,-18.175,147.425,0.06629834254143646,24.77
1999,6,29,-18.175,147.425,0.04419889502762431,24.71
1999,6,30,-18.175,147.425,0.022099447513812154,24.7
1999,7,1,-18.175,147.425,0.0,24.66
1999,7,2,-18.175,147.425,0.0,24.52
1999,7,3,-18.175,147.425,0.0,24.59
1999,7,4,-18.175,147.425,0.022099447513812154,24.54
1999,7,5,-18.175,147.425,0.04419889502762431,24.44
1999,7,6,-18.175,147.425,0.06629834254143646,24.16
1999,7,7,-18.175,147.425,0.08839779005524862,24.13
1999,7,8,-18.175,147.425,0.11049723756906077,24.03
1999,7,9,-18.175,147.425,0.13259668508287292,24.1
1999,7,10,-18.175,147.425,0.15469613259668508,24.28
1999,7,11,-18.175,147.425,0.17679558011049723,24.43
1999,7,12,-18.175,147.425,0.19889502762430938,24.3
1999,7,13,-18.175,147.425,0.22099447513812154,24.2
1999,7,14,-18.175,147.425,0.2430939226519337,24.12
1999,7,15,-18.175,147.425,0.26519337016574585,23.91
1999,7,16,-18.175,147.425,0.287292817679558,23.92
1999,7,17,-18.175,147.425,0.30939226519337015,23.94
1999,7,18,-18.175,147.425,0.3314917127071823,24.08
1999,7,19,-18.175,147.425,0.35359116022099446,24.16
1999,7,20,-18.175,147.425,0.3756906077348066,24.21
1999,7,21,-18.175,147.425,0.39779005524861877,24.29
1999,7,22,-18.175,147.425,0.4198895027624309,24.29
1999,7,23,-18.175,147.425,0.4419889502762431,24.29
1999,7,24,-18.175,147.425,0.46408839779005523,23.86
1999,7,25,-18.175,147.425,0.4861878453038674,23.88
1999,7,26,-18.175,147.425,0.5082872928176796,23.99
1999,7,27,-18.175,147.425,0.5303867403314917,23.87
1999,7,28,-18.175,147.425,0.5524861878453039,23.64
1999,7,29,-18.175,147.425,0.574585635359116,23.63
1999,7,30,-18.175,147.425,0.5966850828729282,23.67
1999,7,31,-18.175,147.425,0.6187845303867403,23.73
1999,8,1,-18.175,147.425,0.6408839779005525,23.7
1999,8,2,-18.175,147.425,0.6629834254143646,23.66
1999,8,3,-18.175,147.425,0.6850828729281768,23.31
1999,8,4,-18.175,147.425,0.7071823204419889,23.28
1999,8,5,-18.175,147.425,0.7292817679558011,23.11
1999,8,6,-18.175,147.425,0.7513812154696132,23.05
1999,8,7,-18.175,147.425,0.7734806629834254,23.12
1999,8,8,-18.175,147.425,0.7955801104972375,23.13
1999,8,9,-18.175,147.425,0.8176795580110497,23.16
1999,8,10,-18.175,147.425,0.8397790055248618,23.35
1999,8,11,-18.175,147.425,0.861878453038674,23.39
1999,8,12,-18.175,147.425,0.8839779005524862,23.36
1999,8,13,-18.175,147.425,0.9060773480662984,23.34
1999,8,14,-18.175,147.425,0.9281767955801105,23.34
1999,8,15,-18.175,147.425,0.9502762430939227,23.36
1999,8,16,-18.175,147.425,0.9723756906077348,23.21
1999,8,17,-18.175,147.425,0.994475138121547,23.26
1999,8,18,-18.175,147.425,1.0165745856353592,23.27
1999,8,19,-18.175,147.425,1.0386740331491713,23.29
1999,8,20,-18.175,147.425,1.0607734806629834,23.27
1999,8,21,-18.175,147.425,1.0828729281767955,23.26
1999,8,22,-18.175,147.425,1.1049723756906078,23.3
1999,8,23,-18.175,147.425,1.12707182320442,23.32
1999,8,24,-18.175,147.425,1.149171270718232,23.14
1999,8,25,-18.175,147.425,1.171270718232044,22.99
1999,8,26,-18.175,147.425,1.1933701657458564,22.91
1999,8,27,-18.175,147.425,1.2154696132596685,22.93
1999,8,28,-18.175,147.425,1.2375690607734806,23.07
1999,8,29,-18.175,147.425,1.2596685082872927,23.43
1999,8,30,-18.175,147.425,1.281767955801105,23.44
1999,8,31,-18.175,147.425,1.3038674033149171,23.16
1999,9,1,-18.175,147.425,1.3259668508287292,23.21
1999,9,2,-18.175,147.425,1.3480662983425415,23.08
1999,9,3,-18.175,147.425,1.3701657458563536,23.18
1999,9,4,-18.175,147.425,1.3922651933701657,23.82
1999,9,5,-18.175,147.425,1.4143646408839778,23.92
1999,9,6,-18.175,147.425,1.4364640883977902,23.95
1999,9,7,-18.175,147.425,1.4585635359116023,23.95
1999,9,8,-18.175,147.425,1.4806629834254144,23.89
1999,9,9,-18.175,147.425,1.5027624309392265,23.91
1999,9,10,-18.175,147.425,1.5248618784530388,24.37
1999,9,11,-18.175,147.425,1.5469613259668509,24.39
1999,9,12,-18.175,147.425,1.569060773480663,24.51
1999,9,13,-18.175,147.425,1.591160220994475,24.33
1999,9,14,-18.175,147.425,1.6132596685082874,24.23
1999,9,15,-18.175,147.425,1.6353591160220995,23.76
1999,9,16,-18.175,147.425,1.6574585635359116,24.07
1999,9,17,-18.175,147.425,1.6795580110497237,24.43
1999,9,18,-18.175,147.425,1.701657458563536,24.61
1999,9,19,-18.175,147.425,1.723756906077348,24.64
1999,9,20,-18.175,147.425,1.7458563535911602,24.79
1999,9,21,-18.175,147.425,1.7679558011049723,24.6
1999,9,22,-18.175,147.425,1.7900552486187846,24.55
1999,9,23,-18.175,147.425,1.8121546961325967,24.51
1999,9,24,-18.175,147.425,1.8342541436464088,24.54
1999,9,25,-18.175,147.425,1.856353591160221,24.5
1999,9,26,-18.175,147.425,1.8784530386740332,24.34
1999,9,27,-18.175,147.425,1.9005524861878453,24.28
1999,9,28,-18.175,147.425,1.9226519337016574,24.28
1999,9,29,-18.175,147.425,1.9447513812154695,24.19
1999,9,30,-18.175,147.425,1.9668508287292819,24.32
1999,10,1,-18.175,147.425,1.988950276243094,24.33
1999,10,2,-18.175,147.425,2.0110497237569063,24.27
1999,10,3,-18.175,147.425,2.0331491712707184,24.65
1999,10,4,-18.175,147.425,2.0552486187845305,24.77
1999,10,5,-18.175,147.425,2.0773480662983426,24.75
1999,10,6,-18.175,147.425,2.0994475138121547,24.81
1999,10,7,-18.175,147.425,2.1215469613259668,24.71
1999,10,8,-18.175,147.425,2.143646408839779,24.65
1999,10,9,-18.175,147.425,2.165745856353591,24.64
1999,10,10,-18.175,147.425,2.1878453038674035,24.74
1999,10,11,-18.175,147.425,2.2099447513812156,24.74
1999,10,12,-18.175,147.425,2.2320441988950277,25.07
1999,10,13,-18.175,147.425,2.25414364640884,25.11
1999,10,14,-18.175,147.425,2.276243093922652,25.23
1999,10,15,-18.175,147.425,2.298342541436464,25.2
1999,10,16,-18.175,147.425,2.320441988950276,25.15
1999,10,17,-18.175,147.425,2.342541436464088,25.14
1999,10,18,-18.175,147.425,2.3646408839779007,24.92
1999,10,19,-18.175,147.425,2.386740331491713,25.15
1999,10,20,-18.175,147.425,2.408839779005525,25.19
1999,10,21,-18.175,147.425,2.430939226519337,25.25
1999,10,22,-18.175,147.425,2.453038674033149,25.13
1999,10,23,-18.175,147.425,2.4751381215469612,25.04
1999,10,24,-18.175,147.425,2.4972375690607733,25.39
1999,10,25,-18.175,147.425,2.5193370165745854,26.28
1999,10,26,-18.175,147.425,2.541436464088398,26.36
1999,10,27,-18.175,147.425,2.56353591160221,26.5
1999,10,28,-18.175,147.425,2.585635359116022,26.84
1999,10,29,-18.175,147.425,2.6077348066298343,26.89
1999,10,30,-18.175,147.425,2.6298342541436464,26.77
1999,10,31,-18.175,147.425,2.6519337016574585,26.6
1999,11,1,-18.175,147.425,2.6740331491712706,26.32
1999,11,2,-18.175,147.425,2.696132596685083,26.55
1999,11,3,-18.175,147.425,2.718232044198895,26.51
1999,11,4,-18.175,147.425,2.7403314917127073,26.47
1999,11,5,-18.175,147.425,2.7624309392265194,26.44
1999,11,6,-18.175,147.425,2.7845303867403315,26.39
1999,11,7,-18.175,147.425,2.8066298342541436,26.54
1999,11,8,-18.175,147.425,2.8287292817679557,26.58
1999,11,9,-18.175,147.425,2.850828729281768,27.62
1999,11,10,-18.175,147.425,2.8729281767955803,27.33
1999,11,11,-18.175,147.425,2.8950276243093924,27.26
1999,11,12,-18.175,147.425,2.9171270718232045,26.69
1999,11,13,-18.175,147.425,2.9392265193370166,26.69
1999,11,14,-18.175,147.425,2.9613259668508287,26.72
1999,11,15,-18.175,147.425,2.983425414364641,26.7
1999,11,16,-18.175,147.425,3.005524861878453,26.53
1999,11,17,-18.175,147.425,3.027624309392265,27.21
1999,11,18,-18.175,147.425,3.0497237569060776,26.83
1999,11,19,-18.175,147.425,3.0718232044198897,26.81
1999,11,20,-18.175,147.425,3.0939226519337018,26.66
1999,11,21,-18.175,147.425,3.116022099447514,26.59
1999,11,22,-18.175,147.425,3.138121546961326,26.54
1999,11,23,-18.175,147.425,3.160220994475138,26.82
1999,11,24,-18.175,147.425,3.18232044198895,26.69
1999,11,25,-18.175,147.425,3.2044198895027622,26.63
1999,11,26,-18.175,147.425,3.226519337016575,26.46
1999,11,27,-18.175,147.425,3.248618784530387,26.58
1999,11,28,-18.175,147.425,3.270718232044199,26.59
1999,11,29,-18.175,147.425,3.292817679558011,26.22
1999,11,30,-18.175,147.425,3.314917127071823,26.22
1999,12,1,-18.175,147.425,3.3370165745856353,26.27
1999,12,2,-18.175,147.425,3.3591160220994474,26.37
1999,12,3,-18.175,147.425,3.3812154696132595,26.38
1999,12,4,-18.175,147.425,3.403314917127072,26.25
1999,12,5,-18.175,147.425,3.425414364640884,26.37
1999,12,6,-18.175,147.425,3.447513812154696,26.4
1999,12,7,-18.175,147.425,3.4696132596685083,26.42
1999,12,8,-18.175,147.425,3.4917127071823204,26.51
1999,12,9,-18.175,147.425,3.5138121546961325,26.64
1999,12,10,-18.175,147.425,3.5359116022099446,26.72
1999,12,11,-18.175,147.425,3.5580110497237567,26.94
1999,12,12,-18.175,147.425,3.5801104972375692,26.85
1999,12,13,-18.175,147.425,3.6022099447513813,26.65
1999,12,14,-18.175,147.425,3.6243093922651934,26.65
1999,12,15,-18.175,147.425,3.6464088397790055,27.05
1999,12,16,-18.175,147.425,3.6685082872928176,27.16
1999,12,17,-18.175,147.425,3.6906077348066297,27.2
1999,12,18,-18.175,147.425,3.712707182320442,27.25
1999,12,19,-18.175,147.425,3.734806629834254,27.43
1999,12,20,-18.175,147.425,3.7569060773480665,27.07
1999,12,21,-18.175,147.425,3.7790055248618786,27.0
1999,12,22,-18.175,147.425,3.8011049723756907,27.02
1999,12,23,-18.175,147.425,3.8232044198895028,27.09
1999,12,24,-18.175,147.425,3.845303867403315,27.14
1999,12,25,-18.175,147.425,3.867403314917127,27.21
1999,12,26,-18.175,147.425,3.889502762430939,27.28
1999,12,27,-18.175,147.425,3.911602209944751,27.32
1999,12,28,-18.175,147.425,3.9337016574585637,27.71
1999,12,29,-18.175,147.425,3.955801104972376,28.73
1999,12,30,-18.175,147.425,3.977900552486188,28.59
1999,12,31,-18.175,147.425,4.0,28.59
2000,1,1,-18.175,147.425,4.0,28.54
2000,1,2,-18.175,147.425,3.977900552486188,28.32
2000,1,3,-18.175,147.425,3.955801104972376,28.33
2000,1,4,-18.175,147.425,3.9337016574585637,28.38
2000,1,5,-18.175,147.425,3.911602209944751,28.4
2000,1,6,-18.175,147.425,3.889502762430939,28.64
2000,1,7,-18.175,147.425,3.867403314917127,28.51
2000,1,8,-18.175,147.425,3.845303867403315,28.2
2000,1,9,-18.175,147.425,3.8232044198895028,28.06
2000,1,10,-18.175,147.425,3.8011049723756907,28.16
2000,1,11,-18.175,147.425,3.7790055248618786,28.14
2000,1,12,-18.175,147.425,3.7569060773480665,28.14
2000,1,13,-18.175,147.425,3.734806629834254,28.13
2000,1,14,-18.175,147.425,3.712707182320442,28.04
2000,1,15,-18.175,147.425,3.6906077348066297,27.99
2000,1,16,-18.175,147.425,3.6685082872928176,27.91
2000,1,17,-18.175,147.425,3.6464088397790055,27.86
2000,1,18,-18.175,147.425,3.6243093922651934,27.81
2000,1,19,-18.175,147.425,3.6022099447513813,28.36
2000,1,20,-18.175,147.425,3.5801104972375692,28.38
2000,1,21,-18.175,147.425,3.5580110497237567,28.48
2000,1,22,-18.175,147.425,3.5359116022099446,28.58
2000,1,23,-18.175,147.425,3.5138121546961325,28.57
2000,1,24,-18.175,147.425,3.4917127071823204,27.88
2000,1,25,-18.175,147.425,3.4696132596685083,28.08
2000,1,26,-18.175,147.425,3.447513812154696,28.17
2000,1,27,-18.175,147.425,3.425414364640884,28.3
2000,1,28,-18.175,147.425,3.403314917127072,28.21
2000,1,29,-18.175,147.425,3.3812154696132595,28.24
2000,1,30,-18.175,147.425,3.3591160220994474,28.26
2000,1,31,-18.175,147.425,3.3370165745856353,28.33
2000,2,1,-18.175,147.425,3.314917127071823,28.11
2000,2,2,-18.175,147.425,3.292817679558011,28.21
2000,2,3,-18.175,147.425,3.270718232044199,28.15
2000,2,4,-18.175,147.425,3.248618784530387,28.19
2000,2,5,-18.175,147.425,3.226519337016575,27.67
2000,2,6,-18.175,147.425,3.2044198895027622,27.7
2000,2,7,-18.175,147.425,3.18232044198895,27.75
2000,2,8,-18.175,147.425,3.160220994475138,27.74
2000,2,9,-18.175,147.425,3.138121546961326,27.83
2000,2,10,-18.175,147.425,3.116022099447514,27.5
2000,2,11,-18.175,147.425,3.0939226519337018,27.46
2000,2,12,-18.175,147.425,3.0718232044198897,27.81
2000,2,13,-18.175,147.425,3.0497237569060776,27.72
2000,2,14,-18.175,147.425,3.027624309392265,27.78
2000,2,15,-18.175,147.425,3.005524861878453,27.96
2000,2,16,-18.175,147.425,2.983425414364641,27.91
2000,2,17,-18.175,147.425,2.9613259668508287,28.07
2000,2,18,-18.175,147.425,2.9392265193370166,28.12
2000,2,19,-18.175,147.425,2.9171270718232045,28.15
2000,2,20,-18.175,147.425,2.8950276243093924,28.15
2000,2,21,-18.175,147.425,2.8729281767955803,28.27
2000,2,22,-18.175,147.425,2.850828729281768,28.22
2000,2,23,-18.175,147.425,2.8287292817679557,28.25
2000,2,24,-18.175,147.425,2.8066298342541436,28.14
2000,2,25,-18.175,147.425,2.7845303867403315,28.06
2000,2,26,-18.175,147.425,2.7624309392265194,27.97
2000,2,27,-18.175,147.425,2.7403314917127073,27.9
2000,2,28,-18.175,147.425,2.718232044198895,27.83
2000,2,29,-18.175,147.425,2.696132596685083,27.85
2000,3,1,-18.175,147.425,2.6740331491712706,27.88
2000,3,2,-18.175,147.425,2.6519337016574585,27.85
2000,3,3,-18.175,147.425,2.6298342541436464,27.63
2000,3,4,-18.175,147.425,2.6077348066298343,27.79
2000,3,5,-18.175,147.425,2.585635359116022,27.65
2000,3,6,-18.175,147.425,2.56353591160221,27.77
2000,3,7,-18.175,147.425,2.541436464088398,27.26
2000,3,8,-18.175,147.425,2.5193370165745854,26.95
2000,3,9,-18.175,147.425,2.4972375690607733,27.04
2000,3,10,-18.175,147.425,2.4751381215469612,27.2
2000,3,11,-18.175,147.425,2.453038674033149,27.27
2000,3,12,-18.175,147.425,2.430939226519337,27.31
2000,3,13,-18.175,147.425,2.408839779005525,27.42
2000,3,14,-18.175,147.425,2.386740331491713,27.34
2000,3,15,-18.175,147.425,2.3646408839779007,27.39
2000,3,16,-18.175,147.425,2.342541436464088,27.85
2000,3,17,-18.175,147.425,2.320441988950276,27.78
2000,3,18,-18.175,147.425,2.298342541436464,27.79
2000,3,19,-18.175,147.425,2.276243093922652,27.4
2000,3,20,-18.175,147.425,2.25414364640884,27.46
2000,3,21,-18.175,147.425,2.2320441988950277,27.59
2000,3,22,-18.175,147.425,2.2099447513812156,27.61
2000,3,23,-18.175,147.425,2.1878453038674035,27.42
2000,3,24,-18.175,147.425,2.165745856353591,27.11
2000,3,25,-18.175,147.425,2.143646408839779,27.26
2000,3,26,-18.175,147.425,2.1215469613259668,27.58
2000,3,27,-18.175,147.425,2.0994475138121547,27.4
2000,3,28,-18.175,147.425,2.0773480662983426,27.26
2000,3,29,-18.175,147.425,2.0552486187845305,27.3
2000,3,30,-18.175,147.425,2.0331491712707184,27.17
2000,3,31,-18.175,147.425,2.0110497237569063,27.18
2000,4,1,-18.175,147.425,1.988950276243094,27.05
2000,4,2,-18.175,147.425,1.9668508287292819,26.94
2000,4,3,-18.175,147.425,1.9447513812154695,26.88
2000,4,4,-18.175,147.425,1.9226519337016574,26.48
2000,4,5,-18.175,147.425,1.9005524861878453,26.44
2000,4,6,-18.175,147.425,1.8784530386740332,26.39
2000,4,7,-18.175,147.425,1.856353591160221,26.43
2000,4,8,-18.175,147.425,1.8342541436464088,26.52
2000,4,9,-18.175,147.425,1.8121546961325967,26.62
2000,4,10,-18.175,147.425,1.7900552486187846,26.85
2000,4,11,-18.175,147.425,1.7679558011049723,27.03
2000,4,12,-18.175,147.425,1.7458563535911602,27.23
2000,4,13,-18.175,147.425,1.723756906077348,26.71
2000,4,14,-18.175,147.425,1.701657458563536,26.92
2000,4,15,-18.175,147.425,1.6795580110497237,26.91
2000,4,16,-18.175,147.425,1.6574585635359116,26.98
2000,4,17,-18.175,147.425,1.6353591160220995,27.11
2000,4,18,-18.175,147.425,1.6132596685082874,27.18
2000,4,19,-18.175,147.425,1.591160220994475,27.17
2000,4,20,-18.175,147.425,1.569060773480663,26.9
2000,4,21,-18.175,147.425,1.5469613259668509,26.8
2000,4,22,-18.175,147.425,1.5248618784530388,26.88
2000,4,23,-18.175,147.425,1.5027624309392265,26.88
2000,4,24,-18.175,147.425,1.4806629834254144,26.78
2000,4,25,-18.175,147.425,1.4585635359116023,26.87
2000,4,26,-18.175,147.425,1.4364640883977902,26.9
2000,4,27,-18.175,147.425,1.4143646408839778,26.83
2000,4,28,-18.175,147.425,1.3922651933701657,26.82
2000,4,29,-18.175,147.425,1.3701657458563536,26.53
2000,4,30,-18.175,147.425,1.3480662983425415,26.39
2000,5,1,-18.175,147.425,1.3259668508287292,26.43
2000,5,2,-18.175,147.425,1.3038674033149171,26.49
2000,5,3,-18.175,147.425,1.281767955801105,26.4
2000,5,4,-18.175,147.425,1.2596685082872927,26.45
2000,5,5,-18.175,147.425,1.2375690607734806,26.43
2000,5,6,-18.175,147.425,1.2154696132596685,26.44
2000,5,7,-18.175,147.425,1.1933701657458564,26.44
2000,5,8,-18.175,147.425,1.171270718232044,26.15
2000,5,9,-18.175,147.425,1.149171270718232,26.33
2000,5,10,-18.175,147.425,1.12707182320442,26.37
2000,5,11,-18.175,147.425,1.1049723756906078,26.43
2000,5,12,-18.175,147.425,1.0828729281767955,26.3
2000,5,13,-18.175,147.425,1.0607734806629834,26.16
2000,5,14,-18.175,147.425,1.0386740331491713,26.18
2000,5,15,-18.175,147.425,1.0165745856353592,25.02
2000,5,16,-18.175,147.425,0.994475138121547,24.89
2000,5,17,-18.175,147.425,0.9723756906077348,24.83
2000,5,18,-18.175,147.425,0.9502762430939227,24.94
2000,5,19,-18.175,147.425,0.9281767955801105,24.95
2000,5,20,-18.175,147.425,0.9060773480662984,25.0
2000,5,21,-18.175,147.425,0.8839779005524862,25.07
2000,5,22,-18.175,147.425,0.861878453038674,25.09
2000,5,23,-18.175,147.425,0.8397790055248618,24.88
2000,5,24,-18.175,147.425,0.8176795580110497,25.38
2000,5,25,-18.175,147.425,0.7955801104972375,25.68
2000,5,26,-18.175,147.425,0.7734806629834254,25.77
2000,5,27,-18.175,147.425,0.7513812154696132,25.74
2000,5,28,-18.175,147.425,0.7292817679558011,25.55
2000,5,29,-18.175,147.425,0.7071823204419889,25.39
2000,5,30,-18.175,147.425,0.6850828729281768,25.49
2000,5,31,-18.175,147.425,0.6629834254143646,25.4
2000,6,1,-18.175,147.425,0.6408839779005525,25.01
2000,6,2,-18.175,147.425,0.6187845303867403,24.99
2000,6,3,-18.175,147.425,0.5966850828729282,25.02
2000,6,4,-18.175,147.425,0.574585635359116,24.87
2000,6,5,-18.175,147.425,0.5524861878453039,24.72
2000,6,6,-18.175,147.425,0.5303867403314917,24.5
2000,6,7,-18.175,147.425,0.5082872928176796,24.55
2000,6,8,-18.175,147.425,0.4861878453038674,24.54
2000,6,9,-18.175,147.425,0.46408839779005523,24.5
2000,6,10,-18.175,147.425,0.4419889502762431,23.84
2000,6,11,-18.175,147.425,0.4198895027624309,24.1
2000,6,12,-18.175,147.425,0.39779005524861877,24.28
2000,6,13,-18.175,147.425,0.3756906077348066,24.42
2000,6,14,-18.175,147.425,0.35359116022099446,24.32
2000,6,15,-18.175,147.425,0.3314917127071823,24.33
2000,6,16,-18.175,147.425,0.30939226519337015,24.31
2000,6,17,-18.175,147.425,0.287292817679558,24.3
2000,6,18,-18.175,147.425,0.26519337016574585,24.3
2000,6,19,-18.175,147.425,0.2430939226519337,23.57
2000,6,20,-18.175,147.425,0.22099447513812154,23.68
2000,6,21,-18.175,147.425,0.19889502762430938,23.63
2000,6,22,-18.175,147.425,0.17679558011049723,23.58
2000,6,23,-18.175,147.425,0.15469613259668508,24.02
2000,6,24,-18.175,147.425,0.13259668508287292,24.03
2000,6,25,-18.175,147.425,0.11049723756906077,24.0
2000,6,26,-18.175,147.425,0.08839779005524862,24.1
2000,6,27,-18.175,147.425,0.06629834254143646,24.09
2000,6,28,-18.175,147.425,0.04419889502762431,24.08
2000,6,29,-18.175,147.425,0.022099447513812154,24.07
2000,6,30,-18.175,147.425,0.0,24.14
2000,7,1,-18.175,147.425,0.0,24.14
2000,7,2,-18.175,147.425,0.0,23.55
2000,7,3,-18.175,147.425,0.0,24.04
2000,7,4,-18.175,147.425,0.022099447513812154,23.9
2000,7,5,-18.175,147.425,0.04419889502762431,22.85
2000,7,6,-18.175,147.425,0.06629834254143646,23.47
2000,7,7,-18.175,147.425,0.08839779005524862,23.76
2000,7,8,-18.175,147.425,0.11049723756906077,23.79
2000,7,9,-18.175,147.425,0.13259668508287292,23.67
2000,7,10,-18.175,147.425,0.15469613259668508,23.71
2000,7,11,-18.175,147.425,0.17679558011049723,23.71
2000,7,12,-18.175,147.425,0.19889502762430938,23.68
2000,7,13,-18.175,147.425,0.22099447513812154,23.69
2000,7,14,-18.175,147.425,0.2430939226519337,23.7
2000,7,15,-18.175,147.425,0.26519337016574585,23.74
2000,7,16,-18.175,147.425,0.287292817679558,23.74
2000,7,17,-18.175,147.425,0.30939226519337015,23.7
2000,7,18,-18.175,147.425,0.3314917127071823,23.51
2000,7,19,-18.175,147.425,0.35359116022099446,23.59
2000,7,20,-18.175,147.425,0.3756906077348066,23.68
2000,7,21,-18.175,147.425,0.39779005524861877,23.7
2000,7,22,-18.175,147.425,0.4198895027624309,23.09
2000,7,23,-18.175,147.425,0.4419889502762431,23.2
2000,7,24,-18.175,147.425,0.46408839779005523,23.25
2000,7,25,-18.175,147.425,0.4861878453038674,23.45
2000,7,26,-18.175,147.425,0.5082872928176796,23.42
2000,7,27,-18.175,147.425,0.5303867403314917,23.45
2000,7,28,-18.175,147.425,0.5524861878453039,23.11
2000,7,29,-18.175,147.425,0.574585635359116,23.12
2000,7,30,-18.175,147.425,0.5966850828729282,23.11
2000,7,31,-18.175,147.425,0.6187845303867403,23.16
2000,8,1,-18.175,147.425,0.6408839779005525,23.19
2000,8,2,-18.175,147.425,0.6629834254143646,23.23
2000,8,3,-18.175,147.425,0.6850828729281768,23.16
2000,8,4,-18.175,147.425,0.7071823204419889,23.18
2000,8,5,-18.175,147.425,0.7292817679558011,23.13
2000,8,6,-18.175,147.425,0.7513812154696132,22.98
2000,8,7,-18.175,147.425,0.7734806629834254,22.81
2000,8,8,-18.175,147.425,0.7955801104972375,22.73
2000,8,9,-18.175,147.425,0.8176795580110497,22.59
2000,8,10,-18.175,147.425,0.8397790055248618,22.68
2000,8,11,-18.175,147.425,0.861878453038674,22.66
2000,8,12,-18.175,147.425,0.8839779005524862,22.94
2000,8,13,-18.175,147.425,0.9060773480662984,22.87
2000,8,14,-18.175,147.425,0.9281767955801105,22.75
2000,8,15,-18.175,147.425,0.9502762430939227,22.62
2000,8,16,-18.175,147.425,0.9723756906077348,22.92
2000,8,17,-18.175,147.425,0.994475138121547,22.98
2000,8,18,-18.175,147.425,1.0165745856353592,22.87
2000,8,19,-18.175,147.425,1.0386740331491713,23.15
2000,8,20,-18.175,147.425,1.0607734806629834,23.02
2000,8,21,-18.175,147.425,1.0828729281767955,23.06
2000,8,22,-18.175,147.425,1.1049723756906078,22.89
2000,8,23,-18.175,147.425,1.12707182320442,23.2
2000,8,24,-18.175,147.425,1.149171270718232,23.21
2000,8,25,-18.175,147.425,1.171270718232044,22.95
2000,8,26,-18.175,147.425,1.1933701657458564,23.02
2000,8,27,-18.175,147.425,1.2154696132596685,23.26
2000,8,28,-18.175,147.425,1.2375690607734806,23.46
2000,8,29,-18.175,147.425,1.2596685082872927,23.9
2000,8,30,-18.175,147.425,1.281767955801105,23.95
2000,8,31,-18.175,147.425,1.3038674033149171,23.74
2000,9,1,-18.175,147.425,1.3259668508287292,23.56
2000,9,2,-18.175,147.425,1.3480662983425415,23.81
2000,9,3,-18.175,147.425,1.3701657458563536,23.49
2000,9,4,-18.175,147.425,1.3922651933701657,23.29
2000,9,5,-18.175,147.425,1.4143646408839778,23.45
2000,9,6,-18.175,147.425,1.4364640883977902,23.62
2000,9,7,-18.175,147.425,1.4585635359116023,24.12
2000,9,8,-18.175,147.425,1.4806629834254144,24.21
2000,9,9,-18.175,147.425,1.5027624309392265,24.24
2000,9,10,-18.175,147.425,1.5248618784530388,24.46
2000,9,11,-18.175,147.425,1.5469613259668509,24.78
2000,9,12,-18.175,147.425,1.569060773480663,24.7
2000,9,13,-18.175,147.425,1.591160220994475,24.29
2000,9,14,-18.175,147.425,1.6132596685082874,24.41
2000,9,15,-18.175,147.425,1.6353591160220995,24.77
2000,9,16,-18.175,147.425,1.6574585635359116,24.77
2000,9,17,-18.175,147.425,1.6795580110497237,24.64
2000,9,18,-18.175,147.425,1.701657458563536,24.4
2000,9,19,-18.175,147.425,1.723756906077348,24.35
2000,9,20,-18.175,147.425,1.7458563535911602,24.49
2000,9,21,-18.175,147.425,1.7679558011049723,24.39
2000,9,22,-18.175,147.425,1.7900552486187846,24.28
2000,9,23,-18.175,147.425,1.8121546961325967,24.15
2000,9,24,-18.175,147.425,1.8342541436464088,24.07
2000,9,25,-18.175,147.425,1.856353591160221,24.02
2000,9,26,-18.175,147.425,1.8784530386740332,24.05
2000,9,27,-18.175,147.425,1.9005524861878453,24.06
2000,9,28,-18.175,147.425,1.9226519337016574,24.07
2000,9,29,-18.175,147.425,1.9447513812154695,24.27
2000,9,30,-18.175,147.425,1.9668508287292819,24.6
2000,10,1,-18.175,147.425,1.988950276243094,24.64
2000,10,2,-18.175,147.425,2.0110497237569063,24.92
2000,10,3,-18.175,147.425,2.0331491712707184,24.67
2000,10,4,-18.175,147.425,2.0552486187845305,24.84
2000,10,5,-18.175,147.425,2.0773480662983426,24.58
2000,10,6,-18.175,147.425,2.0994475138121547,24.73
2000,10,7,-18.175,147.425,2.1215469613259668,24.59
2000,10,8,-18.175,147.425,2.143646408839779,24.98
2000,10,9,-18.175,147.425,2.165745856353591,25.14
2000,10,10,-18.175,147.425,2.1878453038674035,25.43
2000,10,11,-18.175,147.425,2.2099447513812156,25.51
2000,10,12,-18.175,147.425,2.2320441988950277,25.74
2000,10,13,-18.175,147.425,2.25414364640884,25.79
2000,10,14,-18.175,147.425,2.276243093922652,25.78
2000,10,15,-18.175,147.425,2.298342541436464,25.99
2000,10,16,-18.175,147.425,2.320441988950276,25.94
2000,10,17,-18.175,147.425,2.342541436464088,25.8
2000,10,18,-18.175,147.425,2.3646408839779007,25.82
2000,10,19,-18.175,147.425,2.386740331491713,25.75
2000,10,20,-18.175,147.425,2.408839779005525,25.82
2000,10,21,-18.175,147.425,2.430939226519337,25.88
2000,10,22,-18.175,147.425,2.453038674033149,25.71
2000,10,23,-18.175,147.425,2.4751381215469612,25.78
2000,10,24,-18.175,147.425,2.4972375690607733,25.81
2000,10,25,-18.175,147.425,2.5193370165745854,26.46
2000,10,26,-18.175,147.425,2.541436464088398,26.48
2000,10,27,-18.175,147.425,2.56353591160221,26.47
2000,10,28,-18.175,147.425,2.585635359116022,26.29
2000,10,29,-18.175,147.425,2.6077348066298343,26.03
2000,10,30,-18.175,147.425,2.6298342541436464,26.16
2000,10,31,-18.175,147.425,2.6519337016574585,26.47
2000,11,1,-18.175,147.425,2.6740331491712706,26.54
2000,11,2,-18.175,147.425,2.696132596685083,26.68
2000,11,3,-18.175,147.425,2.718232044198895,26.99
2000,11,4,-18.175,147.425,2.7403314917127073,26.86
2000,11,5,-18.175,147.425,2.7624309392265194,26.85
2000,11,6,-18.175,147.425,2.7845303867403315,26.87
2000,11,7,-18.175,147.425,2.8066298342541436,26.99
2000,11,8,-18.175,147.425,2.8287292817679557,27.04
2000,11,9,-18.175,147.425,2.850828729281768,27.06
2000,11,10,-18.175,147.425,2.8729281767955803,27.03
2000,11,11,-18.175,147.425,2.8950276243093924,26.96
2000,11,12,-18.175,147.425,2.9171270718232045,26.99
2000,11,13,-18.175,147.425,2.9392265193370166,27.27
2000,11,14,-18.175,147.425,2.9613259668508287,27.28
2000,11,15,-18.175,147.425,2.983425414364641,27.28
2000,11,16,-18.175,147.425,3.005524861878453,27.24
2000,11,17,-18.175,147.425,3.027624309392265,27.21
2000,11,18,-18.175,147.425,3.0497237569060776,27.19
2000,11,19,-18.175,147.425,3.0718232044198897,27.36
2000,11,20,-18.175,147.425,3.0939226519337018,28.05
2000,11,21,-18.175,147.425,3.116022099447514,27.93
2000,11,22,-18.175,147.425,3.138121546961326,27.88
2000,11,23,-18.175,147.425,3.160220994475138,27.82
2000,11,24,-18.175,147.425,3.18232044198895,27.82
2000,11,25,-18.175,147.425,3.2044198895027622,27.82
2000,11,26,-18.175,147.425,3.226519337016575,27.64
2000,11,27,-18.175,147.425,3.248618784530387,27.32
2000,11,28,-18.175,147.425,3.270718232044199,26.91
2000,11,29,-18.175,147.425,3.292817679558011,27.2
2000,11,30,-18.175,147.425,3.314917127071823,27.26
2000,12,1,-18.175,147.425,3.3370165745856353,27.44
2000,12,2,-18.175,147.425,3.3591160220994474,27.37
2000,12,3,-18.175,147.425,3.3812154696132595,27.32
2000,12,4,-18.175,147.425,3.403314917127072,27.37
2000,12,5,-18.175,147.425,3.425414364640884,27.32
2000,12,6,-18.175,147.425,3.447513812154696,26.71
2000,12,7,-18.175,147.425,3.4696132596685083,26.59
2000,12,8,-18.175,147.425,3.4917127071823204,26.4
2000,12,9,-18.175,147.425,3.5138121546961325,26.47
2000,12,10,-18.175,147.425,3.5359116022099446,26.66
2000,12,11,-18.175,147.425,3.5580110497237567,26.8
2000,12,12,-18.175,147.425,3.5801104972375692,26.94
2000,12,13,-18.175,147.425,3.6022099447513813,27.17
2000,12,14,-18.175,147.425,3.6243093922651934,27.41
2000,12,15,-18.175,147.425,3.6464088397790055,27.62
2000,12,16,-18.175,147.425,3.6685082872928176,27.66
2000,12,17,-18.175,147.425,3.6906077348066297,27.73
2000,12,18,-18.175,147.425,3.712707182320442,27.09
2000,12,19,-18.175,147.425,3.734806629834254,27.01
2000,12,20,-18.175,147.425,3.7569060773480665,27.31
2000,12,21,-18.175,147.425,3.7790055248618786,27.46
2000,12,22,-18.175,147.425,3.8011049723756907,27.48
2000,12,23,-18.175,147.425,3.8232044198895028,27.47
2000,12,24,-18.175,147.425,3.845303867403315,27.72
2000,12,25,-18.175,147.425,3.867403314917127,27.76
2000,12,26,-18.175,147.425,3.889502762430939,27.75
2000,12,27,-18.175,147.425,3.911602209944751,27.57
2000,12,28,-18.175,147.425,3.9337016574585637,27.58
2000,12,29,-18.175,147.425,3.955801104972376,27.58
2000,12,30,-18.175,147.425,3.977900552486188,27.48
2000,12,31,-18.175,147.425,4.0,27.61
2001,1,1,-18.175,147.425,4.0,27.64
2001,1,2,-18.175,147.425,3.977900552486188,27.75
2001,1,3,-18.175,147.425,3.955801104972376,27.45
2001,1,4,-18.175,147.425,3.9337016574585637,27.42
2001,1,5,-18.175,147.425,3.911602209944751,27.44
2001,1,6,-18.175,147.425,3.889502762430939,27.29
2001,1,7,-18.175,147.425,3.867403314917127,27.34
2001,1,8,-18.175,147.425,3.845303867403315,27.36
2001,1,9,-18.175,147.425,3.8232044198895028,27.42
2001,1,10,-18.175,147.425,3.8011049723756907,27.4
2001,1,11,-18.175,147.425,3.7790055248618786,27.5
2001,1,12,-18.175,147.425,3.7569060773480665,27.53
2001,1,13,-18.175,147.425,3.734806629834254,27.61
2001,1,14,-18.175,147.425,3.712707182320442,27.59
2001,1,15,-18.175,147.425,3.6906077348066297,28.05
2001,1,16,-18.175,147.425,3.6685082872928176,27.73
2001,1,17,-18.175,147.425,3.6464088397790055,27.61
2001,1,18,-18.175,147.425,3.6243093922651934,27.85
2001,1,19,-18.175,147.425,3.6022099447513813,28.11
2001,1,20,-18.175,147.425,3.5801104972375692,28.6
2001,1,21,-18.175,147.425,3.5580110497237567,28.46
2001,1,22,-18.175,147.425,3.5359116022099446,28.33
2001,1,23,-18.175,147.425,3.5138121546961325,28.29
2001,1,24,-18.175,147.425,3.4917127071823204,28.59
2001,1,25,-18.175,147.425,3.4696132596685083,28.83
2001,1,26,-18.175,147.425,3.447513812154696,27.92
2001,1,27,-18.175,147.425,3.425414364640884,28.51
2001,1,28,-18.175,147.425,3.403314917127072,29.92
2001,1,29,-18.175,147.425,3.3812154696132595,29.97
2001,1,30,-18.175,147.425,3.3591160220994474,29.88
2001,1,31,-18.175,147.425,3.3370165745856353,28.9
2001,2,1,-18.175,147.425,3.314917127071823,29.04
2001,2,2,-18.175,147.425,3.292817679558011,29.02
2001,2,3,-18.175,147.425,3.270718232044199,28.94
2001,2,4,-18.175,147.425,3.248618784530387,28.76
2001,2,5,-18.175,147.425,3.226519337016575,29.74
2001,2,6,-18.175,147.425,3.2044198895027622,29.82
2001,2,7,-18.175,147.425,3.18232044198895,29.91
2001,2,8,-18.175,147.425,3.160220994475138,29.59
2001,2,9,-18.175,147.425,3.138121546961326,29.31
2001,2,10,-18.175,147.425,3.116022099447514,29.16
2001,2,11,-18.175,147.425,3.0939226519337018,29.01
2001,2,12,-18.175,147.425,3.0718232044198897,28.99
2001,2,13,-18.175,147.425,3.0497237569060776,28.64
2001,2,14,-18.175,147.425,3.027624309392265,28.97
2001,2,15,-18.175,147.425,3.005524861878453,29.11
2001,2,16,-18.175,147.425,2.983425414364641,29.28
2001,2,17,-18.175,147.425,2.9613259668508287,28.86
2001,2,18,-18.175,147.425,2.9392265193370166,28.74
2001,2,19,-18.175,147.425,2.9171270718232045,28.68
2001,2,20,-18.175,147.425,2.8950276243093924,28.67
2001,2,21,-18.175,147.425,2.8729281767955803,28.61
2001,2,22,-18.175,147.425,2.850828729281768,28.57
2001,2,23,-18.175,147.425,2.8287292817679557,28.48
2001,2,24,-18.175,147.425,2.8066298342541436,28.14
2001,2,25,-18.175,147.425,2.7845303867403315,28.03
2001,2,26,-18.175,147.425,2.7624309392265194,28.45
2001,2,27,-18.175,147.425,2.7403314917127073,28.45
2001,2,28,-18.175,147.425,2.718232044198895,28.53
2001,3,1,-18.175,147.425,2.696132596685083,28.54
2001,3,2,-18.175,147.425,2.6740331491712706,28.53
2001,3,3,-18.175,147.425,2.6519337016574585,28.51
2001,3,4,-18.175,147.425,2.6298342541436464,28.52
2001,3,5,-18.175,147.425,2.6077348066298343,28.46
2001,3,6,-18.175,147.425,2.585635359116022,29.64
2001,3,7,-18.175,147.425,2.56353591160221,29.73
2001,3,8,-18.175,147.425,2.541436464088398,29.9
2001,3,9,-18.175,147.425,2.5193370165745854,30.05
2001,3,10,-18.175,147.425,2.4972375690607733,30.1
2001,3,11,-18.175,147.425,2.4751381215469612,29.7
2001,3,12,-18.175,147.425,2.453038674033149,29.46
2001,3,13,-18.175,147.425,2.430939226519337,29.01
2001,3,14,-18.175,147.425,2.408839779005525,28.48
2001,3,15,-18.175,147.425,2.386740331491713,28.46
2001,3,16,-18.175,147.425,2.3646408839779007,28.45
2001,3,17,-18.175,147.425,2.342541436464088,28.54
2001,3,18,-18.175,147.425,2.320441988950276,28.57
2001,3,19,-18.175,147.425,2.298342541436464,28.76
2001,3,20,-18.175,147.425,2.276243093922652,29.27
2001,3,21,-18.175,147.425,2.25414364640884,29.69
2001,3,22,-18.175,147.425,2.2320441988950277,29.42
2001,3,23,-18.175,147.425,2.2099447513812156,29.36
2001,3,24,-18.175,147.425,2.1878453038674035,28.71
2001,3,25,-18.175,147.425,2.165745856353591,28.93
2001,3,26,-18.175,147.425,2.143646408839779,28.81
2001,3,27,-18.175,147.425,2.1215469613259668,28.52
2001,3,28,-18.175,147.425,2.0994475138121547,28.82
2001,3,29,-18.175,147.425,2.0773480662983426,28.96
2001,3,30,-18.175,147.425,2.0552486187845305,29.41
2001,3,31,-18.175,147.425,2.0331491712707184,29.06
2001,4,1,-18.175,147.425,2.0110497237569063,28.91
2001,4,2,-18.175,147.425,1.988950276243094,28.08
2001,4,3,-18.175,147.425,1.9668508287292819,27.93
2001,4,4,-18.175,147.425,1.9447513812154695,27.85
2001,4,5,-18.175,147.425,1.9226519337016574,27.79
2001,4,6,-18.175,147.425,1.9005524861878453,27.84
2001,4,7,-18.175,147.425,1.8784530386740332,27.69
2001,4,8,-18.175,147.425,1.856353591160221,27.3
2001,4,9,-18.175,147.425,1.8342541436464088,27.29
2001,4,10,-18.175,147.425,1.8121546961325967,27.29
2001,4,11,-18.175,147.425,1.7900552486187846,27.11
2001,4,12,-18.175,147.425,1.7679558011049723,27.26
2001,4,13,-18.175,147.425,1.7458563535911602,27.2
2001,4,14,-18.175,147.425,1.723756906077348,27.3
2001,4,15,-18.175,147.425,1.701657458563536,26.96
2001,4,16,-18.175,147.425,1.6795580110497237,27.09
2001,4,17,-18.175,147.425,1.6574585635359116,27.1
2001,4,18,-18.175,147.425,1.6353591160220995,26.93
2001,4,19,-18.175,147.425,1.6132596685082874,26.86
2001,4,20,-18.175,147.425,1.591160220994475,26.89
2001,4,21,-18.175,147.425,1.569060773480663,26.84
2001,4,22,-18.175,147.425,1.5469613259668509,26.83
2001,4,23,-18.175,147.425,1.5248618784530388,26.72
2001,4,24,-18.175,147.425,1.5027624309392265,26.68
2001,4,25,-18.175,147.425,1.4806629834254144,26.65
2001,4,26,-18.175,147.425,1.4585635359116023,26.75
2001,4,27,-18.175,147.425,1.4364640883977902,26.83
2001,4,28,-18.175,147.425,1.4143646408839778,26.8
2001,4,29,-18.175,147.425,1.3922651933701657,26.62
2001,4,30,-18.175,147.425,1.3701657458563536,26.74
2001,5,1,-18.175,147.425,1.3480662983425415,26.2
2001,5,2,-18.175,147.425,1.3259668508287292,26.36
2001,5,3,-18.175,147.425,1.3038674033149171,26.58
2001,5,4,-18.175,147.425,1.281767955801105,27.06
2001,5,5,-18.175,147.425,1.2596685082872927,27.05
2001,5,6,-18.175,147.425,1.2375690607734806,27.02
2001,5,7,-18.175,147.425,1.2154696132596685,26.64
2001,5,8,-18.175,147.425,1.1933701657458564,26.65
2001,5,9,-18.175,147.425,1.171270718232044,26.67
2001,5,10,-18.175,147.425,1.149171270718232,27.0
2001,5,11,-18.175,147.425,1.12707182320442,27.05
2001,5,12,-18.175,147.425,1.1049723756906078,26.98
2001,5,13,-18.175,147.425,1.0828729281767955,26.48
2001,5,14,-18.175,147.425,1.0607734806629834,26.57
2001,5,15,-18.175,147.425,1.0386740331491713,26.69
2001,5,16,-18.175,147.425,1.0165745856353592,27.31
2001,5,17,-18.175,147.425,0.994475138121547,27.26
2001,5,18,-18.175,147.425,0.9723756906077348,27.17
2001,5,19,-18.175,147.425,0.9502762430939227,27.1
2001,5,20,-18.175,147.425,0.9281767955801105,27.8
2001,5,21,-18.175,147.425,0.9060773480662984,27.84
2001,5,22,-18.175,147.425,0.8839779005524862,27.69
2001,5,23,-18.175,147.425,0.861878453038674,27.68
2001,5,24,-18.175,147.425,0.8397790055248618,27.01
2001,5,25,-18.175,147.425,0.8176795580110497,27.06
2001,5,26,-18.175,147.425,0.7955801104972375,27.22
2001,5,27,-18.175,147.425,0.7734806629834254,27.44
2001,5,28,-18.175,147.425,0.7513812154696132,27.69
2001,5,29,-18.175,147.425,0.7292817679558011,25.87
2001,5,30,-18.175,147.425,0.7071823204419889,25.86
2001,5,31,-18.175,147.425,0.6850828729281768,25.9
2001,6,1,-18.175,147.425,0.6629834254143646,25.97
2001,6,2,-18.175,147.425,0.6408839779005525,25.64
2001,6,3,-18.175,147.425,0.6187845303867403,25.71
2001,6,4,-18.175,147.425,0.5966850828729282,25.64
2001,6,5,-18.175,147.425,0.574585635359116,25.88
2001,6,6,-18.175,147.425,0.5524861878453039,25.73
2001,6,7,-18.175,147.425,0.5303867403314917,25.65
2001,6,8,-18.175,147.425,0.5082872928176796,25.78
2001,6,9,-18.175,147.425,0.4861878453038674,25.84
2001,6,10,-18.175,147.425,0.46408839779005523,25.77
2001,6,11,-18.175,147.425,0.4419889502762431,25.66
2001,6,12,-18.175,147.425,0.4198895027624309,25.62
2001,6,13,-18.175,147.425,0.39779005524861877,25.53
2001,6,14,-18.175,147.425,0.3756906077348066,25.74
2001,6,15,-18.175,147.425,0.35359116022099446,25.72
2001,6,16,-18.175,147.425,0.3314917127071823,25.73
2001,6,17,-18.175,147.425,0.30939226519337015,25.56
2001,6,18,-18.175,147.425,0.287292817679558,25.45
2001,6,19,-18.175,147.425,0.26519337016574585,25.42
2001,6,20,-18.175,147.425,0.2430939226519337,25.24
2001,6,21,-18.175,147.425,0.22099447513812154,25.21
2001,6,22,-18.175,147.425,0.19889502762430938,25.18
2001,6,23,-18.175,147.425,0.17679558011049723,25.13
2001,6,24,-18.175,147.425,0.15469613259668508,24.93
2001,6,25,-18.175,147.425,0.13259668508287292,24.94
2001,6,26,-18.175,147.425,0.11049723756906077,24.93
2001,6,27,-18.175,147.425,0.08839779005524862,25.0
2001,6,28,-18.175,147.425,0.06629834254143646,25.01
2001,6,29,-18.175,147.425,0.04419889502762431,24.91
2001,6,30,-18.175,147.425,0.022099447513812154,24.47
2001,7,1,-18.175,147.425,0.0,24.27
2001,7,2,-18.175,147.425,0.0,24.3
2001,7,3,-18.175,147.425,0.0,24.89
2001,7,4,-18.175,147.425,0.022099447513812154,24.93
2001,7,5,-18.175,147.425,0.04419889502762431,24.92
2001,7,6,-18.175,147.425,0.06629834254143646,24.75
2001,7,7,-18.175,147.425,0.08839779005524862,24.67
2001,7,8,-18.175,147.425,0.11049723756906077,24.61
2001,7,9,-18.175,147.425,0.13259668508287292,24.65
2001,7,10,-18.175,147.425,0.15469613259668508,24.84
2001,7,11,-18.175,147.425,0.17679558011049723,24.81
2001,7,12,-18.175,147.425,0.19889502762430938,24.97
2001,7,13,-18.175,147.425,0.22099447513812154,25.1
2001,7,14,-18.175,147.425,0.2430939226519337,25.1
2001,7,15,-18.175,147.425,0.26519337016574585,25.14
2001,7,16,-18.175,147.425,0.287292817679558,25.1
2001,7,17,-18.175,147.425,0.30939226519337015,24.85
2001,7,18,-18.175,147.425,0.3314917127071823,24.71
2001,7,19,-18.175,147.425,0.35359116022099446,24.93
2001,7,20,-18.175,147.425,0.3756906077348066,25.0
2001,7,21,-18.175,147.425,0.39779005524861877,25.06
2001,7,22,-18.175,147.425,0.4198895027624309,24.74
2001,7,23,-18.175,147.425,0.4419889502762431,24.63
2001,7,24,-18.175,147.425,0.46408839779005523,24.54
2001,7,25,-18.175,147.425,0.4861878453038674,24.46
2001,7,26,-18.175,147.425,0.5082872928176796,24.45
2001,7,27,-18.175,147.425,0.5303867403314917,24.71
2001,7,28,-18.175,147.425,0.5524861878453039,24.56
2001,7,29,-18.175,147.425,0.574585635359116,24.34
2001,7,30,-18.175,147.425,0.5966850828729282,24.25
2001,7,31,-18.175,147.425,0.6187845303867403,24.2
2001,8,1,-18.175,147.425,0.6408839779005525,24.2
2001,8,2,-18.175,147.425,0.6629834254143646,24.17
2001,8,3,-18.175,147.425,0.6850828729281768,24.17
2001,8,4,-18.175,147.425,0.7071823204419889,24.29
2001,8,5,-18.175,147.425,0.7292817679558011,24.26
2001,8,6,-18.175,147.425,0.7513812154696132,24.34
2001,8,7,-18.175,147.425,0.7734806629834254,24.33
2001,8,8,-18.175,147.425,0.7955801104972375,24.34
2001,8,9,-18.175,147.425,0.8176795580110497,24.34
2001,8,10,-18.175,147.425,0.8397790055248618,24.21
2001,8,11,-18.175,147.425,0.861878453038674,24.09
2001,8,12,-18.175,147.425,0.8839779005524862,24.08
2001,8,13,-18.175,147.425,0.9060773480662984,24.02
2001,8,14,-18.175,147.425,0.9281767955801105,24.04
2001,8,15,-18.175,147.425,0.9502762430939227,23.99
2001,8,16,-18.175,147.425,0.9723756906077348,23.7
2001,8,17,-18.175,147.425,0.994475138121547,23.89
2001,8,18,-18.175,147.425,1.0165745856353592,24.03
2001,8,19,-18.175,147.425,1.0386740331491713,24.08
2001,8,20,-18.175,147.425,1.0607734806629834,23.93
2001,8,21,-18.175,147.425,1.0828729281767955,23.94
2001,8,22,-18.175,147.425,1.1049723756906078,23.96
2001,8,23,-18.175,147.425,1.12707182320442,24.24
2001,8,24,-18.175,147.425,1.149171270718232,24.26
2001,8,25,-18.175,147.425,1.171270718232044,24.27
2001,8,26,-18.175,147.425,1.1933701657458564,24.03
2001,8,27,-18.175,147.425,1.2154696132596685,23.65
2001,8,28,-18.175,147.425,1.2375690607734806,23.6
2001,8,29,-18.175,147.425,1.2596685082872927,23.87
2001,8,30,-18.175,147.425,1.281767955801105,24.17
2001,8,31,-18.175,147.425,1.3038674033149171,24.22
2001,9,1,-18.175,147.425,1.3259668508287292,24.12
2001,9,2,-18.175,147.425,1.3480662983425415,24.11
2001,9,3,-18.175,147.425,1.3701657458563536,23.85
2001,9,4,-18.175,147.425,1.3922651933701657,23.97
2001,9,5,-18.175,147.425,1.4143646408839778,24.63
2001,9,6,-18.175,147.425,1.4364640883977902,24.77
2001,9,7,-18.175,147.425,1.4585635359116023,24.81
2001,9,8,-18.175,147.425,1.4806629834254144,24.88
2001,9,9,-18.175,147.425,1.5027624309392265,24.84
2001,9,10,-18.175,147.425,1.5248618784530388,24.83
2001,9,11,-18.175,147.425,1.5469613259668509,24.67
2001,9,12,-18.175,147.425,1.569060773480663,24.57
2001,9,13,-18.175,147.425,1.591160220994475,24.53
2001,9,14,-18.175,147.425,1.6132596685082874,24.69
2001,9,15,-18.175,147.425,1.6353591160220995,24.78
2001,9,16,-18.175,147.425,1.6574585635359116,24.98
2001,9,17,-18.175,147.425,1.6795580110497237,24.95
2001,9,18,-18.175,147.425,1.701657458563536,24.67
2001,9,19,-18.175,147.425,1.723756906077348,24.65
2001,9,20,-18.175,147.425,1.7458563535911602,24.69
2001,9,21,-18.175,147.425,1.7679558011049723,24.89
2001,9,22,-18.175,147.425,1.7900552486187846,24.91
2001,9,23,-18.175,147.425,1.8121546961325967,24.8
2001,9,24,-18.175,147.425,1.8342541436464088,24.71
2001,9,25,-18.175,147.425,1.856353591160221,24.7
2001,9,26,-18.175,147.425,1.8784530386740332,24.71
2001,9,27,-18.175,147.425,1.9005524861878453,24.68
2001,9,28,-18.175,147.425,1.9226519337016574,24.67
2001,9,29,-18.175,147.425,1.9447513812154695,24.73
2001,9,30,-18.175,147.425,1.9668508287292819,24.77
2001,10,1,-18.175,147.425,1.988950276243094,24.78
2001,10,2,-18.175,147.425,2.0110497237569063,25.29
2001,10,3,-18.175,147.425,2.0331491712707184,25.29
2001,10,4,-18.175,147.425,2.0552486187845305,25.24
2001,10,5,-18.175,147.425,2.0773480662983426,25.23
2001,10,6,-18.175,147.425,2.0994475138121547,25.2
2001,10,7,-18.175,147.425,2.1215469613259668,25.64
2001,10,8,-18.175,147.425,2.143646408839779,25.9
2001,10,9,-18.175,147.425,2.165745856353591,25.73
2001,10,10,-18.175,147.425,2.1878453038674035,25.89
2001,10,11,-18.175,147.425,2.2099447513812156,25.84
2001,10,12,-18.175,147.425,2.2320441988950277,25.75
2001,10,13,-18.175,147.425,2.25414364640884,26.0
2001,10,14,-18.175,147.425,2.276243093922652,26.02
2001,10,15,-18.175,147.425,2.298342541436464,26.05
2001,10,16,-18.175,147.425,2.320441988950276,25.88
2001,10,17,-18.175,147.425,2.342541436464088,25.75
2001,10,18,-18.175,147.425,2.3646408839779007,25.84
2001,10,19,-18.175,147.425,2.386740331491713,25.85
2001,10,20,-18.175,147.425,2.408839779005525,25.88
2001,10,21,-18.175,147.425,2.430939226519337,25.96
2001,10,22,-18.175,147.425,2.453038674033149,26.07
2001,10,23,-18.175,147.425,2.4751381215469612,26.19
2001,10,24,-18.175,147.425,2.4972375690607733,26.18
2001,10,25,-18.175,147.425,2.5193370165745854,26.1
2001,10,26,-18.175,147.425,2.541436464088398,26.48
2001,10,27,-18.175,147.425,2.56353591160221,26.53
2001,10,28,-18.175,147.425,2.585635359116022,26.65
2001,10,29,-18.175,147.425,2.6077348066298343,26.82
2001,10,30,-18.175,147.425,2.6298342541436464,26.65
2001,10,31,-18.175,147.425,2.6519337016574585,26.56
2001,11,1,-18.175,147.425,2.6740331491712706,27.23
2001,11,2,-18.175,147.425,2.696132596685083,27.32
2001,11,3,-18.175,147.425,2.718232044198895,27.43
2001,11,4,-18.175,147.425,2.7403314917127073,27.24
2001,11,5,-18.175,147.425,2.7624309392265194,27.03
2001,11,6,-18.175,147.425,2.7845303867403315,26.93
2001,11,7,-18.175,147.425,2.8066298342541436,26.76
2001,11,8,-18.175,147.425,2.8287292817679557,26.68
2001,11,9,-18.175,147.425,2.850828729281768,26.89
2001,11,10,-18.175,147.425,2.8729281767955803,26.97
2001,11,11,-18.175,147.425,2.8950276243093924,26.99
2001,11,12,-18.175,147.425,2.9171270718232045,27.03
2001,11,13,-18.175,147.425,2.9392265193370166,27.62
2001,11,14,-18.175,147.425,2.9613259668508287,27.62
2001,11,15,-18.175,147.425,2.983425414364641,27.57
2001,11,16,-18.175,147.425,3.005524861878453,27.46
2001,11,17,-18.175,147.425,3.027624309392265,27.44
2001,11,18,-18.175,147.425,3.0497237569060776,27.44
2001,11,19,-18.175,147.425,3.0718232044198897,27.35
2001,11,20,-18.175,147.425,3.0939226519337018,27.49
2001,11,21,-18.175,147.425,3.116022099447514,27.32
2001,11,22,-18.175,147.425,3.138121546961326,27.4
2001,11,23,-18.175,147.425,3.160220994475138,27.31
2001,11,24,-18.175,147.425,3.18232044198895,27.32
2001,11,25,-18.175,147.425,3.2044198895027622,27.38
2001,11,26,-18.175,147.425,3.226519337016575,27.49
2001,11,27,-18.175,147.425,3.248618784530387,27.62
2001,11,28,-18.175,147.425,3.270718232044199,27.78
2001,11,29,-18.175,147.425,3.292817679558011,27.82
2001,11,30,-18.175,147.425,3.314917127071823,28.06
2001,12,1,-18.175,147.425,3.3370165745856353,28.16
2001,12,2,-18.175,147.425,3.3591160220994474,28.19
2001,12,3,-18.175,147.425,3.3812154696132595,28.14
2001,12,4,-18.175,147.425,3.403314917127072,28.0
2001,12,5,-18.175,147.425,3.425414364640884,28.0
2001,12,6,-18.175,147.425,3.447513812154696,28.37
2001,12,7,-18.175,147.425,3.4696132596685083,28.31
2001,12,8,-18.175,147.425,3.4917127071823204,28.26
2001,12,9,-18.175,147.425,3.5138121546961325,28.46
2001,12,10,-18.175,147.425,3.5359116022099446,28.72
2001,12,11,-18.175,147.425,3.5580110497237567,28.7
2001,12,12,-18.175,147.425,3.5801104972375692,28.65
2001,12,13,-18.175,147.425,3.6022099447513813,28.33
2001,12,14,-18.175,147.425,3.6243093922651934,28.29
2001,12,15,-18.175,147.425,3.6464088397790055,28.31
2001,12,16,-18.175,147.425,3.6685082872928176,28.94
2001,12,17,-18.175,147.425,3.6906077348066297,29.13
2001,12,18,-18.175,147.425,3.712707182320442,28.99
2001,12,19,-18.175,147.425,3.734806629834254,28.57
2001,12,20,-18.175,147.425,3.7569060773480665,28.32
2001,12,21,-18.175,147.425,3.7790055248618786,28.42
2001,12,22,-18.175,147.425,3.8011049723756907,28.99
2001,12,23,-18.175,147.425,3.8232044198895028,29.01
2001,12,24,-18.175,147.425,3.845303867403315,29.01
2001,12,25,-18.175,147.425,3.867403314917127,28.77
2001,12,26,-18.175,147.425,3.889502762430939,28.73
2001,12,27,-18.175,147.425,3.911602209944751,28.74
2001,12,28,-18.175,147.425,3.9337016574585637,28.8
2001,12,29,-18.175,147.425,3.955801104972376,29.05
2001,12,30,-18.175,147.425,3.977900552486188,29.1
2001,12,31,-18.175,147.425,4.0,29.57
2002,1,1,-18.175,147.425,4.0,29.57
2002,1,2,-18.175,147.425,3.977900552486188,29.71
2002,1,3,-18.175,147.425,3.955801104972376,29.65
2002,1,4,-18.175,147.425,3.9337016574585637,29.81
2002,1,5,-18.175,147.425,3.911602209944751,29.81
2002,1,6,-18.175,147.425,3.889502762430939,29.6
2002,1,7,-18.175,147.425,3.867403314917127,29.77
2002,1,8,-18.175,147.425,3.845303867403315,29.78
2002,1,9,-18.175,147.425,3.8232044198895028,29.94
2002,1,10,-18.175,147.425,3.8011049723756907,30.09
2002,1,11,-18.175,147.425,3.7790055248618786,30.1
2002,1,12,-18.175,147.425,3.7569060773480665,30.02
2002,1,13,-18.175,147.425,3.734806629834254,29.66
2002,1,14,-18.175,147.425,3.712707182320442,29.48
2002,1,15,-18.175,147.425,3.6906077348066297,29.12
2002,1,16,-18.175,147.425,3.6685082872928176,29.35
2002,1,17,-18.175,147.425,3.6464088397790055,28.99
2002,1,18,-18.175,147.425,3.6243093922651934,29.2
2002,1,19,-18.175,147.425,3.6022099447513813,28.87
2002,1,20,-18.175,147.425,3.5801104972375692,28.67
2002,1,21,-18.175,147.425,3.5580110497237567,28.69
2002,1,22,-18.175,147.425,3.5359116022099446,28.73
2002,1,23,-18.175,147.425,3.5138121546961325,28.98
2002,1,24,-18.175,147.425,3.4917127071823204,28.92
2002,1,25,-18.175,147.425,3.4696132596685083,28.93
2002,1,26,-18.175,147.425,3.447513812154696,28.85
2002,1,27,-18.175,147.425,3.425414364640884,29.04
2002,1,28,-18.175,147.425,3.403314917127072,29.1
2002,1,29,-18.175,147.425,3.3812154696132595,29.42
2002,1,30,-18.175,147.425,3.3591160220994474,29.52
2002,1,31,-18.175,147.425,3.3370165745856353,29.54
2002,2,1,-18.175,147.425,3.314917127071823,29.91
2002,2,2,-18.175,147.425,3.292817679558011,29.84
2002,2,3,-18.175,147.425,3.270718232044199,29.81
2002,2,4,-18.175,147.425,3.248618784530387,29.75
2002,2,5,-18.175,147.425,3.226519337016575,29.71
2002,2,6,-18.175,147.425,3.2044198895027622,29.66
2002,2,7,-18.175,147.425,3.18232044198895,29.71
2002,2,8,-18.175,147.425,3.160220994475138,29.7
2002,2,9,-18.175,147.425,3.138121546961326,29.61
2002,2,10,-18.175,147.425,3.116022099447514,29.54
2002,2,11,-18.175,147.425,3.0939226519337018,29.42
2002,2,12,-18.175,147.425,3.0718232044198897,29.39
2002,2,13,-18.175,147.425,3.0497237569060776,29.38
2002,2,14,-18.175,147.425,3.027624309392265,29.37
2002,2,15,-18.175,147.425,3.005524861878453,29.33
2002,2,16,-18.175,147.425,2.983425414364641,29.22
2002,2,17,-18.175,147.425,2.9613259668508287,28.76
2002,2,18,-18.175,147.425,2.9392265193370166,28.7
2002,2,19,-18.175,147.425,2.9171270718232045,28.65
2002,2,20,-18.175,147.425,2.8950276243093924,28.69
2002,2,21,-18.175,147.425,2.8729281767955803,28.83
2002,2,22,-18.175,147.425,2.850828729281768,29.24
2002,2,23,-18.175,147.425,2.8287292817679557,29.39
2002,2,24,-18.175,147.425,2.8066298342541436,28.96
2002,2,25,-18.175,147.425,2.7845303867403315,29.03
2002,2,26,-18.175,147.425,2.7624309392265194,29.06
2002,2,27,-18.175,147.425,2.7403314917127073,29.29
2002,2,28,-18.175,147.425,2.718232044198895,29.29
2002,3,1,-18.175,147.425,2.696132596685083,29.23
2002,3,2,-18.175,147.425,2.6740331491712706,29.16
2002,3,3,-18.175,147.425,2.6519337016574585,29.21
2002,3,4,-18.175,147.425,2.6298342541436464,29.06
2002,3,5,-18.175,147.425,2.6077348066298343,28.97
2002,3,6,-18.175,147.425,2.585635359116022,28.95
2002,3,7,-18.175,147.425,2.56353591160221,28.95
2002,3,8,-18.175,147.425,2.541436464088398,28.9
2002,3,9,-18.175,147.425,2.5193370165745854,28.83
2002,3,10,-18.175,147.425,2.4972375690607733,28.89
2002,3,11,-18.175,147.425,2.4751381215469612,28.61
2002,3,12,-18.175,147.425,2.453038674033149,28.98
2002,3,13,-18.175,147.425,2.430939226519337,28.89
2002,3,14,-18.175,147.425,2.408839779005525,28.54
2002,3,15,-18.175,147.425,2.386740331491713,28.2
2002,3,16,-18.175,147.425,2.3646408839779007,28.56
2002,3,17,-18.175,147.425,2.342541436464088,28.61
2002,3,18,-18.175,147.425,2.320441988950276,28.86
2002,3,19,-18.175,147.425,2.298342541436464,28.71
2002,3,20,-18.175,147.425,2.276243093922652,28.18
2002,3,21,-18.175,147.425,2.25414364640884,28.27
2002,3,22,-18.175,147.425,2.2320441988950277,28.21
2002,3,23,-18.175,147.425,2.2099447513812156,28.21
2002,3,24,-18.175,147.425,2.1878453038674035,28.09
2002,3,25,-18.175,147.425,2.165745856353591,28.01
2002,3,26,-18.175,147.425,2.143646408839779,27.97
2002,3,27,-18.175,147.425,2.1215469613259668,27.77
2002,3,28,-18.175,147.425,2.0994475138121547,27.88
2002,3,29,-18.175,147.425,2.0773480662983426,28.29
2002,3,30,-18.175,147.425,2.0552486187845305,28.63
2002,3,31,-18.175,147.425,2.0331491712707184,28.39
2002,4,1,-18.175,147.425,2.0110497237569063,28.28
2002,4,2,-18.175,147.425,1.988950276243094,27.44
2002,4,3,-18.175,147.425,1.9668508287292819,27.72
2002,4,4,-18.175,147.425,1.9447513812154695,27.81
2002,4,5,-18.175,147.425,1.9226519337016574,27.92
2002,4,6,-18.175,147.425,1.9005524861878453,27.77
2002,4,7,-18.175,147.425,1.8784530386740332,27.76
2002,4,8,-18.175,147.425,1.856353591160221,27.77
2002,4,9,-18.175,147.425,1.8342541436464088,27.59
2002,4,10,-18.175,147.425,1.8121546961325967,27.57
2002,4,11,-18.175,147.425,1.7900552486187846,27.57
2002,4,12,-18.175,147.425,1.7679558011049723,27.89
2002,4,13,-18.175,147.425,1.7458563535911602,28.01
2002,4,14,-18.175,147.425,1.723756906077348,27.89
2002,4,15,-18.175,147.425,1.701657458563536,27.82
2002,4,16,-18.175,147.425,1.6795580110497237,27.68
2002,4,17,-18.175,147.425,1.6574585635359116,27.23
2002,4,18,-18.175,147.425,1.6353591160220995,27.23
2002,4,19,-18.175,147.425,1.6132596685082874,27.29
2002,4,20,-18.175,147.425,1.591160220994475,27.43
2002,4,21,-18.175,147.425,1.569060773480663,27.49
2002,4,22,-18.175,147.425,1.5469613259668509,27.47
2002,4,23,-18.175,147.425,1.5248618784530388,27.49
2002,4,24,-18.175,147.425,1.5027624309392265,27.57
2002,4,25,-18.175,147.425,1.4806629834254144,27.64
2002,4,26,-18.175,147.425,1.4585635359116023,27.61
2002,4,27,-18.175,147.425,1.4364640883977902,27.6
2002,4,28,-18.175,147.425,1.4143646408839778,27.2
2002,4,29,-18.175,147.425,1.3922651933701657,27.19
2002,4,30,-18.175,147.425,1.3701657458563536,27.06
2002,5,1,-18.175,147.425,1.3480662983425415,26.92
2002,5,2,-18.175,147.425,1.3259668508287292,26.83
2002,5,3,-18.175,147.425,1.3038674033149171,26.8
2002,5,4,-18.175,147.425,1.281767955801105,26.7
2002,5,5,-18.175,147.425,1.2596685082872927,25.97
2002,5,6,-18.175,147.425,1.2375690607734806,26.09
2002,5,7,-18.175,147.425,1.2154696132596685,26.09
2002,5,8,-18.175,147.425,1.1933701657458564,26.22
2002,5,9,-18.175,147.425,1.171270718232044,26.48
2002,5,10,-18.175,147.425,1.149171270718232,26.57
2002,5,11,-18.175,147.425,1.12707182320442,26.55
2002,5,12,-18.175,147.425,1.1049723756906078,26.38
2002,5,13,-18.175,147.425,1.0828729281767955,26.38
2002,5,14,-18.175,147.425,1.0607734806629834,26.53
2002,5,15,-18.175,147.425,1.0386740331491713,26.54
2002,5,16,-18.175,147.425,1.0165745856353592,26.52
2002,5,17,-18.175,147.425,0.994475138121547,26.45
2002,5,18,-18.175,147.425,0.9723756906077348,26.42
2002,5,19,-18.175,147.425,0.9502762430939227,26.57
2002,5,20,-18.175,147.425,0.9281767955801105,26.29
2002,5,21,-18.175,147.425,0.9060773480662984,26.13
2002,5,22,-18.175,147.425,0.8839779005524862,26.18
2002,5,23,-18.175,147.425,0.861878453038674,25.2
2002,5,24,-18.175,147.425,0.8397790055248618,25.31
2002,5,25,-18.175,147.425,0.8176795580110497,25.44
2002,5,26,-18.175,147.425,0.7955801104972375,25.14
2002,5,27,-18.175,147.425,0.7734806629834254,25.69
2002,5,28,-18.175,147.425,0.7513812154696132,25.86
2002,5,29,-18.175,147.425,0.7292817679558011,25.99
2002,5,30,-18.175,147.425,0.7071823204419889,26.09
2002,5,31,-18.175,147.425,0.6850828729281768,26.19
2002,6,1,-18.175,147.425,0.6629834254143646,26.23
2002,6,2,-18.175,147.425,0.6408839779005525,25.81
2002,6,3,-18.175,147.425,0.6187845303867403,25.74
2002,6,4,-18.175,147.425,0.5966850828729282,25.71
2002,6,5,-18.175,147.425,0.574585635359116,25.65
2002,6,6,-18.175,147.425,0.5524861878453039,25.85
2002,6,7,-18.175,147.425,0.5303867403314917,25.84
2002,6,8,-18.175,147.425,0.5082872928176796,25.87
2002,6,9,-18.175,147.425,0.4861878453038674,25.61
2002,6,10,-18.175,147.425,0.46408839779005523,25.35
2002,6,11,-18.175,147.425,0.4419889502762431,25.26
2002,6,12,-18.175,147.425,0.4198895027624309,25.57
2002,6,13,-18.175,147.425,0.39779005524861877,25.5
2002,6,14,-18.175,147.425,0.3756906077348066,25.51
2002,6,15,-18.175,147.425,0.35359116022099446,25.74
2002,6,16,-18.175,147.425,0.3314917127071823,25.7
2002,6,17,-18.175,147.425,0.30939226519337015,25.65
2002,6,18,-18.175,147.425,0.287292817679558,25.23
2002,6,19,-18.175,147.425,0.26519337016574585,25.03
2002,6,20,-18.175,147.425,0.2430939226519337,24.94
2002,6,21,-18.175,147.425,0.22099447513812154,24.43
2002,6,22,-18.175,147.425,0.19889502762430938,24.79
2002,6,23,-18.175,147.425,0.17679558011049723,24.84
2002,6,24,-18.175,147.425,0.15469613259668508,24.96
2002,6,25,-18.175,147.425,0.13259668508287292,24.86
2002,6,26,-18.175,147.425,0.11049723756906077,24.86
2002,6,27,-18.175,147.425,0.08839779005524862,24.71
2002,6,28,-18.175,147.425,0.06629834254143646,24.7
2002,6,29,-18.175,147.425,0.04419889502762431,24.54
2002,6,30,-18.175,147.425,0.022099447513812154,24.66
2002,7,1,-18.175,147.425,0.0,24.53
2002,7,2,-18.175,147.425,0.0,24.21
2002,7,3,-18.175,147.425,0.0,24.35
2002,7,4,-18.175,147.425,0.022099447513812154,24.29
2002,7,5,-18.175,147.425,0.04419889502762431,24.35
2002,7,6,-18.175,147.425,0.06629834254143646,24.41
2002,7,7,-18.175,147.425,0.08839779005524862,24.43
2002,7,8,-18.175,147.425,0.11049723756906077,24.39
2002,7,9,-18.175,147.425,0.13259668508287292,24.17
2002,7,10,-18.175,147.425,0.15469613259668508,24.25
2002,7,11,-18.175,147.425,0.17679558011049723,24.38
2002,7,12,-18.175,147.425,0.19889502762430938,24.46
2002,7,13,-18.175,147.425,0.22099447513812154,24.42
2002,7,14,-18.175,147.425,0.2430939226519337,24.2
2002,7,15,-18.175,147.425,0.26519337016574585,24.08
2002,7,16,-18.175,147.425,0.287292817679558,24.13
2002,7,17,-18.175,147.425,0.30939226519337015,24.27
2002,7,18,-18.175,147.425,0.3314917127071823,24.26
2002,7,19,-18.175,147.425,0.35359116022099446,24.31
2002,7,20,-18.175,147.425,0.3756906077348066,24.31
2002,7,21,-18.175,147.425,0.39779005524861877,24.54
2002,7,22,-18.175,147.425,0.4198895027624309,24.68
2002,7,23,-18.175,147.425,0.4419889502762431,24.64
2002,7,24,-18.175,147.425,0.46408839779005523,24.54
2002,7,25,-18.175,147.425,0.4861878453038674,24.5
2002,7,26,-18.175,147.425,0.5082872928176796,24.1
2002,7,27,-18.175,147.425,0.5303867403314917,24.06
2002,7,28,-18.175,147.425,0.5524861878453039,23.99
2002,7,29,-18.175,147.425,0.574585635359116,24.21
2002,7,30,-18.175,147.425,0.5966850828729282,24.2
2002,7,31,-18.175,147.425,0.6187845303867403,24.32
2002,8,1,-18.175,147.425,0.6408839779005525,24.55
2002,8,2,-18.175,147.425,0.6629834254143646,24.39
2002,8,3,-18.175,147.425,0.6850828729281768,24.4
2002,8,4,-18.175,147.425,0.7071823204419889,24.38
2002,8,5,-18.175,147.425,0.7292817679558011,24.26
2002,8,6,-18.175,147.425,0.7513812154696132,24.24
2002,8,7,-18.175,147.425,0.7734806629834254,24.52
2002,8,8,-18.175,147.425,0.7955801104972375,24.48
2002,8,9,-18.175,147.425,0.8176795580110497,24.46
2002,8,10,-18.175,147.425,0.8397790055248618,24.43
2002,8,11,-18.175,147.425,0.861878453038674,24.28
2002,8,12,-18.175,147.425,0.8839779005524862,24.26
2002,8,13,-18.175,147.425,0.9060773480662984,24.24
2002,8,14,-18.175,147.425,0.9281767955801105,23.83
2002,8,15,-18.175,147.425,0.9502762430939227,23.66
2002,8,16,-18.175,147.425,0.9723756906077348,23.66
2002,8,17,-18.175,147.425,0.994475138121547,23.94
2002,8,18,-18.175,147.425,1.0165745856353592,24.0
2002,8,19,-18.175,147.425,1.0386740331491713,23.94
2002,8,20,-18.175,147.425,1.0607734806629834,23.85
2002,8,21,-18.175,147.425,1.0828729281767955,23.96
2002,8,22,-18.175,147.425,1.1049723756906078,24.02
2002,8,23,-18.175,147.425,1.12707182320442,24.25
2002,8,24,-18.175,147.425,1.149171270718232,24.2
2002,8,25,-18.175,147.425,1.171270718232044,24.21
2002,8,26,-18.175,147.425,1.1933701657458564,24.07
2002,8,27,-18.175,147.425,1.2154696132596685,24.04
2002,8,28,-18.175,147.425,1.2375690607734806,24.01
2002,8,29,-18.175,147.425,1.2596685082872927,23.89
2002,8,30,-18.175,147.425,1.281767955801105,23.75
2002,8,31,-18.175,147.425,1.3038674033149171,23.75
2002,9,1,-18.175,147.425,1.3259668508287292,23.85
2002,9,2,-18.175,147.425,1.3480662983425415,23.88
2002,9,3,-18.175,147.425,1.3701657458563536,24.0
2002,9,4,-18.175,147.425,1.3922651933701657,24.09
2002,9,5,-18.175,147.425,1.4143646408839778,24.21
2002,9,6,-18.175,147.425,1.4364640883977902,24.49
2002,9,7,-18.175,147.425,1.4585635359116023,24.48
2002,9,8,-18.175,147.425,1.4806629834254144,24.56
2002,9,9,-18.175,147.425,1.5027624309392265,24.82
2002,9,10,-18.175,147.425,1.5248618784530388,25.23
2002,9,11,-18.175,147.425,1.5469613259668509,24.77
2002,9,12,-18.175,147.425,1.569060773480663,24.89
2002,9,13,-18.175,147.425,1.591160220994475,24.97
2002,9,14,-18.175,147.425,1.6132596685082874,25.05
2002,9,15,-18.175,147.425,1.6353591160220995,24.54
2002,9,16,-18.175,147.425,1.6574585635359116,24.4
2002,9,17,-18.175,147.425,1.6795580110497237,24.26
2002,9,18,-18.175,147.425,1.701657458563536,24.29
2002,9,19,-18.175,147.425,1.723756906077348,24.89
2002,9,20,-18.175,147.425,1.7458563535911602,24.75
2002,9,21,-18.175,147.425,1.7679558011049723,24.64
2002,9,22,-18.175,147.425,1.7900552486187846,24.87
2002,9,23,-18.175,147.425,1.8121546961325967,24.91
2002,9,24,-18.175,147.425,1.8342541436464088,25.24
2002,9,25,-18.175,147.425,1.856353591160221,25.13
2002,9,26,-18.175,147.425,1.8784530386740332,25.29
2002,9,27,-18.175,147.425,1.9005524861878453,25.11
2002,9,28,-18.175,147.425,1.9226519337016574,25.23
2002,9,29,-18.175,147.425,1.9447513812154695,25.16
2002,9,30,-18.175,147.425,1.9668508287292819,24.85
2002,10,1,-18.175,147.425,1.988950276243094,24.84
2002,10,2,-18.175,147.425,2.0110497237569063,25.06
2002,10,3,-18.175,147.425,2.0331491712707184,24.91
2002,10,4,-18.175,147.425,2.0552486187845305,24.67
2002,10,5,-18.175,147.425,2.0773480662983426,24.64
2002,10,6,-18.175,147.425,2.0994475138121547,24.63
2002,10,7,-18.175,147.425,2.1215469613259668,24.45
2002,10,8,-18.175,147.425,2.143646408839779,24.9
2002,10,9,-18.175,147.425,2.165745856353591,25.0
2002,10,10,-18.175,147.425,2.1878453038674035,24.97
2002,10,11,-18.175,147.425,2.2099447513812156,24.86
2002,10,12,-18.175,147.425,2.2320441988950277,24.72
2002,10,13,-18.175,147.425,2.25414364640884,24.68
2002,10,14,-18.175,147.425,2.276243093922652,24.68
2002,10,15,-18.175,147.425,2.298342541436464,24.78
2002,10,16,-18.175,147.425,2.320441988950276,24.81
2002,10,17,-18.175,147.425,2.342541436464088,25.63
2002,10,18,-18.175,147.425,2.3646408839779007,25.73
2002,10,19,-18.175,147.425,2.386740331491713,25.81
2002,10,20,-18.175,147.425,2.408839779005525,25.86
2002,10,21,-18.175,147.425,2.430939226519337,25.77
2002,10,22,-18.175,147.425,2.453038674033149,25.75
2002,10,23,-18.175,147.425,2.4751381215469612,25.65
2002,10,24,-18.175,147.425,2.4972375690607733,25.54
2002,10,25,-18.175,147.425,2.5193370165745854,25.19
2002,10,26,-18.175,147.425,2.541436464088398,25.56
2002,10,27,-18.175,147.425,2.56353591160221,25.55
2002,10,28,-18.175,147.425,2.585635359116022,25.58
2002,10,29,-18.175,147.425,2.6077348066298343,25.67
2002,10,30,-18.175,147.425,2.6298342541436464,25.73
2002,10,31,-18.175,147.425,2.6519337016574585,25.8
2002,11,1,-18.175,147.425,2.6740331491712706,25.83
2002,11,2,-18.175,147.425,2.696132596685083,26.08
2002,11,3,-18.175,147.425,2.718232044198895,26.22
2002,11,4,-18.175,147.425,2.7403314917127073,26.2
2002,11,5,-18.175,147.425,2.7624309392265194,26.09
2002,11,6,-18.175,147.425,2.7845303867403315,26.05
2002,11,7,-18.175,147.425,2.8066298342541436,26.02
2002,11,8,-18.175,147.425,2.8287292817679557,25.94
2002,11,9,-18.175,147.425,2.850828729281768,25.99
2002,11,10,-18.175,147.425,2.8729281767955803,26.0
2002,11,11,-18.175,147.425,2.8950276243093924,26.23
2002,11,12,-18.175,147.425,2.9171270718232045,26.13
2002,11,13,-18.175,147.425,2.9392265193370166,26.19
2002,11,14,-18.175,147.425,2.9613259668508287,26.08
2002,11,15,-18.175,147.425,2.983425414364641,26.38
2002,11,16,-18.175,147.425,3.005524861878453,26.38
2002,11,17,-18.175,147.425,3.027624309392265,26.5
2002,11,18,-18.175,147.425,3.0497237569060776,26.48
2002,11,19,-18.175,147.425,3.0718232044198897,26.35
2002,11,20,-18.175,147.425,3.0939226519337018,26.44
2002,11,21,-18.175,147.425,3.116022099447514,26.52
2002,11,22,-18.175,147.425,3.138121546961326,26.5
2002,11,23,-18.175,147.425,3.160220994475138,26.27
2002,11,24,-18.175,147.425,3.18232044198895,26.43
2002,11,25,-18.175,147.425,3.2044198895027622,26.42
2002,11,26,-18.175,147.425,3.226519337016575,26.6
2002,11,27,-18.175,147.425,3.248618784530387,26.62
2002,11,28,-18.175,147.425,3.270718232044199,26.43
2002,11,29,-18.175,147.425,3.292817679558011,26.71
2002,11,30,-18.175,147.425,3.314917127071823,26.79
2002,12,1,-18.175,147.425,3.3370165745856353,26.93
2002,12,2,-18.175,147.425,3.3591160220994474,26.89
2002,12,3,-18.175,147.425,3.3812154696132595,26.92
2002,12,4,-18.175,147.425,3.403314917127072,27.03
2002,12,5,-18.175,147.425,3.425414364640884,27.17
2002,12,6,-18.175,147.425,3.447513812154696,27.14
2002,12,7,-18.175,147.425,3.4696132596685083,27.33
2002,12,8,-18.175,147.425,3.4917127071823204,27.29
2002,12,9,-18.175,147.425,3.5138121546961325,27.97
2002,12,10,-18.175,147.425,3.5359116022099446,27.33
2002,12,11,-18.175,147.425,3.5580110497237567,27.58
2002,12,12,-18.175,147.425,3.5801104972375692,28.12
2002,12,13,-18.175,147.425,3.6022099447513813,28.12
2002,12,14,-18.175,147.425,3.6243093922651934,28.24
2002,12,15,-18.175,147.425,3.6464088397790055,28.07
2002,12,16,-18.175,147.425,3.6685082872928176,27.97
2002,12,17,-18.175,147.425,3.6906077348066297,28.04
2002,12,18,-18.175,147.425,3.712707182320442,27.99
2002,12,19,-18.175,147.425,3.734806629834254,27.98
2002,12,20,-18.175,147.425,3.7569060773480665,27.79
2002,12,21,-18.175,147.425,3.7790055248618786,27.87
2002,12,22,-18.175,147.425,3.8011049723756907,27.93
2002,12,23,-18.175,147.425,3.8232044198895028,28.0
2002,12,24,-18.175,147.425,3.845303867403315,28.14
2002,12,25,-18.175,147.425,3.867403314917127,27.95
2002,12,26,-18.175,147.425,3.889502762430939,27.97
2002,12,27,-18.175,147.425,3.911602209944751,28.1
2002,12,28,-18.175,147.425,3.9337016574585637,28.32
2002,12,29,-18.175,147.425,3.955801104972376,28.17
2002,12,30,-18.175,147.425,3.977900552486188,28.21
2002,12,31,-18.175,147.425,4.0,28.2
2003,1,1,-18.175,147.425,4.0,28.48
2003,1,2,-18.175,147.425,3.977900552486188,28.58
2003,1,3,-18.175,147.425,3.955801104972376,28.6
2003,1,4,-18.175,147.425,3.9337016574585637,28.67
2003,1,5,-18.175,147.425,3.911602209944751,28.48
2003,1,6,-18.175,147.425,3.889502762430939,28.62
2003,1,7,-18.175,147.425,3.867403314917127,28.4
2003,1,8,-18.175,147.425,3.845303867403315,28.39
2003,1,9,-18.175,147.425,3.8232044198895028,28.64
2003,1,10,-18.175,147.425,3.8011049723756907,28.37
2003,1,11,-18.175,147.425,3.7790055248618786,28.46
2003,1,12,-18.175,147.425,3.7569060773480665,28.27
2003,1,13,-18.175,147.425,3.734806629834254,28.22
2003,1,14,-18.175,147.425,3.712707182320442,28.41
2003,1,15,-18.175,147.425,3.6906077348066297,28.29
2003,1,16,-18.175,147.425,3.6685082872928176,28.27
2003,1,17,-18.175,147.425,3.6464088397790055,28.28
2003,1,18,-18.175,147.425,3.6243093922651934,28.31
2003,1,19,-18.175,147.425,3.6022099447513813,28.54
2003,1,20,-18.175,147.425,3.5801104972375692,28.27
2003,1,21,-18.175,147.425,3.5580110497237567,28.34
2003,1,22,-18.175,147.425,3.5359116022099446,28.26
2003,1,23,-18.175,147.425,3.5138121546961325,28.39
2003,1,24,-18.175,147.425,3.4917127071823204,28.43
2003,1,25,-18.175,147.425,3.4696132596685083,28.38
2003,1,26,-18.175,147.425,3.447513812154696,28.09
2003,1,27,-18.175,147.425,3.425414364640884,28.35
2003,1,28,-18.175,147.425,3.403314917127072,28.2
2003,1,29,-18.175,147.425,3.3812154696132595,28.05
2003,1,30,-18.175,147.425,3.3591160220994474,28.16
2003,1,31,-18.175,147.425,3.3370165745856353,28.27
2003,2,1,-18.175,147.425,3.314917127071823,28.23
2003,2,2,-18.175,147.425,3.292817679558011,28.34
2003,2,3,-18.175,147.425,3.270718232044199,28.65
2003,2,4,-18.175,147.425,3.248618784530387,28.89
2003,2,5,-18.175,147.425,3.226519337016575,28.75
2003,2,6,-18.175,147.425,3.2044198895027622,29.02
2003,2,7,-18.175,147.425,3.18232044198895,28.68
2003,2,8,-18.175,147.425,3.160220994475138,28.42
2003,2,9,-18.175,147.425,3.138121546961326,28.39
2003,2,10,-18.175,147.425,3.116022099447514,28.55
2003,2,11,-18.175,147.425,3.0939226519337018,28.57
2003,2,12,-18.175,147.425,3.0718232044198897,28.82
2003,2,13,-18.175,147.425,3.0497237569060776,29.18
2003,2,14,-18.175,147.425,3.027624309392265,28.98
2003,2,15,-18.175,147.425,3.005524861878453,29.16
2003,2,16,-18.175,147.425,2.983425414364641,28.97
2003,2,17,-18.175,147.425,2.9613259668508287,28.97
2003,2,18,-18.175,147.425,2.9392265193370166,29.2
2003,2,19,-18.175,147.425,2.9171270718232045,28.83
2003,2,20,-18.175,147.425,2.8950276243093924,29.38
2003,2,21,-18.175,147.425,2.8729281767955803,29.27
2003,2,22,-18.175,147.425,2.850828729281768,29.47
2003,2,23,-18.175,147.425,2.8287292817679557,28.97
2003,2,24,-18.175,147.425,2.8066298342541436,29.03
2003,2,25,-18.175,147.425,2.7845303867403315,28.72
2003,2,26,-18.175,147.425,2.7624309392265194,28.69
2003,2,27,-18.175,147.425,2.7403314917127073,28.65
2003,2,28,-18.175,147.425,2.718232044198895,28.7
2003,3,1,-18.175,147.425,2.696132596685083,28.54
2003,3,2,-18.175,147.425,2.6740331491712706,28.77
2003,3,3,-18.175,147.425,2.6519337016574585,28.57
2003,3,4,-18.175,147.425,2.6298342541436464,28.46
2003,3,5,-18.175,147.425,2.6077348066298343,28.74
2003,3,6,-18.175,147.425,2.585635359116022,28.63
2003,3,7,-18.175,147.425,2.56353591160221,28.6
2003,3,8,-18.175,147.425,2.541436464088398,28.62
2003,3,9,-18.175,147.425,2.5193370165745854,28.28
2003,3,10,-18.175,147.425,2.4972375690607733,28.02
2003,3,11,-18.175,147.425,2.4751381215469612,28.03
2003,3,12,-18.175,147.425,2.453038674033149,27.87
2003,3,13,-18.175,147.425,2.430939226519337,27.91
2003,3,14,-18.175,147.425,2.408839779005525,27.61
2003,3,15,-18.175,147.425,2.386740331491713,27.84
2003,3,16,-18.175,147.425,2.3646408839779007,28.36
2003,3,17,-18.175,147.425,2.342541436464088,28.42
2003,3,18,-18.175,147.425,2.320441988950276,28.41
2003,3,19,-18.175,147.425,2.298342541436464,28.28
2003,3,20,-18.175,147.425,2.276243093922652,28.18
2003,3,21,-18.175,147.425,2.25414364640884,28.3
2003,3,22,-18.175,147.425,2.2320441988950277,28.47
2003,3,23,-18.175,147.425,2.2099447513812156,28.38
2003,3,24,-18.175,147.425,2.1878453038674035,28.27
2003,3,25,-18.175,147.425,2.165745856353591,28.51
2003,3,26,-18.175,147.425,2.143646408839779,28.38
2003,3,27,-18.175,147.425,2.1215469613259668,28.12
2003,3,28,-18.175,147.425,2.0994475138121547,28.03
2003,3,29,-18.175,147.425,2.0773480662983426,28.08
2003,3,30,-18.175,147.425,2.0552486187845305,27.99
2003,3,31,-18.175,147.425,2.0331491712707184,27.98
2003,4,1,-18.175,147.425,2.0110497237569063,28.01
2003,4,2,-18.175,147.425,1.988950276243094,28.1
2003,4,3,-18.175,147.425,1.9668508287292819,27.96
2003,4,4,-18.175,147.425,1.9447513812154695,27.92
2003,4,5,-18.175,147.425,1.9226519337016574,28.27
2003,4,6,-18.175,147.425,1.9005524861878453,28.0
2003,4,7,-18.175,147.425,1.8784530386740332,27.96
2003,4,8,-18.175,147.425,1.856353591160221,27.99
2003,4,9,-18.175,147.425,1.8342541436464088,28.34
2003,4,10,-18.175,147.425,1.8121546961325967,28.07
2003,4,11,-18.175,147.425,1.7900552486187846,27.9
2003,4,12,-18.175,147.425,1.7679558011049723,28.19
2003,4,13,-18.175,147.425,1.7458563535911602,28.17
2003,4,14,-18.175,147.425,1.723756906077348,28.01
2003,4,15,-18.175,147.425,1.701657458563536,28.08
2003,4,16,-18.175,147.425,1.6795580110497237,28.16
2003,4,17,-18.175,147.425,1.6574585635359116,27.79
2003,4,18,-18.175,147.425,1.6353591160220995,27.67
2003,4,19,-18.175,147.425,1.6132596685082874,27.42
2003,4,20,-18.175,147.425,1.591160220994475,27.3
2003,4,21,-18.175,147.425,1.569060773480663,27.41
2003,4,22,-18.175,147.425,1.5469613259668509,27.39
2003,4,23,-18.175,147.425,1.5248618784530388,27.26
2003,4,24,-18.175,147.425,1.5027624309392265,27.2
2003,4,25,-18.175,147.425,1.4806629834254144,27.23
2003,4,26,-18.175,147.425,1.4585635359116023,27.31
2003,4,27,-18.175,147.425,1.4364640883977902,27.22
2003,4,28,-18.175,147.425,1.4143646408839778,27.36
2003,4,29,-18.175,147.425,1.3922651933701657,26.88
2003,4,30,-18.175,147.425,1.3701657458563536,26.93
2003,5,1,-18.175,147.425,1.3480662983425415,26.96
2003,5,2,-18.175,147.425,1.3259668508287292,26.93
2003,5,3,-18.175,147.425,1.3038674033149171,26.97
2003,5,4,-18.175,147.425,1.281767955801105,26.95
2003,5,5,-18.175,147.425,1.2596685082872927,26.86
2003,5,6,-18.175,147.425,1.2375690607734806,26.67
2003,5,7,-18.175,147.425,1.2154696132596685,26.49
2003,5,8,-18.175,147.425,1.1933701657458564,26.33
2003,5,9,-18.175,147.425,1.171270718232044,26.26
2003,5,10,-18.175,147.425,1.149171270718232,26.1
2003,5,11,-18.175,147.425,1.12707182320442,26.17
2003,5,12,-18.175,147.425,1.1049723756906078,26.17
2003,5,13,-18.175,147.425,1.0828729281767955,26.2
2003,5,14,-18.175,147.425,1.0607734806629834,26.21
2003,5,15,-18.175,147.425,1.0386740331491713,26.13
2003,5,16,-18.175,147.425,1.0165745856353592,26.14
2003,5,17,-18.175,147.425,0.994475138121547,26.61
2003,5,18,-18.175,147.425,0.9723756906077348,26.58
2003,5,19,-18.175,147.425,0.9502762430939227,26.85
2003,5,20,-18.175,147.425,0.9281767955801105,26.89
2003,5,21,-18.175,147.425,0.9060773480662984,26.8
2003,5,22,-18.175,147.425,0.8839779005524862,26.47
2003,5,23,-18.175,147.425,0.861878453038674,26.45
2003,5,24,-18.175,147.425,0.8397790055248618,26.44
2003,5,25,-18.175,147.425,0.8176795580110497,26.13
2003,5,26,-18.175,147.425,0.7955801104972375,26.0
2003,5,27,-18.175,147.425,0.7734806629834254,26.02
2003,5,28,-18.175,147.425,0.7513812154696132,26.25
2003,5,29,-18.175,147.425,0.7292817679558011,25.62
2003,5,30,-18.175,147.425,0.7071823204419889,25.89
2003,5,31,-18.175,147.425,0.6850828729281768,25.84
2003,6,1,-18.175,147.425,0.6629834254143646,26.01
2003,6,2,-18.175,147.425,0.6408839779005525,26.08
2003,6,3,-18.175,147.425,0.6187845303867403,26.09
2003,6,4,-18.175,147.425,0.5966850828729282,25.8
2003,6,5,-18.175,147.425,0.574585635359116,25.79
2003,6,6,-18.175,147.425,0.5524861878453039,25.93
2003,6,7,-18.175,147.425,0.5303867403314917,26.0
2003,6,8,-18.175,147.425,0.5082872928176796,26.12
2003,6,9,-18.175,147.425,0.4861878453038674,25.89
2003,6,10,-18.175,147.425,0.46408839779005523,25.84
2003,6,11,-18.175,147.425,0.4419889502762431,25.68
2003,6,12,-18.175,147.425,0.4198895027624309,25.57
2003,6,13,-18.175,147.425,0.39779005524861877,25.41
2003,6,14,-18.175,147.425,0.3756906077348066,25.43
2003,6,15,-18.175,147.425,0.35359116022099446,25.49
2003,6,16,-18.175,147.425,0.3314917127071823,25.5
2003,6,17,-18.175,147.425,0.30939226519337015,25.49
2003,6,18,-18.175,147.425,0.287292817679558,25.29
2003,6,19,-18.175,147.425,0.26519337016574585,25.39
2003,6,20,-18.175,147.425,0.2430939226519337,25.31
2003,6,21,-18.175,147.425,0.22099447513812154,25.39
2003,6,22,-18.175,147.425,0.19889502762430938,25.35
2003,6,23,-18.175,147.425,0.17679558011049723,25.31
2003,6,24,-18.175,147.425,0.15469613259668508,25.28
2003,6,25,-18.175,147.425,0.13259668508287292,24.87
2003,6,26,-18.175,147.425,0.11049723756906077,25.02
2003,6,27,-18.175,147.425,0.08839779005524862,24.73
2003,6,28,-18.175,147.425,0.06629834254143646,24.74
2003,6,29,-18.175,147.425,0.04419889502762431,24.94
2003,6,30,-18.175,147.425,0.022099447513812154,24.99
2003,7,1,-18.175,147.425,0.0,25.02
2003,7,2,-18.175,147.425,0.0,25.03
2003,7,3,-18.175,147.425,0.0,25.0
2003,7,4,-18.175,147.425,0.022099447513812154,24.98
2003,7,5,-18.175,147.425,0.04419889502762431,24.79
2003,7,6,-18.175,147.425,0.06629834254143646,24.74
2003,7,7,-18.175,147.425,0.08839779005524862,24.77
2003,7,8,-18.175,147.425,0.11049723756906077,24.74
2003,7,9,-18.175,147.425,0.13259668508287292,24.66
2003,7,10,-18.175,147.425,0.15469613259668508,24.72
2003,7,11,-18.175,147.425,0.17679558011049723,24.72
2003,7,12,-18.175,147.425,0.19889502762430938,24.7
2003,7,13,-18.175,147.425,0.22099447513812154,24.64
2003,7,14,-18.175,147.425,0.2430939226519337,24.58
2003,7,15,-18.175,147.425,0.26519337016574585,24.55
2003,7,16,-18.175,147.425,0.287292817679558,24.33
2003,7,17,-18.175,147.425,0.30939226519337015,24.42
2003,7,18,-18.175,147.425,0.3314917127071823,24.37
2003,7,19,-18.175,147.425,0.35359116022099446,24.55
2003,7,20,-18.175,147.425,0.3756906077348066,24.36
2003,7,21,-18.175,147.425,0.39779005524861877,24.45
2003,7,22,-18.175,147.425,0.4198895027624309,24.45
2003,7,23,-18.175,147.425,0.4419889502762431,24.39
2003,7,24,-18.175,147.425,0.46408839779005523,24.47
2003,7,25,-18.175,147.425,0.4861878453038674,24.2
2003,7,26,-18.175,147.425,0.5082872928176796,24.46
2003,7,27,-18.175,147.425,0.5303867403314917,24.28
2003,7,28,-18.175,147.425,0.5524861878453039,24.07
2003,7,29,-18.175,147.425,0.574585635359116,24.35
2003,7,30,-18.175,147.425,0.5966850828729282,24.12
2003,7,31,-18.175,147.425,0.6187845303867403,23.65
2003,8,1,-18.175,147.425,0.6408839779005525,23.93
2003,8,2,-18.175,147.425,0.6629834254143646,23.7
2003,8,3,-18.175,147.425,0.6850828729281768,23.52
2003,8,4,-18.175,147.425,0.7071823204419889,23.67
2003,8,5,-18.175,147.425,0.7292817679558011,23.82
2003,8,6,-18.175,147.425,0.7513812154696132,23.84
2003,8,7,-18.175,147.425,0.7734806629834254,24.21
2003,8,8,-18.175,147.425,0.7955801104972375,24.17
2003,8,9,-18.175,147.425,0.8176795580110497,24.06
2003,8,10,-18.175,147.425,0.8397790055248618,24.23
2003,8,11,-18.175,147.425,0.861878453038674,24.35
2003,8,12,-18.175,147.425,0.8839779005524862,24.4
2003,8,13,-18.175,147.425,0.9060773480662984,24.37
2003,8,14,-18.175,147.425,0.9281767955801105,24.52
2003,8,15,-18.175,147.425,0.9502762430939227,24.47
2003,8,16,-18.175,147.425,0.9723756906077348,24.44
2003,8,17,-18.175,147.425,0.994475138121547,24.39
2003,8,18,-18.175,147.425,1.0165745856353592,24.42
2003,8,19,-18.175,147.425,1.0386740331491713,24.4
2003,8,20,-18.175,147.425,1.0607734806629834,24.37
2003,8,21,-18.175,147.425,1.0828729281767955,24.28
2003,8,22,-18.175,147.425,1.1049723756906078,24.38
2003,8,23,-18.175,147.425,1.12707182320442,24.45
2003,8,24,-18.175,147.425,1.149171270718232,24.42
2003,8,25,-18.175,147.425,1.171270718232044,24.53
2003,8,26,-18.175,147.425,1.1933701657458564,24.4
2003,8,27,-18.175,147.425,1.2154696132596685,24.35
2003,8,28,-18.175,147.425,1.2375690607734806,24.24
2003,8,29,-18.175,147.425,1.2596685082872927,24.25
2003,8,30,-18.175,147.425,1.281767955801105,24.08
2003,8,31,-18.175,147.425,1.3038674033149171,24.01
2003,9,1,-18.175,147.425,1.3259668508287292,24.45
2003,9,2,-18.175,147.425,1.3480662983425415,24.23
2003,9,3,-18.175,147.425,1.3701657458563536,24.14
2003,9,4,-18.175,147.425,1.3922651933701657,23.85
2003,9,5,-18.175,147.425,1.4143646408839778,23.97
2003,9,6,-18.175,147.425,1.4364640883977902,24.09
2003,9,7,-18.175,147.425,1.4585635359116023,23.63
2003,9,8,-18.175,147.425,1.4806629834254144,24.12
2003,9,9,-18.175,147.425,1.5027624309392265,24.15
2003,9,10,-18.175,147.425,1.5248618784530388,24.03
2003,9,11,-18.175,147.425,1.5469613259668509,24.13
2003,9,12,-18.175,147.425,1.569060773480663,24.29
2003,9,13,-18.175,147.425,1.591160220994475,24.37
2003,9,14,-18.175,147.425,1.6132596685082874,24.42
2003,9,15,-18.175,147.425,1.6353591160220995,24.5
2003,9,16,-18.175,147.425,1.6574585635359116,24.9
2003,9,17,-18.175,147.425,1.6795580110497237,25.05
2003,9,18,-18.175,147.425,1.701657458563536,25.22
2003,9,19,-18.175,147.425,1.723756906077348,25.16
2003,9,20,-18.175,147.425,1.7458563535911602,25.22
2003,9,21,-18.175,147.425,1.7679558011049723,25.22
2003,9,22,-18.175,147.425,1.7900552486187846,25.01
2003,9,23,-18.175,147.425,1.8121546961325967,24.86
2003,9,24,-18.175,147.425,1.8342541436464088,24.98
2003,9,25,-18.175,147.425,1.856353591160221,24.81
2003,9,26,-18.175,147.425,1.8784530386740332,25.16
2003,9,27,-18.175,147.425,1.9005524861878453,25.16
2003,9,28,-18.175,147.425,1.9226519337016574,25.21
2003,9,29,-18.175,147.425,1.9447513812154695,25.41
2003,9,30,-18.175,147.425,1.9668508287292819,25.47
2003,10,1,-18.175,147.425,1.988950276243094,25.43
2003,10,2,-18.175,147.425,2.0110497237569063,25.51
2003,10,3,-18.175,147.425,2.0331491712707184,25.51
2003,10,4,-18.175,147.425,2.0552486187845305,25.51
2003,10,5,-18.175,147.425,2.0773480662983426,25.43
2003,10,6,-18.175,147.425,2.0994475138121547,25.49
2003,10,7,-18.175,147.425,2.1215469613259668,25.47
2003,10,8,-18.175,147.425,2.143646408839779,25.8
2003,10,9,-18.175,147.425,2.165745856353591,25.83
2003,10,10,-18.175,147.425,2.1878453038674035,25.74
2003,10,11,-18.175,147.425,2.2099447513812156,25.93
2003,10,12,-18.175,147.425,2.2320441988950277,26.01
2003,10,13,-18.175,147.425,2.25414364640884,25.54
2003,10,14,-18.175,147.425,2.276243093922652,25.44
2003,10,15,-18.175,147.425,2.298342541436464,25.21
2003,10,16,-18.175,147.425,2.320441988950276,25.37
2003,10,17,-18.175,147.425,2.342541436464088,25.97
2003,10,18,-18.175,147.425,2.3646408839779007,25.8
2003,10,19,-18.175,147.425,2.386740331491713,25.7
2003,10,20,-18.175,147.425,2.408839779005525,25.74
2003,10,21,-18.175,147.425,2.430939226519337,25.74
2003,10,22,-18.175,147.425,2.453038674033149,25.94
2003,10,23,-18.175,147.425,2.4751381215469612,25.99
2003,10,24,-18.175,147.425,2.4972375690607733,25.81
2003,10,25,-18.175,147.425,2.5193370165745854,25.86
2003,10,26,-18.175,147.425,2.541436464088398,26.04
2003,10,27,-18.175,147.425,2.56353591160221,26.13
2003,10,28,-18.175,147.425,2.585635359116022,26.23
2003,10,29,-18.175,147.425,2.6077348066298343,26.06
2003,10,30,-18.175,147.425,2.6298342541436464,26.15
2003,10,31,-18.175,147.425,2.6519337016574585,26.2
2003,11,1,-18.175,147.425,2.6740331491712706,26.39
2003,11,2,-18.175,147.425,2.696132596685083,26.7
2003,11,3,-18.175,147.425,2.718232044198895,26.4
2003,11,4,-18.175,147.425,2.7403314917127073,26.24
2003,11,5,-18.175,147.425,2.7624309392265194,26.18
2003,11,6,-18.175,147.425,2.7845303867403315,26.38
2003,11,7,-18.175,147.425,2.8066298342541436,26.35
2003,11,8,-18.175,147.425,2.8287292817679557,26.15
2003,11,9,-18.175,147.425,2.850828729281768,26.16
2003,11,10,-18.175,147.425,2.8729281767955803,26.1
2003,11,11,-18.175,147.425,2.8950276243093924,25.98
2003,11,12,-18.175,147.425,2.9171270718232045,26.13
2003,11,13,-18.175,147.425,2.9392265193370166,26.18
2003,11,14,-18.175,147.425,2.9613259668508287,26.36
2003,11,15,-18.175,147.425,2.983425414364641,26.32
2003,11,16,-18.175,147.425,3.005524861878453,26.42
2003,11,17,-18.175,147.425,3.027624309392265,26.48
2003,11,18,-18.175,147.425,3.0497237569060776,26.54
2003,11,19,-18.175,147.425,3.0718232044198897,26.48
2003,11,20,-18.175,147.425,3.0939226519337018,26.46
2003,11,21,-18.175,147.425,3.116022099447514,26.71
2003,11,22,-18.175,147.425,3.138121546961326,26.81
2003,11,23,-18.175,147.425,3.160220994475138,26.82
2003,11,24,-18.175,147.425,3.18232044198895,26.79
2003,11,25,-18.175,147.425,3.2044198895027622,26.91
2003,11,26,-18.175,147.425,3.226519337016575,27.19
2003,11,27,-18.175,147.425,3.248618784530387,27.13
2003,11,28,-18.175,147.425,3.270718232044199,26.84
2003,11,29,-18.175,147.425,3.292817679558011,26.65
2003,11,30,-18.175,147.425,3.314917127071823,26.58
2003,12,1,-18.175,147.425,3.3370165745856353,26.54
2003,12,2,-18.175,147.425,3.3591160220994474,26.69
2003,12,3,-18.175,147.425,3.3812154696132595,26.89
2003,12,4,-18.175,147.425,3.403314917127072,27.15
2003,12,5,-18.175,147.425,3.425414364640884,27.25
2003,12,6,-18.175,147.425,3.447513812154696,27.33
2003,12,7,-18.175,147.425,3.4696132596685083,27.47
2003,12,8,-18.175,147.425,3.4917127071823204,27.5
2003,12,9,-18.175,147.425,3.5138121546961325,27.86
2003,12,10,-18.175,147.425,3.5359116022099446,27.92
2003,12,11,-18.175,147.425,3.5580110497237567,28.29
2003,12,12,-18.175,147.425,3.5801104972375692,28.12
2003,12,13,-18.175,147.425,3.6022099447513813,28.39
2003,12,14,-18.175,147.425,3.6243093922651934,28.41
2003,12,15,-18.175,147.425,3.6464088397790055,28.44
2003,12,16,-18.175,147.425,3.6685082872928176,28.33
2003,12,17,-18.175,147.425,3.6906077348066297,28.35
2003,12,18,-18.175,147.425,3.712707182320442,28.15
2003,12,19,-18.175,147.425,3.734806629834254,28.07
2003,12,20,-18.175,147.425,3.7569060773480665,28.18
2003,12,21,-18.175,147.425,3.7790055248618786,28.31
2003,12,22,-18.175,147.425,3.8011049723756907,28.47
2003,12,23,-18.175,147.425,3.8232044198895028,28.81
2003,12,24,-18.175,147.425,3.845303867403315,28.78
2003,12,25,-18.175,147.425,3.867403314917127,28.26
2003,12,26,-18.175,147.425,3.889502762430939,29.19
2003,12,27,-18.175,147.425,3.911602209944751,29.35
2003,12,28,-18.175,147.425,3.9337016574585637,29.37
2003,12,29,-18.175,147.425,3.955801104972376,29.35
2003,12,30,-18.175,147.425,3.977900552486188,28.86
2003,12,31,-18.175,147.425,4.0,28.6
2004,1,1,-18.175,147.425,4.0,28.37
2004,1,2,-18.175,147.425,3.977900552486188,28.47
2004,1,3,-18.175,147.425,3.955801104972376,28.47
2004,1,4,-18.175,147.425,3.9337016574585637,28.65
2004,1,5,-18.175,147.425,3.911602209944751,29.08
2004,1,6,-18.175,147.425,3.889502762430939,28.98
2004,1,7,-18.175,147.425,3.867403314917127,28.95
2004,1,8,-18.175,147.425,3.845303867403315,29.22
2004,1,9,-18.175,147.425,3.8232044198895028,29.32
2004,1,10,-18.175,147.425,3.8011049723756907,29.47
2004,1,11,-18.175,147.425,3.7790055248618786,29.45
2004,1,12,-18.175,147.425,3.7569060773480665,29.31
2004,1,13,-18.175,147.425,3.734806629834254,29.1
2004,1,14,-18.175,147.425,3.712707182320442,29.06
2004,1,15,-18.175,147.425,3.6906077348066297,29.14
2004,1,16,-18.175,147.425,3.6685082872928176,29.14
2004,1,17,-18.175,147.425,3.6464088397790055,29.27
2004,1,18,-18.175,147.425,3.6243093922651934,29.34
2004,1,19,-18.175,147.425,3.6022099447513813,28.86
2004,1,20,-18.175,147.425,3.5801104972375692,28.88
2004,1,21,-18.175,147.425,3.5580110497237567,28.72
2004,1,22,-18.175,147.425,3.5359116022099446,28.7
2004,1,23,-18.175,147.425,3.5138121546961325,28.96
2004,1,24,-18.175,147.425,3.4917127071823204,29.19
2004,1,25,-18.175,147.425,3.4696132596685083,28.98
2004,1,26,-18.175,147.425,3.447513812154696,29.6
2004,1,27,-18.175,147.425,3.425414364640884,29.69
2004,1,28,-18.175,147.425,3.403314917127072,29.89
2004,1,29,-18.175,147.425,3.3812154696132595,30.04
2004,1,30,-18.175,147.425,3.3591160220994474,30.07
2004,1,31,-18.175,147.425,3.3370165745856353,30.16
2004,2,1,-18.175,147.425,3.314917127071823,29.88
2004,2,2,-18.175,147.425,3.292817679558011,29.75
2004,2,3,-18.175,147.425,3.270718232044199,29.72
2004,2,4,-18.175,147.425,3.248618784530387,29.45
2004,2,5,-18.175,147.425,3.226519337016575,29.31
2004,2,6,-18.175,147.425,3.2044198895027622,29.52
2004,2,7,-18.175,147.425,3.18232044198895,28.95
2004,2,8,-18.175,147.425,3.160220994475138,29.09
2004,2,9,-18.175,147.425,3.138121546961326,28.74
2004,2,10,-18.175,147.425,3.116022099447514,28.75
2004,2,11,-18.175,147.425,3.0939226519337018,28.74
2004,2,12,-18.175,147.425,3.0718232044198897,28.96
2004,2,13,-18.175,147.425,3.0497237569060776,29.17
2004,2,14,-18.175,147.425,3.027624309392265,29.07
2004,2,15,-18.175,147.425,3.005524861878453,29.11
2004,2,16,-18.175,147.425,2.983425414364641,29.07
2004,2,17,-18.175,147.425,2.9613259668508287,29.22
2004,2,18,-18.175,147.425,2.9392265193370166,29.2
2004,2,19,-18.175,147.425,2.9171270718232045,29.15
2004,2,20,-18.175,147.425,2.8950276243093924,29.53
2004,2,21,-18.175,147.425,2.8729281767955803,29.47
2004,2,22,-18.175,147.425,2.850828729281768,29.51
2004,2,23,-18.175,147.425,2.8287292817679557,29.63
2004,2,24,-18.175,147.425,2.8066298342541436,29.82
2004,2,25,-18.175,147.425,2.7845303867403315,30.1
2004,2,26,-18.175,147.425,2.7624309392265194,29.94
2004,2,27,-18.175,147.425,2.7403314917127073,29.82
2004,2,28,-18.175,147.425,2.718232044198895,29.59
2004,2,29,-18.175,147.425,2.696132596685083,29.79
2004,3,1,-18.175,147.425,2.6740331491712706,29.87
2004,3,2,-18.175,147.425,2.6519337016574585,30.07
2004,3,3,-18.175,147.425,2.6298342541436464,29.09
2004,3,4,-18.175,147.425,2.6077348066298343,28.88
2004,3,5,-18.175,147.425,2.585635359116022,29.01
2004,3,6,-18.175,147.425,2.56353591160221,29.07
2004,3,7,-18.175,147.425,2.541436464088398,28.88
2004,3,8,-18.175,147.425,2.5193370165745854,29.35
2004,3,9,-18.175,147.425,2.4972375690607733,29.16
2004,3,10,-18.175,147.425,2.4751381215469612,29.36
2004,3,11,-18.175,147.425,2.453038674033149,29.31
2004,3,12,-18.175,147.425,2.430939226519337,28.92
2004,3,13,-18.175,147.425,2.408839779005525,28.75
2004,3,14,-18.175,147.425,2.386740331491713,28.72
2004,3,15,-18.175,147.425,2.3646408839779007,28.99
2004,3,16,-18.175,147.425,2.342541436464088,28.75
2004,3,17,-18.175,147.425,2.320441988950276,28.92
2004,3,18,-18.175,147.425,2.298342541436464,28.78
2004,3,19,-18.175,147.425,2.276243093922652,28.72
2004,3,20,-18.175,147.425,2.25414364640884,28.66
2004,3,21,-18.175,147.425,2.2320441988950277,28.57
2004,3,22,-18.175,147.425,2.2099447513812156,28.59
2004,3,23,-18.175,147.425,2.1878453038674035,28.47
2004,3,24,-18.175,147.425,2.165745856353591,28.24
2004,3,25,-18.175,147.425,2.143646408839779,28.26
2004,3,26,-18.175,147.425,2.1215469613259668,28.11
2004,3,27,-18.175,147.425,2.0994475138121547,28.16
2004,3,28,-18.175,147.425,2.0773480662983426,28.01
2004,3,29,-18.175,147.425,2.0552486187845305,27.96
2004,3,30,-18.175,147.425,2.0331491712707184,28.18
2004,3,31,-18.175,147.425,2.0110497237569063,28.03
2004,4,1,-18.175,147.425,1.988950276243094,28.1
2004,4,2,-18.175,147.425,1.9668508287292819,27.87
2004,4,3,-18.175,147.425,1.9447513812154695,28.06
2004,4,4,-18.175,147.425,1.9226519337016574,27.81
2004,4,5,-18.175,147.425,1.9005524861878453,27.76
2004,4,6,-18.175,147.425,1.8784530386740332,27.5
2004,4,7,-18.175,147.425,1.856353591160221,27.44
2004,4,8,-18.175,147.425,1.8342541436464088,27.4
2004,4,9,-18.175,147.425,1.8121546961325967,27.51
2004,4,10,-18.175,147.425,1.7900552486187846,27.51
2004,4,11,-18.175,147.425,1.7679558011049723,27.38
2004,4,12,-18.175,147.425,1.7458563535911602,27.19
2004,4,13,-18.175,147.425,1.723756906077348,27.03
2004,4,14,-18.175,147.425,1.701657458563536,26.83
2004,4,15,-18.175,147.425,1.6795580110497237,26.83
2004,4,16,-18.175,147.425,1.6574585635359116,26.81
2004,4,17,-18.175,147.425,1.6353591160220995,26.97
2004,4,18,-18.175,147.425,1.6132596685082874,26.72
2004,4,19,-18.175,147.425,1.591160220994475,26.87
2004,4,20,-18.175,147.425,1.569060773480663,26.85
2004,4,21,-18.175,147.425,1.5469613259668509,26.74
2004,4,22,-18.175,147.425,1.5248618784530388,26.72
2004,4,23,-18.175,147.425,1.5027624309392265,26.5
2004,4,24,-18.175,147.425,1.4806629834254144,26.35
2004,4,25,-18.175,147.425,1.4585635359116023,26.36
2004,4,26,-18.175,147.425,1.4364640883977902,26.41
2004,4,27,-18.175,147.425,1.4143646408839778,26.4
2004,4,28,-18.175,147.425,1.3922651933701657,26.35
2004,4,29,-18.175,147.425,1.3701657458563536,26.53
2004,4,30,-18.175,147.425,1.3480662983425415,26.1
2004,5,1,-18.175,147.425,1.3259668508287292,25.91
2004,5,2,-18.175,147.425,1.3038674033149171,25.84
2004,5,3,-18.175,147.425,1.281767955801105,25.96
2004,5,4,-18.175,147.425,1.2596685082872927,25.81
2004,5,5,-18.175,147.425,1.2375690607734806,25.88
2004,5,6,-18.175,147.425,1.2154696132596685,25.89
2004,5,7,-18.175,147.425,1.1933701657458564,26.01
2004,5,8,-18.175,147.425,1.171270718232044,26.26
2004,5,9,-18.175,147.425,1.149171270718232,26.31
2004,5,10,-18.175,147.425,1.12707182320442,26.35
2004,5,11,-18.175,147.425,1.1049723756906078,26.48
2004,5,12,-18.175,147.425,1.0828729281767955,26.48
2004,5,13,-18.175,147.425,1.0607734806629834,26.27
2004,5,14,-18.175,147.425,1.0386740331491713,26.2
2004,5,15,-18.175,147.425,1.0165745856353592,26.33
2004,5,16,-18.175,147.425,0.994475138121547,26.27
2004,5,17,-18.175,147.425,0.9723756906077348,25.93
2004,5,18,-18.175,147.425,0.9502762430939227,25.97
2004,5,19,-18.175,147.425,0.9281767955801105,26.25
2004,5,20,-18.175,147.425,0.9060773480662984,26.26
2004,5,21,-18.175,147.425,0.8839779005524862,26.22
2004,5,22,-18.175,147.425,0.861878453038674,26.09
2004,5,23,-18.175,147.425,0.8397790055248618,26.16
2004,5,24,-18.175,147.425,0.8176795580110497,26.1
2004,5,25,-18.175,147.425,0.7955801104972375,25.97
2004,5,26,-18.175,147.425,0.7734806629834254,26.18
2004,5,27,-18.175,147.425,0.7513812154696132,26.16
2004,5,28,-18.175,147.425,0.7292817679558011,26.17
2004,5,29,-18.175,147.425,0.7071823204419889,26.02
2004,5,30,-18.175,147.425,0.6850828729281768,25.92
2004,5,31,-18.175,147.425,0.6629834254143646,25.84
2004,6,1,-18.175,147.425,0.6408839779005525,25.77
2004,6,2,-18.175,147.425,0.6187845303867403,25.88
2004,6,3,-18.175,147.425,0.5966850828729282,25.81
2004,6,4,-18.175,147.425,0.574585635359116,25.78
2004,6,5,-18.175,147.425,0.5524861878453039,25.6
2004,6,6,-18.175,147.425,0.5303867403314917,25.69
2004,6,7,-18.175,147.425,0.5082872928176796,25.62
2004,6,8,-18.175,147.425,0.4861878453038674,25.43
2004,6,9,-18.175,147.425,0.46408839779005523,25.62
2004,6,10,-18.175,147.425,0.4419889502762431,25.63
2004,6,11,-18.175,147.425,0.4198895027624309,25.95
2004,6,12,-18.175,147.425,0.39779005524861877,25.69
2004,6,13,-18.175,147.425,0.3756906077348066,25.57
2004,6,14,-18.175,147.425,0.35359116022099446,25.32
2004,6,15,-18.175,147.425,0.3314917127071823,25.1
2004,6,16,-18.175,147.425,0.30939226519337015,25.47
2004,6,17,-18.175,147.425,0.287292817679558,25.47
2004,6,18,-18.175,147.425,0.26519337016574585,25.18
2004,6,19,-18.175,147.425,0.2430939226519337,25.17
2004,6,20,-18.175,147.425,0.22099447513812154,25.18
2004,6,21,-18.175,147.425,0.19889502762430938,24.94
2004,6,22,-18.175,147.425,0.17679558011049723,24.72
2004,6,23,-18.175,147.425,0.15469613259668508,24.69
2004,6,24,-18.175,147.425,0.13259668508287292,24.78
2004,6,25,-18.175,147.425,0.11049723756906077,24.7
2004,6,26,-18.175,147.425,0.08839779005524862,24.11
2004,6,27,-18.175,147.425,0.06629834254143646,24.39
2004,6,28,-18.175,147.425,0.04419889502762431,24.12
2004,6,29,-18.175,147.425,0.022099447513812154,24.08
2004,6,30,-18.175,147.425,0.0,24.04
2004,7,1,-18.175,147.425,0.0,24.1
2004,7,2,-18.175,147.425,0.0,24.24
2004,7,3,-18.175,147.425,0.0,23.98
2004,7,4,-18.175,147.425,0.022099447513812154,24.16
2004,7,5,-18.175,147.425,0.04419889502762431,24.17
2004,7,6,-18.175,147.425,0.06629834254143646,24.29
2004,7,7,-18.175,147.425,0.08839779005524862,24.49
2004,7,8,-18.175,147.425,0.11049723756906077,24.31
2004,7,9,-18.175,147.425,0.13259668508287292,24.19
2004,7,10,-18.175,147.425,0.15469613259668508,24.12
2004,7,11,-18.175,147.425,0.17679558011049723,24.09
2004,7,12,-18.175,147.425,0.19889502762430938,24.11
2004,7,13,-18.175,147.425,0.22099447513812154,24.28
2004,7,14,-18.175,147.425,0.2430939226519337,24.19
2004,7,15,-18.175,147.425,0.26519337016574585,24.18
2004,7,16,-18.175,147.425,0.287292817679558,24.16
2004,7,17,-18.175,147.425,0.30939226519337015,23.93
2004,7,18,-18.175,147.425,0.3314917127071823,24.21
2004,7,19,-18.175,147.425,0.35359116022099446,23.99
2004,7,20,-18.175,147.425,0.3756906077348066,23.89
2004,7,21,-18.175,147.425,0.39779005524861877,23.83
2004,7,22,-18.175,147.425,0.4198895027624309,23.85
2004,7,23,-18.175,147.425,0.4419889502762431,23.93
2004,7,24,-18.175,147.425,0.46408839779005523,23.81
2004,7,25,-18.175,147.425,0.4861878453038674,23.96
2004,7,26,-18.175,147.425,0.5082872928176796,24.06
2004,7,27,-18.175,147.425,0.5303867403314917,24.02
2004,7,28,-18.175,147.425,0.5524861878453039,23.99
2004,7,29,-18.175,147.425,0.574585635359116,24.05
2004,7,30,-18.175,147.425,0.5966850828729282,23.97
2004,7,31,-18.175,147.425,0.6187845303867403,23.61
2004,8,1,-18.175,147.425,0.6408839779005525,23.7
2004,8,2,-18.175,147.425,0.6629834254143646,24.09
2004,8,3,-18.175,147.425,0.6850828729281768,24.4
2004,8,4,-18.175,147.425,0.7071823204419889,24.06
2004,8,5,-18.175,147.425,0.7292817679558011,24.23
2004,8,6,-18.175,147.425,0.7513812154696132,24.38
2004,8,7,-18.175,147.425,0.7734806629834254,24.41
2004,8,8,-18.175,147.425,0.7955801104972375,24.54
2004,8,9,-18.175,147.425,0.8176795580110497,24.41
2004,8,10,-18.175,147.425,0.8397790055248618,24.49
2004,8,11,-18.175,147.425,0.861878453038674,24.57
2004,8,12,-18.175,147.425,0.8839779005524862,24.48
2004,8,13,-18.175,147.425,0.9060773480662984,24.63
2004,8,14,-18.175,147.425,0.9281767955801105,24.48
2004,8,15,-18.175,147.425,0.9502762430939227,24.5
2004,8,16,-18.175,147.425,0.9723756906077348,24.54
2004,8,17,-18.175,147.425,0.994475138121547,24.62
2004,8,18,-18.175,147.425,1.0165745856353592,24.74
2004,8,19,-18.175,147.425,1.0386740331491713,24.72
2004,8,20,-18.175,147.425,1.0607734806629834,24.4
2004,8,21,-18.175,147.425,1.0828729281767955,24.35
2004,8,22,-18.175,147.425,1.1049723756906078,24.25
2004,8,23,-18.175,147.425,1.12707182320442,24.5
2004,8,24,-18.175,147.425,1.149171270718232,24.43
2004,8,25,-18.175,147.425,1.171270718232044,24.4
2004,8,26,-18.175,147.425,1.1933701657458564,24.34
2004,8,27,-18.175,147.425,1.2154696132596685,24.34
2004,8,28,-18.175,147.425,1.2375690607734806,24.13
2004,8,29,-18.175,147.425,1.2596685082872927,24.22
2004,8,30,-18.175,147.425,1.281767955801105,24.26
2004,8,31,-18.175,147.425,1.3038674033149171,24.24
2004,9,1,-18.175,147.425,1.3259668508287292,24.08
2004,9,2,-18.175,147.425,1.3480662983425415,24.17
2004,9,3,-18.175,147.425,1.3701657458563536,24.15
2004,9,4,-18.175,147.425,1.3922651933701657,24.06
2004,9,5,-18.175,147.425,1.4143646408839778,24.0
2004,9,6,-18.175,147.425,1.4364640883977902,23.88
2004,9,7,-18.175,147.425,1.4585635359116023,24.12
2004,9,8,-18.175,147.425,1.4806629834254144,24.25
2004,9,9,-18.175,147.425,1.5027624309392265,24.3
2004,9,10,-18.175,147.425,1.5248618784530388,24.25
2004,9,11,-18.175,147.425,1.5469613259668509,24.42
2004,9,12,-18.175,147.425,1.569060773480663,24.41
2004,9,13,-18.175,147.425,1.591160220994475,24.33
2004,9,14,-18.175,147.425,1.6132596685082874,24.31
2004,9,15,-18.175,147.425,1.6353591160220995,24.29
2004,9,16,-18.175,147.425,1.6574585635359116,24.25
2004,9,17,-18.175,147.425,1.6795580110497237,24.32
2004,9,18,-18.175,147.425,1.701657458563536,24.29
2004,9,19,-18.175,147.425,1.723756906077348,24.25
2004,9,20,-18.175,147.425,1.7458563535911602,24.43
2004,9,21,-18.175,147.425,1.7679558011049723,24.48
2004,9,22,-18.175,147.425,1.7900552486187846,24.56
2004,9,23,-18.175,147.425,1.8121546961325967,24.67
2004,9,24,-18.175,147.425,1.8342541436464088,24.67
2004,9,25,-18.175,147.425,1.856353591160221,24.6
2004,9,26,-18.175,147.425,1.8784530386740332,24.54
2004,9,27,-18.175,147.425,1.9005524861878453,24.65
2004,9,28,-18.175,147.425,1.9226519337016574,24.71
2004,9,29,-18.175,147.425,1.9447513812154695,24.5
2004,9,30,-18.175,147.425,1.9668508287292819,24.68
2004,10,1,-18.175,147.425,1.988950276243094,24.79
2004,10,2,-18.175,147.425,2.0110497237569063,24.77
2004,10,3,-18.175,147.425,2.0331491712707184,24.88
2004,10,4,-18.175,147.425,2.0552486187845305,24.89
2004,10,5,-18.175,147.425,2.0773480662983426,24.95
2004,10,6,-18.175,147.425,2.0994475138121547,25.09
2004,10,7,-18.175,147.425,2.1215469613259668,25.34
2004,10,8,-18.175,147.425,2.143646408839779,25.59
2004,10,9,-18.175,147.425,2.165745856353591,25.46
2004,10,10,-18.175,147.425,2.1878453038674035,25.54
2004,10,11,-18.175,147.425,2.2099447513812156,25.52
2004,10,12,-18.175,147.425,2.2320441988950277,25.21
2004,10,13,-18.175,147.425,2.25414364640884,25.14
2004,10,14,-18.175,147.425,2.276243093922652,25.11
2004,10,15,-18.175,147.425,2.298342541436464,25.19
2004,10,16,-18.175,147.425,2.320441988950276,25.32
2004,10,17,-18.175,147.425,2.342541436464088,25.29
2004,10,18,-18.175,147.425,2.3646408839779007,25.49
2004,10,19,-18.175,147.425,2.386740331491713,25.47
2004,10,20,-18.175,147.425,2.408839779005525,25.45
2004,10,21,-18.175,147.425,2.430939226519337,25.59
2004,10,22,-18.175,147.425,2.453038674033149,25.73
2004,10,23,-18.175,147.425,2.4751381215469612,25.74
2004,10,24,-18.175,147.425,2.4972375690607733,26.09
2004,10,25,-18.175,147.425,2.5193370165745854,26.32
2004,10,26,-18.175,147.425,2.541436464088398,26.44
2004,10,27,-18.175,147.425,2.56353591160221,26.26
2004,10,28,-18.175,147.425,2.585635359116022,26.2
2004,10,29,-18.175,147.425,2.6077348066298343,25.96
2004,10,30,-18.175,147.425,2.6298342541436464,26.02
2004,10,31,-18.175,147.425,2.6519337016574585,25.99
2004,11,1,-18.175,147.425,2.6740331491712706,25.98
2004,11,2,-18.175,147.425,2.696132596685083,26.07
2004,11,3,-18.175,147.425,2.718232044198895,26.38
2004,11,4,-18.175,147.425,2.7403314917127073,26.55
2004,11,5,-18.175,147.425,2.7624309392265194,26.71
2004,11,6,-18.175,147.425,2.7845303867403315,26.77
2004,11,7,-18.175,147.425,2.8066298342541436,26.87
2004,11,8,-18.175,147.425,2.8287292817679557,27.07
2004,11,9,-18.175,147.425,2.850828729281768,27.13
2004,11,10,-18.175,147.425,2.8729281767955803,27.26
2004,11,11,-18.175,147.425,2.8950276243093924,27.43
2004,11,12,-18.175,147.425,2.9171270718232045,27.53
2004,11,13,-18.175,147.425,2.9392265193370166,27.46
2004,11,14,-18.175,147.425,2.9613259668508287,27.36
2004,11,15,-18.175,147.425,2.983425414364641,27.49
2004,11,16,-18.175,147.425,3.005524861878453,27.34
2004,11,17,-18.175,147.425,3.027624309392265,27.17
2004,11,18,-18.175,147.425,3.0497237569060776,27.29
2004,11,19,-18.175,147.425,3.0718232044198897,27.3
2004,11,20,-18.175,147.425,3.0939226519337018,27.26
2004,11,21,-18.175,147.425,3.116022099447514,27.16
2004,11,22,-18.175,147.425,3.138121546961326,27.14
2004,11,23,-18.175,147.425,3.160220994475138,27.19
2004,11,24,-18.175,147.425,3.18232044198895,26.69
2004,11,25,-18.175,147.425,3.2044198895027622,26.77
2004,11,26,-18.175,147.425,3.226519337016575,26.77
2004,11,27,-18.175,147.425,3.248618784530387,26.82
2004,11,28,-18.175,147.425,3.270718232044199,26.74
2004,11,29,-18.175,147.425,3.292817679558011,26.73
2004,11,30,-18.175,147.425,3.314917127071823,26.69
2004,12,1,-18.175,147.425,3.3370165745856353,26.82
2004,12,2,-18.175,147.425,3.3591160220994474,26.98
2004,12,3,-18.175,147.425,3.3812154696132595,27.17
2004,12,4,-18.175,147.425,3.403314917127072,27.32
2004,12,5,-18.175,147.425,3.425414364640884,27.24
2004,12,6,-18.175,147.425,3.447513812154696,27.14
2004,12,7,-18.175,147.425,3.4696132596685083,26.84
2004,12,8,-18.175,147.425,3.4917127071823204,27.6
2004,12,9,-18.175,147.425,3.5138121546961325,27.42
2004,12,10,-18.175,147.425,3.5359116022099446,27.46
2004,12,11,-18.175,147.425,3.5580110497237567,27.54
2004,12,12,-18.175,147.425,3.5801104972375692,27.58
2004,12,13,-18.175,147.425,3.6022099447513813,27.93
2004,12,14,-18.175,147.425,3.6243093922651934,28.01
2004,12,15,-18.175,147.425,3.6464088397790055,28.08
2004,12,16,-18.175,147.425,3.6685082872928176,28.16
2004,12,17,-18.175,147.425,3.6906077348066297,28.12
2004,12,18,-18.175,147.425,3.712707182320442,27.64
2004,12,19,-18.175,147.425,3.734806629834254,27.96
2004,12,20,-18.175,147.425,3.7569060773480665,28.01
2004,12,21,-18.175,147.425,3.7790055248618786,27.89
2004,12,22,-18.175,147.425,3.8011049723756907,27.89
2004,12,23,-18.175,147.425,3.8232044198895028,28.2
2004,12,24,-18.175,147.425,3.845303867403315,28.18
2004,12,25,-18.175,147.425,3.867403314917127,28.0
2004,12,26,-18.175,147.425,3.889502762430939,27.73
2004,12,27,-18.175,147.425,3.911602209944751,27.77
2004,12,28,-18.175,147.425,3.9337016574585637,27.85
2004,12,29,-18.175,147.425,3.955801104972376,27.88
2004,12,30,-18.175,147.425,3.977900552486188,28.25
2004,12,31,-18.175,147.425,4.0,28.22
2005,1,1,-18.175,147.425,4.0,28.14
2005,1,2,-18.175,147.425,3.977900552486188,28.28
2005,1,3,-18.175,147.425,3.955801104972376,28.49
2005,1,4,-18.175,147.425,3.9337016574585637,29.48
2005,1,5,-18.175,147.425,3.911602209944751,28.84
2005,1,6,-18.175,147.425,3.889502762430939,28.61
2005,1,7,-18.175,147.425,3.867403314917127,28.48
2005,1,8,-18.175,147.425,3.845303867403315,28.45
2005,1,9,-18.175,147.425,3.8232044198895028,28.19
2005,1,10,-18.175,147.425,3.8011049723756907,28.38
2005,1,11,-18.175,147.425,3.7790055248618786,28.14
2005,1,12,-18.175,147.425,3.7569060773480665,28.11
2005,1,13,-18.175,147.425,3.734806629834254,27.9
2005,1,14,-18.175,147.425,3.712707182320442,27.85
2005,1,15,-18.175,147.425,3.6906077348066297,27.77
2005,1,16,-18.175,147.425,3.6685082872928176,27.62
2005,1,17,-18.175,147.425,3.6464088397790055,28.12
2005,1,18,-18.175,147.425,3.6243093922651934,28.07
2005,1,19,-18.175,147.425,3.6022099447513813,27.72
2005,1,20,-18.175,147.425,3.5801104972375692,27.75
2005,1,21,-18.175,147.425,3.5580110497237567,27.69
2005,1,22,-18.175,147.425,3.5359116022099446,27.73
2005,1,23,-18.175,147.425,3.5138121546961325,27.78
2005,1,24,-18.175,147.425,3.4917127071823204,27.87
2005,1,25,-18.175,147.425,3.4696132596685083,28.04
2005,1,26,-18.175,147.425,3.447513812154696,28.17
2005,1,27,-18.175,147.425,3.425414364640884,28.03
2005,1,28,-18.175,147.425,3.403314917127072,28.53
2005,1,29,-18.175,147.425,3.3812154696132595,29.1
2005,1,30,-18.175,147.425,3.3591160220994474,29.6
2005,1,31,-18.175,147.425,3.3370165745856353,29.62
2005,2,1,-18.175,147.425,3.314917127071823,29.72
2005,2,2,-18.175,147.425,3.292817679558011,29.58
2005,2,3,-18.175,147.425,3.270718232044199,28.82
2005,2,4,-18.175,147.425,3.248618784530387,28.96
2005,2,5,-18.175,147.425,3.226519337016575,29.42
2005,2,6,-18.175,147.425,3.2044198895027622,29.76
2005,2,7,-18.175,147.425,3.18232044198895,29.87
2005,2,8,-18.175,147.425,3.160220994475138,29.43
2005,2,9,-18.175,147.425,3.138121546961326,29.58
2005,2,10,-18.175,147.425,3.116022099447514,29.7
2005,2,11,-18.175,147.425,3.0939226519337018,29.56
2005,2,12,-18.175,147.425,3.0718232044198897,29.33
2005,2,13,-18.175,147.425,3.0497237569060776,29.38
2005,2,14,-18.175,147.425,3.027624309392265,29.17
2005,2,15,-18.175,147.425,3.005524861878453,29.33
2005,2,16,-18.175,147.425,2.983425414364641,28.86
2005,2,17,-18.175,147.425,2.9613259668508287,28.75
2005,2,18,-18.175,147.425,2.9392265193370166,28.68
2005,2,19,-18.175,147.425,2.9171270718232045,28.83
2005,2,20,-18.175,147.425,2.8950276243093924,28.71
2005,2,21,-18.175,147.425,2.8729281767955803,28.95
2005,2,22,-18.175,147.425,2.850828729281768,28.67
2005,2,23,-18.175,147.425,2.8287292817679557,28.73
2005,2,24,-18.175,147.425,2.8066298342541436,28.81
2005,2,25,-18.175,147.425,2.7845303867403315,28.98
2005,2,26,-18.175,147.425,2.7624309392265194,28.7
2005,2,27,-18.175,147.425,2.7403314917127073,28.81
2005,2,28,-18.175,147.425,2.718232044198895,28.91
2005,3,1,-18.175,147.425,2.696132596685083,28.65
2005,3,2,-18.175,147.425,2.6740331491712706,28.6
2005,3,3,-18.175,147.425,2.6519337016574585,28.42
2005,3,4,-18.175,147.425,2.6298342541436464,28.49
2005,3,5,-18.175,147.425,2.6077348066298343,28.39
2005,3,6,-18.175,147.425,2.585635359116022,28.36
2005,3,7,-18.175,147.425,2.56353591160221,28.4
2005,3,8,-18.175,147.425,2.541436464088398,28.44
2005,3,9,-18.175,147.425,2.5193370165745854,28.37
2005,3,10,-18.175,147.425,2.4972375690607733,28.31
2005,3,11,-18.175,147.425,2.4751381215469612,28.24
2005,3,12,-18.175,147.425,2.453038674033149,28.16
2005,3,13,-18.175,147.425,2.430939226519337,28.04
2005,3,14,-18.175,147.425,2.408839779005525,27.99
2005,3,15,-18.175,147.425,2.386740331491713,27.68
2005,3,16,-18.175,147.425,2.3646408839779007,28.18
2005,3,17,-18.175,147.425,2.342541436464088,28.24
2005,3,18,-18.175,147.425,2.320441988950276,27.71
2005,3,19,-18.175,147.425,2.298342541436464,27.85
2005,3,20,-18.175,147.425,2.276243093922652,27.8
2005,3,21,-18.175,147.425,2.25414364640884,27.39
2005,3,22,-18.175,147.425,2.2320441988950277,27.79
2005,3,23,-18.175,147.425,2.2099447513812156,28.48
2005,3,24,-18.175,147.425,2.1878453038674035,28.23
2005,3,25,-18.175,147.425,2.165745856353591,28.48
2005,3,26,-18.175,147.425,2.143646408839779,28.75
2005,3,27,-18.175,147.425,2.1215469613259668,28.65
2005,3,28,-18.175,147.425,2.0994475138121547,28.79
2005,3,29,-18.175,147.425,2.0773480662983426,28.49
2005,3,30,-18.175,147.425,2.0552486187845305,28.48
2005,3,31,-18.175,147.425,2.0331491712707184,28.48
2005,4,1,-18.175,147.425,2.0110497237569063,28.12
2005,4,2,-18.175,147.425,1.988950276243094,28.29
2005,4,3,-18.175,147.425,1.9668508287292819,28.39
2005,4,4,-18.175,147.425,1.9447513812154695,28.39
2005,4,5,-18.175,147.425,1.9226519337016574,27.9
2005,4,6,-18.175,147.425,1.9005524861878453,28.0
2005,4,7,-18.175,147.425,1.8784530386740332,27.92
2005,4,8,-18.175,147.425,1.856353591160221,27.85
2005,4,9,-18.175,147.425,1.8342541436464088,27.71
2005,4,10,-18.175,147.425,1.8121546961325967,27.63
2005,4,11,-18.175,147.425,1.7900552486187846,27.61
2005,4,12,-18.175,147.425,1.7679558011049723,27.61
2005,4,13,-18.175,147.425,1.7458563535911602,27.64
2005,4,14,-18.175,147.425,1.723756906077348,27.56
2005,4,15,-18.175,147.425,1.701657458563536,27.69
2005,4,16,-18.175,147.425,1.6795580110497237,27.7
2005,4,17,-18.175,147.425,1.6574585635359116,27.65
2005,4,18,-18.175,147.425,1.6353591160220995,27.72
2005,4,19,-18.175,147.425,1.6132596685082874,27.51
2005,4,20,-18.175,147.425,1.591160220994475,27.56
2005,4,21,-18.175,147.425,1.569060773480663,27.49
2005,4,22,-18.175,147.425,1.5469613259668509,27.38
2005,4,23,-18.175,147.425,1.5248618784530388,27.23
2005,4,24,-18.175,147.425,1.5027624309392265,27.15
2005,4,25,-18.175,147.425,1.4806629834254144,27.01
2005,4,26,-18.175,147.425,1.4585635359116023,26.97
2005,4,27,-18.175,147.425,1.4364640883977902,26.93
2005,4,28,-18.175,147.425,1.4143646408839778,26.86
2005,4,29,-18.175,147.425,1.3922651933701657,26.83
2005,4,30,-18.175,147.425,1.3701657458563536,27.04
2005,5,1,-18.175,147.425,1.3480662983425415,26.93
2005,5,2,-18.175,147.425,1.3259668508287292,26.81
2005,5,3,-18.175,147.425,1.3038674033149171,26.78
2005,5,4,-18.175,147.425,1.281767955801105,26.71
2005,5,5,-18.175,147.425,1.2596685082872927,26.47
2005,5,6,-18.175,147.425,1.2375690607734806,26.55
2005,5,7,-18.175,147.425,1.2154696132596685,26.67
2005,5,8,-18.175,147.425,1.1933701657458564,26.59
2005,5,9,-18.175,147.425,1.171270718232044,26.41
2005,5,10,-18.175,147.425,1.149171270718232,26.27
2005,5,11,-18.175,147.425,1.12707182320442,26.22
2005,5,12,-18.175,147.425,1.1049723756906078,26.43
2005,5,13,-18.175,147.425,1.0828729281767955,26.38
2005,5,14,-18.175,147.425,1.0607734806629834,26.42
2005,5,15,-18.175,147.425,1.0386740331491713,26.17
2005,5,16,-18.175,147.425,1.0165745856353592,26.19
2005,5,17,-18.175,147.425,0.994475138121547,26.2
2005,5,18,-18.175,147.425,0.9723756906077348,26.21
2005,5,19,-18.175,147.425,0.9502762430939227,26.15
2005,5,20,-18.175,147.425,0.9281767955801105,26.15
2005,5,21,-18.175,147.425,0.9060773480662984,26.11
2005,5,22,-18.175,147.425,0.8839779005524862,26.09
2005,5,23,-18.175,147.425,0.861878453038674,25.83
2005,5,24,-18.175,147.425,0.8397790055248618,25.87
2005,5,25,-18.175,147.425,0.8176795580110497,25.9
2005,5,26,-18.175,147.425,0.7955801104972375,25.76
2005,5,27,-18.175,147.425,0.7734806629834254,25.77
2005,5,28,-18.175,147.425,0.7513812154696132,25.53
2005,5,29,-18.175,147.425,0.7292817679558011,25.25
2005,5,30,-18.175,147.425,0.7071823204419889,24.77
2005,5,31,-18.175,147.425,0.6850828729281768,24.95
2005,6,1,-18.175,147.425,0.6629834254143646,25.06
2005,6,2,-18.175,147.425,0.6408839779005525,25.01
2005,6,3,-18.175,147.425,0.6187845303867403,24.98
2005,6,4,-18.175,147.425,0.5966850828729282,25.11
2005,6,5,-18.175,147.425,0.574585635359116,25.2
2005,6,6,-18.175,147.425,0.5524861878453039,24.91
2005,6,7,-18.175,147.425,0.5303867403314917,24.81
2005,6,8,-18.175,147.425,0.5082872928176796,24.83
2005,6,9,-18.175,147.425,0.4861878453038674,24.9
2005,6,10,-18.175,147.425,0.46408839779005523,24.78
2005,6,11,-18.175,147.425,0.4419889502762431,24.86
2005,6,12,-18.175,147.425,0.4198895027624309,24.88
2005,6,13,-18.175,147.425,0.39779005524861877,24.8
2005,6,14,-18.175,147.425,0.3756906077348066,24.9
2005,6,15,-18.175,147.425,0.35359116022099446,24.85
2005,6,16,-18.175,147.425,0.3314917127071823,24.58
2005,6,17,-18.175,147.425,0.30939226519337015,24.62
2005,6,18,-18.175,147.425,0.287292817679558,24.82
2005,6,19,-18.175,147.425,0.26519337016574585,24.91
2005,6,20,-18.175,147.425,0.2430939226519337,24.94
2005,6,21,-18.175,147.425,0.22099447513812154,24.84
2005,6,22,-18.175,147.425,0.19889502762430938,25.19
2005,6,23,-18.175,147.425,0.17679558011049723,25.14
2005,6,24,-18.175,147.425,0.15469613259668508,25.08
2005,6,25,-18.175,147.425,0.13259668508287292,24.89
2005,6,26,-18.175,147.425,0.11049723756906077,24.71
2005,6,27,-18.175,147.425,0.08839779005524862,24.69
2005,6,28,-18.175,147.425,0.06629834254143646,24.59
2005,6,29,-18.175,147.425,0.04419889502762431,24.18
2005,6,30,-18.175,147.425,0.022099447513812154,23.59
2005,7,1,-18.175,147.425,0.0,24.49
2005,7,2,-18.175,147.425,0.0,24.45
2005,7,3,-18.175,147.425,0.0,24.4
2005,7,4,-18.175,147.425,0.022099447513812154,24.47
2005,7,5,-18.175,147.425,0.04419889502762431,24.12
2005,7,6,-18.175,147.425,0.06629834254143646,24.16
2005,7,7,-18.175,147.425,0.08839779005524862,24.23
2005,7,8,-18.175,147.425,0.11049723756906077,24.3
2005,7,9,-18.175,147.425,0.13259668508287292,24.24
2005,7,10,-18.175,147.425,0.15469613259668508,24.5
2005,7,11,-18.175,147.425,0.17679558011049723,24.4
2005,7,12,-18.175,147.425,0.19889502762430938,24.25
2005,7,13,-18.175,147.425,0.22099447513812154,24.41
2005,7,14,-18.175,147.425,0.2430939226519337,24.52
2005,7,15,-18.175,147.425,0.26519337016574585,24.64
2005,7,16,-18.175,147.425,0.287292817679558,24.59
2005,7,17,-18.175,147.425,0.30939226519337015,24.57
2005,7,18,-18.175,147.425,0.3314917127071823,24.43
2005,7,19,-18.175,147.425,0.35359116022099446,24.45
2005,7,20,-18.175,147.425,0.3756906077348066,24.39
2005,7,21,-18.175,147.425,0.39779005524861877,24.18
2005,7,22,-18.175,147.425,0.4198895027624309,24.09
2005,7,23,-18.175,147.425,0.4419889502762431,24.14
2005,7,24,-18.175,147.425,0.46408839779005523,24.13
2005,7,25,-18.175,147.425,0.4861878453038674,24.13
2005,7,26,-18.175,147.425,0.5082872928176796,24.16
2005,7,27,-18.175,147.425,0.5303867403314917,24.11
2005,7,28,-18.175,147.425,0.5524861878453039,23.97
2005,7,29,-18.175,147.425,0.574585635359116,23.84
2005,7,30,-18.175,147.425,0.5966850828729282,23.82
2005,7,31,-18.175,147.425,0.6187845303867403,23.81
2005,8,1,-18.175,147.425,0.6408839779005525,23.76
2005,8,2,-18.175,147.425,0.6629834254143646,23.72
2005,8,3,-18.175,147.425,0.6850828729281768,23.88
2005,8,4,-18.175,147.425,0.7071823204419889,24.02
2005,8,5,-18.175,147.425,0.7292817679558011,23.92
2005,8,6,-18.175,147.425,0.7513812154696132,24.03
2005,8,7,-18.175,147.425,0.7734806629834254,23.9
2005,8,8,-18.175,147.425,0.7955801104972375,23.75
2005,8,9,-18.175,147.425,0.8176795580110497,23.7
2005,8,10,-18.175,147.425,0.8397790055248618,23.73
2005,8,11,-18.175,147.425,0.861878453038674,24.03
2005,8,12,-18.175,147.425,0.8839779005524862,24.06
2005,8,13,-18.175,147.425,0.9060773480662984,23.82
2005,8,14,-18.175,147.425,0.9281767955801105,23.7
2005,8,15,-18.175,147.425,0.9502762430939227,23.75
2005,8,16,-18.175,147.425,0.9723756906077348,23.7
2005,8,17,-18.175,147.425,0.994475138121547,23.82
2005,8,18,-18.175,147.425,1.0165745856353592,23.93
2005,8,19,-18.175,147.425,1.0386740331491713,23.88
2005,8,20,-18.175,147.425,1.0607734806629834,23.97
2005,8,21,-18.175,147.425,1.0828729281767955,23.96
2005,8,22,-18.175,147.425,1.1049723756906078,23.89
2005,8,23,-18.175,147.425,1.12707182320442,24.11
2005,8,24,-18.175,147.425,1.149171270718232,23.97
2005,8,25,-18.175,147.425,1.171270718232044,23.67
2005,8,26,-18.175,147.425,1.1933701657458564,23.63
2005,8,27,-18.175,147.425,1.2154696132596685,23.59
2005,8,28,-18.175,147.425,1.2375690607734806,23.61
2005,8,29,-18.175,147.425,1.2596685082872927,23.67
2005,8,30,-18.175,147.425,1.281767955801105,23.68
2005,8,31,-18.175,147.425,1.3038674033149171,23.59
2005,9,1,-18.175,147.425,1.3259668508287292,23.72
2005,9,2,-18.175,147.425,1.3480662983425415,23.84
2005,9,3,-18.175,147.425,1.3701657458563536,23.97
2005,9,4,-18.175,147.425,1.3922651933701657,24.04
2005,9,5,-18.175,147.425,1.4143646408839778,24.05
2005,9,6,-18.175,147.425,1.4364640883977902,24.18
2005,9,7,-18.175,147.425,1.4585635359116023,24.04
2005,9,8,-18.175,147.425,1.4806629834254144,24.1
2005,9,9,-18.175,147.425,1.5027624309392265,24.05
2005,9,10,-18.175,147.425,1.5248618784530388,24.02
2005,9,11,-18.175,147.425,1.5469613259668509,24.47
2005,9,12,-18.175,147.425,1.569060773480663,24.23
2005,9,13,-18.175,147.425,1.591160220994475,23.95
2005,9,14,-18.175,147.425,1.6132596685082874,23.88
2005,9,15,-18.175,147.425,1.6353591160220995,23.35
2005,9,16,-18.175,147.425,1.6574585635359116,24.25
2005,9,17,-18.175,147.425,1.6795580110497237,24.5
2005,9,18,-18.175,147.425,1.701657458563536,24.52
2005,9,19,-18.175,147.425,1.723756906077348,24.29
2005,9,20,-18.175,147.425,1.7458563535911602,24.91
2005,9,21,-18.175,147.425,1.7679558011049723,24.61
2005,9,22,-18.175,147.425,1.7900552486187846,25.04
2005,9,23,-18.175,147.425,1.8121546961325967,24.98
2005,9,24,-18.175,147.425,1.8342541436464088,24.93
2005,9,25,-18.175,147.425,1.856353591160221,24.96
2005,9,26,-18.175,147.425,1.8784530386740332,25.1
2005,9,27,-18.175,147.425,1.9005524861878453,25.05
2005,9,28,-18.175,147.425,1.9226519337016574,25.12
2005,9,29,-18.175,147.425,1.9447513812154695,25.16
2005,9,30,-18.175,147.425,1.9668508287292819,25.14
2005,10,1,-18.175,147.425,1.988950276243094,24.77
2005,10,2,-18.175,147.425,2.0110497237569063,25.02
2005,10,3,-18.175,147.425,2.0331491712707184,25.49
2005,10,4,-18.175,147.425,2.0552486187845305,25.13
2005,10,5,-18.175,147.425,2.0773480662983426,25.37
2005,10,6,-18.175,147.425,2.0994475138121547,25.5
2005,10,7,-18.175,147.425,2.1215469613259668,25.67
2005,10,8,-18.175,147.425,2.143646408839779,25.82
2005,10,9,-18.175,147.425,2.165745856353591,25.54
2005,10,10,-18.175,147.425,2.1878453038674035,25.91
2005,10,11,-18.175,147.425,2.2099447513812156,26.1
2005,10,12,-18.175,147.425,2.2320441988950277,26.12
2005,10,13,-18.175,147.425,2.25414364640884,25.86
2005,10,14,-18.175,147.425,2.276243093922652,25.61
2005,10,15,-18.175,147.425,2.298342541436464,25.58
2005,10,16,-18.175,147.425,2.320441988950276,25.47
2005,10,17,-18.175,147.425,2.342541436464088,25.58
2005,10,18,-18.175,147.425,2.3646408839779007,25.7
2005,10,19,-18.175,147.425,2.386740331491713,26.16
2005,10,20,-18.175,147.425,2.408839779005525,26.34
2005,10,21,-18.175,147.425,2.430939226519337,26.38
2005,10,22,-18.175,147.425,2.453038674033149,26.7
2005,10,23,-18.175,147.425,2.4751381215469612,26.6
2005,10,24,-18.175,147.425,2.4972375690607733,26.6
2005,10,25,-18.175,147.425,2.5193370165745854,26.93
2005,10,26,-18.175,147.425,2.541436464088398,26.91
2005,10,27,-18.175,147.425,2.56353591160221,26.97
2005,10,28,-18.175,147.425,2.585635359116022,26.89
2005,10,29,-18.175,147.425,2.6077348066298343,26.9
2005,10,30,-18.175,147.425,2.6298342541436464,26.86
2005,10,31,-18.175,147.425,2.6519337016574585,26.77
2005,11,1,-18.175,147.425,2.6740331491712706,26.86
2005,11,2,-18.175,147.425,2.696132596685083,26.77
2005,11,3,-18.175,147.425,2.718232044198895,26.73
2005,11,4,-18.175,147.425,2.7403314917127073,26.58
2005,11,5,-18.175,147.425,2.7624309392265194,26.51
2005,11,6,-18.175,147.425,2.7845303867403315,26.65
2005,11,7,-18.175,147.425,2.8066298342541436,26.97
2005,11,8,-18.175,147.425,2.8287292817679557,27.05
2005,11,9,-18.175,147.425,2.850828729281768,26.88
2005,11,10,-18.175,147.425,2.8729281767955803,27.12
2005,11,11,-18.175,147.425,2.8950276243093924,26.92
2005,11,12,-18.175,147.425,2.9171270718232045,27.61
2005,11,13,-18.175,147.425,2.9392265193370166,27.36
2005,11,14,-18.175,147.425,2.9613259668508287,27.33
2005,11,15,-18.175,147.425,2.983425414364641,27.36
2005,11,16,-18.175,147.425,3.005524861878453,27.42
2005,11,17,-18.175,147.425,3.027624309392265,27.21
2005,11,18,-18.175,147.425,3.0497237569060776,27.02
2005,11,19,-18.175,147.425,3.0718232044198897,26.92
2005,11,20,-18.175,147.425,3.0939226519337018,27.02
2005,11,21,-18.175,147.425,3.116022099447514,27.06
2005,11,22,-18.175,147.425,3.138121546961326,27.35
2005,11,23,-18.175,147.425,3.160220994475138,27.51
2005,11,24,-18.175,147.425,3.18232044198895,27.61
2005,11,25,-18.175,147.425,3.2044198895027622,27.3
2005,11,26,-18.175,147.425,3.226519337016575,27.54
2005,11,27,-18.175,147.425,3.248618784530387,27.56
2005,11,28,-18.175,147.425,3.270718232044199,27.67
2005,11,29,-18.175,147.425,3.292817679558011,27.84
2005,11,30,-18.175,147.425,3.314917127071823,27.94
2005,12,1,-18.175,147.425,3.3370165745856353,28.1
2005,12,2,-18.175,147.425,3.3591160220994474,27.99
2005,12,3,-18.175,147.425,3.3812154696132595,28.23
2005,12,4,-18.175,147.425,3.403314917127072,28.16
2005,12,5,-18.175,147.425,3.425414364640884,28.39
2005,12,6,-18.175,147.425,3.447513812154696,28.44
2005,12,7,-18.175,147.425,3.4696132596685083,28.63
2005,12,8,-18.175,147.425,3.4917127071823204,29.01
2005,12,9,-18.175,147.425,3.5138121546961325,28.7
2005,12,10,-18.175,147.425,3.5359116022099446,28.94
2005,12,11,-18.175,147.425,3.5580110497237567,28.86
2005,12,12,-18.175,147.425,3.5801104972375692,28.99
2005,12,13,-18.175,147.425,3.6022099447513813,29.01
2005,12,14,-18.175,147.425,3.6243093922651934,28.83
2005,12,15,-18.175,147.425,3.6464088397790055,28.76
2005,12,16,-18.175,147.425,3.6685082872928176,28.61
2005,12,17,-18.175,147.425,3.6906077348066297,28.49
2005,12,18,-18.175,147.425,3.712707182320442,28.38
2005,12,19,-18.175,147.425,3.734806629834254,28.19
2005,12,20,-18.175,147.425,3.7569060773480665,28.42
2005,12,21,-18.175,147.425,3.7790055248618786,28.69
2005,12,22,-18.175,147.425,3.8011049723756907,28.7
2005,12,23,-18.175,147.425,3.8232044198895028,28.54
2005,12,24,-18.175,147.425,3.845303867403315,28.4
2005,12,25,-18.175,147.425,3.867403314917127,28.53
2005,12,26,-18.175,147.425,3.889502762430939,28.68
2005,12,27,-18.175,147.425,3.911602209944751,28.63
2005,12,28,-18.175,147.425,3.9337016574585637,28.44
2005,12,29,-18.175,147.425,3.955801104972376,28.47
2005,12,30,-18.175,147.425,3.977900552486188,28.61
2005,12,31,-18.175,147.425,4.0,28.57
2006,1,1,-18.175,147.425,4.0,28.51
2006,1,2,-18.175,147.425,3.977900552486188,28.67
2006,1,3,-18.175,147.425,3.955801104972376,28.38
2006,1,4,-18.175,147.425,3.9337016574585637,28.77
2006,1,5,-18.175,147.425,3.911602209944751,28.76
2006,1,6,-18.175,147.425,3.889502762430939,28.91
2006,1,7,-18.175,147.425,3.867403314917127,29.1
2006,1,8,-18.175,147.425,3.845303867403315,28.39
2006,1,9,-18.175,147.425,3.8232044198895028,28.6
2006,1,10,-18.175,147.425,3.8011049723756907,28.53
2006,1,11,-18.175,147.425,3.7790055248618786,28.58
2006,1,12,-18.175,147.425,3.7569060773480665,28.46
2006,1,13,-18.175,147.425,3.734806629834254,28.27
2006,1,14,-18.175,147.425,3.712707182320442,28.39
2006,1,15,-18.175,147.425,3.6906077348066297,28.75
2006,1,16,-18.175,147.425,3.6685082872928176,28.7
2006,1,17,-18.175,147.425,3.6464088397790055,28.8
2006,1,18,-18.175,147.425,3.6243093922651934,28.89
2006,1,19,-18.175,147.425,3.6022099447513813,29.05
2006,1,20,-18.175,147.425,3.5801104972375692,29.33
2006,1,21,-18.175,147.425,3.5580110497237567,29.28
2006,1,22,-18.175,147.425,3.5359116022099446,29.15
2006,1,23,-18.175,147.425,3.5138121546961325,29.03
2006,1,24,-18.175,147.425,3.4917127071823204,29.06
2006,1,25,-18.175,147.425,3.4696132596685083,28.94
2006,1,26,-18.175,147.425,3.447513812154696,28.96
2006,1,27,-18.175,147.425,3.425414364640884,28.97
2006,1,28,-18.175,147.425,3.403314917127072,28.95
2006,1,29,-18.175,147.425,3.3812154696132595,28.91
2006,1,30,-18.175,147.425,3.3591160220994474,28.99
2006,1,31,-18.175,147.425,3.3370165745856353,29.35
2006,2,1,-18.175,147.425,3.314917127071823,29.36
2006,2,2,-18.175,147.425,3.292817679558011,29.51
2006,2,3,-18.175,147.425,3.270718232044199,29.44
2006,2,4,-18.175,147.425,3.248618784530387,29.25
2006,2,5,-18.175,147.425,3.226519337016575,29.41
2006,2,6,-18.175,147.425,3.2044198895027622,29.36
2006,2,7,-18.175,147.425,3.18232044198895,29.72
2006,2,8,-18.175,147.425,3.160220994475138,29.5
2006,2,9,-18.175,147.425,3.138121546961326,29.39
2006,2,10,-18.175,147.425,3.116022099447514,29.32
2006,2,11,-18.175,147.425,3.0939226519337018,29.55
2006,2,12,-18.175,147.425,3.0718232044198897,29.69
2006,2,13,-18.175,147.425,3.0497237569060776,29.67
2006,2,14,-18.175,147.425,3.027624309392265,29.22
2006,2,15,-18.175,147.425,3.005524861878453,29.15
2006,2,16,-18.175,147.425,2.983425414364641,28.98
2006,2,17,-18.175,147.425,2.9613259668508287,28.99
2006,2,18,-18.175,147.425,2.9392265193370166,28.99
2006,2,19,-18.175,147.425,2.9171270718232045,29.19
2006,2,20,-18.175,147.425,2.8950276243093924,29.1
2006,2,21,-18.175,147.425,2.8729281767955803,29.15
2006,2,22,-18.175,147.425,2.850828729281768,29.12
2006,2,23,-18.175,147.425,2.8287292817679557,28.87
2006,2,24,-18.175,147.425,2.8066298342541436,28.89
2006,2,25,-18.175,147.425,2.7845303867403315,28.75
2006,2,26,-18.175,147.425,2.7624309392265194,28.61
2006,2,27,-18.175,147.425,2.7403314917127073,28.49
2006,2,28,-18.175,147.425,2.718232044198895,28.63
2006,3,1,-18.175,147.425,2.696132596685083,28.5
2006,3,2,-18.175,147.425,2.6740331491712706,28.39
2006,3,3,-18.175,147.425,2.6519337016574585,28.17
2006,3,4,-18.175,147.425,2.6298342541436464,28.08
2006,3,5,-18.175,147.425,2.6077348066298343,27.96
2006,3,6,-18.175,147.425,2.585635359116022,28.06
2006,3,7,-18.175,147.425,2.56353591160221,28.13
2006,3,8,-18.175,147.425,2.541436464088398,28.39
2006,3,9,-18.175,147.425,2.5193370165745854,28.21
2006,3,10,-18.175,147.425,2.4972375690607733,28.5
2006,3,11,-18.175,147.425,2.4751381215469612,28.61
2006,3,12,-18.175,147.425,2.453038674033149,28.5
2006,3,13,-18.175,147.425,2.430939226519337,28.34
2006,3,14,-18.175,147.425,2.408839779005525,28.28
2006,3,15,-18.175,147.425,2.386740331491713,28.23
2006,3,16,-18.175,147.425,2.3646408839779007,28.34
2006,3,17,-18.175,147.425,2.342541436464088,28.11
2006,3,18,-18.175,147.425,2.320441988950276,28.24
2006,3,19,-18.175,147.425,2.298342541436464,28.09
2006,3,20,-18.175,147.425,2.276243093922652,27.79
2006,3,21,-18.175,147.425,2.25414364640884,27.64
2006,3,22,-18.175,147.425,2.2320441988950277,27.56
2006,3,23,-18.175,147.425,2.2099447513812156,27.79
2006,3,24,-18.175,147.425,2.1878453038674035,27.73
2006,3,25,-18.175,147.425,2.165745856353591,27.69
2006,3,26,-18.175,147.425,2.143646408839779,27.59
2006,3,27,-18.175,147.425,2.1215469613259668,27.6
2006,3,28,-18.175,147.425,2.0994475138121547,27.29
2006,3,29,-18.175,147.425,2.0773480662983426,27.41
2006,3,30,-18.175,147.425,2.0552486187845305,27.48
2006,3,31,-18.175,147.425,2.0331491712707184,27.02
2006,4,1,-18.175,147.425,2.0110497237569063,27.59
2006,4,2,-18.175,147.425,1.988950276243094,27.63
2006,4,3,-18.175,147.425,1.9668508287292819,27.74
2006,4,4,-18.175,147.425,1.9447513812154695,27.87
2006,4,5,-18.175,147.425,1.9226519337016574,28.03
2006,4,6,-18.175,147.425,1.9005524861878453,27.79
2006,4,7,-18.175,147.425,1.8784530386740332,27.7
2006,4,8,-18.175,147.425,1.856353591160221,27.93
2006,4,9,-18.175,147.425,1.8342541436464088,27.91
2006,4,10,-18.175,147.425,1.8121546961325967,27.91
2006,4,11,-18.175,147.425,1.7900552486187846,27.8
2006,4,12,-18.175,147.425,1.7679558011049723,27.67
2006,4,13,-18.175,147.425,1.7458563535911602,27.76
2006,4,14,-18.175,147.425,1.723756906077348,27.78
2006,4,15,-18.175,147.425,1.701657458563536,27.75
2006,4,16,-18.175,147.425,1.6795580110497237,27.75
2006,4,17,-18.175,147.425,1.6574585635359116,27.57
2006,4,18,-18.175,147.425,1.6353591160220995,27.66
2006,4,19,-18.175,147.425,1.6132596685082874,27.62
2006,4,20,-18.175,147.425,1.591160220994475,27.54
2006,4,21,-18.175,147.425,1.569060773480663,27.45
2006,4,22,-18.175,147.425,1.5469613259668509,27.32
2006,4,23,-18.175,147.425,1.5248618784530388,26.88
2006,4,24,-18.175,147.425,1.5027624309392265,26.77
2006,4,25,-18.175,147.425,1.4806629834254144,26.78
2006,4,26,-18.175,147.425,1.4585635359116023,26.78
2006,4,27,-18.175,147.425,1.4364640883977902,26.77
2006,4,28,-18.175,147.425,1.4143646408839778,26.78
2006,4,29,-18.175,147.425,1.3922651933701657,26.41
2006,4,30,-18.175,147.425,1.3701657458563536,26.38
2006,5,1,-18.175,147.425,1.3480662983425415,26.28
2006,5,2,-18.175,147.425,1.3259668508287292,26.27
2006,5,3,-18.175,147.425,1.3038674033149171,26.32
2006,5,4,-18.175,147.425,1.281767955801105,26.33
2006,5,5,-18.175,147.425,1.2596685082872927,26.27
2006,5,6,-18.175,147.425,1.2375690607734806,26.21
2006,5,7,-18.175,147.425,1.2154696132596685,26.13
2006,5,8,-18.175,147.425,1.1933701657458564,26.05
2006,5,9,-18.175,147.425,1.171270718232044,25.92
2006,5,10,-18.175,147.425,1.149171270718232,25.9
2006,5,11,-18.175,147.425,1.12707182320442,25.94
2006,5,12,-18.175,147.425,1.1049723756906078,26.14
2006,5,13,-18.175,147.425,1.0828729281767955,25.97
2006,5,14,-18.175,147.425,1.0607734806629834,26.0
2006,5,15,-18.175,147.425,1.0386740331491713,25.86
2006,5,16,-18.175,147.425,1.0165745856353592,25.75
2006,5,17,-18.175,147.425,0.994475138121547,25.57
2006,5,18,-18.175,147.425,0.9723756906077348,25.63
2006,5,19,-18.175,147.425,0.9502762430939227,25.34
2006,5,20,-18.175,147.425,0.9281767955801105,25.2
2006,5,21,-18.175,147.425,0.9060773480662984,25.16
2006,5,22,-18.175,147.425,0.8839779005524862,25.12
2006,5,23,-18.175,147.425,0.861878453038674,25.23
2006,5,24,-18.175,147.425,0.8397790055248618,25.39
2006,5,25,-18.175,147.425,0.8176795580110497,25.39
2006,5,26,-18.175,147.425,0.7955801104972375,25.43
2006,5,27,-18.175,147.425,0.7734806629834254,25.34
2006,5,28,-18.175,147.425,0.7513812154696132,25.07
2006,5,29,-18.175,147.425,0.7292817679558011,24.9
2006,5,30,-18.175,147.425,0.7071823204419889,25.2
2006,5,31,-18.175,147.425,0.6850828729281768,25.24
2006,6,1,-18.175,147.425,0.6629834254143646,25.02
2006,6,2,-18.175,147.425,0.6408839779005525,25.21
2006,6,3,-18.175,147.425,0.6187845303867403,25.25
2006,6,4,-18.175,147.425,0.5966850828729282,25.05
2006,6,5,-18.175,147.425,0.574585635359116,24.97
2006,6,6,-18.175,147.425,0.5524861878453039,24.84
2006,6,7,-18.175,147.425,0.5303867403314917,24.88
2006,6,8,-18.175,147.425,0.5082872928176796,24.74
2006,6,9,-18.175,147.425,0.4861878453038674,24.72
2006,6,10,-18.175,147.425,0.46408839779005523,24.71
2006,6,11,-18.175,147.425,0.4419889502762431,24.32
2006,6,12,-18.175,147.425,0.4198895027624309,23.98
2006,6,13,-18.175,147.425,0.39779005524861877,24.0
2006,6,14,-18.175,147.425,0.3756906077348066,24.05
2006,6,15,-18.175,147.425,0.35359116022099446,24.27
2006,6,16,-18.175,147.425,0.3314917127071823,24.45
2006,6,17,-18.175,147.425,0.30939226519337015,24.57
2006,6,18,-18.175,147.425,0.287292817679558,24.76
2006,6,19,-18.175,147.425,0.26519337016574585,24.54
2006,6,20,-18.175,147.425,0.2430939226519337,24.55
2006,6,21,-18.175,147.425,0.22099447513812154,24.63
2006,6,22,-18.175,147.425,0.19889502762430938,24.62
2006,6,23,-18.175,147.425,0.17679558011049723,24.57
2006,6,24,-18.175,147.425,0.15469613259668508,24.69
2006,6,25,-18.175,147.425,0.13259668508287292,24.52
2006,6,26,-18.175,147.425,0.11049723756906077,24.66
2006,6,27,-18.175,147.425,0.08839779005524862,24.63
2006,6,28,-18.175,147.425,0.06629834254143646,24.54
2006,6,29,-18.175,147.425,0.04419889502762431,24.55
2006,6,30,-18.175,147.425,0.022099447513812154,24.51
2006,7,1,-18.175,147.425,0.0,24.4
2006,7,2,-18.175,147.425,0.0,24.47
2006,7,3,-18.175,147.425,0.0,24.58
2006,7,4,-18.175,147.425,0.022099447513812154,24.43
2006,7,5,-18.175,147.425,0.04419889502762431,24.37
2006,7,6,-18.175,147.425,0.06629834254143646,24.41
2006,7,7,-18.175,147.425,0.08839779005524862,24.33
2006,7,8,-18.175,147.425,0.11049723756906077,24.13
2006,7,9,-18.175,147.425,0.13259668508287292,24.06
2006,7,10,-18.175,147.425,0.15469613259668508,24.16
2006,7,11,-18.175,147.425,0.17679558011049723,24.26
2006,7,12,-18.175,147.425,0.19889502762430938,24.3
2006,7,13,-18.175,147.425,0.22099447513812154,24.41
2006,7,14,-18.175,147.425,0.2430939226519337,24.25
2006,7,15,-18.175,147.425,0.26519337016574585,24.29
2006,7,16,-18.175,147.425,0.287292817679558,24.28
2006,7,17,-18.175,147.425,0.30939226519337015,24.23
2006,7,18,-18.175,147.425,0.3314917127071823,24.24
2006,7,19,-18.175,147.425,0.35359116022099446,24.2
2006,7,20,-18.175,147.425,0.3756906077348066,24.35
2006,7,21,-18.175,147.425,0.39779005524861877,24.04
2006,7,22,-18.175,147.425,0.4198895027624309,23.95
2006,7,23,-18.175,147.425,0.4419889502762431,23.99
2006,7,24,-18.175,147.425,0.46408839779005523,24.11
2006,7,25,-18.175,147.425,0.4861878453038674,23.84
2006,7,26,-18.175,147.425,0.5082872928176796,23.83
2006,7,27,-18.175,147.425,0.5303867403314917,23.86
2006,7,28,-18.175,147.425,0.5524861878453039,24.2
2006,7,29,-18.175,147.425,0.574585635359116,24.17
2006,7,30,-18.175,147.425,0.5966850828729282,24.25
2006,7,31,-18.175,147.425,0.6187845303867403,24.39
2006,8,1,-18.175,147.425,0.6408839779005525,24.48
2006,8,2,-18.175,147.425,0.6629834254143646,24.49
2006,8,3,-18.175,147.425,0.6850828729281768,24.59
2006,8,4,-18.175,147.425,0.7071823204419889,24.59
2006,8,5,-18.175,147.425,0.7292817679558011,24.86
2006,8,6,-18.175,147.425,0.7513812154696132,24.59
2006,8,7,-18.175,147.425,0.7734806629834254,24.35
2006,8,8,-18.175,147.425,0.7955801104972375,24.21
2006,8,9,-18.175,147.425,0.8176795580110497,24.16
2006,8,10,-18.175,147.425,0.8397790055248618,23.95
2006,8,11,-18.175,147.425,0.861878453038674,23.89
2006,8,12,-18.175,147.425,0.8839779005524862,23.97
2006,8,13,-18.175,147.425,0.9060773480662984,24.0
2006,8,14,-18.175,147.425,0.9281767955801105,23.84
2006,8,15,-18.175,147.425,0.9502762430939227,23.93
2006,8,16,-18.175,147.425,0.9723756906077348,23.79
2006,8,17,-18.175,147.425,0.994475138121547,23.76
2006,8,18,-18.175,147.425,1.0165745856353592,23.8
2006,8,19,-18.175,147.425,1.0386740331491713,23.75
2006,8,20,-18.175,147.425,1.0607734806629834,23.81
2006,8,21,-18.175,147.425,1.0828729281767955,23.74
2006,8,22,-18.175,147.425,1.1049723756906078,23.72
2006,8,23,-18.175,147.425,1.12707182320442,23.83
2006,8,24,-18.175,147.425,1.149171270718232,23.83
2006,8,25,-18.175,147.425,1.171270718232044,23.92
2006,8,26,-18.175,147.425,1.1933701657458564,24.13
2006,8,27,-18.175,147.425,1.2154696132596685,23.94
2006,8,28,-18.175,147.425,1.2375690607734806,23.87
2006,8,29,-18.175,147.425,1.2596685082872927,23.84
2006,8,30,-18.175,147.425,1.281767955801105,23.65
2006,8,31,-18.175,147.425,1.3038674033149171,23.93
2006,9,1,-18.175,147.425,1.3259668508287292,23.93
2006,9,2,-18.175,147.425,1.3480662983425415,24.08
2006,9,3,-18.175,147.425,1.3701657458563536,23.97
2006,9,4,-18.175,147.425,1.3922651933701657,24.19
2006,9,5,-18.175,147.425,1.4143646408839778,24.27
2006,9,6,-18.175,147.425,1.4364640883977902,24.23
2006,9,7,-18.175,147.425,1.4585635359116023,24.36
2006,9,8,-18.175,147.425,1.4806629834254144,24.35
2006,9,9,-18.175,147.425,1.5027624309392265,24.13
2006,9,10,-18.175,147.425,1.5248618784530388,24.01
2006,9,11,-18.175,147.425,1.5469613259668509,23.91
2006,9,12,-18.175,147.425,1.569060773480663,23.96
2006,9,13,-18.175,147.425,1.591160220994475,23.88
2006,9,14,-18.175,147.425,1.6132596685082874,23.64
2006,9,15,-18.175,147.425,1.6353591160220995,23.81
2006,9,16,-18.175,147.425,1.6574585635359116,23.86
2006,9,17,-18.175,147.425,1.6795580110497237,23.86
2006,9,18,-18.175,147.425,1.701657458563536,23.89
2006,9,19,-18.175,147.425,1.723756906077348,23.91
2006,9,20,-18.175,147.425,1.7458563535911602,23.67
2006,9,21,-18.175,147.425,1.7679558011049723,23.74
2006,9,22,-18.175,147.425,1.7900552486187846,23.85
2006,9,23,-18.175,147.425,1.8121546961325967,24.05
2006,9,24,-18.175,147.425,1.8342541436464088,24.04
2006,9,25,-18.175,147.425,1.856353591160221,24.12
2006,9,26,-18.175,147.425,1.8784530386740332,24.15
2006,9,27,-18.175,147.425,1.9005524861878453,24.09
2006,9,28,-18.175,147.425,1.9226519337016574,23.81
2006,9,29,-18.175,147.425,1.9447513812154695,23.84
2006,9,30,-18.175,147.425,1.9668508287292819,23.93
2006,10,1,-18.175,147.425,1.988950276243094,23.82
2006,10,2,-18.175,147.425,2.0110497237569063,24.05
2006,10,3,-18.175,147.425,2.0331491712707184,23.99
2006,10,4,-18.175,147.425,2.0552486187845305,24.09
2006,10,5,-18.175,147.425,2.0773480662983426,24.32
2006,10,6,-18.175,147.425,2.0994475138121547,24.49
2006,10,7,-18.175,147.425,2.1215469613259668,24.43
2006,10,8,-18.175,147.425,2.143646408839779,24.38
2006,10,9,-18.175,147.425,2.165745856353591,24.52
2006,10,10,-18.175,147.425,2.1878453038674035,24.29
2006,10,11,-18.175,147.425,2.2099447513812156,24.31
2006,10,12,-18.175,147.425,2.2320441988950277,24.33
2006,10,13,-18.175,147.425,2.25414364640884,24.36
2006,10,14,-18.175,147.425,2.276243093922652,24.45
2006,10,15,-18.175,147.425,2.298342541436464,24.42
2006,10,16,-18.175,147.425,2.320441988950276,24.32
2006,10,17,-18.175,147.425,2.342541436464088,24.36
2006,10,18,-18.175,147.425,2.3646408839779007,24.4
2006,10,19,-18.175,147.425,2.386740331491713,24.37
2006,10,20,-18.175,147.425,2.408839779005525,24.24
2006,10,21,-18.175,147.425,2.430939226519337,24.28
2006,10,22,-18.175,147.425,2.453038674033149,24.6
2006,10,23,-18.175,147.425,2.4751381215469612,24.21
2006,10,24,-18.175,147.425,2.4972375690607733,24.36
2006,10,25,-18.175,147.425,2.5193370165745854,24.54
2006,10,26,-18.175,147.425,2.541436464088398,24.8
2006,10,27,-18.175,147.425,2.56353591160221,24.92
2006,10,28,-18.175,147.425,2.585635359116022,25.24
2006,10,29,-18.175,147.425,2.6077348066298343,25.21
2006,10,30,-18.175,147.425,2.6298342541436464,25.09
2006,10,31,-18.175,147.425,2.6519337016574585,25.38
2006,11,1,-18.175,147.425,2.6740331491712706,25.18
2006,11,2,-18.175,147.425,2.696132596685083,25.35
2006,11,3,-18.175,147.425,2.718232044198895,25.53
2006,11,4,-18.175,147.425,2.7403314917127073,25.9
2006,11,5,-18.175,147.425,2.7624309392265194,25.6
2006,11,6,-18.175,147.425,2.7845303867403315,25.66
2006,11,7,-18.175,147.425,2.8066298342541436,25.76
2006,11,8,-18.175,147.425,2.8287292817679557,25.88
2006,11,9,-18.175,147.425,2.850828729281768,25.74
2006,11,10,-18.175,147.425,2.8729281767955803,25.76
2006,11,11,-18.175,147.425,2.8950276243093924,26.36
2006,11,12,-18.175,147.425,2.9171270718232045,26.46
2006,11,13,-18.175,147.425,2.9392265193370166,26.48
2006,11,14,-18.175,147.425,2.9613259668508287,26.62
2006,11,15,-18.175,147.425,2.983425414364641,26.49
2006,11,16,-18.175,147.425,3.005524861878453,26.32
2006,11,17,-18.175,147.425,3.027624309392265,26.19
2006,11,18,-18.175,147.425,3.0497237569060776,25.94
2006,11,19,-18.175,147.425,3.0718232044198897,25.98
2006,11,20,-18.175,147.425,3.0939226519337018,26.1
2006,11,21,-18.175,147.425,3.116022099447514,26.0
2006,11,22,-18.175,147.425,3.138121546961326,25.94
2006,11,23,-18.175,147.425,3.160220994475138,26.08
2006,11,24,-18.175,147.425,3.18232044198895,26.03
2006,11,25,-18.175,147.425,3.2044198895027622,26.13
2006,11,26,-18.175,147.425,3.226519337016575,26.1
2006,11,27,-18.175,147.425,3.248618784530387,26.27
2006,11,28,-18.175,147.425,3.270718232044199,26.08
2006,11,29,-18.175,147.425,3.292817679558011,26.32
2006,11,30,-18.175,147.425,3.314917127071823,26.6
2006,12,1,-18.175,147.425,3.3370165745856353,26.66
2006,12,2,-18.175,147.425,3.3591160220994474,26.65
2006,12,3,-18.175,147.425,3.3812154696132595,26.88
2006,12,4,-18.175,147.425,3.403314917127072,26.77
2006,12,5,-18.175,147.425,3.425414364640884,27.05
2006,12,6,-18.175,147.425,3.447513812154696,26.71
2006,12,7,-18.175,147.425,3.4696132596685083,26.56
2006,12,8,-18.175,147.425,3.4917127071823204,26.91
2006,12,9,-18.175,147.425,3.5138121546961325,26.69
2006,12,10,-18.175,147.425,3.5359116022099446,26.69
2006,12,11,-18.175,147.425,3.5580110497237567,26.79
2006,12,12,-18.175,147.425,3.5801104972375692,26.67
2006,12,13,-18.175,147.425,3.6022099447513813,26.72
2006,12,14,-18.175,147.425,3.6243093922651934,26.61
2006,12,15,-18.175,147.425,3.6464088397790055,26.98
2006,12,16,-18.175,147.425,3.6685082872928176,27.27
2006,12,17,-18.175,147.425,3.6906077348066297,27.44
2006,12,18,-18.175,147.425,3.712707182320442,27.45
2006,12,19,-18.175,147.425,3.734806629834254,27.31
2006,12,20,-18.175,147.425,3.7569060773480665,27.17
2006,12,21,-18.175,147.425,3.7790055248618786,27.08
2006,12,22,-18.175,147.425,3.8011049723756907,27.02
2006,12,23,-18.175,147.425,3.8232044198895028,27.11
2006,12,24,-18.175,147.425,3.845303867403315,27.06
2006,12,25,-18.175,147.425,3.867403314917127,27.26
2006,12,26,-18.175,147.425,3.889502762430939,27.35
2006,12,27,-18.175,147.425,3.911602209944751,27.38
2006,12,28,-18.175,147.425,3.9337016574585637,27.27
2006,12,29,-18.175,147.425,3.955801104972376,27.16
2006,12,30,-18.175,147.425,3.977900552486188,27.33
2006,12,31,-18.175,147.425,4.0,27.46
2007,1,1,-18.175,147.425,4.0,27.62
2007,1,2,-18.175,147.425,3.977900552486188,27.55
2007,1,3,-18.175,147.425,3.955801104972376,27.57
2007,1,4,-18.175,147.425,3.9337016574585637,27.75
2007,1,5,-18.175,147.425,3.911602209944751,27.7
2007,1,6,-18.175,147.425,3.889502762430939,27.84
2007,1,7,-18.175,147.425,3.867403314917127,27.65
2007,1,8,-18.175,147.425,3.845303867403315,28.23
2007,1,9,-18.175,147.425,3.8232044198895028,28.2
2007,1,10,-18.175,147.425,3.8011049723756907,28.19
2007,1,11,-18.175,147.425,3.7790055248618786,28.12
2007,1,12,-18.175,147.425,3.7569060773480665,28.37
2007,1,13,-18.175,147.425,3.734806629834254,28.5
2007,1,14,-18.175,147.425,3.712707182320442,28.58
2007,1,15,-18.175,147.425,3.6906077348066297,28.59
2007,1,16,-18.175,147.425,3.6685082872928176,28.41
2007,1,17,-18.175,147.425,3.6464088397790055,28.5
2007,1,18,-18.175,147.425,3.6243093922651934,28.57
2007,1,19,-18.175,147.425,3.6022099447513813,28.59
2007,1,20,-18.175,147.425,3.5801104972375692,28.64
2007,1,21,-18.175,147.425,3.5580110497237567,28.57
2007,1,22,-18.175,147.425,3.5359116022099446,28.56
2007,1,23,-18.175,147.425,3.5138121546961325,28.6
2007,1,24,-18.175,147.425,3.4917127071823204,28.52
2007,1,25,-18.175,147.425,3.4696132596685083,28.68
2007,1,26,-18.175,147.425,3.447513812154696,28.81
2007,1,27,-18.175,147.425,3.425414364640884,28.59
2007,1,28,-18.175,147.425,3.403314917127072,28.66
2007,1,29,-18.175,147.425,3.3812154696132595,28.73
2007,1,30,-18.175,147.425,3.3591160220994474,28.83
2007,1,31,-18.175,147.425,3.3370165745856353,28.86
2007,2,1,-18.175,147.425,3.314917127071823,28.92
2007,2,2,-18.175,147.425,3.292817679558011,28.86
2007,2,3,-18.175,147.425,3.270718232044199,28.82
2007,2,4,-18.175,147.425,3.248618784530387,28.75
2007,2,5,-18.175,147.425,3.226519337016575,28.65
2007,2,6,-18.175,147.425,3.2044198895027622,28.57
2007,2,7,-18.175,147.425,3.18232044198895,28.16
2007,2,8,-18.175,147.425,3.160220994475138,27.88
2007,2,9,-18.175,147.425,3.138121546961326,27.94
2007,2,10,-18.175,147.425,3.116022099447514,27.93
2007,2,11,-18.175,147.425,3.0939226519337018,28.12
2007,2,12,-18.175,147.425,3.0718232044198897,27.86
2007,2,13,-18.175,147.425,3.0497237569060776,28.07
2007,2,14,-18.175,147.425,3.027624309392265,28.24
2007,2,15,-18.175,147.425,3.005524861878453,28.34
2007,2,16,-18.175,147.425,2.983425414364641,28.45
2007,2,17,-18.175,147.425,2.9613259668508287,28.23
2007,2,18,-18.175,147.425,2.9392265193370166,27.8
2007,2,19,-18.175,147.425,2.9171270718232045,27.7
2007,2,20,-18.175,147.425,2.8950276243093924,27.55
2007,2,21,-18.175,147.425,2.8729281767955803,27.66
2007,2,22,-18.175,147.425,2.850828729281768,27.68
2007,2,23,-18.175,147.425,2.8287292817679557,27.68
2007,2,24,-18.175,147.425,2.8066298342541436,27.61
2007,2,25,-18.175,147.425,2.7845303867403315,27.52
2007,2,26,-18.175,147.425,2.7624309392265194,27.64
2007,2,27,-18.175,147.425,2.7403314917127073,27.66
2007,2,28,-18.175,147.425,2.718232044198895,27.65
2007,3,1,-18.175,147.425,2.696132596685083,27.42
2007,3,2,-18.175,147.425,2.6740331491712706,27.01
2007,3,3,-18.175,147.425,2.6519337016574585,27.83
2007,3,4,-18.175,147.425,2.6298342541436464,27.61
2007,3,5,-18.175,147.425,2.6077348066298343,27.71
2007,3,6,-18.175,147.425,2.585635359116022,27.54
2007,3,7,-18.175,147.425,2.56353591160221,27.57
2007,3,8,-18.175,147.425,2.541436464088398,27.73
2007,3,9,-18.175,147.425,2.5193370165745854,28.33
2007,3,10,-18.175,147.425,2.4972375690607733,28.34
2007,3,11,-18.175,147.425,2.4751381215469612,28.3
2007,3,12,-18.175,147.425,2.453038674033149,29.13
2007,3,13,-18.175,147.425,2.430939226519337,29.16
2007,3,14,-18.175,147.425,2.408839779005525,29.23
2007,3,15,-18.175,147.425,2.386740331491713,28.47
2007,3,16,-18.175,147.425,2.3646408839779007,28.43
2007,3,17,-18.175,147.425,2.342541436464088,28.53
2007,3,18,-18.175,147.425,2.320441988950276,28.31
2007,3,19,-18.175,147.425,2.298342541436464,27.96
2007,3,20,-18.175,147.425,2.276243093922652,27.78
2007,3,21,-18.175,147.425,2.25414364640884,27.89
2007,3,22,-18.175,147.425,2.2320441988950277,27.73
2007,3,23,-18.175,147.425,2.2099447513812156,27.59
2007,3,24,-18.175,147.425,2.1878453038674035,27.81
2007,3,25,-18.175,147.425,2.165745856353591,27.89
2007,3,26,-18.175,147.425,2.143646408839779,27.93
2007,3,27,-18.175,147.425,2.1215469613259668,27.82
2007,3,28,-18.175,147.425,2.0994475138121547,27.59
2007,3,29,-18.175,147.425,2.0773480662983426,27.52
2007,3,30,-18.175,147.425,2.0552486187845305,27.55
2007,3,31,-18.175,147.425,2.0331491712707184,27.46
2007,4,1,-18.175,147.425,2.0110497237569063,27.4
2007,4,2,-18.175,147.425,1.988950276243094,27.35
2007,4,3,-18.175,147.425,1.9668508287292819,27.29
2007,4,4,-18.175,147.425,1.9447513812154695,27.15
2007,4,5,-18.175,147.425,1.9226519337016574,27.16
2007,4,6,-18.175,147.425,1.9005524861878453,27.25
2007,4,7,-18.175,147.425,1.8784530386740332,27.37
2007,4,8,-18.175,147.425,1.856353591160221,27.25
2007,4,9,-18.175,147.425,1.8342541436464088,26.68
2007,4,10,-18.175,147.425,1.8121546961325967,26.67
2007,4,11,-18.175,147.425,1.7900552486187846,26.52
2007,4,12,-18.175,147.425,1.7679558011049723,26.51
2007,4,13,-18.175,147.425,1.7458563535911602,26.41
2007,4,14,-18.175,147.425,1.723756906077348,26.46
2007,4,15,-18.175,147.425,1.701657458563536,26.48
2007,4,16,-18.175,147.425,1.6795580110497237,26.5
2007,4,17,-18.175,147.425,1.6574585635359116,26.49
2007,4,18,-18.175,147.425,1.6353591160220995,26.38
2007,4,19,-18.175,147.425,1.6132596685082874,26.26
2007,4,20,-18.175,147.425,1.591160220994475,26.37
2007,4,21,-18.175,147.425,1.569060773480663,26.39
2007,4,22,-18.175,147.425,1.5469613259668509,26.39
2007,4,23,-18.175,147.425,1.5248618784530388,26.44
2007,4,24,-18.175,147.425,1.5027624309392265,26.44
2007,4,25,-18.175,147.425,1.4806629834254144,26.29
2007,4,26,-18.175,147.425,1.4585635359116023,26.24
2007,4,27,-18.175,147.425,1.4364640883977902,26.45
2007,4,28,-18.175,147.425,1.4143646408839778,26.75
2007,4,29,-18.175,147.425,1.3922651933701657,26.92
2007,4,30,-18.175,147.425,1.3701657458563536,26.79
2007,5,1,-18.175,147.425,1.3480662983425415,26.53
2007,5,2,-18.175,147.425,1.3259668508287292,26.78
2007,5,3,-18.175,147.425,1.3038674033149171,26.41
2007,5,4,-18.175,147.425,1.281767955801105,26.53
2007,5,5,-18.175,147.425,1.2596685082872927,26.71
2007,5,6,-18.175,147.425,1.2375690607734806,26.5
2007,5,7,-18.175,147.425,1.2154696132596685,26.61
2007,5,8,-18.175,147.425,1.1933701657458564,26.53
2007,5,9,-18.175,147.425,1.171270718232044,26.51
2007,5,10,-18.175,147.425,1.149171270718232,26.57
2007,5,11,-18.175,147.425,1.12707182320442,26.52
2007,5,12,-18.175,147.425,1.1049723756906078,26.25
2007,5,13,-18.175,147.425,1.0828729281767955,26.24
2007,5,14,-18.175,147.425,1.0607734806629834,26.15
2007,5,15,-18.175,147.425,1.0386740331491713,26.06
2007,5,16,-18.175,147.425,1.0165745856353592,26.19
2007,5,17,-18.175,147.425,0.994475138121547,26.06
2007,5,18,-18.175,147.425,0.9723756906077348,25.56
2007,5,19,-18.175,147.425,0.9502762430939227,25.29
2007,5,20,-18.175,147.425,0.9281767955801105,25.77
2007,5,21,-18.175,147.425,0.9060773480662984,25.72
2007,5,22,-18.175,147.425,0.8839779005524862,25.88
2007,5,23,-18.175,147.425,0.861878453038674,25.76
2007,5,24,-18.175,147.425,0.8397790055248618,25.94
2007,5,25,-18.175,147.425,0.8176795580110497,25.92
2007,5,26,-18.175,147.425,0.7955801104972375,25.83
2007,5,27,-18.175,147.425,0.7734806629834254,25.74
2007,5,28,-18.175,147.425,0.7513812154696132,25.79
2007,5,29,-18.175,147.425,0.7292817679558011,25.77
2007,5,30,-18.175,147.425,0.7071823204419889,26.07
2007,5,31,-18.175,147.425,0.6850828729281768,26.09
2007,6,1,-18.175,147.425,0.6629834254143646,26.23
2007,6,2,-18.175,147.425,0.6408839779005525,25.94
2007,6,3,-18.175,147.425,0.6187845303867403,26.07
2007,6,4,-18.175,147.425,0.5966850828729282,26.08
2007,6,5,-18.175,147.425,0.574585635359116,25.95
2007,6,6,-18.175,147.425,0.5524861878453039,25.98
2007,6,7,-18.175,147.425,0.5303867403314917,25.92
2007,6,8,-18.175,147.425,0.5082872928176796,25.82
2007,6,9,-18.175,147.425,0.4861878453038674,25.63
2007,6,10,-18.175,147.425,0.46408839779005523,25.46
2007,6,11,-18.175,147.425,0.4419889502762431,25.36
2007,6,12,-18.175,147.425,0.4198895027624309,25.48
2007,6,13,-18.175,147.425,0.39779005524861877,25.55
2007,6,14,-18.175,147.425,0.3756906077348066,25.53
2007,6,15,-18.175,147.425,0.35359116022099446,25.09
2007,6,16,-18.175,147.425,0.3314917127071823,24.88
2007,6,17,-18.175,147.425,0.30939226519337015,24.92
2007,6,18,-18.175,147.425,0.287292817679558,24.84
2007,6,19,-18.175,147.425,0.26519337016574585,24.75
2007,6,20,-18.175,147.425,0.2430939226519337,24.7
2007,6,21,-18.175,147.425,0.22099447513812154,24.68
2007,6,22,-18.175,147.425,0.19889502762430938,24.68
2007,6,23,-18.175,147.425,0.17679558011049723,24.7
2007,6,24,-18.175,147.425,0.15469613259668508,24.71
2007,6,25,-18.175,147.425,0.13259668508287292,24.56
2007,6,26,-18.175,147.425,0.11049723756906077,24.51
2007,6,27,-18.175,147.425,0.08839779005524862,24.71
2007,6,28,-18.175,147.425,0.06629834254143646,24.62
2007,6,29,-18.175,147.425,0.04419889502762431,24.6
2007,6,30,-18.175,147.425,0.022099447513812154,24.52
2007,7,1,-18.175,147.425,0.0,24.6
2007,7,2,-18.175,147.425,0.0,25.29
2007,7,3,-18.175,147.425,0.0,24.46
2007,7,4,-18.175,147.425,0.022099447513812154,23.44
2007,7,5,-18.175,147.425,0.04419889502762431,24.37
2007,7,6,-18.175,147.425,0.06629834254143646,24.46
2007,7,7,-18.175,147.425,0.08839779005524862,24.34
2007,7,8,-18.175,147.425,0.11049723756906077,24.29
2007,7,9,-18.175,147.425,0.13259668508287292,24.35
2007,7,10,-18.175,147.425,0.15469613259668508,24.38
2007,7,11,-18.175,147.425,0.17679558011049723,24.44
2007,7,12,-18.175,147.425,0.19889502762430938,24.32
2007,7,13,-18.175,147.425,0.22099447513812154,24.37
2007,7,14,-18.175,147.425,0.2430939226519337,24.15
2007,7,15,-18.175,147.425,0.26519337016574585,24.12
2007,7,16,-18.175,147.425,0.287292817679558,23.99
2007,7,17,-18.175,147.425,0.30939226519337015,24.32
2007,7,18,-18.175,147.425,0.3314917127071823,24.44
2007,7,19,-18.175,147.425,0.35359116022099446,24.23
2007,7,20,-18.175,147.425,0.3756906077348066,24.12
2007,7,21,-18.175,147.425,0.39779005524861877,24.06
2007,7,22,-18.175,147.425,0.4198895027624309,24.01
2007,7,23,-18.175,147.425,0.4419889502762431,23.91
2007,7,24,-18.175,147.425,0.46408839779005523,23.54
2007,7,25,-18.175,147.425,0.4861878453038674,23.54
2007,7,26,-18.175,147.425,0.5082872928176796,23.53
2007,7,27,-18.175,147.425,0.5303867403314917,23.73
2007,7,28,-18.175,147.425,0.5524861878453039,23.68
2007,7,29,-18.175,147.425,0.574585635359116,23.78
2007,7,30,-18.175,147.425,0.5966850828729282,23.8
2007,7,31,-18.175,147.425,0.6187845303867403,23.83
2007,8,1,-18.175,147.425,0.6408839779005525,23.8
2007,8,2,-18.175,147.425,0.6629834254143646,23.82
2007,8,3,-18.175,147.425,0.6850828729281768,23.84
2007,8,4,-18.175,147.425,0.7071823204419889,23.99
2007,8,5,-18.175,147.425,0.7292817679558011,23.77
2007,8,6,-18.175,147.425,0.7513812154696132,23.73
2007,8,7,-18.175,147.425,0.7734806629834254,23.62
2007,8,8,-18.175,147.425,0.7955801104972375,23.71
2007,8,9,-18.175,147.425,0.8176795580110497,23.83
2007,8,10,-18.175,147.425,0.8397790055248618,23.79
2007,8,11,-18.175,147.425,0.861878453038674,23.79
2007,8,12,-18.175,147.425,0.8839779005524862,23.94
2007,8,13,-18.175,147.425,0.9060773480662984,23.97
2007,8,14,-18.175,147.425,0.9281767955801105,23.83
2007,8,15,-18.175,147.425,0.9502762430939227,23.89
2007,8,16,-18.175,147.425,0.9723756906077348,23.97
2007,8,17,-18.175,147.425,0.994475138121547,23.86
2007,8,18,-18.175,147.425,1.0165745856353592,23.88
2007,8,19,-18.175,147.425,1.0386740331491713,23.94
2007,8,20,-18.175,147.425,1.0607734806629834,23.96
2007,8,21,-18.175,147.425,1.0828729281767955,23.97
2007,8,22,-18.175,147.425,1.1049723756906078,23.94
2007,8,23,-18.175,147.425,1.12707182320442,24.02
2007,8,24,-18.175,147.425,1.149171270718232,24.03
2007,8,25,-18.175,147.425,1.171270718232044,24.12
2007,8,26,-18.175,147.425,1.1933701657458564,23.98
2007,8,27,-18.175,147.425,1.2154696132596685,23.98
2007,8,28,-18.175,147.425,1.2375690607734806,24.08
2007,8,29,-18.175,147.425,1.2596685082872927,23.98
2007,8,30,-18.175,147.425,1.281767955801105,23.76
2007,8,31,-18.175,147.425,1.3038674033149171,23.76
2007,9,1,-18.175,147.425,1.3259668508287292,24.0
2007,9,2,-18.175,147.425,1.3480662983425415,24.05
2007,9,3,-18.175,147.425,1.3701657458563536,24.1
2007,9,4,-18.175,147.425,1.3922651933701657,24.16
2007,9,5,-18.175,147.425,1.4143646408839778,24.07
2007,9,6,-18.175,147.425,1.4364640883977902,24.17
2007,9,7,-18.175,147.425,1.4585635359116023,24.3
2007,9,8,-18.175,147.425,1.4806629834254144,24.23
2007,9,9,-18.175,147.425,1.5027624309392265,24.58
2007,9,10,-18.175,147.425,1.5248618784530388,24.65
2007,9,11,-18.175,147.425,1.5469613259668509,24.61
2007,9,12,-18.175,147.425,1.569060773480663,24.56
2007,9,13,-18.175,147.425,1.591160220994475,24.44
2007,9,14,-18.175,147.425,1.6132596685082874,24.48
2007,9,15,-18.175,147.425,1.6353591160220995,24.44
2007,9,16,-18.175,147.425,1.6574585635359116,24.48
2007,9,17,-18.175,147.425,1.6795580110497237,24.56
2007,9,18,-18.175,147.425,1.701657458563536,24.67
2007,9,19,-18.175,147.425,1.723756906077348,24.86
2007,9,20,-18.175,147.425,1.7458563535911602,25.04
2007,9,21,-18.175,147.425,1.7679558011049723,24.92
2007,9,22,-18.175,147.425,1.7900552486187846,24.84
2007,9,23,-18.175,147.425,1.8121546961325967,24.73
2007,9,24,-18.175,147.425,1.8342541436464088,24.71
2007,9,25,-18.175,147.425,1.856353591160221,24.57
2007,9,26,-18.175,147.425,1.8784530386740332,24.55
2007,9,27,-18.175,147.425,1.9005524861878453,24.6
2007,9,28,-18.175,147.425,1.9226519337016574,24.47
2007,9,29,-18.175,147.425,1.9447513812154695,24.5
2007,9,30,-18.175,147.425,1.9668508287292819,24.62
2007,10,1,-18.175,147.425,1.988950276243094,24.47
2007,10,2,-18.175,147.425,2.0110497237569063,24.62
2007,10,3,-18.175,147.425,2.0331491712707184,24.67
2007,10,4,-18.175,147.425,2.0552486187845305,24.79
2007,10,5,-18.175,147.425,2.0773480662983426,25.09
2007,10,6,-18.175,147.425,2.0994475138121547,25.12
2007,10,7,-18.175,147.425,2.1215469613259668,25.3
2007,10,8,-18.175,147.425,2.143646408839779,25.89
2007,10,9,-18.175,147.425,2.165745856353591,25.98
2007,10,10,-18.175,147.425,2.1878453038674035,26.09
2007,10,11,-18.175,147.425,2.2099447513812156,26.29
2007,10,12,-18.175,147.425,2.2320441988950277,26.31
2007,10,13,-18.175,147.425,2.25414364640884,26.26
2007,10,14,-18.175,147.425,2.276243093922652,26.07
2007,10,15,-18.175,147.425,2.298342541436464,25.98
2007,10,16,-18.175,147.425,2.320441988950276,26.01
2007,10,17,-18.175,147.425,2.342541436464088,26.0
2007,10,18,-18.175,147.425,2.3646408839779007,25.91
2007,10,19,-18.175,147.425,2.386740331491713,25.64
2007,10,20,-18.175,147.425,2.408839779005525,25.63
2007,10,21,-18.175,147.425,2.430939226519337,25.55
2007,10,22,-18.175,147.425,2.453038674033149,25.59
2007,10,23,-18.175,147.425,2.4751381215469612,25.58
2007,10,24,-18.175,147.425,2.4972375690607733,25.7
2007,10,25,-18.175,147.425,2.5193370165745854,25.68
2007,10,26,-18.175,147.425,2.541436464088398,26.31
2007,10,27,-18.175,147.425,2.56353591160221,26.31
2007,10,28,-18.175,147.425,2.585635359116022,26.2
2007,10,29,-18.175,147.425,2.6077348066298343,26.11
2007,10,30,-18.175,147.425,2.6298342541436464,26.35
2007,10,31,-18.175,147.425,2.6519337016574585,26.34
2007,11,1,-18.175,147.425,2.6740331491712706,26.29
2007,11,2,-18.175,147.425,2.696132596685083,26.4
2007,11,3,-18.175,147.425,2.718232044198895,26.45
2007,11,4,-18.175,147.425,2.7403314917127073,26.51
2007,11,5,-18.175,147.425,2.7624309392265194,26.37
2007,11,6,-18.175,147.425,2.7845303867403315,26.28
2007,11,7,-18.175,147.425,2.8066298342541436,26.71
2007,11,8,-18.175,147.425,2.8287292817679557,26.65
2007,11,9,-18.175,147.425,2.850828729281768,26.93
2007,11,10,-18.175,147.425,2.8729281767955803,27.16
2007,11,11,-18.175,147.425,2.8950276243093924,27.04
2007,11,12,-18.175,147.425,2.9171270718232045,26.94
2007,11,13,-18.175,147.425,2.9392265193370166,26.75
2007,11,14,-18.175,147.425,2.9613259668508287,26.77
2007,11,15,-18.175,147.425,2.983425414364641,26.74
2007,11,16,-18.175,147.425,3.005524861878453,26.78
2007,11,17,-18.175,147.425,3.027624309392265,26.79
2007,11,18,-18.175,147.425,3.0497237569060776,26.78
2007,11,19,-18.175,147.425,3.0718232044198897,26.47
2007,11,20,-18.175,147.425,3.0939226519337018,26.6
2007,11,21,-18.175,147.425,3.116022099447514,26.68
2007,11,22,-18.175,147.425,3.138121546961326,26.73
2007,11,23,-18.175,147.425,3.160220994475138,27.06
2007,11,24,-18.175,147.425,3.18232044198895,26.79
2007,11,25,-18.175,147.425,3.2044198895027622,26.9
2007,11,26,-18.175,147.425,3.226519337016575,27.04
2007,11,27,-18.175,147.425,3.248618784530387,26.86
2007,11,28,-18.175,147.425,3.270718232044199,26.95
2007,11,29,-18.175,147.425,3.292817679558011,27.11
2007,11,30,-18.175,147.425,3.314917127071823,27.23
2007,12,1,-18.175,147.425,3.3370165745856353,27.39
2007,12,2,-18.175,147.425,3.3591160220994474,27.54
2007,12,3,-18.175,147.425,3.3812154696132595,27.66
2007,12,4,-18.175,147.425,3.403314917127072,27.47
2007,12,5,-18.175,147.425,3.425414364640884,27.46
2007,12,6,-18.175,147.425,3.447513812154696,27.53
2007,12,7,-18.175,147.425,3.4696132596685083,27.89
2007,12,8,-18.175,147.425,3.4917127071823204,28.1
2007,12,9,-18.175,147.425,3.5138121546961325,28.13
2007,12,10,-18.175,147.425,3.5359116022099446,28.11
2007,12,11,-18.175,147.425,3.5580110497237567,27.9
2007,12,12,-18.175,147.425,3.5801104972375692,27.84
2007,12,13,-18.175,147.425,3.6022099447513813,28.05
2007,12,14,-18.175,147.425,3.6243093922651934,28.0
2007,12,15,-18.175,147.425,3.6464088397790055,27.94
2007,12,16,-18.175,147.425,3.6685082872928176,28.13
2007,12,17,-18.175,147.425,3.6906077348066297,28.22
2007,12,18,-18.175,147.425,3.712707182320442,28.2
2007,12,19,-18.175,147.425,3.734806629834254,28.33
2007,12,20,-18.175,147.425,3.7569060773480665,28.48
2007,12,21,-18.175,147.425,3.7790055248618786,28.21
2007,12,22,-18.175,147.425,3.8011049723756907,28.36
2007,12,23,-18.175,147.425,3.8232044198895028,28.59
2007,12,24,-18.175,147.425,3.845303867403315,28.53
2007,12,25,-18.175,147.425,3.867403314917127,28.42
2007,12,26,-18.175,147.425,3.889502762430939,28.38
2007,12,27,-18.175,147.425,3.911602209944751,28.36
2007,12,28,-18.175,147.425,3.9337016574585637,28.2
2007,12,29,-18.175,147.425,3.955801104972376,27.85
2007,12,30,-18.175,147.425,3.977900552486188,28.16
2007,12,31,-18.175,147.425,4.0,28.36
2008,1,1,-18.175,147.425,4.0,28.66
2008,1,2,-18.175,147.425,3.977900552486188,28.86
2008,1,3,-18.175,147.425,3.955801104972376,28.93
2008,1,4,-18.175,147.425,3.9337016574585637,29.31
2008,1,5,-18.175,147.425,3.911602209944751,29.32
2008,1,6,-18.175,147.425,3.889502762430939,29.34
2008,1,7,-18.175,147.425,3.867403314917127,29.21
2008,1,8,-18.175,147.425,3.845303867403315,29.19
2008,1,9,-18.175,147.425,3.8232044198895028,29.01
2008,1,10,-18.175,147.425,3.8011049723756907,29.07
2008,1,11,-18.175,147.425,3.7790055248618786,28.88
2008,1,12,-18.175,147.425,3.7569060773480665,28.85
2008,1,13,-18.175,147.425,3.734806629834254,29.06
2008,1,14,-18.175,147.425,3.712707182320442,28.94
2008,1,15,-18.175,147.425,3.6906077348066297,28.57
2008,1,16,-18.175,147.425,3.6685082872928176,29.09
2008,1,17,-18.175,147.425,3.6464088397790055,29.56
2008,1,18,-18.175,147.425,3.6243093922651934,29.59
2008,1,19,-18.175,147.425,3.6022099447513813,29.34
2008,1,20,-18.175,147.425,3.5801104972375692,29.46
2008,1,21,-18.175,147.425,3.5580110497237567,29.28
2008,1,22,-18.175,147.425,3.5359116022099446,28.97
2008,1,23,-18.175,147.425,3.5138121546961325,28.86
2008,1,24,-18.175,147.425,3.4917127071823204,28.61
2008,1,25,-18.175,147.425,3.4696132596685083,28.53
2008,1,26,-18.175,147.425,3.447513812154696,28.67
2008,1,27,-18.175,147.425,3.425414364640884,28.77
2008,1,28,-18.175,147.425,3.403314917127072,28.83
2008,1,29,-18.175,147.425,3.3812154696132595,28.8
2008,1,30,-18.175,147.425,3.3591160220994474,28.91
2008,1,31,-18.175,147.425,3.3370165745856353,28.92
2008,2,1,-18.175,147.425,3.314917127071823,28.77
2008,2,2,-18.175,147.425,3.292817679558011,28.93
2008,2,3,-18.175,147.425,3.270718232044199,28.68
2008,2,4,-18.175,147.425,3.248618784530387,28.61
2008,2,5,-18.175,147.425,3.226519337016575,28.76
2008,2,6,-18.175,147.425,3.2044198895027622,29.38
2008,2,7,-18.175,147.425,3.18232044198895,29.28
2008,2,8,-18.175,147.425,3.160220994475138,29.29
2008,2,9,-18.175,147.425,3.138121546961326,29.32
2008,2,10,-18.175,147.425,3.116022099447514,29.52
2008,2,11,-18.175,147.425,3.0939226519337018,28.75
2008,2,12,-18.175,147.425,3.0718232044198897,28.73
2008,2,13,-18.175,147.425,3.0497237569060776,29.0
2008,2,14,-18.175,147.425,3.027624309392265,28.88
2008,2,15,-18.175,147.425,3.005524861878453,28.79
2008,2,16,-18.175,147.425,2.983425414364641,28.8
2008,2,17,-18.175,147.425,2.9613259668508287,28.66
2008,2,18,-18.175,147.425,2.9392265193370166,28.49
2008,2,19,-18.175,147.425,2.9171270718232045,28.35
2008,2,20,-18.175,147.425,2.8950276243093924,28.22
2008,2,21,-18.175,147.425,2.8729281767955803,27.85
2008,2,22,-18.175,147.425,2.850828729281768,28.66
2008,2,23,-18.175,147.425,2.8287292817679557,28.9
2008,2,24,-18.175,147.425,2.8066298342541436,28.9
2008,2,25,-18.175,147.425,2.7845303867403315,28.76
2008,2,26,-18.175,147.425,2.7624309392265194,28.61
2008,2,27,-18.175,147.425,2.7403314917127073,28.48
2008,2,28,-18.175,147.425,2.718232044198895,28.44
2008,2,29,-18.175,147.425,2.696132596685083,28.26
2008,3,1,-18.175,147.425,2.6740331491712706,28.32
2008,3,2,-18.175,147.425,2.6519337016574585,28.18
2008,3,3,-18.175,147.425,2.6298342541436464,28.27
2008,3,4,-18.175,147.425,2.6077348066298343,28.11
2008,3,5,-18.175,147.425,2.585635359116022,27.57
2008,3,6,-18.175,147.425,2.56353591160221,27.31
2008,3,7,-18.175,147.425,2.541436464088398,27.31
2008,3,8,-18.175,147.425,2.5193370165745854,27.32
2008,3,9,-18.175,147.425,2.4972375690607733,27.35
2008,3,10,-18.175,147.425,2.4751381215469612,27.25
2008,3,11,-18.175,147.425,2.453038674033149,27.29
2008,3,12,-18.175,147.425,2.430939226519337,27.14
2008,3,13,-18.175,147.425,2.408839779005525,27.08
2008,3,14,-18.175,147.425,2.386740331491713,27.18
2008,3,15,-18.175,147.425,2.3646408839779007,27.01
2008,3,16,-18.175,147.425,2.342541436464088,27.06
2008,3,17,-18.175,147.425,2.320441988950276,26.94
2008,3,18,-18.175,147.425,2.298342541436464,27.21
2008,3,19,-18.175,147.425,2.276243093922652,27.01
2008,3,20,-18.175,147.425,2.25414364640884,27.23
2008,3,21,-18.175,147.425,2.2320441988950277,27.3
2008,3,22,-18.175,147.425,2.2099447513812156,27.3
2008,3,23,-18.175,147.425,2.1878453038674035,27.56
2008,3,24,-18.175,147.425,2.165745856353591,27.53
2008,3,25,-18.175,147.425,2.143646408839779,27.6
2008,3,26,-18.175,147.425,2.1215469613259668,27.76
2008,3,27,-18.175,147.425,2.0994475138121547,27.3
2008,3,28,-18.175,147.425,2.0773480662983426,27.78
2008,3,29,-18.175,147.425,2.0552486187845305,27.9
2008,3,30,-18.175,147.425,2.0331491712707184,27.76
2008,3,31,-18.175,147.425,2.0110497237569063,27.29
2008,4,1,-18.175,147.425,1.988950276243094,27.2
2008,4,2,-18.175,147.425,1.9668508287292819,26.91
2008,4,3,-18.175,147.425,1.9447513812154695,27.17
2008,4,4,-18.175,147.425,1.9226519337016574,27.26
2008,4,5,-18.175,147.425,1.9005524861878453,27.03
2008,4,6,-18.175,147.425,1.8784530386740332,26.95
2008,4,7,-18.175,147.425,1.856353591160221,26.96
2008,4,8,-18.175,147.425,1.8342541436464088,26.91
2008,4,9,-18.175,147.425,1.8121546961325967,27.01
2008,4,10,-18.175,147.425,1.7900552486187846,26.82
2008,4,11,-18.175,147.425,1.7679558011049723,26.59
2008,4,12,-18.175,147.425,1.7458563535911602,26.52
2008,4,13,-18.175,147.425,1.723756906077348,26.51
2008,4,14,-18.175,147.425,1.701657458563536,26.56
2008,4,15,-18.175,147.425,1.6795580110497237,26.4
2008,4,16,-18.175,147.425,1.6574585635359116,26.46
2008,4,17,-18.175,147.425,1.6353591160220995,26.28
2008,4,18,-18.175,147.425,1.6132596685082874,26.19
2008,4,19,-18.175,147.425,1.591160220994475,26.04
2008,4,20,-18.175,147.425,1.569060773480663,26.05
2008,4,21,-18.175,147.425,1.5469613259668509,25.94
2008,4,22,-18.175,147.425,1.5248618784530388,26.23
2008,4,23,-18.175,147.425,1.5027624309392265,26.16
2008,4,24,-18.175,147.425,1.4806629834254144,26.19
2008,4,25,-18.175,147.425,1.4585635359116023,25.74
2008,4,26,-18.175,147.425,1.4364640883977902,26.05
2008,4,27,-18.175,147.425,1.4143646408839778,26.07
2008,4,28,-18.175,147.425,1.3922651933701657,26.17
2008,4,29,-18.175,147.425,1.3701657458563536,26.13
2008,4,30,-18.175,147.425,1.3480662983425415,25.91
2008,5,1,-18.175,147.425,1.3259668508287292,25.94
2008,5,2,-18.175,147.425,1.3038674033149171,25.92
2008,5,3,-18.175,147.425,1.281767955801105,25.97
2008,5,4,-18.175,147.425,1.2596685082872927,25.74
2008,5,5,-18.175,147.425,1.2375690607734806,25.43
2008,5,6,-18.175,147.425,1.2154696132596685,25.5
2008,5,7,-18.175,147.425,1.1933701657458564,25.47
2008,5,8,-18.175,147.425,1.171270718232044,25.65
2008,5,9,-18.175,147.425,1.149171270718232,25.35
2008,5,10,-18.175,147.425,1.12707182320442,25.32
2008,5,11,-18.175,147.425,1.1049723756906078,25.29
2008,5,12,-18.175,147.425,1.0828729281767955,25.27
2008,5,13,-18.175,147.425,1.0607734806629834,25.26
2008,5,14,-18.175,147.425,1.0386740331491713,25.23
2008,5,15,-18.175,147.425,1.0165745856353592,25.27
2008,5,16,-18.175,147.425,0.994475138121547,25.34
2008,5,17,-18.175,147.425,0.9723756906077348,25.5
2008,5,18,-18.175,147.425,0.9502762430939227,25.32
2008,5,19,-18.175,147.425,0.9281767955801105,24.96
2008,5,20,-18.175,147.425,0.9060773480662984,24.83
2008,5,21,-18.175,147.425,0.8839779005524862,24.78
2008,5,22,-18.175,147.425,0.861878453038674,24.59
2008,5,23,-18.175,147.425,0.8397790055248618,24.88
2008,5,24,-18.175,147.425,0.8176795580110497,24.82
2008,5,25,-18.175,147.425,0.7955801104972375,25.01
2008,5,26,-18.175,147.425,0.7734806629834254,25.06
2008,5,27,-18.175,147.425,0.7513812154696132,24.84
2008,5,28,-18.175,147.425,0.7292817679558011,24.85
2008,5,29,-18.175,147.425,0.7071823204419889,24.75
2008,5,30,-18.175,147.425,0.6850828729281768,24.36
2008,5,31,-18.175,147.425,0.6629834254143646,24.54
2008,6,1,-18.175,147.425,0.6408839779005525,24.93
2008,6,2,-18.175,147.425,0.6187845303867403,25.03
2008,6,3,-18.175,147.425,0.5966850828729282,24.89
2008,6,4,-18.175,147.425,0.574585635359116,24.84
2008,6,5,-18.175,147.425,0.5524861878453039,24.98
2008,6,6,-18.175,147.425,0.5303867403314917,24.96
2008,6,7,-18.175,147.425,0.5082872928176796,24.84
2008,6,8,-18.175,147.425,0.4861878453038674,24.99
2008,6,9,-18.175,147.425,0.46408839779005523,24.78
2008,6,10,-18.175,147.425,0.4419889502762431,24.77
2008,6,11,-18.175,147.425,0.4198895027624309,24.78
2008,6,12,-18.175,147.425,0.39779005524861877,24.71
2008,6,13,-18.175,147.425,0.3756906077348066,24.8
2008,6,14,-18.175,147.425,0.35359116022099446,24.76
2008,6,15,-18.175,147.425,0.3314917127071823,24.76
2008,6,16,-18.175,147.425,0.30939226519337015,24.45
2008,6,17,-18.175,147.425,0.287292817679558,24.37
2008,6,18,-18.175,147.425,0.26519337016574585,24.5
2008,6,19,-18.175,147.425,0.2430939226519337,24.54
2008,6,20,-18.175,147.425,0.22099447513812154,24.87
2008,6,21,-18.175,147.425,0.19889502762430938,24.64
2008,6,22,-18.175,147.425,0.17679558011049723,24.69
2008,6,23,-18.175,147.425,0.15469613259668508,24.56
2008,6,24,-18.175,147.425,0.13259668508287292,24.38
2008,6,25,-18.175,147.425,0.11049723756906077,24.1
2008,6,26,-18.175,147.425,0.08839779005524862,24.01
2008,6,27,-18.175,147.425,0.06629834254143646,23.95
2008,6,28,-18.175,147.425,0.04419889502762431,23.88
2008,6,29,-18.175,147.425,0.022099447513812154,23.76
2008,6,30,-18.175,147.425,0.0,23.79
2008,7,1,-18.175,147.425,0.0,23.94
2008,7,2,-18.175,147.425,0.0,23.97
2008,7,3,-18.175,147.425,0.0,23.93
2008,7,4,-18.175,147.425,0.022099447513812154,23.97
2008,7,5,-18.175,147.425,0.04419889502762431,24.01
2008,7,6,-18.175,147.425,0.06629834254143646,24.03
2008,7,7,-18.175,147.425,0.08839779005524862,23.91
2008,7,8,-18.175,147.425,0.11049723756906077,23.83
2008,7,9,-18.175,147.425,0.13259668508287292,23.77
2008,7,10,-18.175,147.425,0.15469613259668508,23.83
2008,7,11,-18.175,147.425,0.17679558011049723,23.75
2008,7,12,-18.175,147.425,0.19889502762430938,23.62
2008,7,13,-18.175,147.425,0.22099447513812154,23.65
2008,7,14,-18.175,147.425,0.2430939226519337,23.72
2008,7,15,-18.175,147.425,0.26519337016574585,23.76
2008,7,16,-18.175,147.425,0.287292817679558,23.8
2008,7,17,-18.175,147.425,0.30939226519337015,23.68
2008,7,18,-18.175,147.425,0.3314917127071823,23.93
2008,7,19,-18.175,147.425,0.35359116022099446,23.89
2008,7,20,-18.175,147.425,0.3756906077348066,24.01
2008,7,21,-18.175,147.425,0.39779005524861877,24.32
2008,7,22,-18.175,147.425,0.4198895027624309,24.49
2008,7,23,-18.175,147.425,0.4419889502762431,24.14
2008,7,24,-18.175,147.425,0.46408839779005523,23.98
2008,7,25,-18.175,147.425,0.4861878453038674,23.69
2008,7,26,-18.175,147.425,0.5082872928176796,23.37
2008,7,27,-18.175,147.425,0.5303867403314917,23.43
2008,7,28,-18.175,147.425,0.5524861878453039,23.74
2008,7,29,-18.175,147.425,0.574585635359116,23.65
2008,7,30,-18.175,147.425,0.5966850828729282,23.61
2008,7,31,-18.175,147.425,0.6187845303867403,23.68
2008,8,1,-18.175,147.425,0.6408839779005525,23.51
2008,8,2,-18.175,147.425,0.6629834254143646,23.69
2008,8,3,-18.175,147.425,0.6850828729281768,23.93
2008,8,4,-18.175,147.425,0.7071823204419889,23.66
2008,8,5,-18.175,147.425,0.7292817679558011,23.41
2008,8,6,-18.175,147.425,0.7513812154696132,23.59
2008,8,7,-18.175,147.425,0.7734806629834254,23.65
2008,8,8,-18.175,147.425,0.7955801104972375,23.59
2008,8,9,-18.175,147.425,0.8176795580110497,23.61
2008,8,10,-18.175,147.425,0.8397790055248618,23.79
2008,8,11,-18.175,147.425,0.861878453038674,23.98
2008,8,12,-18.175,147.425,0.8839779005524862,23.7
2008,8,13,-18.175,147.425,0.9060773480662984,23.39
2008,8,14,-18.175,147.425,0.9281767955801105,23.54
2008,8,15,-18.175,147.425,0.9502762430939227,23.46
2008,8,16,-18.175,147.425,0.9723756906077348,23.39
2008,8,17,-18.175,147.425,0.994475138121547,23.37
2008,8,18,-18.175,147.425,1.0165745856353592,23.08
2008,8,19,-18.175,147.425,1.0386740331491713,23.37
2008,8,20,-18.175,147.425,1.0607734806629834,23.56
2008,8,21,-18.175,147.425,1.0828729281767955,23.5
2008,8,22,-18.175,147.425,1.1049723756906078,24.03
2008,8,23,-18.175,147.425,1.12707182320442,23.97
2008,8,24,-18.175,147.425,1.149171270718232,23.9
2008,8,25,-18.175,147.425,1.171270718232044,23.51
2008,8,26,-18.175,147.425,1.1933701657458564,23.57
2008,8,27,-18.175,147.425,1.2154696132596685,23.86
2008,8,28,-18.175,147.425,1.2375690607734806,23.89
2008,8,29,-18.175,147.425,1.2596685082872927,23.93
2008,8,30,-18.175,147.425,1.281767955801105,24.25
2008,8,31,-18.175,147.425,1.3038674033149171,24.39
2008,9,1,-18.175,147.425,1.3259668508287292,24.57
2008,9,2,-18.175,147.425,1.3480662983425415,24.24
2008,9,3,-18.175,147.425,1.3701657458563536,24.14
2008,9,4,-18.175,147.425,1.3922651933701657,24.37
2008,9,5,-18.175,147.425,1.4143646408839778,24.8
2008,9,6,-18.175,147.425,1.4364640883977902,24.58
2008,9,7,-18.175,147.425,1.4585635359116023,24.38
2008,9,8,-18.175,147.425,1.4806629834254144,24.35
2008,9,9,-18.175,147.425,1.5027624309392265,24.26
2008,9,10,-18.175,147.425,1.5248618784530388,24.44
2008,9,11,-18.175,147.425,1.5469613259668509,24.53
2008,9,12,-18.175,147.425,1.569060773480663,24.53
2008,9,13,-18.175,147.425,1.591160220994475,24.76
2008,9,14,-18.175,147.425,1.6132596685082874,25.05
2008,9,15,-18.175,147.425,1.6353591160220995,25.23
2008,9,16,-18.175,147.425,1.6574585635359116,25.18
2008,9,17,-18.175,147.425,1.6795580110497237,25.19
2008,9,18,-18.175,147.425,1.701657458563536,25.22
2008,9,19,-18.175,147.425,1.723756906077348,25.53
2008,9,20,-18.175,147.425,1.7458563535911602,25.74
2008,9,21,-18.175,147.425,1.7679558011049723,25.68
2008,9,22,-18.175,147.425,1.7900552486187846,25.62
2008,9,23,-18.175,147.425,1.8121546961325967,25.72
2008,9,24,-18.175,147.425,1.8342541436464088,25.57
2008,9,25,-18.175,147.425,1.856353591160221,25.45
2008,9,26,-18.175,147.425,1.8784530386740332,25.69
2008,9,27,-18.175,147.425,1.9005524861878453,25.81
2008,9,28,-18.175,147.425,1.9226519337016574,25.74
2008,9,29,-18.175,147.425,1.9447513812154695,26.06
2008,9,30,-18.175,147.425,1.9668508287292819,25.84
2008,10,1,-18.175,147.425,1.988950276243094,25.7
2008,10,2,-18.175,147.425,2.0110497237569063,25.72
2008,10,3,-18.175,147.425,2.0331491712707184,25.54
2008,10,4,-18.175,147.425,2.0552486187845305,25.56
2008,10,5,-18.175,147.425,2.0773480662983426,25.7
2008,10,6,-18.175,147.425,2.0994475138121547,26.02
2008,10,7,-18.175,147.425,2.1215469613259668,26.24
2008,10,8,-18.175,147.425,2.143646408839779,26.25
2008,10,9,-18.175,147.425,2.165745856353591,26.2
2008,10,10,-18.175,147.425,2.1878453038674035,26.02
2008,10,11,-18.175,147.425,2.2099447513812156,25.99
2008,10,12,-18.175,147.425,2.2320441988950277,25.9
2008,10,13,-18.175,147.425,2.25414364640884,26.03
2008,10,14,-18.175,147.425,2.276243093922652,26.24
2008,10,15,-18.175,147.425,2.298342541436464,26.15
2008,10,16,-18.175,147.425,2.320441988950276,26.12
2008,10,17,-18.175,147.425,2.342541436464088,26.07
2008,10,18,-18.175,147.425,2.3646408839779007,26.01
2008,10,19,-18.175,147.425,2.386740331491713,26.0
2008,10,20,-18.175,147.425,2.408839779005525,26.47
2008,10,21,-18.175,147.425,2.430939226519337,26.29
2008,10,22,-18.175,147.425,2.453038674033149,26.47
2008,10,23,-18.175,147.425,2.4751381215469612,26.33
2008,10,24,-18.175,147.425,2.4972375690607733,26.23
2008,10,25,-18.175,147.425,2.5193370165745854,26.35
2008,10,26,-18.175,147.425,2.541436464088398,26.55
2008,10,27,-18.175,147.425,2.56353591160221,26.44
2008,10,28,-18.175,147.425,2.585635359116022,26.2
2008,10,29,-18.175,147.425,2.6077348066298343,26.13
2008,10,30,-18.175,147.425,2.6298342541436464,26.17
2008,10,31,-18.175,147.425,2.6519337016574585,26.31
2008,11,1,-18.175,147.425,2.6740331491712706,26.37
2008,11,2,-18.175,147.425,2.696132596685083,26.6
2008,11,3,-18.175,147.425,2.718232044198895,26.55
2008,11,4,-18.175,147.425,2.7403314917127073,26.76
2008,11,5,-18.175,147.425,2.7624309392265194,26.96
2008,11,6,-18.175,147.425,2.7845303867403315,26.88
2008,11,7,-18.175,147.425,2.8066298342541436,26.95
2008,11,8,-18.175,147.425,2.8287292817679557,27.1
2008,11,9,-18.175,147.425,2.850828729281768,27.26
2008,11,10,-18.175,147.425,2.8729281767955803,27.33
2008,11,11,-18.175,147.425,2.8950276243093924,27.4
2008,11,12,-18.175,147.425,2.9171270718232045,27.57
2008,11,13,-18.175,147.425,2.9392265193370166,27.49
2008,11,14,-18.175,147.425,2.9613259668508287,27.5
2008,11,15,-18.175,147.425,2.983425414364641,27.57
2008,11,16,-18.175,147.425,3.005524861878453,27.44
2008,11,17,-18.175,147.425,3.027624309392265,27.39
2008,11,18,-18.175,147.425,3.0497237569060776,27.47
2008,11,19,-18.175,147.425,3.0718232044198897,27.69
2008,11,20,-18.175,147.425,3.0939226519337018,27.58
2008,11,21,-18.175,147.425,3.116022099447514,27.72
2008,11,22,-18.175,147.425,3.138121546961326,28.04
2008,11,23,-18.175,147.425,3.160220994475138,27.81
2008,11,24,-18.175,147.425,3.18232044198895,28.41
2008,11,25,-18.175,147.425,3.2044198895027622,28.96
2008,11,26,-18.175,147.425,3.226519337016575,28.46
2008,11,27,-18.175,147.425,3.248618784530387,28.38
2008,11,28,-18.175,147.425,3.270718232044199,28.39
2008,11,29,-18.175,147.425,3.292817679558011,28.49
2008,11,30,-18.175,147.425,3.314917127071823,29.14
2008,12,1,-18.175,147.425,3.3370165745856353,29.13
2008,12,2,-18.175,147.425,3.3591160220994474,29.0
2008,12,3,-18.175,147.425,3.3812154696132595,28.87
2008,12,4,-18.175,147.425,3.403314917127072,28.89
2008,12,5,-18.175,147.425,3.425414364640884,28.67
2008,12,6,-18.175,147.425,3.447513812154696,28.6
2008,12,7,-18.175,147.425,3.4696132596685083,28.72
2008,12,8,-18.175,147.425,3.4917127071823204,28.69
2008,12,9,-18.175,147.425,3.5138121546961325,29.09
2008,12,10,-18.175,147.425,3.5359116022099446,29.22
2008,12,11,-18.175,147.425,3.5580110497237567,29.5
2008,12,12,-18.175,147.425,3.5801104972375692,29.14
2008,12,13,-18.175,147.425,3.6022099447513813,29.37
2008,12,14,-18.175,147.425,3.6243093922651934,29.45
2008,12,15,-18.175,147.425,3.6464088397790055,29.69
2008,12,16,-18.175,147.425,3.6685082872928176,29.4
2008,12,17,-18.175,147.425,3.6906077348066297,29.2
2008,12,18,-18.175,147.425,3.712707182320442,29.49
2008,12,19,-18.175,147.425,3.734806629834254,29.74
2008,12,20,-18.175,147.425,3.7569060773480665,29.9
2008,12,21,-18.175,147.425,3.7790055248618786,29.86
2008,12,22,-18.175,147.425,3.8011049723756907,29.51
2008,12,23,-18.175,147.425,3.8232044198895028,29.68
2008,12,24,-18.175,147.425,3.845303867403315,29.62
2008,12,25,-18.175,147.425,3.867403314917127,29.65
2008,12,26,-18.175,147.425,3.889502762430939,29.7
2008,12,27,-18.175,147.425,3.911602209944751,29.54
2008,12,28,-18.175,147.425,3.9337016574585637,29.4
2008,12,29,-18.175,147.425,3.955801104972376,29.44
2008,12,30,-18.175,147.425,3.977900552486188,29.43
2008,12,31,-18.175,147.425,4.0,29.35
2009,1,1,-18.175,147.425,4.0,29.43
2009,1,2,-18.175,147.425,3.977900552486188,29.31
2009,1,3,-18.175,147.425,3.955801104972376,29.63
2009,1,4,-18.175,147.425,3.9337016574585637,29.67
2009,1,5,-18.175,147.425,3.911602209944751,29.67
2009,1,6,-18.175,147.425,3.889502762430939,29.2
2009,1,7,-18.175,147.425,3.867403314917127,29.41
2009,1,8,-18.175,147.425,3.845303867403315,29.42
2009,1,9,-18.175,147.425,3.8232044198895028,29.54
2009,1,10,-18.175,147.425,3.8011049723756907,29.49
2009,1,11,-18.175,147.425,3.7790055248618786,29.58
2009,1,12,-18.175,147.425,3.7569060773480665,29.43
2009,1,13,-18.175,147.425,3.734806629834254,29.04
2009,1,14,-18.175,147.425,3.712707182320442,28.94
2009,1,15,-18.175,147.425,3.6906077348066297,28.96
2009,1,16,-18.175,147.425,3.6685082872928176,28.86
2009,1,17,-18.175,147.425,3.6464088397790055,29.04
2009,1,18,-18.175,147.425,3.6243093922651934,29.03
2009,1,19,-18.175,147.425,3.6022099447513813,28.93
2009,1,20,-18.175,147.425,3.5801104972375692,28.62
2009,1,21,-18.175,147.425,3.5580110497237567,28.86
2009,1,22,-18.175,147.425,3.5359116022099446,28.95
2009,1,23,-18.175,147.425,3.5138121546961325,29.1
2009,1,24,-18.175,147.425,3.4917127071823204,29.43
2009,1,25,-18.175,147.425,3.4696132596685083,29.52
2009,1,26,-18.175,147.425,3.447513812154696,29.42
2009,1,27,-18.175,147.425,3.425414364640884,29.46
2009,1,28,-18.175,147.425,3.403314917127072,29.49
2009,1,29,-18.175,147.425,3.3812154696132595,29.51
2009,1,30,-18.175,147.425,3.3591160220994474,29.68
2009,1,31,-18.175,147.425,3.3370165745856353,29.51
2009,2,1,-18.175,147.425,3.314917127071823,29.28
2009,2,2,-18.175,147.425,3.292817679558011,28.99
2009,2,3,-18.175,147.425,3.270718232044199,28.77
2009,2,4,-18.175,147.425,3.248618784530387,28.78
2009,2,5,-18.175,147.425,3.226519337016575,28.77
2009,2,6,-18.175,147.425,3.2044198895027622,28.71
2009,2,7,-18.175,147.425,3.18232044198895,28.24
2009,2,8,-18.175,147.425,3.160220994475138,28.18
2009,2,9,-18.175,147.425,3.138121546961326,28.16
2009,2,10,-18.175,147.425,3.116022099447514,28.57
2009,2,11,-18.175,147.425,3.0939226519337018,28.69
2009,2,12,-18.175,147.425,3.0718232044198897,28.64
2009,2,13,-18.175,147.425,3.0497237569060776,28.26
2009,2,14,-18.175,147.425,3.027624309392265,28.35
2009,2,15,-18.175,147.425,3.005524861878453,28.72
2009,2,16,-18.175,147.425,2.983425414364641,29.04
2009,2,17,-18.175,147.425,2.9613259668508287,29.19
2009,2,18,-18.175,147.425,2.9392265193370166,29.45
2009,2,19,-18.175,147.425,2.9171270718232045,29.35
2009,2,20,-18.175,147.425,2.8950276243093924,29.61
2009,2,21,-18.175,147.425,2.8729281767955803,29.65
2009,2,22,-18.175,147.425,2.850828729281768,29.28
2009,2,23,-18.175,147.425,2.8287292817679557,28.98
2009,2,24,-18.175,147.425,2.8066298342541436,29.0
2009,2,25,-18.175,147.425,2.7845303867403315,28.75
2009,2,26,-18.175,147.425,2.7624309392265194,28.53
2009,2,27,-18.175,147.425,2.7403314917127073,28.51
2009,2,28,-18.175,147.425,2.718232044198895,28.52
2009,3,1,-18.175,147.425,2.696132596685083,28.29
2009,3,2,-18.175,147.425,2.6740331491712706,28.29
2009,3,3,-18.175,147.425,2.6519337016574585,28.21
2009,3,4,-18.175,147.425,2.6298342541436464,28.36
2009,3,5,-18.175,147.425,2.6077348066298343,28.71
2009,3,6,-18.175,147.425,2.585635359116022,28.74
2009,3,7,-18.175,147.425,2.56353591160221,28.67
2009,3,8,-18.175,147.425,2.541436464088398,28.13
2009,3,9,-18.175,147.425,2.5193370165745854,27.92
2009,3,10,-18.175,147.425,2.4972375690607733,27.85
2009,3,11,-18.175,147.425,2.4751381215469612,27.94
2009,3,12,-18.175,147.425,2.453038674033149,28.15
2009,3,13,-18.175,147.425,2.430939226519337,28.25
2009,3,14,-18.175,147.425,2.408839779005525,28.17
2009,3,15,-18.175,147.425,2.386740331491713,28.12
2009,3,16,-18.175,147.425,2.3646408839779007,28.14
2009,3,17,-18.175,147.425,2.342541436464088,28.05
2009,3,18,-18.175,147.425,2.320441988950276,27.52
2009,3,19,-18.175,147.425,2.298342541436464,27.97
2009,3,20,-18.175,147.425,2.276243093922652,27.61
2009,3,21,-18.175,147.425,2.25414364640884,27.75
2009,3,22,-18.175,147.425,2.2320441988950277,27.53
2009,3,23,-18.175,147.425,2.2099447513812156,27.56
2009,3,24,-18.175,147.425,2.1878453038674035,27.44
2009,3,25,-18.175,147.425,2.165745856353591,27.41
2009,3,26,-18.175,147.425,2.143646408839779,27.44
2009,3,27,-18.175,147.425,2.1215469613259668,27.51
2009,3,28,-18.175,147.425,2.0994475138121547,27.55
2009,3,29,-18.175,147.425,2.0773480662983426,27.34
2009,3,30,-18.175,147.425,2.0552486187845305,27.51
2009,3,31,-18.175,147.425,2.0331491712707184,27.55
2009,4,1,-18.175,147.425,2.0110497237569063,27.86
2009,4,2,-18.175,147.425,1.988950276243094,27.94
2009,4,3,-18.175,147.425,1.9668508287292819,27.78
2009,4,4,-18.175,147.425,1.9447513812154695,27.64
2009,4,5,-18.175,147.425,1.9226519337016574,27.71
2009,4,6,-18.175,147.425,1.9005524861878453,27.47
2009,4,7,-18.175,147.425,1.8784530386740332,27.49
2009,4,8,-18.175,147.425,1.856353591160221,27.59
2009,4,9,-18.175,147.425,1.8342541436464088,27.82
2009,4,10,-18.175,147.425,1.8121546961325967,27.83
2009,4,11,-18.175,147.425,1.7900552486187846,27.86
2009,4,12,-18.175,147.425,1.7679558011049723,27.77
2009,4,13,-18.175,147.425,1.7458563535911602,27.87
2009,4,14,-18.175,147.425,1.723756906077348,27.97
2009,4,15,-18.175,147.425,1.701657458563536,28.24
2009,4,16,-18.175,147.425,1.6795580110497237,27.96
2009,4,17,-18.175,147.425,1.6574585635359116,27.78
2009,4,18,-18.175,147.425,1.6353591160220995,27.86
2009,4,19,-18.175,147.425,1.6132596685082874,27.38
2009,4,20,-18.175,147.425,1.591160220994475,27.41
2009,4,21,-18.175,147.425,1.569060773480663,28.05
2009,4,22,-18.175,147.425,1.5469613259668509,27.81
2009,4,23,-18.175,147.425,1.5248618784530388,27.58
2009,4,24,-18.175,147.425,1.5027624309392265,27.6
2009,4,25,-18.175,147.425,1.4806629834254144,27.53
2009,4,26,-18.175,147.425,1.4585635359116023,27.77
2009,4,27,-18.175,147.425,1.4364640883977902,27.68
2009,4,28,-18.175,147.425,1.4143646408839778,27.35
2009,4,29,-18.175,147.425,1.3922651933701657,27.55
2009,4,30,-18.175,147.425,1.3701657458563536,27.52
2009,5,1,-18.175,147.425,1.3480662983425415,27.53
2009,5,2,-18.175,147.425,1.3259668508287292,27.26
2009,5,3,-18.175,147.425,1.3038674033149171,27.2
2009,5,4,-18.175,147.425,1.281767955801105,26.76
2009,5,5,-18.175,147.425,1.2596685082872927,26.68
2009,5,6,-18.175,147.425,1.2375690607734806,26.76
2009,5,7,-18.175,147.425,1.2154696132596685,26.82
2009,5,8,-18.175,147.425,1.1933701657458564,26.73
2009,5,9,-18.175,147.425,1.171270718232044,26.76
2009,5,10,-18.175,147.425,1.149171270718232,26.72
2009,5,11,-18.175,147.425,1.12707182320442,26.32
2009,5,12,-18.175,147.425,1.1049723756906078,26.24
2009,5,13,-18.175,147.425,1.0828729281767955,26.55
2009,5,14,-18.175,147.425,1.0607734806629834,26.34
2009,5,15,-18.175,147.425,1.0386740331491713,26.78
2009,5,16,-18.175,147.425,1.0165745856353592,26.81
2009,5,17,-18.175,147.425,0.994475138121547,26.99
2009,5,18,-18.175,147.425,0.9723756906077348,26.44
2009,5,19,-18.175,147.425,0.9502762430939227,26.16
2009,5,20,-18.175,147.425,0.9281767955801105,26.44
2009,5,21,-18.175,147.425,0.9060773480662984,26.29
2009,5,22,-18.175,147.425,0.8839779005524862,26.12
2009,5,23,-18.175,147.425,0.861878453038674,26.3
2009,5,24,-18.175,147.425,0.8397790055248618,26.28
2009,5,25,-18.175,147.425,0.8176795580110497,26.13
2009,5,26,-18.175,147.425,0.7955801104972375,26.03
2009,5,27,-18.175,147.425,0.7734806629834254,26.13
2009,5,28,-18.175,147.425,0.7513812154696132,26.28
2009,5,29,-18.175,147.425,0.7292817679558011,26.57
2009,5,30,-18.175,147.425,0.7071823204419889,26.25
2009,5,31,-18.175,147.425,0.6850828729281768,25.84
2009,6,1,-18.175,147.425,0.6629834254143646,25.96
2009,6,2,-18.175,147.425,0.6408839779005525,25.52
2009,6,3,-18.175,147.425,0.6187845303867403,25.96
2009,6,4,-18.175,147.425,0.5966850828729282,25.81
2009,6,5,-18.175,147.425,0.574585635359116,25.84
2009,6,6,-18.175,147.425,0.5524861878453039,25.85
2009,6,7,-18.175,147.425,0.5303867403314917,25.92
2009,6,8,-18.175,147.425,0.5082872928176796,25.83
2009,6,9,-18.175,147.425,0.4861878453038674,25.4
2009,6,10,-18.175,147.425,0.46408839779005523,25.8
2009,6,11,-18.175,147.425,0.4419889502762431,25.9
2009,6,12,-18.175,147.425,0.4198895027624309,25.68
2009,6,13,-18.175,147.425,0.39779005524861877,25.64
2009,6,14,-18.175,147.425,0.3756906077348066,25.61
2009,6,15,-18.175,147.425,0.35359116022099446,25.83
2009,6,16,-18.175,147.425,0.3314917127071823,25.96
2009,6,17,-18.175,147.425,0.30939226519337015,25.66
2009,6,18,-18.175,147.425,0.287292817679558,25.5
2009,6,19,-18.175,147.425,0.26519337016574585,25.6
2009,6,20,-18.175,147.425,0.2430939226519337,25.42
2009,6,21,-18.175,147.425,0.22099447513812154,25.08
2009,6,22,-18.175,147.425,0.19889502762430938,25.46
2009,6,23,-18.175,147.425,0.17679558011049723,25.47
2009,6,24,-18.175,147.425,0.15469613259668508,25.42
2009,6,25,-18.175,147.425,0.13259668508287292,25.65
2009,6,26,-18.175,147.425,0.11049723756906077,25.6
2009,6,27,-18.175,147.425,0.08839779005524862,25.89
2009,6,28,-18.175,147.425,0.06629834254143646,25.61
2009,6,29,-18.175,147.425,0.04419889502762431,25.66
2009,6,30,-18.175,147.425,0.022099447513812154,25.79
2009,7,1,-18.175,147.425,0.0,25.41
2009,7,2,-18.175,147.425,0.0,26.02
2009,7,3,-18.175,147.425,0.0,26.0
2009,7,4,-18.175,147.425,0.022099447513812154,25.63
2009,7,5,-18.175,147.425,0.04419889502762431,25.75
2009,7,6,-18.175,147.425,0.06629834254143646,25.83
2009,7,7,-18.175,147.425,0.08839779005524862,25.59
2009,7,8,-18.175,147.425,0.11049723756906077,25.48
2009,7,9,-18.175,147.425,0.13259668508287292,25.67
2009,7,10,-18.175,147.425,0.15469613259668508,25.85
2009,7,11,-18.175,147.425,0.17679558011049723,25.5
2009,7,12,-18.175,147.425,0.19889502762430938,25.66
2009,7,13,-18.175,147.425,0.22099447513812154,25.63
2009,7,14,-18.175,147.425,0.2430939226519337,25.28
2009,7,15,-18.175,147.425,0.26519337016574585,25.58
2009,7,16,-18.175,147.425,0.287292817679558,25.64
2009,7,17,-18.175,147.425,0.30939226519337015,25.57
2009,7,18,-18.175,147.425,0.3314917127071823,25.42
2009,7,19,-18.175,147.425,0.35359116022099446,25.31
2009,7,20,-18.175,147.425,0.3756906077348066,25.44
2009,7,21,-18.175,147.425,0.39779005524861877,25.4
2009,7,22,-18.175,147.425,0.4198895027624309,25.51
2009,7,23,-18.175,147.425,0.4419889502762431,25.49
2009,7,24,-18.175,147.425,0.46408839779005523,25.69
2009,7,25,-18.175,147.425,0.4861878453038674,25.42
2009,7,26,-18.175,147.425,0.5082872928176796,25.29
2009,7,27,-18.175,147.425,0.5303867403314917,25.5
2009,7,28,-18.175,147.425,0.5524861878453039,25.43
2009,7,29,-18.175,147.425,0.574585635359116,25.1
2009,7,30,-18.175,147.425,0.5966850828729282,24.74
2009,7,31,-18.175,147.425,0.6187845303867403,24.71
2009,8,1,-18.175,147.425,0.6408839779005525,24.76
2009,8,2,-18.175,147.425,0.6629834254143646,24.67
2009,8,3,-18.175,147.425,0.6850828729281768,24.77
2009,8,4,-18.175,147.425,0.7071823204419889,24.89
2009,8,5,-18.175,147.425,0.7292817679558011,24.88
2009,8,6,-18.175,147.425,0.7513812154696132,25.01
2009,8,7,-18.175,147.425,0.7734806629834254,24.85
2009,8,8,-18.175,147.425,0.7955801104972375,24.86
2009,8,9,-18.175,147.425,0.8176795580110497,24.77
2009,8,10,-18.175,147.425,0.8397790055248618,24.68
2009,8,11,-18.175,147.425,0.861878453038674,24.76
2009,8,12,-18.175,147.425,0.8839779005524862,24.62
2009,8,13,-18.175,147.425,0.9060773480662984,24.69
2009,8,14,-18.175,147.425,0.9281767955801105,25.02
2009,8,15,-18.175,147.425,0.9502762430939227,25.06
2009,8,16,-18.175,147.425,0.9723756906077348,25.13
2009,8,17,-18.175,147.425,0.994475138121547,25.0
2009,8,18,-18.175,147.425,1.0165745856353592,24.77
2009,8,19,-18.175,147.425,1.0386740331491713,24.87
2009,8,20,-18.175,147.425,1.0607734806629834,24.92
2009,8,21,-18.175,147.425,1.0828729281767955,24.88
2009,8,22,-18.175,147.425,1.1049723756906078,24.86
2009,8,23,-18.175,147.425,1.12707182320442,24.99
2009,8,24,-18.175,147.425,1.149171270718232,25.08
2009,8,25,-18.175,147.425,1.171270718232044,25.18
2009,8,26,-18.175,147.425,1.1933701657458564,25.25
2009,8,27,-18.175,147.425,1.2154696132596685,25.2
2009,8,28,-18.175,147.425,1.2375690607734806,25.2
2009,8,29,-18.175,147.425,1.2596685082872927,25.25
2009,8,30,-18.175,147.425,1.281767955801105,25.41
2009,8,31,-18.175,147.425,1.3038674033149171,25.51
2009,9,1,-18.175,147.425,1.3259668508287292,25.46
2009,9,2,-18.175,147.425,1.3480662983425415,25.3
2009,9,3,-18.175,147.425,1.3701657458563536,25.26
2009,9,4,-18.175,147.425,1.3922651933701657,25.48
2009,9,5,-18.175,147.425,1.4143646408839778,25.76
2009,9,6,-18.175,147.425,1.4364640883977902,25.88
2009,9,7,-18.175,147.425,1.4585635359116023,25.5
2009,9,8,-18.175,147.425,1.4806629834254144,25.6
2009,9,9,-18.175,147.425,1.5027624309392265,25.53
2009,9,10,-18.175,147.425,1.5248618784530388,25.85
2009,9,11,-18.175,147.425,1.5469613259668509,25.84
2009,9,12,-18.175,147.425,1.569060773480663,25.79
2009,9,13,-18.175,147.425,1.591160220994475,25.71
2009,9,14,-18.175,147.425,1.6132596685082874,25.74
2009,9,15,-18.175,147.425,1.6353591160220995,25.82
2009,9,16,-18.175,147.425,1.6574585635359116,25.64
2009,9,17,-18.175,147.425,1.6795580110497237,25.75
2009,9,18,-18.175,147.425,1.701657458563536,25.89
2009,9,19,-18.175,147.425,1.723756906077348,25.78
2009,9,20,-18.175,147.425,1.7458563535911602,25.79
2009,9,21,-18.175,147.425,1.7679558011049723,25.75
2009,9,22,-18.175,147.425,1.7900552486187846,25.76
2009,9,23,-18.175,147.425,1.8121546961325967,25.7
2009,9,24,-18.175,147.425,1.8342541436464088,25.04
2009,9,25,-18.175,147.425,1.856353591160221,25.2
2009,9,26,-18.175,147.425,1.8784530386740332,25.72
2009,9,27,-18.175,147.425,1.9005524861878453,25.43
2009,9,28,-18.175,147.425,1.9226519337016574,25.36
2009,9,29,-18.175,147.425,1.9447513812154695,25.79
2009,9,30,-18.175,147.425,1.9668508287292819,25.9
2009,10,1,-18.175,147.425,1.988950276243094,25.94
2009,10,2,-18.175,147.425,2.0110497237569063,26.34
2009,10,3,-18.175,147.425,2.0331491712707184,25.96
2009,10,4,-18.175,147.425,2.0552486187845305,26.32
2009,10,5,-18.175,147.425,2.0773480662983426,26.42
2009,10,6,-18.175,147.425,2.0994475138121547,26.14
2009,10,7,-18.175,147.425,2.1215469613259668,26.27
2009,10,8,-18.175,147.425,2.143646408839779,25.94
2009,10,9,-18.175,147.425,2.165745856353591,26.14
2009,10,10,-18.175,147.425,2.1878453038674035,26.21
2009,10,11,-18.175,147.425,2.2099447513812156,25.87
2009,10,12,-18.175,147.425,2.2320441988950277,26.13
2009,10,13,-18.175,147.425,2.25414364640884,26.36
2009,10,14,-18.175,147.425,2.276243093922652,26.47
2009,10,15,-18.175,147.425,2.298342541436464,26.85
2009,10,16,-18.175,147.425,2.320441988950276,26.96
2009,10,17,-18.175,147.425,2.342541436464088,26.57
2009,10,18,-18.175,147.425,2.3646408839779007,26.33
2009,10,19,-18.175,147.425,2.386740331491713,26.36
2009,10,20,-18.175,147.425,2.408839779005525,26.29
2009,10,21,-18.175,147.425,2.430939226519337,26.25
2009,10,22,-18.175,147.425,2.453038674033149,26.56
2009,10,23,-18.175,147.425,2.4751381215469612,26.53
2009,10,24,-18.175,147.425,2.4972375690607733,26.44
2009,10,25,-18.175,147.425,2.5193370165745854,26.38
2009,10,26,-18.175,147.425,2.541436464088398,26.46
2009,10,27,-18.175,147.425,2.56353591160221,26.24
2009,10,28,-18.175,147.425,2.585635359116022,26.36
2009,10,29,-18.175,147.425,2.6077348066298343,26.32
2009,10,30,-18.175,147.425,2.6298342541436464,26.27
2009,10,31,-18.175,147.425,2.6519337016574585,26.16
2009,11,1,-18.175,147.425,2.6740331491712706,26.19
2009,11,2,-18.175,147.425,2.696132596685083,26.23
2009,11,3,-18.175,147.425,2.718232044198895,26.31
2009,11,4,-18.175,147.425,2.7403314917127073,26.28
2009,11,5,-18.175,147.425,2.7624309392265194,26.55
2009,11,6,-18.175,147.425,2.7845303867403315,26.27
2009,11,7,-18.175,147.425,2.8066298342541436,26.38
2009,11,8,-18.175,147.425,2.8287292817679557,26.35
2009,11,9,-18.175,147.425,2.850828729281768,26.33
2009,11,10,-18.175,147.425,2.8729281767955803,26.36
2009,11,11,-18.175,147.425,2.8950276243093924,26.28
2009,11,12,-18.175,147.425,2.9171270718232045,26.37
2009,11,13,-18.175,147.425,2.9392265193370166,26.14
2009,11,14,-18.175,147.425,2.9613259668508287,26.15
2009,11,15,-18.175,147.425,2.983425414364641,26.39
2009,11,16,-18.175,147.425,3.005524861878453,26.47
2009,11,17,-18.175,147.425,3.027624309392265,26.64
2009,11,18,-18.175,147.425,3.0497237569060776,26.7
2009,11,19,-18.175,147.425,3.0718232044198897,26.62
2009,11,20,-18.175,147.425,3.0939226519337018,26.61
2009,11,21,-18.175,147.425,3.116022099447514,26.72
2009,11,22,-18.175,147.425,3.138121546961326,26.85
2009,11,23,-18.175,147.425,3.160220994475138,27.0
2009,11,24,-18.175,147.425,3.18232044198895,27.04
2009,11,25,-18.175,147.425,3.2044198895027622,26.83
2009,11,26,-18.175,147.425,3.226519337016575,26.9
2009,11,27,-18.175,147.425,3.248618784530387,27.11
2009,11,28,-18.175,147.425,3.270718232044199,27.42
2009,11,29,-18.175,147.425,3.292817679558011,27.35
2009,11,30,-18.175,147.425,3.314917127071823,27.32
2009,12,1,-18.175,147.425,3.3370165745856353,27.21
2009,12,2,-18.175,147.425,3.3591160220994474,27.85
2009,12,3,-18.175,147.425,3.3812154696132595,27.64
2009,12,4,-18.175,147.425,3.403314917127072,27.64
2009,12,5,-18.175,147.425,3.425414364640884,27.55
2009,12,6,-18.175,147.425,3.447513812154696,27.6
2009,12,7,-18.175,147.425,3.4696132596685083,27.7
2009,12,8,-18.175,147.425,3.4917127071823204,27.66
2009,12,9,-18.175,147.425,3.5138121546961325,27.76
2009,12,10,-18.175,147.425,3.5359116022099446,27.82
2009,12,11,-18.175,147.425,3.5580110497237567,27.86
2009,12,12,-18.175,147.425,3.5801104972375692,27.68
2009,12,13,-18.175,147.425,3.6022099447513813,27.79
2009,12,14,-18.175,147.425,3.6243093922651934,27.75
2009,12,15,-18.175,147.425,3.6464088397790055,27.61
2009,12,16,-18.175,147.425,3.6685082872928176,27.7
2009,12,17,-18.175,147.425,3.6906077348066297,27.65
2009,12,18,-18.175,147.425,3.712707182320442,27.87
2009,12,19,-18.175,147.425,3.734806629834254,28.15
2009,12,20,-18.175,147.425,3.7569060773480665,28.17
2009,12,21,-18.175,147.425,3.7790055248618786,28.29
2009,12,22,-18.175,147.425,3.8011049723756907,28.7
2009,12,23,-18.175,147.425,3.8232044198895028,28.56
2009,12,24,-18.175,147.425,3.845303867403315,28.66
2009,12,25,-18.175,147.425,3.867403314917127,28.7
2009,12,26,-18.175,147.425,3.889502762430939,28.88
2009,12,27,-18.175,147.425,3.911602209944751,28.9
2009,12,28,-18.175,147.425,3.9337016574585637,28.98
2009,12,29,-18.175,147.425,3.955801104972376,28.96
2009,12,30,-18.175,147.425,3.977900552486188,28.78
2009,12,31,-18.175,147.425,4.0,28.84
2010,1,1,-18.175,147.425,4.0,28.74
2010,1,2,-18.175,147.425,3.977900552486188,28.66
2010,1,3,-18.175,147.425,3.955801104972376,28.71
2010,1,4,-18.175,147.425,3.9337016574585637,28.82
2010,1,5,-18.175,147.425,3.911602209944751,28.72
2010,1,6,-18.175,147.425,3.889502762430939,28.81
2010,1,7,-18.175,147.425,3.867403314917127,29.09
2010,1,8,-18.175,147.425,3.845303867403315,29.18
2010,1,9,-18.175,147.425,3.8232044198895028,28.54
2010,1,10,-18.175,147.425,3.8011049723756907,28.48
2010,1,11,-18.175,147.425,3.7790055248618786,28.62
2010,1,12,-18.175,147.425,3.7569060773480665,29.04
2010,1,13,-18.175,147.425,3.734806629834254,29.07
2010,1,14,-18.175,147.425,3.712707182320442,28.99
2010,1,15,-18.175,147.425,3.6906077348066297,29.25
2010,1,16,-18.175,147.425,3.6685082872928176,29.1
2010,1,17,-18.175,147.425,3.6464088397790055,29.04
2010,1,18,-18.175,147.425,3.6243093922651934,29.22
2010,1,19,-18.175,147.425,3.6022099447513813,29.14
2010,1,20,-18.175,147.425,3.5801104972375692,29.59
2010,1,21,-18.175,147.425,3.5580110497237567,28.78
2010,1,22,-18.175,147.425,3.5359116022099446,28.42
2010,1,23,-18.175,147.425,3.5138121546961325,28.37
2010,1,24,-18.175,147.425,3.4917127071823204,28.41
2010,1,25,-18.175,147.425,3.4696132596685083,28.34
2010,1,26,-18.175,147.425,3.447513812154696,28.4
2010,1,27,-18.175,147.425,3.425414364640884,28.58
2010,1,28,-18.175,147.425,3.403314917127072,28.58
2010,1,29,-18.175,147.425,3.3812154696132595,28.79
2010,1,30,-18.175,147.425,3.3591160220994474,28.52
2010,1,31,-18.175,147.425,3.3370165745856353,28.17
2010,2,1,-18.175,147.425,3.314917127071823,28.38
2010,2,2,-18.175,147.425,3.292817679558011,28.76
2010,2,3,-18.175,147.425,3.270718232044199,29.29
2010,2,4,-18.175,147.425,3.248618784530387,29.27
2010,2,5,-18.175,147.425,3.226519337016575,29.34
2010,2,6,-18.175,147.425,3.2044198895027622,29.41
2010,2,7,-18.175,147.425,3.18232044198895,29.35
2010,2,8,-18.175,147.425,3.160220994475138,29.29
2010,2,9,-18.175,147.425,3.138121546961326,29.02
2010,2,10,-18.175,147.425,3.116022099447514,28.85
2010,2,11,-18.175,147.425,3.0939226519337018,28.71
2010,2,12,-18.175,147.425,3.0718232044198897,28.74
2010,2,13,-18.175,147.425,3.0497237569060776,28.77
2010,2,14,-18.175,147.425,3.027624309392265,28.79
2010,2,15,-18.175,147.425,3.005524861878453,28.85
2010,2,16,-18.175,147.425,2.983425414364641,29.01
2010,2,17,-18.175,147.425,2.9613259668508287,29.24
2010,2,18,-18.175,147.425,2.9392265193370166,29.54
2010,2,19,-18.175,147.425,2.9171270718232045,28.49
2010,2,20,-18.175,147.425,2.8950276243093924,28.7
2010,2,21,-18.175,147.425,2.8729281767955803,28.82
2010,2,22,-18.175,147.425,2.850828729281768,28.62
2010,2,23,-18.175,147.425,2.8287292817679557,28.86
2010,2,24,-18.175,147.425,2.8066298342541436,29.14
2010,2,25,-18.175,147.425,2.7845303867403315,29.12
2010,2,26,-18.175,147.425,2.7624309392265194,28.96
2010,2,27,-18.175,147.425,2.7403314917127073,29.11
2010,2,28,-18.175,147.425,2.718232044198895,28.99
2010,3,1,-18.175,147.425,2.696132596685083,29.21
2010,3,2,-18.175,147.425,2.6740331491712706,29.05
2010,3,3,-18.175,147.425,2.6519337016574585,29.45
2010,3,4,-18.175,147.425,2.6298342541436464,29.79
2010,3,5,-18.175,147.425,2.6077348066298343,29.66
2010,3,6,-18.175,147.425,2.585635359116022,30.04
2010,3,7,-18.175,147.425,2.56353591160221,30.24
2010,3,8,-18.175,147.425,2.541436464088398,30.21
2010,3,9,-18.175,147.425,2.5193370165745854,29.7
2010,3,10,-18.175,147.425,2.4972375690607733,29.59
2010,3,11,-18.175,147.425,2.4751381215469612,29.49
2010,3,12,-18.175,147.425,2.453038674033149,29.07
2010,3,13,-18.175,147.425,2.430939226519337,28.84
2010,3,14,-18.175,147.425,2.408839779005525,28.52
2010,3,15,-18.175,147.425,2.386740331491713,28.33
2010,3,16,-18.175,147.425,2.3646408839779007,28.1
2010,3,17,-18.175,147.425,2.342541436464088,28.26
2010,3,18,-18.175,147.425,2.320441988950276,28.17
2010,3,19,-18.175,147.425,2.298342541436464,28.05
2010,3,20,-18.175,147.425,2.276243093922652,28.28
2010,3,21,-18.175,147.425,2.25414364640884,27.73
2010,3,22,-18.175,147.425,2.2320441988950277,28.11
2010,3,23,-18.175,147.425,2.2099447513812156,28.23
2010,3,24,-18.175,147.425,2.1878453038674035,28.09
2010,3,25,-18.175,147.425,2.165745856353591,28.13
2010,3,26,-18.175,147.425,2.143646408839779,28.19
2010,3,27,-18.175,147.425,2.1215469613259668,28.19
2010,3,28,-18.175,147.425,2.0994475138121547,27.91
2010,3,29,-18.175,147.425,2.0773480662983426,27.98
2010,3,30,-18.175,147.425,2.0552486187845305,28.12
2010,3,31,-18.175,147.425,2.0331491712707184,28.15
2010,4,1,-18.175,147.425,2.0110497237569063,28.06
2010,4,2,-18.175,147.425,1.988950276243094,28.19
2010,4,3,-18.175,147.425,1.9668508287292819,28.12
2010,4,4,-18.175,147.425,1.9447513812154695,27.17
2010,4,5,-18.175,147.425,1.9226519337016574,27.61
2010,4,6,-18.175,147.425,1.9005524861878453,27.76
2010,4,7,-18.175,147.425,1.8784530386740332,27.94
2010,4,8,-18.175,147.425,1.856353591160221,27.91
2010,4,9,-18.175,147.425,1.8342541436464088,28.21
2010,4,10,-18.175,147.425,1.8121546961325967,27.98
2010,4,11,-18.175,147.425,1.7900552486187846,28.01
2010,4,12,-18.175,147.425,1.7679558011049723,28.18
2010,4,13,-18.175,147.425,1.7458563535911602,27.95
2010,4,14,-18.175,147.425,1.723756906077348,27.79
2010,4,15,-18.175,147.425,1.701657458563536,27.78
2010,4,16,-18.175,147.425,1.6795580110497237,27.8
2010,4,17,-18.175,147.425,1.6574585635359116,27.81
2010,4,18,-18.175,147.425,1.6353591160220995,27.81
2010,4,19,-18.175,147.425,1.6132596685082874,27.42
2010,4,20,-18.175,147.425,1.591160220994475,27.44
2010,4,21,-18.175,147.425,1.569060773480663,27.57
2010,4,22,-18.175,147.425,1.5469613259668509,27.52
2010,4,23,-18.175,147.425,1.5248618784530388,26.97
2010,4,24,-18.175,147.425,1.5027624309392265,27.2
2010,4,25,-18.175,147.425,1.4806629834254144,27.25
2010,4,26,-18.175,147.425,1.4585635359116023,27.42
2010,4,27,-18.175,147.425,1.4364640883977902,27.39
2010,4,28,-18.175,147.425,1.4143646408839778,27.54
2010,4,29,-18.175,147.425,1.3922651933701657,27.52
2010,4,30,-18.175,147.425,1.3701657458563536,27.42
2010,5,1,-18.175,147.425,1.3480662983425415,27.15
2010,5,2,-18.175,147.425,1.3259668508287292,27.15
2010,5,3,-18.175,147.425,1.3038674033149171,27.13
2010,5,4,-18.175,147.425,1.281767955801105,27.11
2010,5,5,-18.175,147.425,1.2596685082872927,27.38
2010,5,6,-18.175,147.425,1.2375690607734806,27.5
2010,5,7,-18.175,147.425,1.2154696132596685,27.31
2010,5,8,-18.175,147.425,1.1933701657458564,26.81
2010,5,9,-18.175,147.425,1.171270718232044,26.97
2010,5,10,-18.175,147.425,1.149171270718232,27.12
2010,5,11,-18.175,147.425,1.12707182320442,27.22
2010,5,12,-18.175,147.425,1.1049723756906078,27.11
2010,5,13,-18.175,147.425,1.0828729281767955,27.11
2010,5,14,-18.175,147.425,1.0607734806629834,27.01
2010,5,15,-18.175,147.425,1.0386740331491713,26.95
2010,5,16,-18.175,147.425,1.0165745856353592,26.85
2010,5,17,-18.175,147.425,0.994475138121547,26.76
2010,5,18,-18.175,147.425,0.9723756906077348,26.57
2010,5,19,-18.175,147.425,0.9502762430939227,26.46
2010,5,20,-18.175,147.425,0.9281767955801105,26.5
2010,5,21,-18.175,147.425,0.9060773480662984,26.44
2010,5,22,-18.175,147.425,0.8839779005524862,26.28
2010,5,23,-18.175,147.425,0.861878453038674,26.18
2010,5,24,-18.175,147.425,0.8397790055248618,26.09
2010,5,25,-18.175,147.425,0.8176795580110497,26.64
2010,5,26,-18.175,147.425,0.7955801104972375,26.54
2010,5,27,-18.175,147.425,0.7734806629834254,26.26
2010,5,28,-18.175,147.425,0.7513812154696132,26.4
2010,5,29,-18.175,147.425,0.7292817679558011,26.77
2010,5,30,-18.175,147.425,0.7071823204419889,26.8
2010,5,31,-18.175,147.425,0.6850828729281768,26.62
2010,6,1,-18.175,147.425,0.6629834254143646,26.56
2010,6,2,-18.175,147.425,0.6408839779005525,26.46
2010,6,3,-18.175,147.425,0.6187845303867403,26.48
2010,6,4,-18.175,147.425,0.5966850828729282,26.32
2010,6,5,-18.175,147.425,0.574585635359116,26.55
2010,6,6,-18.175,147.425,0.5524861878453039,26.65
2010,6,7,-18.175,147.425,0.5303867403314917,26.26
2010,6,8,-18.175,147.425,0.5082872928176796,26.28
2010,6,9,-18.175,147.425,0.4861878453038674,26.08
2010,6,10,-18.175,147.425,0.46408839779005523,26.3
2010,6,11,-18.175,147.425,0.4419889502762431,26.1
2010,6,12,-18.175,147.425,0.4198895027624309,26.13
2010,6,13,-18.175,147.425,0.39779005524861877,26.02
2010,6,14,-18.175,147.425,0.3756906077348066,26.07
2010,6,15,-18.175,147.425,0.35359116022099446,25.79
2010,6,16,-18.175,147.425,0.3314917127071823,25.68
2010,6,17,-18.175,147.425,0.30939226519337015,25.78
2010,6,18,-18.175,147.425,0.287292817679558,25.63
2010,6,19,-18.175,147.425,0.26519337016574585,25.6
2010,6,20,-18.175,147.425,0.2430939226519337,25.74
2010,6,21,-18.175,147.425,0.22099447513812154,25.42
2010,6,22,-18.175,147.425,0.19889502762430938,25.61
2010,6,23,-18.175,147.425,0.17679558011049723,25.57
2010,6,24,-18.175,147.425,0.15469613259668508,25.54
2010,6,25,-18.175,147.425,0.13259668508287292,25.45
2010,6,26,-18.175,147.425,0.11049723756906077,25.77
2010,6,27,-18.175,147.425,0.08839779005524862,25.66
2010,6,28,-18.175,147.425,0.06629834254143646,25.58
2010,6,29,-18.175,147.425,0.04419889502762431,25.54
2010,6,30,-18.175,147.425,0.022099447513812154,25.17
2010,7,1,-18.175,147.425,0.0,25.6
2010,7,2,-18.175,147.425,0.0,25.22
2010,7,3,-18.175,147.425,0.0,25.2
2010,7,4,-18.175,147.425,0.022099447513812154,25.0
2010,7,5,-18.175,147.425,0.04419889502762431,25.29
2010,7,6,-18.175,147.425,0.06629834254143646,25.59
2010,7,7,-18.175,147.425,0.08839779005524862,25.64
2010,7,8,-18.175,147.425,0.11049723756906077,25.33
2010,7,9,-18.175,147.425,0.13259668508287292,25.31
2010,7,10,-18.175,147.425,0.15469613259668508,25.27
2010,7,11,-18.175,147.425,0.17679558011049723,25.23
2010,7,12,-18.175,147.425,0.19889502762430938,25.47
2010,7,13,-18.175,147.425,0.22099447513812154,25.58
2010,7,14,-18.175,147.425,0.2430939226519337,25.59
2010,7,15,-18.175,147.425,0.26519337016574585,25.7
2010,7,16,-18.175,147.425,0.287292817679558,25.5
2010,7,17,-18.175,147.425,0.30939226519337015,25.67
2010,7,18,-18.175,147.425,0.3314917127071823,25.38
2010,7,19,-18.175,147.425,0.35359116022099446,25.75
2010,7,20,-18.175,147.425,0.3756906077348066,25.61
2010,7,21,-18.175,147.425,0.39779005524861877,25.4
2010,7,22,-18.175,147.425,0.4198895027624309,25.36
2010,7,23,-18.175,147.425,0.4419889502762431,25.14
2010,7,24,-18.175,147.425,0.46408839779005523,25.62
2010,7,25,-18.175,147.425,0.4861878453038674,25.39
2010,7,26,-18.175,147.425,0.5082872928176796,25.32
2010,7,27,-18.175,147.425,0.5303867403314917,25.17
2010,7,28,-18.175,147.425,0.5524861878453039,25.09
2010,7,29,-18.175,147.425,0.574585635359116,25.12
2010,7,30,-18.175,147.425,0.5966850828729282,25.54
2010,7,31,-18.175,147.425,0.6187845303867403,25.75
2010,8,1,-18.175,147.425,0.6408839779005525,25.47
2010,8,2,-18.175,147.425,0.6629834254143646,25.59
2010,8,3,-18.175,147.425,0.6850828729281768,25.82
2010,8,4,-18.175,147.425,0.7071823204419889,25.51
2010,8,5,-18.175,147.425,0.7292817679558011,25.35
2010,8,6,-18.175,147.425,0.7513812154696132,25.42
2010,8,7,-18.175,147.425,0.7734806629834254,25.29
2010,8,8,-18.175,147.425,0.7955801104972375,25.29
2010,8,9,-18.175,147.425,0.8176795580110497,25.13
2010,8,10,-18.175,147.425,0.8397790055248618,25.22
2010,8,11,-18.175,147.425,0.861878453038674,25.21
2010,8,12,-18.175,147.425,0.8839779005524862,25.29
2010,8,13,-18.175,147.425,0.9060773480662984,25.0
2010,8,14,-18.175,147.425,0.9281767955801105,24.86
2010,8,15,-18.175,147.425,0.9502762430939227,25.49
2010,8,16,-18.175,147.425,0.9723756906077348,25.58
2010,8,17,-18.175,147.425,0.994475138121547,25.25
2010,8,18,-18.175,147.425,1.0165745856353592,25.29
2010,8,19,-18.175,147.425,1.0386740331491713,25.22
2010,8,20,-18.175,147.425,1.0607734806629834,25.54
2010,8,21,-18.175,147.425,1.0828729281767955,25.4
2010,8,22,-18.175,147.425,1.1049723756906078,25.45
2010,8,23,-18.175,147.425,1.12707182320442,25.4
2010,8,24,-18.175,147.425,1.149171270718232,25.51
2010,8,25,-18.175,147.425,1.171270718232044,25.25
2010,8,26,-18.175,147.425,1.1933701657458564,25.58
2010,8,27,-18.175,147.425,1.2154696132596685,25.63
2010,8,28,-18.175,147.425,1.2375690607734806,25.27
2010,8,29,-18.175,147.425,1.2596685082872927,24.78
2010,8,30,-18.175,147.425,1.281767955801105,24.91
2010,8,31,-18.175,147.425,1.3038674033149171,25.34
2010,9,1,-18.175,147.425,1.3259668508287292,25.22
2010,9,2,-18.175,147.425,1.3480662983425415,24.99
2010,9,3,-18.175,147.425,1.3701657458563536,25.18
2010,9,4,-18.175,147.425,1.3922651933701657,25.5
2010,9,5,-18.175,147.425,1.4143646408839778,25.76
2010,9,6,-18.175,147.425,1.4364640883977902,25.34
2010,9,7,-18.175,147.425,1.4585635359116023,25.3
2010,9,8,-18.175,147.425,1.4806629834254144,25.59
2010,9,9,-18.175,147.425,1.5027624309392265,25.89
2010,9,10,-18.175,147.425,1.5248618784530388,26.18
2010,9,11,-18.175,147.425,1.5469613259668509,26.33
2010,9,12,-18.175,147.425,1.569060773480663,26.01
2010,9,13,-18.175,147.425,1.591160220994475,26.12
2010,9,14,-18.175,147.425,1.6132596685082874,26.46
2010,9,15,-18.175,147.425,1.6353591160220995,26.66
2010,9,16,-18.175,147.425,1.6574585635359116,26.7
2010,9,17,-18.175,147.425,1.6795580110497237,26.7
2010,9,18,-18.175,147.425,1.701657458563536,26.47
2010,9,19,-18.175,147.425,1.723756906077348,26.38
2010,9,20,-18.175,147.425,1.7458563535911602,26.3
2010,9,21,-18.175,147.425,1.7679558011049723,26.51
2010,9,22,-18.175,147.425,1.7900552486187846,26.5
2010,9,23,-18.175,147.425,1.8121546961325967,26.43
2010,9,24,-18.175,147.425,1.8342541436464088,26.52
2010,9,25,-18.175,147.425,1.856353591160221,26.59
2010,9,26,-18.175,147.425,1.8784530386740332,26.75
2010,9,27,-18.175,147.425,1.9005524861878453,26.75
2010,9,28,-18.175,147.425,1.9226519337016574,26.84
2010,9,29,-18.175,147.425,1.9447513812154695,26.89
2010,9,30,-18.175,147.425,1.9668508287292819,26.48
2010,10,1,-18.175,147.425,1.988950276243094,26.34
2010,10,2,-18.175,147.425,2.0110497237569063,26.28
2010,10,3,-18.175,147.425,2.0331491712707184,26.34
2010,10,4,-18.175,147.425,2.0552486187845305,26.67
2010,10,5,-18.175,147.425,2.0773480662983426,26.75
2010,10,6,-18.175,147.425,2.0994475138121547,26.75
2010,10,7,-18.175,147.425,2.1215469613259668,26.58
2010,10,8,-18.175,147.425,2.143646408839779,26.45
2010,10,9,-18.175,147.425,2.165745856353591,26.66
2010,10,10,-18.175,147.425,2.1878453038674035,26.54
2010,10,11,-18.175,147.425,2.2099447513812156,26.6
2010,10,12,-18.175,147.425,2.2320441988950277,26.73
2010,10,13,-18.175,147.425,2.25414364640884,26.76
2010,10,14,-18.175,147.425,2.276243093922652,26.69
2010,10,15,-18.175,147.425,2.298342541436464,26.78
2010,10,16,-18.175,147.425,2.320441988950276,26.88
2010,10,17,-18.175,147.425,2.342541436464088,26.66
2010,10,18,-18.175,147.425,2.3646408839779007,26.7
2010,10,19,-18.175,147.425,2.386740331491713,26.6
2010,10,20,-18.175,147.425,2.408839779005525,26.55
2010,10,21,-18.175,147.425,2.430939226519337,26.44
2010,10,22,-18.175,147.425,2.453038674033149,26.24
2010,10,23,-18.175,147.425,2.4751381215469612,26.52
2010,10,24,-18.175,147.425,2.4972375690607733,26.37
2010,10,25,-18.175,147.425,2.5193370165745854,26.16
2010,10,26,-18.175,147.425,2.541436464088398,26.26
2010,10,27,-18.175,147.425,2.56353591160221,26.62
2010,10,28,-18.175,147.425,2.585635359116022,26.68
2010,10,29,-18.175,147.425,2.6077348066298343,26.56
2010,10,30,-18.175,147.425,2.6298342541436464,26.52
2010,10,31,-18.175,147.425,2.6519337016574585,26.75
2010,11,1,-18.175,147.425,2.6740331491712706,27.36
2010,11,2,-18.175,147.425,2.696132596685083,27.23
2010,11,3,-18.175,147.425,2.718232044198895,26.88
2010,11,4,-18.175,147.425,2.7403314917127073,26.87
2010,11,5,-18.175,147.425,2.7624309392265194,26.63
2010,11,6,-18.175,147.425,2.7845303867403315,26.95
2010,11,7,-18.175,147.425,2.8066298342541436,26.92
2010,11,8,-18.175,147.425,2.8287292817679557,26.84
2010,11,9,-18.175,147.425,2.850828729281768,26.65
2010,11,10,-18.175,147.425,2.8729281767955803,27.11
2010,11,11,-18.175,147.425,2.8950276243093924,27.1
2010,11,12,-18.175,147.425,2.9171270718232045,27.13
2010,11,13,-18.175,147.425,2.9392265193370166,27.13
2010,11,14,-18.175,147.425,2.9613259668508287,27.2
2010,11,15,-18.175,147.425,2.983425414364641,27.17
2010,11,16,-18.175,147.425,3.005524861878453,27.11
2010,11,17,-18.175,147.425,3.027624309392265,27.37
2010,11,18,-18.175,147.425,3.0497237569060776,27.63
2010,11,19,-18.175,147.425,3.0718232044198897,27.71
2010,11,20,-18.175,147.425,3.0939226519337018,27.17
2010,11,21,-18.175,147.425,3.116022099447514,27.13
2010,11,22,-18.175,147.425,3.138121546961326,27.26
2010,11,23,-18.175,147.425,3.160220994475138,27.15
2010,11,24,-18.175,147.425,3.18232044198895,27.07
2010,11,25,-18.175,147.425,3.2044198895027622,27.09
2010,11,26,-18.175,147.425,3.226519337016575,27.09
2010,11,27,-18.175,147.425,3.248618784530387,27.18
2010,11,28,-18.175,147.425,3.270718232044199,27.34
2010,11,29,-18.175,147.425,3.292817679558011,27.64
2010,11,30,-18.175,147.425,3.314917127071823,27.89
2010,12,1,-18.175,147.425,3.3370165745856353,27.89
2010,12,2,-18.175,147.425,3.3591160220994474,27.99
2010,12,3,-18.175,147.425,3.3812154696132595,28.24
2010,12,4,-18.175,147.425,3.403314917127072,28.52
2010,12,5,-18.175,147.425,3.425414364640884,28.99
2010,12,6,-18.175,147.425,3.447513812154696,29.1
2010,12,7,-18.175,147.425,3.4696132596685083,29.32
2010,12,8,-18.175,147.425,3.4917127071823204,28.98
2010,12,9,-18.175,147.425,3.5138121546961325,29.1
2010,12,10,-18.175,147.425,3.5359116022099446,29.2
2010,12,11,-18.175,147.425,3.5580110497237567,29.3
2010,12,12,-18.175,147.425,3.5801104972375692,29.26
2010,12,13,-18.175,147.425,3.6022099447513813,29.43
2010,12,14,-18.175,147.425,3.6243093922651934,29.62
2010,12,15,-18.175,147.425,3.6464088397790055,29.57
2010,12,16,-18.175,147.425,3.6685082872928176,29.75
2010,12,17,-18.175,147.425,3.6906077348066297,29.79
2010,12,18,-18.175,147.425,3.712707182320442,29.57
2010,12,19,-18.175,147.425,3.734806629834254,29.98
2010,12,20,-18.175,147.425,3.7569060773480665,29.35
2010,12,21,-18.175,147.425,3.7790055248618786,29.55
2010,12,22,-18.175,147.425,3.8011049723756907,29.31
2010,12,23,-18.175,147.425,3.8232044198895028,29.22
2010,12,24,-18.175,147.425,3.845303867403315,29.26
2010,12,25,-18.175,147.425,3.867403314917127,29.07
2010,12,26,-18.175,147.425,3.889502762430939,28.94
2010,12,27,-18.175,147.425,3.911602209944751,28.37
2010,12,28,-18.175,147.425,3.9337016574585637,28.49
2010,12,29,-18.175,147.425,3.955801104972376,28.87
2010,12,30,-18.175,147.425,3.977900552486188,29.2
2010,12,31,-18.175,147.425,4.0,29.16
2011,1,1,-18.175,147.425,4.0,28.9
2011,1,2,-18.175,147.425,3.977900552486188,28.84
2011,1,3,-18.175,147.425,3.955801104972376,29.09
2011,1,4,-18.175,147.425,3.9337016574585637,29.06
2011,1,5,-18.175,147.425,3.911602209944751,29.07
2011,1,6,-18.175,147.425,3.889502762430939,29.44
2011,1,7,-18.175,147.425,3.867403314917127,29.41
2011,1,8,-18.175,147.425,3.845303867403315,29.63
2011,1,9,-18.175,147.425,3.8232044198895028,29.74
2011,1,10,-18.175,147.425,3.8011049723756907,29.94
2011,1,11,-18.175,147.425,3.7790055248618786,29.53
2011,1,12,-18.175,147.425,3.7569060773480665,29.56
2011,1,13,-18.175,147.425,3.734806629834254,29.47
2011,1,14,-18.175,147.425,3.712707182320442,29.3
2011,1,15,-18.175,147.425,3.6906077348066297,28.95
2011,1,16,-18.175,147.425,3.6685082872928176,29.16
2011,1,17,-18.175,147.425,3.6464088397790055,29.46
2011,1,18,-18.175,147.425,3.6243093922651934,29.52
2011,1,19,-18.175,147.425,3.6022099447513813,29.45
2011,1,20,-18.175,147.425,3.5801104972375692,29.69
2011,1,21,-18.175,147.425,3.5580110497237567,29.51
2011,1,22,-18.175,147.425,3.5359116022099446,29.4
2011,1,23,-18.175,147.425,3.5138121546961325,29.01
2011,1,24,-18.175,147.425,3.4917127071823204,29.01
2011,1,25,-18.175,147.425,3.4696132596685083,29.02
2011,1,26,-18.175,147.425,3.447513812154696,28.88
2011,1,27,-18.175,147.425,3.425414364640884,28.96
2011,1,28,-18.175,147.425,3.403314917127072,28.99
2011,1,29,-18.175,147.425,3.3812154696132595,28.84
2011,1,30,-18.175,147.425,3.3591160220994474,28.76
2011,1,31,-18.175,147.425,3.3370165745856353,28.78
2011,2,1,-18.175,147.425,3.314917127071823,28.55
2011,2,2,-18.175,147.425,3.292817679558011,28.57
2011,2,3,-18.175,147.425,3.270718232044199,27.76
2011,2,4,-18.175,147.425,3.248618784530387,27.86
2011,2,5,-18.175,147.425,3.226519337016575,27.91
2011,2,6,-18.175,147.425,3.2044198895027622,28.0
2011,2,7,-18.175,147.425,3.18232044198895,28.11
2011,2,8,-18.175,147.425,3.160220994475138,28.13
2011,2,9,-18.175,147.425,3.138121546961326,28.11
2011,2,10,-18.175,147.425,3.116022099447514,28.19
2011,2,11,-18.175,147.425,3.0939226519337018,28.25
2011,2,12,-18.175,147.425,3.0718232044198897,28.43
2011,2,13,-18.175,147.425,3.0497237569060776,28.44
2011,2,14,-18.175,147.425,3.027624309392265,28.41
2011,2,15,-18.175,147.425,3.005524861878453,28.62
2011,2,16,-18.175,147.425,2.983425414364641,28.22
2011,2,17,-18.175,147.425,2.9613259668508287,28.27
2011,2,18,-18.175,147.425,2.9392265193370166,28.48
2011,2,19,-18.175,147.425,2.9171270718232045,28.66
2011,2,20,-18.175,147.425,2.8950276243093924,28.86
2011,2,21,-18.175,147.425,2.8729281767955803,28.82
2011,2,22,-18.175,147.425,2.850828729281768,28.84
2011,2,23,-18.175,147.425,2.8287292817679557,28.64
2011,2,24,-18.175,147.425,2.8066298342541436,28.55
2011,2,25,-18.175,147.425,2.7845303867403315,28.17
2011,2,26,-18.175,147.425,2.7624309392265194,28.19
2011,2,27,-18.175,147.425,2.7403314917127073,28.42
2011,2,28,-18.175,147.425,2.718232044198895,28.3
2011,3,1,-18.175,147.425,2.696132596685083,28.33
2011,3,2,-18.175,147.425,2.6740331491712706,28.31
2011,3,3,-18.175,147.425,2.6519337016574585,28.25
2011,3,4,-18.175,147.425,2.6298342541436464,28.45
2011,3,5,-18.175,147.425,2.6077348066298343,28.39
2011,3,6,-18.175,147.425,2.585635359116022,28.25
2011,3,7,-18.175,147.425,2.56353591160221,28.64
2011,3,8,-18.175,147.425,2.541436464088398,28.46
2011,3,9,-18.175,147.425,2.5193370165745854,28.34
2011,3,10,-18.175,147.425,2.4972375690607733,28.19
2011,3,11,-18.175,147.425,2.4751381215469612,28.3
2011,3,12,-18.175,147.425,2.453038674033149,28.12
2011,3,13,-18.175,147.425,2.430939226519337,28.22
2011,3,14,-18.175,147.425,2.408839779005525,28.13
2011,3,15,-18.175,147.425,2.386740331491713,27.99
2011,3,16,-18.175,147.425,2.3646408839779007,28.0
2011,3,17,-18.175,147.425,2.342541436464088,27.93
2011,3,18,-18.175,147.425,2.320441988950276,28.28
2011,3,19,-18.175,147.425,2.298342541436464,28.22
2011,3,20,-18.175,147.425,2.276243093922652,28.45
2011,3,21,-18.175,147.425,2.25414364640884,28.38
2011,3,22,-18.175,147.425,2.2320441988950277,28.61
2011,3,23,-18.175,147.425,2.2099447513812156,28.86
2011,3,24,-18.175,147.425,2.1878453038674035,29.12
2011,3,25,-18.175,147.425,2.165745856353591,28.95
2011,3,26,-18.175,147.425,2.143646408839779,28.81
2011,3,27,-18.175,147.425,2.1215469613259668,28.53
2011,3,28,-18.175,147.425,2.0994475138121547,28.46
2011,3,29,-18.175,147.425,2.0773480662983426,28.36
2011,3,30,-18.175,147.425,2.0552486187845305,28.57
2011,3,31,-18.175,147.425,2.0331491712707184,28.57
2011,4,1,-18.175,147.425,2.0110497237569063,28.57
2011,4,2,-18.175,147.425,1.988950276243094,28.49
2011,4,3,-18.175,147.425,1.9668508287292819,28.36
2011,4,4,-18.175,147.425,1.9447513812154695,28.09
2011,4,5,-18.175,147.425,1.9226519337016574,27.24
2011,4,6,-18.175,147.425,1.9005524861878453,27.45
2011,4,7,-18.175,147.425,1.8784530386740332,27.42
2011,4,8,-18.175,147.425,1.856353591160221,27.69
2011,4,9,-18.175,147.425,1.8342541436464088,27.3
2011,4,10,-18.175,147.425,1.8121546961325967,27.17
2011,4,11,-18.175,147.425,1.7900552486187846,27.38
2011,4,12,-18.175,147.425,1.7679558011049723,27.4
2011,4,13,-18.175,147.425,1.7458563535911602,27.1
2011,4,14,-18.175,147.425,1.723756906077348,27.2
2011,4,15,-18.175,147.425,1.701657458563536,27.22
2011,4,16,-18.175,147.425,1.6795580110497237,27.04
2011,4,17,-18.175,147.425,1.6574585635359116,27.02
2011,4,18,-18.175,147.425,1.6353591160220995,26.86
2011,4,19,-18.175,147.425,1.6132596685082874,26.93
2011,4,20,-18.175,147.425,1.591160220994475,26.96
2011,4,21,-18.175,147.425,1.569060773480663,27.41
2011,4,22,-18.175,147.425,1.5469613259668509,27.06
2011,4,23,-18.175,147.425,1.5248618784530388,27.11
2011,4,24,-18.175,147.425,1.5027624309392265,27.14
2011,4,25,-18.175,147.425,1.4806629834254144,26.96
2011,4,26,-18.175,147.425,1.4585635359116023,26.99
2011,4,27,-18.175,147.425,1.4364640883977902,26.91
2011,4,28,-18.175,147.425,1.4143646408839778,26.8
2011,4,29,-18.175,147.425,1.3922651933701657,27.03
2011,4,30,-18.175,147.425,1.3701657458563536,27.28
2011,5,1,-18.175,147.425,1.3480662983425415,27.0
2011,5,2,-18.175,147.425,1.3259668508287292,27.17
2011,5,3,-18.175,147.425,1.3038674033149171,27.06
2011,5,4,-18.175,147.425,1.281767955801105,27.12
2011,5,5,-18.175,147.425,1.2596685082872927,27.0
2011,5,6,-18.175,147.425,1.2375690607734806,26.62
2011,5,7,-18.175,147.425,1.2154696132596685,26.53
2011,5,8,-18.175,147.425,1.1933701657458564,26.36
2011,5,9,-18.175,147.425,1.171270718232044,26.83
2011,5,10,-18.175,147.425,1.149171270718232,26.6
2011,5,11,-18.175,147.425,1.12707182320442,26.29
2011,5,12,-18.175,147.425,1.1049723756906078,26.14
2011,5,13,-18.175,147.425,1.0828729281767955,26.12
2011,5,14,-18.175,147.425,1.0607734806629834,26.24
2011,5,15,-18.175,147.425,1.0386740331491713,26.08
2011,5,16,-18.175,147.425,1.0165745856353592,25.89
2011,5,17,-18.175,147.425,0.994475138121547,25.89
2011,5,18,-18.175,147.425,0.9723756906077348,25.85
2011,5,19,-18.175,147.425,0.9502762430939227,25.79
2011,5,20,-18.175,147.425,0.9281767955801105,25.73
2011,5,21,-18.175,147.425,0.9060773480662984,25.43
2011,5,22,-18.175,147.425,0.8839779005524862,25.55
2011,5,23,-18.175,147.425,0.861878453038674,25.7
2011,5,24,-18.175,147.425,0.8397790055248618,25.5
2011,5,25,-18.175,147.425,0.8176795580110497,25.36
2011,5,26,-18.175,147.425,0.7955801104972375,25.12
2011,5,27,-18.175,147.425,0.7734806629834254,25.02
2011,5,28,-18.175,147.425,0.7513812154696132,24.89
2011,5,29,-18.175,147.425,0.7292817679558011,24.71
2011,5,30,-18.175,147.425,0.7071823204419889,24.97
2011,5,31,-18.175,147.425,0.6850828729281768,24.9
2011,6,1,-18.175,147.425,0.6629834254143646,24.87
2011,6,2,-18.175,147.425,0.6408839779005525,24.77
2011,6,3,-18.175,147.425,0.6187845303867403,24.82
2011,6,4,-18.175,147.425,0.5966850828729282,24.87
2011,6,5,-18.175,147.425,0.574585635359116,24.82
2011,6,6,-18.175,147.425,0.5524861878453039,24.89
2011,6,7,-18.175,147.425,0.5303867403314917,24.84
2011,6,8,-18.175,147.425,0.5082872928176796,24.91
2011,6,9,-18.175,147.425,0.4861878453038674,25.09
2011,6,10,-18.175,147.425,0.46408839779005523,24.68
2011,6,11,-18.175,147.425,0.4419889502762431,24.94
2011,6,12,-18.175,147.425,0.4198895027624309,24.84
2011,6,13,-18.175,147.425,0.39779005524861877,24.98
2011,6,14,-18.175,147.425,0.3756906077348066,24.73
2011,6,15,-18.175,147.425,0.35359116022099446,24.69
2011,6,16,-18.175,147.425,0.3314917127071823,24.7
2011,6,17,-18.175,147.425,0.30939226519337015,24.81
2011,6,18,-18.175,147.425,0.287292817679558,24.78
2011,6,19,-18.175,147.425,0.26519337016574585,24.85
2011,6,20,-18.175,147.425,0.2430939226519337,24.71
2011,6,21,-18.175,147.425,0.22099447513812154,24.78
2011,6,22,-18.175,147.425,0.19889502762430938,24.71
2011,6,23,-18.175,147.425,0.17679558011049723,24.49
2011,6,24,-18.175,147.425,0.15469613259668508,24.33
2011,6,25,-18.175,147.425,0.13259668508287292,24.24
2011,6,26,-18.175,147.425,0.11049723756906077,24.22
2011,6,27,-18.175,147.425,0.08839779005524862,23.98
2011,6,28,-18.175,147.425,0.06629834254143646,23.86
2011,6,29,-18.175,147.425,0.04419889502762431,23.91
2011,6,30,-18.175,147.425,0.022099447513812154,23.79
2011,7,1,-18.175,147.425,0.0,23.96
2011,7,2,-18.175,147.425,0.0,23.9
2011,7,3,-18.175,147.425,0.0,24.13
2011,7,4,-18.175,147.425,0.022099447513812154,23.81
2011,7,5,-18.175,147.425,0.04419889502762431,23.94
2011,7,6,-18.175,147.425,0.06629834254143646,23.98
2011,7,7,-18.175,147.425,0.08839779005524862,24.07
2011,7,8,-18.175,147.425,0.11049723756906077,23.78
2011,7,9,-18.175,147.425,0.13259668508287292,23.81
2011,7,10,-18.175,147.425,0.15469613259668508,23.84
2011,7,11,-18.175,147.425,0.17679558011049723,23.95
2011,7,12,-18.175,147.425,0.19889502762430938,23.7
2011,7,13,-18.175,147.425,0.22099447513812154,23.8
2011,7,14,-18.175,147.425,0.2430939226519337,23.68
2011,7,15,-18.175,147.425,0.26519337016574585,23.79
2011,7,16,-18.175,147.425,0.287292817679558,23.68
2011,7,17,-18.175,147.425,0.30939226519337015,23.58
2011,7,18,-18.175,147.425,0.3314917127071823,23.86
2011,7,19,-18.175,147.425,0.35359116022099446,23.85
2011,7,20,-18.175,147.425,0.3756906077348066,23.86
2011,7,21,-18.175,147.425,0.39779005524861877,23.85
2011,7,22,-18.175,147.425,0.4198895027624309,23.65
2011,7,23,-18.175,147.425,0.4419889502762431,23.57
2011,7,24,-18.175,147.425,0.46408839779005523,23.7
2011,7,25,-18.175,147.425,0.4861878453038674,23.68
2011,7,26,-18.175,147.425,0.5082872928176796,23.75
2011,7,27,-18.175,147.425,0.5303867403314917,24.11
2011,7,28,-18.175,147.425,0.5524861878453039,23.69
2011,7,29,-18.175,147.425,0.574585635359116,23.85
2011,7,30,-18.175,147.425,0.5966850828729282,23.84
2011,7,31,-18.175,147.425,0.6187845303867403,23.97
2011,8,1,-18.175,147.425,0.6408839779005525,23.83
2011,8,2,-18.175,147.425,0.6629834254143646,23.82
2011,8,3,-18.175,147.425,0.6850828729281768,23.68
2011,8,4,-18.175,147.425,0.7071823204419889,23.66
2011,8,5,-18.175,147.425,0.7292817679558011,23.83
2011,8,6,-18.175,147.425,0.7513812154696132,23.96
2011,8,7,-18.175,147.425,0.7734806629834254,23.71
2011,8,8,-18.175,147.425,0.7955801104972375,24.02
2011,8,9,-18.175,147.425,0.8176795580110497,24.39
2011,8,10,-18.175,147.425,0.8397790055248618,24.35
2011,8,11,-18.175,147.425,0.861878453038674,24.06
2011,8,12,-18.175,147.425,0.8839779005524862,23.6
2011,8,13,-18.175,147.425,0.9060773480662984,23.73
2011,8,14,-18.175,147.425,0.9281767955801105,23.84
2011,8,15,-18.175,147.425,0.9502762430939227,24.12
2011,8,16,-18.175,147.425,0.9723756906077348,24.09
2011,8,17,-18.175,147.425,0.994475138121547,24.21
2011,8,18,-18.175,147.425,1.0165745856353592,24.46
2011,8,19,-18.175,147.425,1.0386740331491713,24.34
2011,8,20,-18.175,147.425,1.0607734806629834,24.15
2011,8,21,-18.175,147.425,1.0828729281767955,24.23
2011,8,22,-18.175,147.425,1.1049723756906078,24.12
2011,8,23,-18.175,147.425,1.12707182320442,24.11
2011,8,24,-18.175,147.425,1.149171270718232,23.99
2011,8,25,-18.175,147.425,1.171270718232044,23.98
2011,8,26,-18.175,147.425,1.1933701657458564,23.97
2011,8,27,-18.175,147.425,1.2154696132596685,24.18
2011,8,28,-18.175,147.425,1.2375690607734806,24.33
2011,8,29,-18.175,147.425,1.2596685082872927,24.39
2011,8,30,-18.175,147.425,1.281767955801105,24.44
2011,8,31,-18.175,147.425,1.3038674033149171,24.27
2011,9,1,-18.175,147.425,1.3259668508287292,24.22
2011,9,2,-18.175,147.425,1.3480662983425415,24.27
2011,9,3,-18.175,147.425,1.3701657458563536,24.36
2011,9,4,-18.175,147.425,1.3922651933701657,24.38
2011,9,5,-18.175,147.425,1.4143646408839778,24.36
2011,9,6,-18.175,147.425,1.4364640883977902,24.87
2011,9,7,-18.175,147.425,1.4585635359116023,24.43
2011,9,8,-18.175,147.425,1.4806629834254144,24.68
2011,9,9,-18.175,147.425,1.5027624309392265,24.81
2011,9,10,-18.175,147.425,1.5248618784530388,23.86
2011,9,11,-18.175,147.425,1.5469613259668509,24.85
2011,9,12,-18.175,147.425,1.569060773480663,24.39
2011,9,13,-18.175,147.425,1.591160220994475,24.29
2011,9,14,-18.175,147.425,1.6132596685082874,24.12
2011,9,15,-18.175,147.425,1.6353591160220995,24.23
2011,9,16,-18.175,147.425,1.6574585635359116,24.35
2011,9,17,-18.175,147.425,1.6795580110497237,24.38
2011,9,18,-18.175,147.425,1.701657458563536,24.22
2011,9,19,-18.175,147.425,1.723756906077348,24.25
2011,9,20,-18.175,147.425,1.7458563535911602,24.47
2011,9,21,-18.175,147.425,1.7679558011049723,24.37
2011,9,22,-18.175,147.425,1.7900552486187846,24.36
2011,9,23,-18.175,147.425,1.8121546961325967,24.44
2011,9,24,-18.175,147.425,1.8342541436464088,24.55
2011,9,25,-18.175,147.425,1.856353591160221,24.55
2011,9,26,-18.175,147.425,1.8784530386740332,24.8
2011,9,27,-18.175,147.425,1.9005524861878453,24.45
2011,9,28,-18.175,147.425,1.9226519337016574,24.82
2011,9,29,-18.175,147.425,1.9447513812154695,24.84
2011,9,30,-18.175,147.425,1.9668508287292819,24.97
2011,10,1,-18.175,147.425,1.988950276243094,25.25
2011,10,2,-18.175,147.425,2.0110497237569063,25.13
2011,10,3,-18.175,147.425,2.0331491712707184,25.04
2011,10,4,-18.175,147.425,2.0552486187845305,25.06
2011,10,5,-18.175,147.425,2.0773480662983426,25.01
2011,10,6,-18.175,147.425,2.0994475138121547,25.06
2011,10,7,-18.175,147.425,2.1215469613259668,25.65
2011,10,8,-18.175,147.425,2.143646408839779,25.88
2011,10,9,-18.175,147.425,2.165745856353591,26.13
2011,10,10,-18.175,147.425,2.1878453038674035,26.19
2011,10,11,-18.175,147.425,2.2099447513812156,26.26
2011,10,12,-18.175,147.425,2.2320441988950277,26.06
2011,10,13,-18.175,147.425,2.25414364640884,26.17
2011,10,14,-18.175,147.425,2.276243093922652,26.32
2011,10,15,-18.175,147.425,2.298342541436464,26.35
2011,10,16,-18.175,147.425,2.320441988950276,26.52
2011,10,17,-18.175,147.425,2.342541436464088,26.26
2011,10,18,-18.175,147.425,2.3646408839779007,26.27
2011,10,19,-18.175,147.425,2.386740331491713,26.06
2011,10,20,-18.175,147.425,2.408839779005525,25.49
2011,10,21,-18.175,147.425,2.430939226519337,25.58
2011,10,22,-18.175,147.425,2.453038674033149,25.81
2011,10,23,-18.175,147.425,2.4751381215469612,25.81
2011,10,24,-18.175,147.425,2.4972375690607733,25.72
2011,10,25,-18.175,147.425,2.5193370165745854,26.0
2011,10,26,-18.175,147.425,2.541436464088398,26.19
2011,10,27,-18.175,147.425,2.56353591160221,26.24
2011,10,28,-18.175,147.425,2.585635359116022,26.42
2011,10,29,-18.175,147.425,2.6077348066298343,26.63
2011,10,30,-18.175,147.425,2.6298342541436464,26.85
2011,10,31,-18.175,147.425,2.6519337016574585,26.63
2011,11,1,-18.175,147.425,2.6740331491712706,26.48
2011,11,2,-18.175,147.425,2.696132596685083,26.37
2011,11,3,-18.175,147.425,2.718232044198895,26.47
2011,11,4,-18.175,147.425,2.7403314917127073,26.75
2011,11,5,-18.175,147.425,2.7624309392265194,26.58
2011,11,6,-18.175,147.425,2.7845303867403315,26.77
2011,11,7,-18.175,147.425,2.8066298342541436,26.77
2011,11,8,-18.175,147.425,2.8287292817679557,26.9
2011,11,9,-18.175,147.425,2.850828729281768,26.96
2011,11,10,-18.175,147.425,2.8729281767955803,26.95
2011,11,11,-18.175,147.425,2.8950276243093924,27.06
2011,11,12,-18.175,147.425,2.9171270718232045,26.96
2011,11,13,-18.175,147.425,2.9392265193370166,27.1
2011,11,14,-18.175,147.425,2.9613259668508287,27.17
2011,11,15,-18.175,147.425,2.983425414364641,27.1
2011,11,16,-18.175,147.425,3.005524861878453,27.05
2011,11,17,-18.175,147.425,3.027624309392265,27.1
2011,11,18,-18.175,147.425,3.0497237569060776,27.25
2011,11,19,-18.175,147.425,3.0718232044198897,27.09
2011,11,20,-18.175,147.425,3.0939226519337018,27.22
2011,11,21,-18.175,147.425,3.116022099447514,27.23
2011,11,22,-18.175,147.425,3.138121546961326,27.6
2011,11,23,-18.175,147.425,3.160220994475138,27.3
2011,11,24,-18.175,147.425,3.18232044198895,27.26
2011,11,25,-18.175,147.425,3.2044198895027622,27.59
2011,11,26,-18.175,147.425,3.226519337016575,27.74
2011,11,27,-18.175,147.425,3.248618784530387,27.86
2011,11,28,-18.175,147.425,3.270718232044199,27.87
2011,11,29,-18.175,147.425,3.292817679558011,27.88
2011,11,30,-18.175,147.425,3.314917127071823,27.96
2011,12,1,-18.175,147.425,3.3370165745856353,28.35
2011,12,2,-18.175,147.425,3.3591160220994474,28.63
2011,12,3,-18.175,147.425,3.3812154696132595,28.52
2011,12,4,-18.175,147.425,3.403314917127072,28.44
2011,12,5,-18.175,147.425,3.425414364640884,28.2
2011,12,6,-18.175,147.425,3.447513812154696,28.64
2011,12,7,-18.175,147.425,3.4696132596685083,29.07
2011,12,8,-18.175,147.425,3.4917127071823204,29.14
2011,12,9,-18.175,147.425,3.5138121546961325,29.4
2011,12,10,-18.175,147.425,3.5359116022099446,29.08
2011,12,11,-18.175,147.425,3.5580110497237567,29.06
2011,12,12,-18.175,147.425,3.5801104972375692,29.25
2011,12,13,-18.175,147.425,3.6022099447513813,29.42
2011,12,14,-18.175,147.425,3.6243093922651934,29.01
2011,12,15,-18.175,147.425,3.6464088397790055,29.0
2011,12,16,-18.175,147.425,3.6685082872928176,28.99
2011,12,17,-18.175,147.425,3.6906077348066297,28.76
2011,12,18,-18.175,147.425,3.712707182320442,28.68
2011,12,19,-18.175,147.425,3.734806629834254,28.5
2011,12,20,-18.175,147.425,3.7569060773480665,28.42
2011,12,21,-18.175,147.425,3.7790055248618786,28.62
2011,12,22,-18.175,147.425,3.8011049723756907,28.77
2011,12,23,-18.175,147.425,3.8232044198895028,28.56
2011,12,24,-18.175,147.425,3.845303867403315,28.91
2011,12,25,-18.175,147.425,3.867403314917127,29.02
2011,12,26,-18.175,147.425,3.889502762430939,29.04
2011,12,27,-18.175,147.425,3.911602209944751,29.29
2011,12,28,-18.175,147.425,3.9337016574585637,29.41
2011,12,29,-18.175,147.425,3.955801104972376,28.91
2011,12,30,-18.175,147.425,3.977900552486188,28.73
2011,12,31,-18.175,147.425,4.0,28.61
2012,1,1,-18.175,147.425,4.0,28.42
2012,1,2,-18.175,147.425,3.977900552486188,28.52
2012,1,3,-18.175,147.425,3.955801104972376,28.4
2012,1,4,-18.175,147.425,3.9337016574585637,28.29
2012,1,5,-18.175,147.425,3.911602209944751,28.27
2012,1,6,-18.175,147.425,3.889502762430939,28.25
2012,1,7,-18.175,147.425,3.867403314917127,28.26
2012,1,8,-18.175,147.425,3.845303867403315,28.16
2012,1,9,-18.175,147.425,3.8232044198895028,28.34
2012,1,10,-18.175,147.425,3.8011049723756907,28.82
2012,1,11,-18.175,147.425,3.7790055248618786,28.83
2012,1,12,-18.175,147.425,3.7569060773480665,28.91
2012,1,13,-18.175,147.425,3.734806629834254,29.0
2012,1,14,-18.175,147.425,3.712707182320442,29.11
2012,1,15,-18.175,147.425,3.6906077348066297,29.02
2012,1,16,-18.175,147.425,3.6685082872928176,28.99
2012,1,17,-18.175,147.425,3.6464088397790055,28.78
2012,1,18,-18.175,147.425,3.6243093922651934,28.74
2012,1,19,-18.175,147.425,3.6022099447513813,28.78
2012,1,20,-18.175,147.425,3.5801104972375692,28.9
2012,1,21,-18.175,147.425,3.5580110497237567,29.07
2012,1,22,-18.175,147.425,3.5359116022099446,29.18
2012,1,23,-18.175,147.425,3.5138121546961325,29.47
2012,1,24,-18.175,147.425,3.4917127071823204,29.19
2012,1,25,-18.175,147.425,3.4696132596685083,29.38
2012,1,26,-18.175,147.425,3.447513812154696,29.28
2012,1,27,-18.175,147.425,3.425414364640884,29.29
2012,1,28,-18.175,147.425,3.403314917127072,28.45
2012,1,29,-18.175,147.425,3.3812154696132595,29.16
2012,1,30,-18.175,147.425,3.3591160220994474,29.17
2012,1,31,-18.175,147.425,3.3370165745856353,29.53
2012,2,1,-18.175,147.425,3.314917127071823,29.64
2012,2,2,-18.175,147.425,3.292817679558011,29.65
2012,2,3,-18.175,147.425,3.270718232044199,29.56
2012,2,4,-18.175,147.425,3.248618784530387,29.27
2012,2,5,-18.175,147.425,3.226519337016575,28.98
2012,2,6,-18.175,147.425,3.2044198895027622,29.17
2012,2,7,-18.175,147.425,3.18232044198895,29.06
2012,2,8,-18.175,147.425,3.160220994475138,29.05
2012,2,9,-18.175,147.425,3.138121546961326,29.21
2012,2,10,-18.175,147.425,3.116022099447514,29.42
2012,2,11,-18.175,147.425,3.0939226519337018,29.7
2012,2,12,-18.175,147.425,3.0718232044198897,29.89
2012,2,13,-18.175,147.425,3.0497237569060776,29.67
2012,2,14,-18.175,147.425,3.027624309392265,29.42
2012,2,15,-18.175,147.425,3.005524861878453,29.37
2012,2,16,-18.175,147.425,2.983425414364641,29.11
2012,2,17,-18.175,147.425,2.9613259668508287,28.99
2012,2,18,-18.175,147.425,2.9392265193370166,29.02
2012,2,19,-18.175,147.425,2.9171270718232045,29.08
2012,2,20,-18.175,147.425,2.8950276243093924,28.98
2012,2,21,-18.175,147.425,2.8729281767955803,29.04
2012,2,22,-18.175,147.425,2.850828729281768,29.08
2012,2,23,-18.175,147.425,2.8287292817679557,29.01
2012,2,24,-18.175,147.425,2.8066298342541436,28.8
2012,2,25,-18.175,147.425,2.7845303867403315,28.77
2012,2,26,-18.175,147.425,2.7624309392265194,28.75
2012,2,27,-18.175,147.425,2.7403314917127073,28.75
2012,2,28,-18.175,147.425,2.718232044198895,28.46
2012,2,29,-18.175,147.425,2.696132596685083,28.57
2012,3,1,-18.175,147.425,2.6740331491712706,28.7
2012,3,2,-18.175,147.425,2.6519337016574585,28.81
2012,3,3,-18.175,147.425,2.6298342541436464,28.95
2012,3,4,-18.175,147.425,2.6077348066298343,28.89
2012,3,5,-18.175,147.425,2.585635359116022,29.05
2012,3,6,-18.175,147.425,2.56353591160221,29.48
2012,3,7,-18.175,147.425,2.541436464088398,29.13
2012,3,8,-18.175,147.425,2.5193370165745854,29.27
2012,3,9,-18.175,147.425,2.4972375690607733,29.2
2012,3,10,-18.175,147.425,2.4751381215469612,29.05
2012,3,11,-18.175,147.425,2.453038674033149,28.75
2012,3,12,-18.175,147.425,2.430939226519337,28.68
2012,3,13,-18.175,147.425,2.408839779005525,28.7
2012,3,14,-18.175,147.425,2.386740331491713,28.48
2012,3,15,-18.175,147.425,2.3646408839779007,28.56
2012,3,16,-18.175,147.425,2.342541436464088,28.7
2012,3,17,-18.175,147.425,2.320441988950276,28.79
2012,3,18,-18.175,147.425,2.298342541436464,28.73
2012,3,19,-18.175,147.425,2.276243093922652,28.28
2012,3,20,-18.175,147.425,2.25414364640884,27.79
2012,3,21,-18.175,147.425,2.2320441988950277,28.39
2012,3,22,-18.175,147.425,2.2099447513812156,28.32
2012,3,23,-18.175,147.425,2.1878453038674035,28.47
2012,3,24,-18.175,147.425,2.165745856353591,28.56
2012,3,25,-18.175,147.425,2.143646408839779,28.43
2012,3,26,-18.175,147.425,2.1215469613259668,28.02
2012,3,27,-18.175,147.425,2.0994475138121547,28.2
2012,3,28,-18.175,147.425,2.0773480662983426,28.13
2012,3,29,-18.175,147.425,2.0552486187845305,28.05
2012,3,30,-18.175,147.425,2.0331491712707184,28.34
2012,3,31,-18.175,147.425,2.0110497237569063,28.2
2012,4,1,-18.175,147.425,1.988950276243094,28.0
2012,4,2,-18.175,147.425,1.9668508287292819,27.8
2012,4,3,-18.175,147.425,1.9447513812154695,27.93
2012,4,4,-18.175,147.425,1.9226519337016574,27.97
2012,4,5,-18.175,147.425,1.9005524861878453,27.79
2012,4,6,-18.175,147.425,1.8784530386740332,27.85
2012,4,7,-18.175,147.425,1.856353591160221,27.99
2012,4,8,-18.175,147.425,1.8342541436464088,27.88
2012,4,9,-18.175,147.425,1.8121546961325967,27.67
2012,4,10,-18.175,147.425,1.7900552486187846,27.84
2012,4,11,-18.175,147.425,1.7679558011049723,27.79
2012,4,12,-18.175,147.425,1.7458563535911602,27.23
2012,4,13,-18.175,147.425,1.723756906077348,27.31
2012,4,14,-18.175,147.425,1.701657458563536,27.35
2012,4,15,-18.175,147.425,1.6795580110497237,27.31
2012,4,16,-18.175,147.425,1.6574585635359116,26.78
2012,4,17,-18.175,147.425,1.6353591160220995,27.0
2012,4,18,-18.175,147.425,1.6132596685082874,26.68
2012,4,19,-18.175,147.425,1.591160220994475,26.63
2012,4,20,-18.175,147.425,1.569060773480663,26.93
2012,4,21,-18.175,147.425,1.5469613259668509,27.27
2012,4,22,-18.175,147.425,1.5248618784530388,27.2
2012,4,23,-18.175,147.425,1.5027624309392265,27.4
2012,4,24,-18.175,147.425,1.4806629834254144,27.53
2012,4,25,-18.175,147.425,1.4585635359116023,27.4
2012,4,26,-18.175,147.425,1.4364640883977902,27.4
2012,4,27,-18.175,147.425,1.4143646408839778,27.25
2012,4,28,-18.175,147.425,1.3922651933701657,27.36
2012,4,29,-18.175,147.425,1.3701657458563536,26.91
2012,4,30,-18.175,147.425,1.3480662983425415,26.9
2012,5,1,-18.175,147.425,1.3259668508287292,26.82
2012,5,2,-18.175,147.425,1.3038674033149171,26.86
2012,5,3,-18.175,147.425,1.281767955801105,26.82
2012,5,4,-18.175,147.425,1.2596685082872927,26.7
2012,5,5,-18.175,147.425,1.2375690607734806,26.34
2012,5,6,-18.175,147.425,1.2154696132596685,26.16
2012,5,7,-18.175,147.425,1.1933701657458564,25.88
2012,5,8,-18.175,147.425,1.171270718232044,25.81
2012,5,9,-18.175,147.425,1.149171270718232,25.81
2012,5,10,-18.175,147.425,1.12707182320442,25.85
2012,5,11,-18.175,147.425,1.1049723756906078,25.97
2012,5,12,-18.175,147.425,1.0828729281767955,25.89
2012,5,13,-18.175,147.425,1.0607734806629834,26.1
2012,5,14,-18.175,147.425,1.0386740331491713,25.99
2012,5,15,-18.175,147.425,1.0165745856353592,25.94
2012,5,16,-18.175,147.425,0.994475138121547,25.72
2012,5,17,-18.175,147.425,0.9723756906077348,25.74
2012,5,18,-18.175,147.425,0.9502762430939227,25.85
2012,5,19,-18.175,147.425,0.9281767955801105,25.82
2012,5,20,-18.175,147.425,0.9060773480662984,25.55
2012,5,21,-18.175,147.425,0.8839779005524862,25.68
2012,5,22,-18.175,147.425,0.861878453038674,25.63
2012,5,23,-18.175,147.425,0.8397790055248618,25.38
2012,5,24,-18.175,147.425,0.8176795580110497,25.5
2012,5,25,-18.175,147.425,0.7955801104972375,25.57
2012,5,26,-18.175,147.425,0.7734806629834254,25.49
2012,5,27,-18.175,147.425,0.7513812154696132,25.14
2012,5,28,-18.175,147.425,0.7292817679558011,25.14
2012,5,29,-18.175,147.425,0.7071823204419889,24.98
2012,5,30,-18.175,147.425,0.6850828729281768,24.42
2012,5,31,-18.175,147.425,0.6629834254143646,24.46
2012,6,1,-18.175,147.425,0.6408839779005525,24.58
2012,6,2,-18.175,147.425,0.6187845303867403,24.81
2012,6,3,-18.175,147.425,0.5966850828729282,25.06
2012,6,4,-18.175,147.425,0.574585635359116,24.96
2012,6,5,-18.175,147.425,0.5524861878453039,24.94
2012,6,6,-18.175,147.425,0.5303867403314917,24.87
2012,6,7,-18.175,147.425,0.5082872928176796,24.73
2012,6,8,-18.175,147.425,0.4861878453038674,24.6
2012,6,9,-18.175,147.425,0.46408839779005523,24.51
2012,6,10,-18.175,147.425,0.4419889502762431,24.74
2012,6,11,-18.175,147.425,0.4198895027624309,23.84
2012,6,12,-18.175,147.425,0.39779005524861877,23.58
2012,6,13,-18.175,147.425,0.3756906077348066,24.18
2012,6,14,-18.175,147.425,0.35359116022099446,23.88
2012,6,15,-18.175,147.425,0.3314917127071823,23.9
2012,6,16,-18.175,147.425,0.30939226519337015,24.31
2012,6,17,-18.175,147.425,0.287292817679558,24.21
2012,6,18,-18.175,147.425,0.26519337016574585,24.11
2012,6,19,-18.175,147.425,0.2430939226519337,23.93
2012,6,20,-18.175,147.425,0.22099447513812154,24.13
2012,6,21,-18.175,147.425,0.19889502762430938,24.15
2012,6,22,-18.175,147.425,0.17679558011049723,24.24
2012,6,23,-18.175,147.425,0.15469613259668508,24.5
2012,6,24,-18.175,147.425,0.13259668508287292,24.9
2012,6,25,-18.175,147.425,0.11049723756906077,24.62
2012,6,26,-18.175,147.425,0.08839779005524862,24.18
2012,6,27,-18.175,147.425,0.06629834254143646,24.12
2012,6,28,-18.175,147.425,0.04419889502762431,24.24
2012,6,29,-18.175,147.425,0.022099447513812154,24.16
2012,6,30,-18.175,147.425,0.0,24.14
2012,7,1,-18.175,147.425,0.0,24.24
2012,7,2,-18.175,147.425,0.0,23.74
2012,7,3,-18.175,147.425,0.0,23.9
2012,7,4,-18.175,147.425,0.022099447513812154,23.61
2012,7,5,-18.175,147.425,0.04419889502762431,23.53
2012,7,6,-18.175,147.425,0.06629834254143646,23.04
2012,7,7,-18.175,147.425,0.08839779005524862,22.94
2012,7,8,-18.175,147.425,0.11049723756906077,22.72
2012,7,9,-18.175,147.425,0.13259668508287292,23.12
2012,7,10,-18.175,147.425,0.15469613259668508,23.23
2012,7,11,-18.175,147.425,0.17679558011049723,23.18
2012,7,12,-18.175,147.425,0.19889502762430938,23.32
2012,7,13,-18.175,147.425,0.22099447513812154,23.65
2012,7,14,-18.175,147.425,0.2430939226519337,24.05
2012,7,15,-18.175,147.425,0.26519337016574585,24.06
2012,7,16,-18.175,147.425,0.287292817679558,23.98
2012,7,17,-18.175,147.425,0.30939226519337015,23.5
2012,7,18,-18.175,147.425,0.3314917127071823,24.03
2012,7,19,-18.175,147.425,0.35359116022099446,24.53
2012,7,20,-18.175,147.425,0.3756906077348066,24.13
2012,7,21,-18.175,147.425,0.39779005524861877,23.92
2012,7,22,-18.175,147.425,0.4198895027624309,23.98
2012,7,23,-18.175,147.425,0.4419889502762431,23.76
2012,7,24,-18.175,147.425,0.46408839779005523,24.07
2012,7,25,-18.175,147.425,0.4861878453038674,23.77
2012,7,26,-18.175,147.425,0.5082872928176796,23.67
2012,7,27,-18.175,147.425,0.5303867403314917,23.66
2012,7,28,-18.175,147.425,0.5524861878453039,23.26
2012,7,29,-18.175,147.425,0.574585635359116,23.36
2012,7,30,-18.175,147.425,0.5966850828729282,23.52
2012,7,31,-18.175,147.425,0.6187845303867403,23.62
2012,8,1,-18.175,147.425,0.6408839779005525,23.21
2012,8,2,-18.175,147.425,0.6629834254143646,23.17
2012,8,3,-18.175,147.425,0.6850828729281768,23.32
2012,8,4,-18.175,147.425,0.7071823204419889,23.53
2012,8,5,-18.175,147.425,0.7292817679558011,23.82
2012,8,6,-18.175,147.425,0.7513812154696132,23.98
2012,8,7,-18.175,147.425,0.7734806629834254,24.09
2012,8,8,-18.175,147.425,0.7955801104972375,23.94
2012,8,9,-18.175,147.425,0.8176795580110497,24.12
2012,8,10,-18.175,147.425,0.8397790055248618,23.98
2012,8,11,-18.175,147.425,0.861878453038674,23.69
2012,8,12,-18.175,147.425,0.8839779005524862,23.72
2012,8,13,-18.175,147.425,0.9060773480662984,24.02
2012,8,14,-18.175,147.425,0.9281767955801105,23.68
2012,8,15,-18.175,147.425,0.9502762430939227,23.72
2012,8,16,-18.175,147.425,0.9723756906077348,23.81
2012,8,17,-18.175,147.425,0.994475138121547,24.25
2012,8,18,-18.175,147.425,1.0165745856353592,24.46
2012,8,19,-18.175,147.425,1.0386740331491713,24.43
2012,8,20,-18.175,147.425,1.0607734806629834,23.92
2012,8,21,-18.175,147.425,1.0828729281767955,23.06
2012,8,22,-18.175,147.425,1.1049723756906078,23.97
2012,8,23,-18.175,147.425,1.12707182320442,24.32
2012,8,24,-18.175,147.425,1.149171270718232,24.7
2012,8,25,-18.175,147.425,1.171270718232044,24.4
2012,8,26,-18.175,147.425,1.1933701657458564,24.32
2012,8,27,-18.175,147.425,1.2154696132596685,24.26
2012,8,28,-18.175,147.425,1.2375690607734806,24.28
2012,8,29,-18.175,147.425,1.2596685082872927,24.51
2012,8,30,-18.175,147.425,1.281767955801105,24.52
2012,8,31,-18.175,147.425,1.3038674033149171,24.56
2012,9,1,-18.175,147.425,1.3259668508287292,24.56
2012,9,2,-18.175,147.425,1.3480662983425415,24.8
2012,9,3,-18.175,147.425,1.3701657458563536,24.77
2012,9,4,-18.175,147.425,1.3922651933701657,24.83
2012,9,5,-18.175,147.425,1.4143646408839778,24.92
2012,9,6,-18.175,147.425,1.4364640883977902,24.87
2012,9,7,-18.175,147.425,1.4585635359116023,24.95
2012,9,8,-18.175,147.425,1.4806629834254144,25.19
2012,9,9,-18.175,147.425,1.5027624309392265,25.05
2012,9,10,-18.175,147.425,1.5248618784530388,24.48
2012,9,11,-18.175,147.425,1.5469613259668509,24.5
2012,9,12,-18.175,147.425,1.569060773480663,24.5
2012,9,13,-18.175,147.425,1.591160220994475,24.74
2012,9,14,-18.175,147.425,1.6132596685082874,24.96
2012,9,15,-18.175,147.425,1.6353591160220995,24.43
2012,9,16,-18.175,147.425,1.6574585635359116,24.44
2012,9,17,-18.175,147.425,1.6795580110497237,24.59
2012,9,18,-18.175,147.425,1.701657458563536,24.75
2012,9,19,-18.175,147.425,1.723756906077348,24.88
2012,9,20,-18.175,147.425,1.7458563535911602,25.3
2012,9,21,-18.175,147.425,1.7679558011049723,25.52
2012,9,22,-18.175,147.425,1.7900552486187846,25.55
2012,9,23,-18.175,147.425,1.8121546961325967,25.49
2012,9,24,-18.175,147.425,1.8342541436464088,25.75
2012,9,25,-18.175,147.425,1.856353591160221,25.63
2012,9,26,-18.175,147.425,1.8784530386740332,25.82
2012,9,27,-18.175,147.425,1.9005524861878453,25.6
2012,9,28,-18.175,147.425,1.9226519337016574,25.64
2012,9,29,-18.175,147.425,1.9447513812154695,25.91
2012,9,30,-18.175,147.425,1.9668508287292819,25.88
2012,10,1,-18.175,147.425,1.988950276243094,25.73
2012,10,2,-18.175,147.425,2.0110497237569063,25.69
2012,10,3,-18.175,147.425,2.0331491712707184,25.82
2012,10,4,-18.175,147.425,2.0552486187845305,25.65
2012,10,5,-18.175,147.425,2.0773480662983426,25.26
2012,10,6,-18.175,147.425,2.0994475138121547,25.54
2012,10,7,-18.175,147.425,2.1215469613259668,26.0
2012,10,8,-18.175,147.425,2.143646408839779,25.97
2012,10,9,-18.175,147.425,2.165745856353591,25.73
2012,10,10,-18.175,147.425,2.1878453038674035,25.48
2012,10,11,-18.175,147.425,2.2099447513812156,25.95
2012,10,12,-18.175,147.425,2.2320441988950277,25.78
2012,10,13,-18.175,147.425,2.25414364640884,25.74
2012,10,14,-18.175,147.425,2.276243093922652,25.57
2012,10,15,-18.175,147.425,2.298342541436464,25.62
2012,10,16,-18.175,147.425,2.320441988950276,25.76
2012,10,17,-18.175,147.425,2.342541436464088,25.76
2012,10,18,-18.175,147.425,2.3646408839779007,25.83
2012,10,19,-18.175,147.425,2.386740331491713,25.69
2012,10,20,-18.175,147.425,2.408839779005525,25.8
2012,10,21,-18.175,147.425,2.430939226519337,25.82
2012,10,22,-18.175,147.425,2.453038674033149,25.65
2012,10,23,-18.175,147.425,2.4751381215469612,25.93
2012,10,24,-18.175,147.425,2.4972375690607733,26.08
2012,10,25,-18.175,147.425,2.5193370165745854,26.01
2012,10,26,-18.175,147.425,2.541436464088398,26.31
2012,10,27,-18.175,147.425,2.56353591160221,26.2
2012,10,28,-18.175,147.425,2.585635359116022,26.12
2012,10,29,-18.175,147.425,2.6077348066298343,26.26
2012,10,30,-18.175,147.425,2.6298342541436464,26.4
2012,10,31,-18.175,147.425,2.6519337016574585,26.64
2012,11,1,-18.175,147.425,2.6740331491712706,26.88
2012,11,2,-18.175,147.425,2.696132596685083,27.17
2012,11,3,-18.175,147.425,2.718232044198895,26.92
2012,11,4,-18.175,147.425,2.7403314917127073,26.85
2012,11,5,-18.175,147.425,2.7624309392265194,26.39
2012,11,6,-18.175,147.425,2.7845303867403315,26.49
2012,11,7,-18.175,147.425,2.8066298342541436,26.46
2012,11,8,-18.175,147.425,2.8287292817679557,26.61
2012,11,9,-18.175,147.425,2.850828729281768,26.52
2012,11,10,-18.175,147.425,2.8729281767955803,26.34
2012,11,11,-18.175,147.425,2.8950276243093924,26.38
2012,11,12,-18.175,147.425,2.9171270718232045,26.44
2012,11,13,-18.175,147.425,2.9392265193370166,26.41
2012,11,14,-18.175,147.425,2.9613259668508287,26.24
2012,11,15,-18.175,147.425,2.983425414364641,26.24
2012,11,16,-18.175,147.425,3.005524861878453,26.52
2012,11,17,-18.175,147.425,3.027624309392265,26.82
2012,11,18,-18.175,147.425,3.0497237569060776,27.04
2012,11,19,-18.175,147.425,3.0718232044198897,26.92
2012,11,20,-18.175,147.425,3.0939226519337018,26.86
2012,11,21,-18.175,147.425,3.116022099447514,27.15
2012,11,22,-18.175,147.425,3.138121546961326,27.44
2012,11,23,-18.175,147.425,3.160220994475138,27.71
2012,11,24,-18.175,147.425,3.18232044198895,27.47
2012,11,25,-18.175,147.425,3.2044198895027622,27.42
2012,11,26,-18.175,147.425,3.226519337016575,27.55
2012,11,27,-18.175,147.425,3.248618784530387,27.32
2012,11,28,-18.175,147.425,3.270718232044199,27.39
2012,11,29,-18.175,147.425,3.292817679558011,27.51
2012,11,30,-18.175,147.425,3.314917127071823,27.35
2012,12,1,-18.175,147.425,3.3370165745856353,27.36
2012,12,2,-18.175,147.425,3.3591160220994474,27.53
2012,12,3,-18.175,147.425,3.3812154696132595,27.57
2012,12,4,-18.175,147.425,3.403314917127072,27.88
2012,12,5,-18.175,147.425,3.425414364640884,28.46
2012,12,6,-18.175,147.425,3.447513812154696,28.25
2012,12,7,-18.175,147.425,3.4696132596685083,28.16
2012,12,8,-18.175,147.425,3.4917127071823204,28.02
2012,12,9,-18.175,147.425,3.5138121546961325,28.16
2012,12,10,-18.175,147.425,3.5359116022099446,28.18
2012,12,11,-18.175,147.425,3.5580110497237567,27.95
2012,12,12,-18.175,147.425,3.5801104972375692,27.8
2012,12,13,-18.175,147.425,3.6022099447513813,27.56
2012,12,14,-18.175,147.425,3.6243093922651934,27.36
2012,12,15,-18.175,147.425,3.6464088397790055,27.68
2012,12,16,-18.175,147.425,3.6685082872928176,27.67
2012,12,17,-18.175,147.425,3.6906077348066297,27.86
2012,12,18,-18.175,147.425,3.712707182320442,27.78
2012,12,19,-18.175,147.425,3.734806629834254,28.36
2012,12,20,-18.175,147.425,3.7569060773480665,28.1
2012,12,21,-18.175,147.425,3.7790055248618786,28.23
2012,12,22,-18.175,147.425,3.8011049723756907,28.18
2012,12,23,-18.175,147.425,3.8232044198895028,28.05
2012,12,24,-18.175,147.425,3.845303867403315,27.93
2012,12,25,-18.175,147.425,3.867403314917127,28.33
2012,12,26,-18.175,147.425,3.889502762430939,28.41
2012,12,27,-18.175,147.425,3.911602209944751,28.52
2012,12,28,-18.175,147.425,3.9337016574585637,28.32
2012,12,29,-18.175,147.425,3.955801104972376,28.46
2012,12,30,-18.175,147.425,3.977900552486188,28.44
2012,12,31,-18.175,147.425,4.0,28.42
2013,1,1,-18.175,147.425,4.0,28.57
2013,1,2,-18.175,147.425,3.977900552486188,28.71
2013,1,3,-18.175,147.425,3.955801104972376,28.41
2013,1,4,-18.175,147.425,3.9337016574585637,28.5
2013,1,5,-18.175,147.425,3.911602209944751,28.41
2013,1,6,-18.175,147.425,3.889502762430939,28.26
2013,1,7,-18.175,147.425,3.867403314917127,28.2
2013,1,8,-18.175,147.425,3.845303867403315,27.98
2013,1,9,-18.175,147.425,3.8232044198895028,27.9
2013,1,10,-18.175,147.425,3.8011049723756907,28.14
2013,1,11,-18.175,147.425,3.7790055248618786,28.05
2013,1,12,-18.175,147.425,3.7569060773480665,28.19
2013,1,13,-18.175,147.425,3.734806629834254,28.68
2013,1,14,-18.175,147.425,3.712707182320442,29.0
2013,1,15,-18.175,147.425,3.6906077348066297,29.0
2013,1,16,-18.175,147.425,3.6685082872928176,28.85
2013,1,17,-18.175,147.425,3.6464088397790055,29.07
2013,1,18,-18.175,147.425,3.6243093922651934,28.98
2013,1,19,-18.175,147.425,3.6022099447513813,28.87
2013,1,20,-18.175,147.425,3.5801104972375692,28.84
2013,1,21,-18.175,147.425,3.5580110497237567,28.81
2013,1,22,-18.175,147.425,3.5359116022099446,28.81
2013,1,23,-18.175,147.425,3.5138121546961325,28.4
2013,1,24,-18.175,147.425,3.4917127071823204,27.88
2013,1,25,-18.175,147.425,3.4696132596685083,28.52
2013,1,26,-18.175,147.425,3.447513812154696,28.44
2013,1,27,-18.175,147.425,3.425414364640884,28.92
2013,1,28,-18.175,147.425,3.403314917127072,29.08
2013,1,29,-18.175,147.425,3.3812154696132595,29.59
2013,1,30,-18.175,147.425,3.3591160220994474,29.26
2013,1,31,-18.175,147.425,3.3370165745856353,29.21
2013,2,1,-18.175,147.425,3.314917127071823,29.36
2013,2,2,-18.175,147.425,3.292817679558011,29.5
2013,2,3,-18.175,147.425,3.270718232044199,29.44
2013,2,4,-18.175,147.425,3.248618784530387,29.55
2013,2,5,-18.175,147.425,3.226519337016575,29.27
2013,2,6,-18.175,147.425,3.2044198895027622,28.67
2013,2,7,-18.175,147.425,3.18232044198895,28.61
2013,2,8,-18.175,147.425,3.160220994475138,28.65
2013,2,9,-18.175,147.425,3.138121546961326,28.71
2013,2,10,-18.175,147.425,3.116022099447514,28.83
2013,2,11,-18.175,147.425,3.0939226519337018,28.8
2013,2,12,-18.175,147.425,3.0718232044198897,28.77
2013,2,13,-18.175,147.425,3.0497237569060776,28.71
2013,2,14,-18.175,147.425,3.027624309392265,28.84
2013,2,15,-18.175,147.425,3.005524861878453,28.9
2013,2,16,-18.175,147.425,2.983425414364641,28.95
2013,2,17,-18.175,147.425,2.9613259668508287,28.78
2013,2,18,-18.175,147.425,2.9392265193370166,29.35
2013,2,19,-18.175,147.425,2.9171270718232045,29.2
2013,2,20,-18.175,147.425,2.8950276243093924,29.56
2013,2,21,-18.175,147.425,2.8729281767955803,29.63
2013,2,22,-18.175,147.425,2.850828729281768,29.54
2013,2,23,-18.175,147.425,2.8287292817679557,29.33
2013,2,24,-18.175,147.425,2.8066298342541436,29.48
2013,2,25,-18.175,147.425,2.7845303867403315,29.54
2013,2,26,-18.175,147.425,2.7624309392265194,29.92
2013,2,27,-18.175,147.425,2.7403314917127073,29.64
2013,2,28,-18.175,147.425,2.718232044198895,29.65
2013,3,1,-18.175,147.425,2.696132596685083,29.66
2013,3,2,-18.175,147.425,2.6740331491712706,29.36
2013,3,3,-18.175,147.425,2.6519337016574585,29.13
2013,3,4,-18.175,147.425,2.6298342541436464,29.16
2013,3,5,-18.175,147.425,2.6077348066298343,29.19
2013,3,6,-18.175,147.425,2.585635359116022,29.2
2013,3,7,-18.175,147.425,2.56353591160221,28.93
2013,3,8,-18.175,147.425,2.541436464088398,28.99
2013,3,9,-18.175,147.425,2.5193370165745854,28.95
2013,3,10,-18.175,147.425,2.4972375690607733,28.86
2013,3,11,-18.175,147.425,2.4751381215469612,28.75
2013,3,12,-18.175,147.425,2.453038674033149,28.89
2013,3,13,-18.175,147.425,2.430939226519337,28.42
2013,3,14,-18.175,147.425,2.408839779005525,28.72
2013,3,15,-18.175,147.425,2.386740331491713,28.44
2013,3,16,-18.175,147.425,2.3646408839779007,28.42
2013,3,17,-18.175,147.425,2.342541436464088,28.62
2013,3,18,-18.175,147.425,2.320441988950276,28.55
2013,3,19,-18.175,147.425,2.298342541436464,28.7
2013,3,20,-18.175,147.425,2.276243093922652,28.54
2013,3,21,-18.175,147.425,2.25414364640884,28.55
2013,3,22,-18.175,147.425,2.2320441988950277,28.46
2013,3,23,-18.175,147.425,2.2099447513812156,28.37
2013,3,24,-18.175,147.425,2.1878453038674035,28.26
2013,3,25,-18.175,147.425,2.165745856353591,28.23
2013,3,26,-18.175,147.425,2.143646408839779,28.23
2013,3,27,-18.175,147.425,2.1215469613259668,28.36
2013,3,28,-18.175,147.425,2.0994475138121547,28.32
2013,3,29,-18.175,147.425,2.0773480662983426,28.62
2013,3,30,-18.175,147.425,2.0552486187845305,28.61
2013,3,31,-18.175,147.425,2.0331491712707184,28.54
2013,4,1,-18.175,147.425,2.0110497237569063,28.54
2013,4,2,-18.175,147.425,1.988950276243094,28.4
2013,4,3,-18.175,147.425,1.9668508287292819,28.26
2013,4,4,-18.175,147.425,1.9447513812154695,28.06
2013,4,5,-18.175,147.425,1.9226519337016574,27.84
2013,4,6,-18.175,147.425,1.9005524861878453,27.8
2013,4,7,-18.175,147.425,1.8784530386740332,27.43
2013,4,8,-18.175,147.425,1.856353591160221,27.54
2013,4,9,-18.175,147.425,1.8342541436464088,27.52
2013,4,10,-18.175,147.425,1.8121546961325967,27.39
2013,4,11,-18.175,147.425,1.7900552486187846,27.18
2013,4,12,-18.175,147.425,1.7679558011049723,27.1
2013,4,13,-18.175,147.425,1.7458563535911602,27.01
2013,4,14,-18.175,147.425,1.723756906077348,27.09
2013,4,15,-18.175,147.425,1.701657458563536,27.21
2013,4,16,-18.175,147.425,1.6795580110497237,27.07
2013,4,17,-18.175,147.425,1.6574585635359116,27.44
2013,4,18,-18.175,147.425,1.6353591160220995,27.44
2013,4,19,-18.175,147.425,1.6132596685082874,27.66
2013,4,20,-18.175,147.425,1.591160220994475,27.62
2013,4,21,-18.175,147.425,1.569060773480663,27.49
2013,4,22,-18.175,147.425,1.5469613259668509,27.83
2013,4,23,-18.175,147.425,1.5248618784530388,27.46
2013,4,24,-18.175,147.425,1.5027624309392265,27.45
2013,4,25,-18.175,147.425,1.4806629834254144,27.32
2013,4,26,-18.175,147.425,1.4585635359116023,27.13
2013,4,27,-18.175,147.425,1.4364640883977902,27.09
2013,4,28,-18.175,147.425,1.4143646408839778,26.9
2013,4,29,-18.175,147.425,1.3922651933701657,26.92
2013,4,30,-18.175,147.425,1.3701657458563536,26.9
2013,5,1,-18.175,147.425,1.3480662983425415,26.7
2013,5,2,-18.175,147.425,1.3259668508287292,26.58
2013,5,3,-18.175,147.425,1.3038674033149171,26.84
2013,5,4,-18.175,147.425,1.281767955801105,26.69
2013,5,5,-18.175,147.425,1.2596685082872927,26.57
2013,5,6,-18.175,147.425,1.2375690607734806,26.6
2013,5,7,-18.175,147.425,1.2154696132596685,26.38
2013,5,8,-18.175,147.425,1.1933701657458564,26.61
2013,5,9,-18.175,147.425,1.171270718232044,26.4
2013,5,10,-18.175,147.425,1.149171270718232,26.21
2013,5,11,-18.175,147.425,1.12707182320442,26.17
2013,5,12,-18.175,147.425,1.1049723756906078,26.16
2013,5,13,-18.175,147.425,1.0828729281767955,26.01
2013,5,14,-18.175,147.425,1.0607734806629834,26.13
2013,5,15,-18.175,147.425,1.0386740331491713,26.06
2013,5,16,-18.175,147.425,1.0165745856353592,26.29
2013,5,17,-18.175,147.425,0.994475138121547,26.23
2013,5,18,-18.175,147.425,0.9723756906077348,26.1
2013,5,19,-18.175,147.425,0.9502762430939227,25.96
2013,5,20,-18.175,147.425,0.9281767955801105,26.01
2013,5,21,-18.175,147.425,0.9060773480662984,26.35
2013,5,22,-18.175,147.425,0.8839779005524862,26.6
2013,5,23,-18.175,147.425,0.861878453038674,26.15
2013,5,24,-18.175,147.425,0.8397790055248618,26.38
2013,5,25,-18.175,147.425,0.8176795580110497,25.99
2013,5,26,-18.175,147.425,0.7955801104972375,25.69
2013,5,27,-18.175,147.425,0.7734806629834254,25.91
2013,5,28,-18.175,147.425,0.7513812154696132,25.83
2013,5,29,-18.175,147.425,0.7292817679558011,25.76
2013,5,30,-18.175,147.425,0.7071823204419889,25.62
2013,5,31,-18.175,147.425,0.6850828729281768,25.78
2013,6,1,-18.175,147.425,0.6629834254143646,25.78
2013,6,2,-18.175,147.425,0.6408839779005525,25.81
2013,6,3,-18.175,147.425,0.6187845303867403,25.68
2013,6,4,-18.175,147.425,0.5966850828729282,25.61
2013,6,5,-18.175,147.425,0.574585635359116,25.65
2013,6,6,-18.175,147.425,0.5524861878453039,25.42
2013,6,7,-18.175,147.425,0.5303867403314917,25.38
2013,6,8,-18.175,147.425,0.5082872928176796,25.38
2013,6,9,-18.175,147.425,0.4861878453038674,25.46
2013,6,10,-18.175,147.425,0.46408839779005523,25.44
2013,6,11,-18.175,147.425,0.4419889502762431,25.47
2013,6,12,-18.175,147.425,0.4198895027624309,25.7
2013,6,13,-18.175,147.425,0.39779005524861877,25.75
2013,6,14,-18.175,147.425,0.3756906077348066,25.7
2013,6,15,-18.175,147.425,0.35359116022099446,25.55
2013,6,16,-18.175,147.425,0.3314917127071823,25.44
2013,6,17,-18.175,147.425,0.30939226519337015,25.28
2013,6,18,-18.175,147.425,0.287292817679558,25.3
2013,6,19,-18.175,147.425,0.26519337016574585,25.37
2013,6,20,-18.175,147.425,0.2430939226519337,25.3
2013,6,21,-18.175,147.425,0.22099447513812154,24.99
2013,6,22,-18.175,147.425,0.19889502762430938,25.05
2013,6,23,-18.175,147.425,0.17679558011049723,25.13
2013,6,24,-18.175,147.425,0.15469613259668508,25.27
2013,6,25,-18.175,147.425,0.13259668508287292,25.1
2013,6,26,-18.175,147.425,0.11049723756906077,24.87
2013,6,27,-18.175,147.425,0.08839779005524862,24.97
2013,6,28,-18.175,147.425,0.06629834254143646,24.94
2013,6,29,-18.175,147.425,0.04419889502762431,25.09
2013,6,30,-18.175,147.425,0.022099447513812154,25.34
2013,7,1,-18.175,147.425,0.0,25.13
2013,7,2,-18.175,147.425,0.0,24.82
2013,7,3,-18.175,147.425,0.0,24.66
2013,7,4,-18.175,147.425,0.022099447513812154,24.66
2013,7,5,-18.175,147.425,0.04419889502762431,24.59
2013,7,6,-18.175,147.425,0.06629834254143646,24.68
2013,7,7,-18.175,147.425,0.08839779005524862,24.84
2013,7,8,-18.175,147.425,0.11049723756906077,24.94
2013,7,9,-18.175,147.425,0.13259668508287292,24.98
2013,7,10,-18.175,147.425,0.15469613259668508,24.55
2013,7,11,-18.175,147.425,0.17679558011049723,24.6
2013,7,12,-18.175,147.425,0.19889502762430938,24.5
2013,7,13,-18.175,147.425,0.22099447513812154,24.52
2013,7,14,-18.175,147.425,0.2430939226519337,24.38
2013,7,15,-18.175,147.425,0.26519337016574585,24.35
2013,7,16,-18.175,147.425,0.287292817679558,24.32
2013,7,17,-18.175,147.425,0.30939226519337015,24.46
2013,7,18,-18.175,147.425,0.3314917127071823,24.46
2013,7,19,-18.175,147.425,0.35359116022099446,24.64
2013,7,20,-18.175,147.425,0.3756906077348066,24.7
2013,7,21,-18.175,147.425,0.39779005524861877,24.52
2013,7,22,-18.175,147.425,0.4198895027624309,24.42
2013,7,23,-18.175,147.425,0.4419889502762431,24.31
2013,7,24,-18.175,147.425,0.46408839779005523,23.99
2013,7,25,-18.175,147.425,0.4861878453038674,23.96
2013,7,26,-18.175,147.425,0.5082872928176796,24.15
2013,7,27,-18.175,147.425,0.5303867403314917,24.22
2013,7,28,-18.175,147.425,0.5524861878453039,24.3
2013,7,29,-18.175,147.425,0.574585635359116,24.24
2013,7,30,-18.175,147.425,0.5966850828729282,24.16
2013,7,31,-18.175,147.425,0.6187845303867403,24.25
2013,8,1,-18.175,147.425,0.6408839779005525,24.31
2013,8,2,-18.175,147.425,0.6629834254143646,24.34
2013,8,3,-18.175,147.425,0.6850828729281768,23.97
2013,8,4,-18.175,147.425,0.7071823204419889,24.35
2013,8,5,-18.175,147.425,0.7292817679558011,24.53
2013,8,6,-18.175,147.425,0.7513812154696132,24.51
2013,8,7,-18.175,147.425,0.7734806629834254,24.53
2013,8,8,-18.175,147.425,0.7955801104972375,24.69
2013,8,9,-18.175,147.425,0.8176795580110497,24.88
2013,8,10,-18.175,147.425,0.8397790055248618,24.87
2013,8,11,-18.175,147.425,0.861878453038674,24.82
2013,8,12,-18.175,147.425,0.8839779005524862,25.06
2013,8,13,-18.175,147.425,0.9060773480662984,25.29
2013,8,14,-18.175,147.425,0.9281767955801105,25.36
2013,8,15,-18.175,147.425,0.9502762430939227,25.11
2013,8,16,-18.175,147.425,0.9723756906077348,25.17
2013,8,17,-18.175,147.425,0.994475138121547,25.08
2013,8,18,-18.175,147.425,1.0165745856353592,25.02
2013,8,19,-18.175,147.425,1.0386740331491713,25.71
2013,8,20,-18.175,147.425,1.0607734806629834,25.61
2013,8,21,-18.175,147.425,1.0828729281767955,25.5
2013,8,22,-18.175,147.425,1.1049723756906078,25.29
2013,8,23,-18.175,147.425,1.12707182320442,25.42
2013,8,24,-18.175,147.425,1.149171270718232,25.34
2013,8,25,-18.175,147.425,1.171270718232044,25.15
2013,8,26,-18.175,147.425,1.1933701657458564,25.18
2013,8,27,-18.175,147.425,1.2154696132596685,25.2
2013,8,28,-18.175,147.425,1.2375690607734806,25.16
2013,8,29,-18.175,147.425,1.2596685082872927,25.31
2013,8,30,-18.175,147.425,1.281767955801105,25.32
2013,8,31,-18.175,147.425,1.3038674033149171,25.21
2013,9,1,-18.175,147.425,1.3259668508287292,25.01
2013,9,2,-18.175,147.425,1.3480662983425415,24.9
2013,9,3,-18.175,147.425,1.3701657458563536,24.81
2013,9,4,-18.175,147.425,1.3922651933701657,24.78
2013,9,5,-18.175,147.425,1.4143646408839778,24.57
2013,9,6,-18.175,147.425,1.4364640883977902,24.62
2013,9,7,-18.175,147.425,1.4585635359116023,24.57
2013,9,8,-18.175,147.425,1.4806629834254144,24.78
2013,9,9,-18.175,147.425,1.5027624309392265,24.85
2013,9,10,-18.175,147.425,1.5248618784530388,24.93
2013,9,11,-18.175,147.425,1.5469613259668509,25.04
2013,9,12,-18.175,147.425,1.569060773480663,25.46
2013,9,13,-18.175,147.425,1.591160220994475,25.34
2013,9,14,-18.175,147.425,1.6132596685082874,25.32
2013,9,15,-18.175,147.425,1.6353591160220995,25.42
2013,9,16,-18.175,147.425,1.6574585635359116,25.29
2013,9,17,-18.175,147.425,1.6795580110497237,25.35
2013,9,18,-18.175,147.425,1.701657458563536,25.43
2013,9,19,-18.175,147.425,1.723756906077348,25.41
2013,9,20,-18.175,147.425,1.7458563535911602,25.87
2013,9,21,-18.175,147.425,1.7679558011049723,26.17
2013,9,22,-18.175,147.425,1.7900552486187846,25.81
2013,9,23,-18.175,147.425,1.8121546961325967,25.92
2013,9,24,-18.175,147.425,1.8342541436464088,25.82
2013,9,25,-18.175,147.425,1.856353591160221,25.84
2013,9,26,-18.175,147.425,1.8784530386740332,25.97
2013,9,27,-18.175,147.425,1.9005524861878453,25.86
2013,9,28,-18.175,147.425,1.9226519337016574,25.94
2013,9,29,-18.175,147.425,1.9447513812154695,26.01
2013,9,30,-18.175,147.425,1.9668508287292819,26.04
2013,10,1,-18.175,147.425,1.988950276243094,26.05
2013,10,2,-18.175,147.425,2.0110497237569063,25.97
2013,10,3,-18.175,147.425,2.0331491712707184,26.09
2013,10,4,-18.175,147.425,2.0552486187845305,25.99
2013,10,5,-18.175,147.425,2.0773480662983426,25.96
2013,10,6,-18.175,147.425,2.0994475138121547,26.08
2013,10,7,-18.175,147.425,2.1215469613259668,26.24
2013,10,8,-18.175,147.425,2.143646408839779,26.41
2013,10,9,-18.175,147.425,2.165745856353591,26.14
2013,10,10,-18.175,147.425,2.1878453038674035,26.07
2013,10,11,-18.175,147.425,2.2099447513812156,26.07
2013,10,12,-18.175,147.425,2.2320441988950277,26.11
2013,10,13,-18.175,147.425,2.25414364640884,26.15
2013,10,14,-18.175,147.425,2.276243093922652,26.08
2013,10,15,-18.175,147.425,2.298342541436464,25.92
2013,10,16,-18.175,147.425,2.320441988950276,25.86
2013,10,17,-18.175,147.425,2.342541436464088,26.11
2013,10,18,-18.175,147.425,2.3646408839779007,26.26
2013,10,19,-18.175,147.425,2.386740331491713,26.37
2013,10,20,-18.175,147.425,2.408839779005525,26.33
2013,10,21,-18.175,147.425,2.430939226519337,26.09
2013,10,22,-18.175,147.425,2.453038674033149,25.99
2013,10,23,-18.175,147.425,2.4751381215469612,26.27
2013,10,24,-18.175,147.425,2.4972375690607733,26.39
2013,10,25,-18.175,147.425,2.5193370165745854,26.48
2013,10,26,-18.175,147.425,2.541436464088398,26.45
2013,10,27,-18.175,147.425,2.56353591160221,26.44
2013,10,28,-18.175,147.425,2.585635359116022,26.54
2013,10,29,-18.175,147.425,2.6077348066298343,26.59
2013,10,30,-18.175,147.425,2.6298342541436464,26.7
2013,10,31,-18.175,147.425,2.6519337016574585,26.73
2013,11,1,-18.175,147.425,2.6740331491712706,26.56
2013,11,2,-18.175,147.425,2.696132596685083,26.53
2013,11,3,-18.175,147.425,2.718232044198895,26.35
2013,11,4,-18.175,147.425,2.7403314917127073,26.56
2013,11,5,-18.175,147.425,2.7624309392265194,26.52
2013,11,6,-18.175,147.425,2.7845303867403315,26.51
2013,11,7,-18.175,147.425,2.8066298342541436,26.54
2013,11,8,-18.175,147.425,2.8287292817679557,26.51
2013,11,9,-18.175,147.425,2.850828729281768,26.61
2013,11,10,-18.175,147.425,2.8729281767955803,26.59
2013,11,11,-18.175,147.425,2.8950276243093924,26.56
2013,11,12,-18.175,147.425,2.9171270718232045,26.76
2013,11,13,-18.175,147.425,2.9392265193370166,26.7
2013,11,14,-18.175,147.425,2.9613259668508287,27.04
2013,11,15,-18.175,147.425,2.983425414364641,27.02
2013,11,16,-18.175,147.425,3.005524861878453,27.23
2013,11,17,-18.175,147.425,3.027624309392265,27.21
2013,11,18,-18.175,147.425,3.0497237569060776,27.06
2013,11,19,-18.175,147.425,3.0718232044198897,27.41
2013,11,20,-18.175,147.425,3.0939226519337018,27.62
2013,11,21,-18.175,147.425,3.116022099447514,27.94
2013,11,22,-18.175,147.425,3.138121546961326,27.92
2013,11,23,-18.175,147.425,3.160220994475138,28.0
2013,11,24,-18.175,147.425,3.18232044198895,27.67
2013,11,25,-18.175,147.425,3.2044198895027622,27.86
2013,11,26,-18.175,147.425,3.226519337016575,28.5
2013,11,27,-18.175,147.425,3.248618784530387,28.23
2013,11,28,-18.175,147.425,3.270718232044199,27.57
2013,11,29,-18.175,147.425,3.292817679558011,27.65
2013,11,30,-18.175,147.425,3.314917127071823,27.88
2013,12,1,-18.175,147.425,3.3370165745856353,27.95
2013,12,2,-18.175,147.425,3.3591160220994474,27.94
2013,12,3,-18.175,147.425,3.3812154696132595,27.89
2013,12,4,-18.175,147.425,3.403314917127072,27.69
2013,12,5,-18.175,147.425,3.425414364640884,27.94
2013,12,6,-18.175,147.425,3.447513812154696,28.08
2013,12,7,-18.175,147.425,3.4696132596685083,28.02
2013,12,8,-18.175,147.425,3.4917127071823204,27.84
2013,12,9,-18.175,147.425,3.5138121546961325,27.93
2013,12,10,-18.175,147.425,3.5359116022099446,28.14
2013,12,11,-18.175,147.425,3.5580110497237567,28.51
2013,12,12,-18.175,147.425,3.5801104972375692,28.5
2013,12,13,-18.175,147.425,3.6022099447513813,28.56
2013,12,14,-18.175,147.425,3.6243093922651934,28.42
2013,12,15,-18.175,147.425,3.6464088397790055,28.43
2013,12,16,-18.175,147.425,3.6685082872928176,28.44
2013,12,17,-18.175,147.425,3.6906077348066297,28.05
2013,12,18,-18.175,147.425,3.712707182320442,28.02
2013,12,19,-18.175,147.425,3.734806629834254,27.95
2013,12,20,-18.175,147.425,3.7569060773480665,28.16
2013,12,21,-18.175,147.425,3.7790055248618786,28.06
2013,12,22,-18.175,147.425,3.8011049723756907,27.93
2013,12,23,-18.175,147.425,3.8232044198895028,27.93
2013,12,24,-18.175,147.425,3.845303867403315,28.13
2013,12,25,-18.175,147.425,3.867403314917127,28.24
2013,12,26,-18.175,147.425,3.889502762430939,28.26
2013,12,27,-18.175,147.425,3.911602209944751,28.22
2013,12,28,-18.175,147.425,3.9337016574585637,28.28
2013,12,29,-18.175,147.425,3.955801104972376,28.66
2013,12,30,-18.175,147.425,3.977900552486188,28.89
2013,12,31,-18.175,147.425,4.0,28.88
2014,1,1,-18.175,147.425,4.0,28.48
2014,1,2,-18.175,147.425,3.977900552486188,28.47
2014,1,3,-18.175,147.425,3.955801104972376,28.97
2014,1,4,-18.175,147.425,3.9337016574585637,29.38
2014,1,5,-18.175,147.425,3.911602209944751,29.25
2014,1,6,-18.175,147.425,3.889502762430939,29.24
2014,1,7,-18.175,147.425,3.867403314917127,29.24
2014,1,8,-18.175,147.425,3.845303867403315,29.23
2014,1,9,-18.175,147.425,3.8232044198895028,29.11
2014,1,10,-18.175,147.425,3.8011049723756907,28.79
2014,1,11,-18.175,147.425,3.7790055248618786,28.63
2014,1,12,-18.175,147.425,3.7569060773480665,28.6
2014,1,13,-18.175,147.425,3.734806629834254,28.59
2014,1,14,-18.175,147.425,3.712707182320442,28.55
2014,1,15,-18.175,147.425,3.6906077348066297,28.23
2014,1,16,-18.175,147.425,3.6685082872928176,28.23
2014,1,17,-18.175,147.425,3.6464088397790055,28.55
2014,1,18,-18.175,147.425,3.6243093922651934,28.5
2014,1,19,-18.175,147.425,3.6022099447513813,28.31
2014,1,20,-18.175,147.425,3.5801104972375692,28.57
2014,1,21,-18.175,147.425,3.5580110497237567,28.95
2014,1,22,-18.175,147.425,3.5359116022099446,28.8
2014,1,23,-18.175,147.425,3.5138121546961325,28.81
2014,1,24,-18.175,147.425,3.4917127071823204,28.69
2014,1,25,-18.175,147.425,3.4696132596685083,28.47
2014,1,26,-18.175,147.425,3.447513812154696,28.52
2014,1,27,-18.175,147.425,3.425414364640884,28.69
2014,1,28,-18.175,147.425,3.403314917127072,28.54
2014,1,29,-18.175,147.425,3.3812154696132595,28.57
2014,1,30,-18.175,147.425,3.3591160220994474,27.97
2014,1,31,-18.175,147.425,3.3370165745856353,28.42
2014,2,1,-18.175,147.425,3.314917127071823,28.45
2014,2,2,-18.175,147.425,3.292817679558011,28.53
2014,2,3,-18.175,147.425,3.270718232044199,28.36
2014,2,4,-18.175,147.425,3.248618784530387,28.25
2014,2,5,-18.175,147.425,3.226519337016575,28.17
2014,2,6,-18.175,147.425,3.2044198895027622,27.94
2014,2,7,-18.175,147.425,3.18232044198895,27.89
2014,2,8,-18.175,147.425,3.160220994475138,27.99
2014,2,9,-18.175,147.425,3.138121546961326,28.25
2014,2,10,-18.175,147.425,3.116022099447514,28.41
2014,2,11,-18.175,147.425,3.0939226519337018,28.19
2014,2,12,-18.175,147.425,3.0718232044198897,28.17
2014,2,13,-18.175,147.425,3.0497237569060776,28.06
2014,2,14,-18.175,147.425,3.027624309392265,28.38
2014,2,15,-18.175,147.425,3.005524861878453,28.43
2014,2,16,-18.175,147.425,2.983425414364641,28.29
2014,2,17,-18.175,147.425,2.9613259668508287,28.39
2014,2,18,-18.175,147.425,2.9392265193370166,28.51
2014,2,19,-18.175,147.425,2.9171270718232045,28.4
2014,2,20,-18.175,147.425,2.8950276243093924,28.69
2014,2,21,-18.175,147.425,2.8729281767955803,28.8
2014,2,22,-18.175,147.425,2.850828729281768,28.6
2014,2,23,-18.175,147.425,2.8287292817679557,28.62
2014,2,24,-18.175,147.425,2.8066298342541436,28.46
2014,2,25,-18.175,147.425,2.7845303867403315,28.68
2014,2,26,-18.175,147.425,2.7624309392265194,28.52
2014,2,27,-18.175,147.425,2.7403314917127073,28.36
2014,2,28,-18.175,147.425,2.718232044198895,28.25
2014,3,1,-18.175,147.425,2.696132596685083,28.26
2014,3,2,-18.175,147.425,2.6740331491712706,28.42
2014,3,3,-18.175,147.425,2.6519337016574585,28.38
2014,3,4,-18.175,147.425,2.6298342541436464,28.17
2014,3,5,-18.175,147.425,2.6077348066298343,28.38
2014,3,6,-18.175,147.425,2.585635359116022,28.4
2014,3,7,-18.175,147.425,2.56353591160221,28.25
2014,3,8,-18.175,147.425,2.541436464088398,28.0
2014,3,9,-18.175,147.425,2.5193370165745854,28.0
2014,3,10,-18.175,147.425,2.4972375690607733,28.06
2014,3,11,-18.175,147.425,2.4751381215469612,27.36
2014,3,12,-18.175,147.425,2.453038674033149,27.19
2014,3,13,-18.175,147.425,2.430939226519337,27.38
2014,3,14,-18.175,147.425,2.408839779005525,27.12
2014,3,15,-18.175,147.425,2.386740331491713,27.31
2014,3,16,-18.175,147.425,2.3646408839779007,27.39
2014,3,17,-18.175,147.425,2.342541436464088,27.76
2014,3,18,-18.175,147.425,2.320441988950276,27.63
2014,3,19,-18.175,147.425,2.298342541436464,27.4
2014,3,20,-18.175,147.425,2.276243093922652,27.46
2014,3,21,-18.175,147.425,2.25414364640884,27.61
2014,3,22,-18.175,147.425,2.2320441988950277,27.61
2014,3,23,-18.175,147.425,2.2099447513812156,27.59
2014,3,24,-18.175,147.425,2.1878453038674035,27.47
2014,3,25,-18.175,147.425,2.165745856353591,27.21
2014,3,26,-18.175,147.425,2.143646408839779,27.3
2014,3,27,-18.175,147.425,2.1215469613259668,27.53
2014,3,28,-18.175,147.425,2.0994475138121547,27.83
2014,3,29,-18.175,147.425,2.0773480662983426,27.96
2014,3,30,-18.175,147.425,2.0552486187845305,27.88
2014,3,31,-18.175,147.425,2.0331491712707184,27.74
2014,4,1,-18.175,147.425,2.0110497237569063,27.55
2014,4,2,-18.175,147.425,1.988950276243094,27.62
2014,4,3,-18.175,147.425,1.9668508287292819,27.43
2014,4,4,-18.175,147.425,1.9447513812154695,27.41
2014,4,5,-18.175,147.425,1.9226519337016574,27.43
2014,4,6,-18.175,147.425,1.9005524861878453,26.98
2014,4,7,-18.175,147.425,1.8784530386740332,27.53
2014,4,8,-18.175,147.425,1.856353591160221,27.53
2014,4,9,-18.175,147.425,1.8342541436464088,27.39
2014,4,10,-18.175,147.425,1.8121546961325967,27.39
2014,4,11,-18.175,147.425,1.7900552486187846,27.53
2014,4,12,-18.175,147.425,1.7679558011049723,27.3
2014,4,13,-18.175,147.425,1.7458563535911602,27.27
2014,4,14,-18.175,147.425,1.723756906077348,27.06
2014,4,15,-18.175,147.425,1.701657458563536,27.27
2014,4,16,-18.175,147.425,1.6795580110497237,27.24
2014,4,17,-18.175,147.425,1.6574585635359116,27.39
2014,4,18,-18.175,147.425,1.6353591160220995,27.27
2014,4,19,-18.175,147.425,1.6132596685082874,27.33
2014,4,20,-18.175,147.425,1.591160220994475,27.26
2014,4,21,-18.175,147.425,1.569060773480663,27.39
2014,4,22,-18.175,147.425,1.5469613259668509,26.88
2014,4,23,-18.175,147.425,1.5248618784530388,26.99
2014,4,24,-18.175,147.425,1.5027624309392265,26.96
2014,4,25,-18.175,147.425,1.4806629834254144,27.27
2014,4,26,-18.175,147.425,1.4585635359116023,27.2
2014,4,27,-18.175,147.425,1.4364640883977902,27.22
2014,4,28,-18.175,147.425,1.4143646408839778,27.09
2014,4,29,-18.175,147.425,1.3922651933701657,27.03
2014,4,30,-18.175,147.425,1.3701657458563536,27.16
2014,5,1,-18.175,147.425,1.3480662983425415,27.31
2014,5,2,-18.175,147.425,1.3259668508287292,26.98
2014,5,3,-18.175,147.425,1.3038674033149171,27.14
2014,5,4,-18.175,147.425,1.281767955801105,26.89
2014,5,5,-18.175,147.425,1.2596685082872927,26.81
2014,5,6,-18.175,147.425,1.2375690607734806,26.82
2014,5,7,-18.175,147.425,1.2154696132596685,26.66
2014,5,8,-18.175,147.425,1.1933701657458564,26.93
2014,5,9,-18.175,147.425,1.171270718232044,26.77
2014,5,10,-18.175,147.425,1.149171270718232,26.74
2014,5,11,-18.175,147.425,1.12707182320442,26.47
2014,5,12,-18.175,147.425,1.1049723756906078,26.36
2014,5,13,-18.175,147.425,1.0828729281767955,26.39
2014,5,14,-18.175,147.425,1.0607734806629834,26.32
2014,5,15,-18.175,147.425,1.0386740331491713,26.4
2014,5,16,-18.175,147.425,1.0165745856353592,26.15
2014,5,17,-18.175,147.425,0.994475138121547,26.08
2014,5,18,-18.175,147.425,0.9723756906077348,26.05
2014,5,19,-18.175,147.425,0.9502762430939227,25.92
2014,5,20,-18.175,147.425,0.9281767955801105,25.96
2014,5,21,-18.175,147.425,0.9060773480662984,25.95
2014,5,22,-18.175,147.425,0.8839779005524862,25.89
2014,5,23,-18.175,147.425,0.861878453038674,25.93
2014,5,24,-18.175,147.425,0.8397790055248618,26.02
2014,5,25,-18.175,147.425,0.8176795580110497,26.03
2014,5,26,-18.175,147.425,0.7955801104972375,26.16
2014,5,27,-18.175,147.425,0.7734806629834254,26.15
2014,5,28,-18.175,147.425,0.7513812154696132,26.12
2014,5,29,-18.175,147.425,0.7292817679558011,26.05
2014,5,30,-18.175,147.425,0.7071823204419889,26.05
2014,5,31,-18.175,147.425,0.6850828729281768,25.9
2014,6,1,-18.175,147.425,0.6629834254143646,25.74
2014,6,2,-18.175,147.425,0.6408839779005525,25.88
2014,6,3,-18.175,147.425,0.6187845303867403,26.05
2014,6,4,-18.175,147.425,0.5966850828729282,25.97
2014,6,5,-18.175,147.425,0.574585635359116,25.86
2014,6,6,-18.175,147.425,0.5524861878453039,25.78
2014,6,7,-18.175,147.425,0.5303867403314917,25.66
2014,6,8,-18.175,147.425,0.5082872928176796,25.42
2014,6,9,-18.175,147.425,0.4861878453038674,25.6
2014,6,10,-18.175,147.425,0.46408839779005523,25.23
2014,6,11,-18.175,147.425,0.4419889502762431,25.21
2014,6,12,-18.175,147.425,0.4198895027624309,25.43
2014,6,13,-18.175,147.425,0.39779005524861877,25.63
2014,6,14,-18.175,147.425,0.3756906077348066,25.62
2014,6,15,-18.175,147.425,0.35359116022099446,25.55
2014,6,16,-18.175,147.425,0.3314917127071823,25.16
2014,6,17,-18.175,147.425,0.30939226519337015,24.99
2014,6,18,-18.175,147.425,0.287292817679558,25.15
2014,6,19,-18.175,147.425,0.26519337016574585,25.38
2014,6,20,-18.175,147.425,0.2430939226519337,25.42
2014,6,21,-18.175,147.425,0.22099447513812154,25.3
2014,6,22,-18.175,147.425,0.19889502762430938,25.44
2014,6,23,-18.175,147.425,0.17679558011049723,25.64
2014,6,24,-18.175,147.425,0.15469613259668508,25.53
2014,6,25,-18.175,147.425,0.13259668508287292,25.31
2014,6,26,-18.175,147.425,0.11049723756906077,25.21
2014,6,27,-18.175,147.425,0.08839779005524862,25.32
2014,6,28,-18.175,147.425,0.06629834254143646,25.44
2014,6,29,-18.175,147.425,0.04419889502762431,25.2
2014,6,30,-18.175,147.425,0.022099447513812154,24.78
2014,7,1,-18.175,147.425,0.0,24.83
2014,7,2,-18.175,147.425,0.0,24.91
2014,7,3,-18.175,147.425,0.0,24.93
2014,7,4,-18.175,147.425,0.022099447513812154,24.87
2014,7,5,-18.175,147.425,0.04419889502762431,24.92
2014,7,6,-18.175,147.425,0.06629834254143646,24.96
2014,7,7,-18.175,147.425,0.08839779005524862,24.99
2014,7,8,-18.175,147.425,0.11049723756906077,24.93
2014,7,9,-18.175,147.425,0.13259668508287292,24.88
2014,7,10,-18.175,147.425,0.15469613259668508,24.78
2014,7,11,-18.175,147.425,0.17679558011049723,24.65
2014,7,12,-18.175,147.425,0.19889502762430938,24.63
2014,7,13,-18.175,147.425,0.22099447513812154,24.66
2014,7,14,-18.175,147.425,0.2430939226519337,24.55
2014,7,15,-18.175,147.425,0.26519337016574585,24.52
2014,7,16,-18.175,147.425,0.287292817679558,24.51
2014,7,17,-18.175,147.425,0.30939226519337015,24.89
2014,7,18,-18.175,147.425,0.3314917127071823,24.68
2014,7,19,-18.175,147.425,0.35359116022099446,24.48
2014,7,20,-18.175,147.425,0.3756906077348066,24.31
2014,7,21,-18.175,147.425,0.39779005524861877,24.42
2014,7,22,-18.175,147.425,0.4198895027624309,24.25
2014,7,23,-18.175,147.425,0.4419889502762431,24.38
2014,7,24,-18.175,147.425,0.46408839779005523,24.57
2014,7,25,-18.175,147.425,0.4861878453038674,24.51
2014,7,26,-18.175,147.425,0.5082872928176796,24.47
2014,7,27,-18.175,147.425,0.5303867403314917,24.29
2014,7,28,-18.175,147.425,0.5524861878453039,24.43
2014,7,29,-18.175,147.425,0.574585635359116,24.4
2014,7,30,-18.175,147.425,0.5966850828729282,24.27
2014,7,31,-18.175,147.425,0.6187845303867403,24.41
2014,8,1,-18.175,147.425,0.6408839779005525,24.57
2014,8,2,-18.175,147.425,0.6629834254143646,24.27
2014,8,3,-18.175,147.425,0.6850828729281768,24.16
2014,8,4,-18.175,147.425,0.7071823204419889,24.43
2014,8,5,-18.175,147.425,0.7292817679558011,24.5
2014,8,6,-18.175,147.425,0.7513812154696132,24.24
2014,8,7,-18.175,147.425,0.7734806629834254,24.24
2014,8,8,-18.175,147.425,0.7955801104972375,24.24
2014,8,9,-18.175,147.425,0.8176795580110497,24.17
2014,8,10,-18.175,147.425,0.8397790055248618,24.03
2014,8,11,-18.175,147.425,0.861878453038674,24.23
2014,8,12,-18.175,147.425,0.8839779005524862,24.09
2014,8,13,-18.175,147.425,0.9060773480662984,24.03
2014,8,14,-18.175,147.425,0.9281767955801105,23.9
2014,8,15,-18.175,147.425,0.9502762430939227,23.67
2014,8,16,-18.175,147.425,0.9723756906077348,23.91
2014,8,17,-18.175,147.425,0.994475138121547,24.03
2014,8,18,-18.175,147.425,1.0165745856353592,23.95
2014,8,19,-18.175,147.425,1.0386740331491713,23.95
2014,8,20,-18.175,147.425,1.0607734806629834,23.98
2014,8,21,-18.175,147.425,1.0828729281767955,23.91
2014,8,22,-18.175,147.425,1.1049723756906078,23.66
2014,8,23,-18.175,147.425,1.12707182320442,24.03
2014,8,24,-18.175,147.425,1.149171270718232,24.14
2014,8,25,-18.175,147.425,1.171270718232044,24.15
2014,8,26,-18.175,147.425,1.1933701657458564,23.98
2014,8,27,-18.175,147.425,1.2154696132596685,23.85
2014,8,28,-18.175,147.425,1.2375690607734806,24.0
2014,8,29,-18.175,147.425,1.2596685082872927,23.98
2014,8,30,-18.175,147.425,1.281767955801105,24.17
2014,8,31,-18.175,147.425,1.3038674033149171,24.04
2014,9,1,-18.175,147.425,1.3259668508287292,24.05
2014,9,2,-18.175,147.425,1.3480662983425415,24.4
2014,9,3,-18.175,147.425,1.3701657458563536,24.22
2014,9,4,-18.175,147.425,1.3922651933701657,24.14
2014,9,5,-18.175,147.425,1.4143646408839778,24.28
2014,9,6,-18.175,147.425,1.4364640883977902,24.15
2014,9,7,-18.175,147.425,1.4585635359116023,24.17
2014,9,8,-18.175,147.425,1.4806629834254144,24.49
2014,9,9,-18.175,147.425,1.5027624309392265,24.74
2014,9,10,-18.175,147.425,1.5248618784530388,24.61
2014,9,11,-18.175,147.425,1.5469613259668509,24.87
2014,9,12,-18.175,147.425,1.569060773480663,24.53
2014,9,13,-18.175,147.425,1.591160220994475,24.23
2014,9,14,-18.175,147.425,1.6132596685082874,24.28
2014,9,15,-18.175,147.425,1.6353591160220995,24.28
2014,9,16,-18.175,147.425,1.6574585635359116,24.39
2014,9,17,-18.175,147.425,1.6795580110497237,24.39
2014,9,18,-18.175,147.425,1.701657458563536,24.46
2014,9,19,-18.175,147.425,1.723756906077348,24.38
2014,9,20,-18.175,147.425,1.7458563535911602,24.34
2014,9,21,-18.175,147.425,1.7679558011049723,24.2
2014,9,22,-18.175,147.425,1.7900552486187846,24.39
2014,9,23,-18.175,147.425,1.8121546961325967,24.51
2014,9,24,-18.175,147.425,1.8342541436464088,24.7
2014,9,25,-18.175,147.425,1.856353591160221,24.82
2014,9,26,-18.175,147.425,1.8784530386740332,25.18
2014,9,27,-18.175,147.425,1.9005524861878453,25.17
2014,9,28,-18.175,147.425,1.9226519337016574,25.05
2014,9,29,-18.175,147.425,1.9447513812154695,25.19
2014,9,30,-18.175,147.425,1.9668508287292819,24.93
2014,10,1,-18.175,147.425,1.988950276243094,25.07
2014,10,2,-18.175,147.425,2.0110497237569063,24.88
2014,10,3,-18.175,147.425,2.0331491712707184,24.86
2014,10,4,-18.175,147.425,2.0552486187845305,24.82
2014,10,5,-18.175,147.425,2.0773480662983426,24.84
2014,10,6,-18.175,147.425,2.0994475138121547,24.83
2014,10,7,-18.175,147.425,2.1215469613259668,25.09
2014,10,8,-18.175,147.425,2.143646408839779,25.15
2014,10,9,-18.175,147.425,2.165745856353591,25.25
2014,10,10,-18.175,147.425,2.1878453038674035,25.25
2014,10,11,-18.175,147.425,2.2099447513812156,25.32
2014,10,12,-18.175,147.425,2.2320441988950277,25.36
2014,10,13,-18.175,147.425,2.25414364640884,25.33
2014,10,14,-18.175,147.425,2.276243093922652,25.41
2014,10,15,-18.175,147.425,2.298342541436464,25.33
2014,10,16,-18.175,147.425,2.320441988950276,25.18
2014,10,17,-18.175,147.425,2.342541436464088,25.11
2014,10,18,-18.175,147.425,2.3646408839779007,25.24
2014,10,19,-18.175,147.425,2.386740331491713,24.98
2014,10,20,-18.175,147.425,2.408839779005525,25.2
2014,10,21,-18.175,147.425,2.430939226519337,25.15
2014,10,22,-18.175,147.425,2.453038674033149,24.85
2014,10,23,-18.175,147.425,2.4751381215469612,25.03
2014,10,24,-18.175,147.425,2.4972375690607733,25.04
2014,10,25,-18.175,147.425,2.5193370165745854,25.12
2014,10,26,-18.175,147.425,2.541436464088398,25.06
2014,10,27,-18.175,147.425,2.56353591160221,25.41
2014,10,28,-18.175,147.425,2.585635359116022,25.66
2014,10,29,-18.175,147.425,2.6077348066298343,25.92
2014,10,30,-18.175,147.425,2.6298342541436464,25.71
2014,10,31,-18.175,147.425,2.6519337016574585,25.86
2014,11,1,-18.175,147.425,2.6740331491712706,25.88
2014,11,2,-18.175,147.425,2.696132596685083,26.2
2014,11,3,-18.175,147.425,2.718232044198895,26.13
2014,11,4,-18.175,147.425,2.7403314917127073,26.14
2014,11,5,-18.175,147.425,2.7624309392265194,26.32
2014,11,6,-18.175,147.425,2.7845303867403315,26.22
2014,11,7,-18.175,147.425,2.8066298342541436,26.28
2014,11,8,-18.175,147.425,2.8287292817679557,26.42
2014,11,9,-18.175,147.425,2.850828729281768,26.55
2014,11,10,-18.175,147.425,2.8729281767955803,26.57
2014,11,11,-18.175,147.425,2.8950276243093924,26.58
2014,11,12,-18.175,147.425,2.9171270718232045,26.62
2014,11,13,-18.175,147.425,2.9392265193370166,26.67
2014,11,14,-18.175,147.425,2.9613259668508287,26.53
2014,11,15,-18.175,147.425,2.983425414364641,26.63
2014,11,16,-18.175,147.425,3.005524861878453,26.88
2014,11,17,-18.175,147.425,3.027624309392265,27.12
2014,11,18,-18.175,147.425,3.0497237569060776,27.35
2014,11,19,-18.175,147.425,3.0718232044198897,27.23
2014,11,20,-18.175,147.425,3.0939226519337018,27.37
2014,11,21,-18.175,147.425,3.116022099447514,27.36
2014,11,22,-18.175,147.425,3.138121546961326,27.33
2014,11,23,-18.175,147.425,3.160220994475138,27.26
2014,11,24,-18.175,147.425,3.18232044198895,27.35
2014,11,25,-18.175,147.425,3.2044198895027622,27.52
2014,11,26,-18.175,147.425,3.226519337016575,27.47
2014,11,27,-18.175,147.425,3.248618784530387,27.53
2014,11,28,-18.175,147.425,3.270718232044199,27.48
2014,11,29,-18.175,147.425,3.292817679558011,27.28
2014,11,30,-18.175,147.425,3.314917127071823,27.23
2014,12,1,-18.175,147.425,3.3370165745856353,27.39
2014,12,2,-18.175,147.425,3.3591160220994474,27.47
2014,12,3,-18.175,147.425,3.3812154696132595,27.47
2014,12,4,-18.175,147.425,3.403314917127072,27.64
2014,12,5,-18.175,147.425,3.425414364640884,27.58
2014,12,6,-18.175,147.425,3.447513812154696,27.35
2014,12,7,-18.175,147.425,3.4696132596685083,27.64
2014,12,8,-18.175,147.425,3.4917127071823204,27.66
2014,12,9,-18.175,147.425,3.5138121546961325,28.43
2014,12,10,-18.175,147.425,3.5359116022099446,28.55
2014,12,11,-18.175,147.425,3.5580110497237567,28.51
2014,12,12,-18.175,147.425,3.5801104972375692,28.44
2014,12,13,-18.175,147.425,3.6022099447513813,28.38
2014,12,14,-18.175,147.425,3.6243093922651934,28.42
2014,12,15,-18.175,147.425,3.6464088397790055,28.52
2014,12,16,-18.175,147.425,3.6685082872928176,28.89
2014,12,17,-18.175,147.425,3.6906077348066297,28.92
2014,12,18,-18.175,147.425,3.712707182320442,28.93
2014,12,19,-18.175,147.425,3.734806629834254,28.65
2014,12,20,-18.175,147.425,3.7569060773480665,28.59
2014,12,21,-18.175,147.425,3.7790055248618786,28.59
2014,12,22,-18.175,147.425,3.8011049723756907,28.91
2014,12,23,-18.175,147.425,3.8232044198895028,28.86
2014,12,24,-18.175,147.425,3.845303867403315,28.93
2014,12,25,-18.175,147.425,3.867403314917127,28.84
2014,12,26,-18.175,147.425,3.889502762430939,28.8
2014,12,27,-18.175,147.425,3.911602209944751,28.91
2014,12,28,-18.175,147.425,3.9337016574585637,28.85
2014,12,29,-18.175,147.425,3.955801104972376,29.16
2014,12,30,-18.175,147.425,3.977900552486188,28.99
2014,12,31,-18.175,147.425,4.0,29.09
2015,1,1,-18.175,147.425,4.0,29.27
2015,1,2,-18.175,147.425,3.977900552486188,29.17
2015,1,3,-18.175,147.425,3.955801104972376,28.87
2015,1,4,-18.175,147.425,3.9337016574585637,29.05
2015,1,5,-18.175,147.425,3.911602209944751,28.87
2015,1,6,-18.175,147.425,3.889502762430939,29.01
2015,1,7,-18.175,147.425,3.867403314917127,28.77
2015,1,8,-18.175,147.425,3.845303867403315,28.79
2015,1,9,-18.175,147.425,3.8232044198895028,28.76
2015,1,10,-18.175,147.425,3.8011049723756907,28.62
2015,1,11,-18.175,147.425,3.7790055248618786,28.51
2015,1,12,-18.175,147.425,3.7569060773480665,28.99
2015,1,13,-18.175,147.425,3.734806629834254,29.36
2015,1,14,-18.175,147.425,3.712707182320442,28.75
2015,1,15,-18.175,147.425,3.6906077348066297,29.68
2015,1,16,-18.175,147.425,3.6685082872928176,29.99
2015,1,17,-18.175,147.425,3.6464088397790055,29.5
2015,1,18,-18.175,147.425,3.6243093922651934,29.61
2015,1,19,-18.175,147.425,3.6022099447513813,29.75
2015,1,20,-18.175,147.425,3.5801104972375692,29.87
2015,1,21,-18.175,147.425,3.5580110497237567,29.67
2015,1,22,-18.175,147.425,3.5359116022099446,29.23
2015,1,23,-18.175,147.425,3.5138121546961325,28.89
2015,1,24,-18.175,147.425,3.4917127071823204,29.35
2015,1,25,-18.175,147.425,3.4696132596685083,29.49
2015,1,26,-18.175,147.425,3.447513812154696,29.71
2015,1,27,-18.175,147.425,3.425414364640884,29.31
2015,1,28,-18.175,147.425,3.403314917127072,29.54
2015,1,29,-18.175,147.425,3.3812154696132595,29.65
2015,1,30,-18.175,147.425,3.3591160220994474,29.6
2015,1,31,-18.175,147.425,3.3370165745856353,29.58
2015,2,1,-18.175,147.425,3.314917127071823,29.85
2015,2,2,-18.175,147.425,3.292817679558011,29.29
2015,2,3,-18.175,147.425,3.270718232044199,29.57
2015,2,4,-18.175,147.425,3.248618784530387,29.51
2015,2,5,-18.175,147.425,3.226519337016575,29.48
2015,2,6,-18.175,147.425,3.2044198895027622,29.36
2015,2,7,-18.175,147.425,3.18232044198895,29.16
2015,2,8,-18.175,147.425,3.160220994475138,28.9
2015,2,9,-18.175,147.425,3.138121546961326,28.93
2015,2,10,-18.175,147.425,3.116022099447514,28.65
2015,2,11,-18.175,147.425,3.0939226519337018,28.84
2015,2,12,-18.175,147.425,3.0718232044198897,28.74
2015,2,13,-18.175,147.425,3.0497237569060776,28.75
2015,2,14,-18.175,147.425,3.027624309392265,28.23
2015,2,15,-18.175,147.425,3.005524861878453,28.36
2015,2,16,-18.175,147.425,2.983425414364641,28.09
2015,2,17,-18.175,147.425,2.9613259668508287,28.22
2015,2,18,-18.175,147.425,2.9392265193370166,28.22
2015,2,19,-18.175,147.425,2.9171270718232045,28.25
2015,2,20,-18.175,147.425,2.8950276243093924,28.62
2015,2,21,-18.175,147.425,2.8729281767955803,28.87
2015,2,22,-18.175,147.425,2.850828729281768,29.17
2015,2,23,-18.175,147.425,2.8287292817679557,29.67
2015,2,24,-18.175,147.425,2.8066298342541436,29.54
2015,2,25,-18.175,147.425,2.7845303867403315,29.6
2015,2,26,-18.175,147.425,2.7624309392265194,29.39
2015,2,27,-18.175,147.425,2.7403314917127073,29.36
2015,2,28,-18.175,147.425,2.718232044198895,29.52
2015,3,1,-18.175,147.425,2.696132596685083,29.64
2015,3,2,-18.175,147.425,2.6740331491712706,29.64
2015,3,3,-18.175,147.425,2.6519337016574585,29.33
2015,3,4,-18.175,147.425,2.6298342541436464,29.28
2015,3,5,-18.175,147.425,2.6077348066298343,29.7
2015,3,6,-18.175,147.425,2.585635359116022,29.78
2015,3,7,-18.175,147.425,2.56353591160221,29.51
2015,3,8,-18.175,147.425,2.541436464088398,29.2
2015,3,9,-18.175,147.425,2.5193370165745854,29.18
2015,3,10,-18.175,147.425,2.4972375690607733,29.1
2015,3,11,-18.175,147.425,2.4751381215469612,28.72
2015,3,12,-18.175,147.425,2.453038674033149,28.26
2015,3,13,-18.175,147.425,2.430939226519337,28.36
2015,3,14,-18.175,147.425,2.408839779005525,28.8
2015,3,15,-18.175,147.425,2.386740331491713,28.88
2015,3,16,-18.175,147.425,2.3646408839779007,28.66
2015,3,17,-18.175,147.425,2.342541436464088,28.43
2015,3,18,-18.175,147.425,2.320441988950276,28.3
2015,3,19,-18.175,147.425,2.298342541436464,28.37
2015,3,20,-18.175,147.425,2.276243093922652,28.69
2015,3,21,-18.175,147.425,2.25414364640884,28.56
2015,3,22,-18.175,147.425,2.2320441988950277,28.52
2015,3,23,-18.175,147.425,2.2099447513812156,28.54
2015,3,24,-18.175,147.425,2.1878453038674035,28.83
2015,3,25,-18.175,147.425,2.165745856353591,28.9
2015,3,26,-18.175,147.425,2.143646408839779,28.64
2015,3,27,-18.175,147.425,2.1215469613259668,28.48
2015,3,28,-18.175,147.425,2.0994475138121547,28.33
2015,3,29,-18.175,147.425,2.0773480662983426,28.51
2015,3,30,-18.175,147.425,2.0552486187845305,28.53
2015,3,31,-18.175,147.425,2.0331491712707184,28.35
2015,4,1,-18.175,147.425,2.0110497237569063,28.26
2015,4,2,-18.175,147.425,1.988950276243094,28.18
2015,4,3,-18.175,147.425,1.9668508287292819,28.44
2015,4,4,-18.175,147.425,1.9447513812154695,28.52
2015,4,5,-18.175,147.425,1.9226519337016574,28.82
2015,4,6,-18.175,147.425,1.9005524861878453,28.5
2015,4,7,-18.175,147.425,1.8784530386740332,28.44
2015,4,8,-18.175,147.425,1.856353591160221,28.24
2015,4,9,-18.175,147.425,1.8342541436464088,27.92
2015,4,10,-18.175,147.425,1.8121546961325967,27.84
2015,4,11,-18.175,147.425,1.7900552486187846,27.98
2015,4,12,-18.175,147.425,1.7679558011049723,27.99
2015,4,13,-18.175,147.425,1.7458563535911602,27.94
2015,4,14,-18.175,147.425,1.723756906077348,27.85
2015,4,15,-18.175,147.425,1.701657458563536,27.8
2015,4,16,-18.175,147.425,1.6795580110497237,27.78
2015,4,17,-18.175,147.425,1.6574585635359116,27.67
2015,4,18,-18.175,147.425,1.6353591160220995,27.83
2015,4,19,-18.175,147.425,1.6132596685082874,27.71
2015,4,20,-18.175,147.425,1.591160220994475,27.57
2015,4,21,-18.175,147.425,1.569060773480663,27.37
2015,4,22,-18.175,147.425,1.5469613259668509,27.61
2015,4,23,-18.175,147.425,1.5248618784530388,27.54
2015,4,24,-18.175,147.425,1.5027624309392265,27.38
2015,4,25,-18.175,147.425,1.4806629834254144,27.84
2015,4,26,-18.175,147.425,1.4585635359116023,27.49
2015,4,27,-18.175,147.425,1.4364640883977902,27.44
2015,4,28,-18.175,147.425,1.4143646408839778,27.41
2015,4,29,-18.175,147.425,1.3922651933701657,27.22
2015,4,30,-18.175,147.425,1.3701657458563536,27.09
2015,5,1,-18.175,147.425,1.3480662983425415,27.12
2015,5,2,-18.175,147.425,1.3259668508287292,27.37
2015,5,3,-18.175,147.425,1.3038674033149171,27.4
2015,5,4,-18.175,147.425,1.281767955801105,27.47
2015,5,5,-18.175,147.425,1.2596685082872927,27.33
2015,5,6,-18.175,147.425,1.2375690607734806,27.34
2015,5,7,-18.175,147.425,1.2154696132596685,27.27
2015,5,8,-18.175,147.425,1.1933701657458564,27.13
2015,5,9,-18.175,147.425,1.171270718232044,27.07
2015,5,10,-18.175,147.425,1.149171270718232,26.94
2015,5,11,-18.175,147.425,1.12707182320442,26.99
2015,5,12,-18.175,147.425,1.1049723756906078,26.89
2015,5,13,-18.175,147.425,1.0828729281767955,26.83
2015,5,14,-18.175,147.425,1.0607734806629834,26.64
2015,5,15,-18.175,147.425,1.0386740331491713,26.37
2015,5,16,-18.175,147.425,1.0165745856353592,26.39
2015,5,17,-18.175,147.425,0.994475138121547,26.03
2015,5,18,-18.175,147.425,0.9723756906077348,25.84
2015,5,19,-18.175,147.425,0.9502762430939227,26.01
2015,5,20,-18.175,147.425,0.9281767955801105,26.07
2015,5,21,-18.175,147.425,0.9060773480662984,26.18
2015,5,22,-18.175,147.425,0.8839779005524862,26.14
2015,5,23,-18.175,147.425,0.861878453038674,25.95
2015,5,24,-18.175,147.425,0.8397790055248618,25.8
2015,5,25,-18.175,147.425,0.8176795580110497,25.71
2015,5,26,-18.175,147.425,0.7955801104972375,25.6
2015,5,27,-18.175,147.425,0.7734806629834254,25.61
2015,5,28,-18.175,147.425,0.7513812154696132,25.56
2015,5,29,-18.175,147.425,0.7292817679558011,25.53
2015,5,30,-18.175,147.425,0.7071823204419889,25.46
2015,5,31,-18.175,147.425,0.6850828729281768,26.15
2015,6,1,-18.175,147.425,0.6629834254143646,26.01
2015,6,2,-18.175,147.425,0.6408839779005525,25.78
2015,6,3,-18.175,147.425,0.6187845303867403,25.66
2015,6,4,-18.175,147.425,0.5966850828729282,25.73
2015,6,5,-18.175,147.425,0.574585635359116,25.62
2015,6,6,-18.175,147.425,0.5524861878453039,25.67
2015,6,7,-18.175,147.425,0.5303867403314917,25.7
2015,6,8,-18.175,147.425,0.5082872928176796,25.42
2015,6,9,-18.175,147.425,0.4861878453038674,25.24
2015,6,10,-18.175,147.425,0.46408839779005523,25.07
2015,6,11,-18.175,147.425,0.4419889502762431,25.18
2015,6,12,-18.175,147.425,0.4198895027624309,25.08
2015,6,13,-18.175,147.425,0.39779005524861877,25.07
2015,6,14,-18.175,147.425,0.3756906077348066,25.05
2015,6,15,-18.175,147.425,0.35359116022099446,24.87
2015,6,16,-18.175,147.425,0.3314917127071823,25.09
2015,6,17,-18.175,147.425,0.30939226519337015,25.4
2015,6,18,-18.175,147.425,0.287292817679558,25.31
2015,6,19,-18.175,147.425,0.26519337016574585,25.4
2015,6,20,-18.175,147.425,0.2430939226519337,25.13
2015,6,21,-18.175,147.425,0.22099447513812154,24.93
2015,6,22,-18.175,147.425,0.19889502762430938,25.12
2015,6,23,-18.175,147.425,0.17679558011049723,25.1
2015,6,24,-18.175,147.425,0.15469613259668508,24.96
2015,6,25,-18.175,147.425,0.13259668508287292,25.25
2015,6,26,-18.175,147.425,0.11049723756906077,25.11
2015,6,27,-18.175,147.425,0.08839779005524862,24.96
2015,6,28,-18.175,147.425,0.06629834254143646,24.96
2015,6,29,-18.175,147.425,0.04419889502762431,25.0
2015,6,30,-18.175,147.425,0.022099447513812154,24.87
2015,7,1,-18.175,147.425,0.0,25.05
2015,7,2,-18.175,147.425,0.0,25.28
2015,7,3,-18.175,147.425,0.0,25.27
2015,7,4,-18.175,147.425,0.022099447513812154,25.15
2015,7,5,-18.175,147.425,0.04419889502762431,25.08
2015,7,6,-18.175,147.425,0.06629834254143646,25.27
2015,7,7,-18.175,147.425,0.08839779005524862,25.35
2015,7,8,-18.175,147.425,0.11049723756906077,25.18
2015,7,9,-18.175,147.425,0.13259668508287292,25.05
2015,7,10,-18.175,147.425,0.15469613259668508,24.95
2015,7,11,-18.175,147.425,0.17679558011049723,24.95
2015,7,12,-18.175,147.425,0.19889502762430938,24.84
2015,7,13,-18.175,147.425,0.22099447513812154,24.42
2015,7,14,-18.175,147.425,0.2430939226519337,25.05
2015,7,15,-18.175,147.425,0.26519337016574585,24.73
2015,7,16,-18.175,147.425,0.287292817679558,24.81
2015,7,17,-18.175,147.425,0.30939226519337015,24.73
2015,7,18,-18.175,147.425,0.3314917127071823,24.65
2015,7,19,-18.175,147.425,0.35359116022099446,24.5
2015,7,20,-18.175,147.425,0.3756906077348066,23.74
2015,7,21,-18.175,147.425,0.39779005524861877,24.0
2015,7,22,-18.175,147.425,0.4198895027624309,24.35
2015,7,23,-18.175,147.425,0.4419889502762431,24.46
2015,7,24,-18.175,147.425,0.46408839779005523,24.67
2015,7,25,-18.175,147.425,0.4861878453038674,24.61
2015,7,26,-18.175,147.425,0.5082872928176796,24.7
2015,7,27,-18.175,147.425,0.5303867403314917,24.74
2015,7,28,-18.175,147.425,0.5524861878453039,24.48
2015,7,29,-18.175,147.425,0.574585635359116,24.38
2015,7,30,-18.175,147.425,0.5966850828729282,24.18
2015,7,31,-18.175,147.425,0.6187845303867403,24.32
2015,8,1,-18.175,147.425,0.6408839779005525,24.35
2015,8,2,-18.175,147.425,0.6629834254143646,24.5
2015,8,3,-18.175,147.425,0.6850828729281768,24.4
2015,8,4,-18.175,147.425,0.7071823204419889,24.49
2015,8,5,-18.175,147.425,0.7292817679558011,24.5
2015,8,6,-18.175,147.425,0.7513812154696132,24.5
2015,8,7,-18.175,147.425,0.7734806629834254,24.33
2015,8,8,-18.175,147.425,0.7955801104972375,24.19
2015,8,9,-18.175,147.425,0.8176795580110497,24.18
2015,8,10,-18.175,147.425,0.8397790055248618,24.38
2015,8,11,-18.175,147.425,0.861878453038674,24.75
2015,8,12,-18.175,147.425,0.8839779005524862,23.99
2015,8,13,-18.175,147.425,0.9060773480662984,24.36
2015,8,14,-18.175,147.425,0.9281767955801105,24.29
2015,8,15,-18.175,147.425,0.9502762430939227,24.18
2015,8,16,-18.175,147.425,0.9723756906077348,24.19
2015,8,17,-18.175,147.425,0.994475138121547,24.39
2015,8,18,-18.175,147.425,1.0165745856353592,24.4
2015,8,19,-18.175,147.425,1.0386740331491713,24.54
2015,8,20,-18.175,147.425,1.0607734806629834,24.02
2015,8,21,-18.175,147.425,1.0828729281767955,24.44
2015,8,22,-18.175,147.425,1.1049723756906078,24.47
2015,8,23,-18.175,147.425,1.12707182320442,24.64
2015,8,24,-18.175,147.425,1.149171270718232,24.78
2015,8,25,-18.175,147.425,1.171270718232044,24.78
2015,8,26,-18.175,147.425,1.1933701657458564,24.96
2015,8,27,-18.175,147.425,1.2154696132596685,25.03
2015,8,28,-18.175,147.425,1.2375690607734806,24.88
2015,8,29,-18.175,147.425,1.2596685082872927,24.9
2015,8,30,-18.175,147.425,1.281767955801105,25.09
2015,8,31,-18.175,147.425,1.3038674033149171,25.07
2015,9,1,-18.175,147.425,1.3259668508287292,25.07
2015,9,2,-18.175,147.425,1.3480662983425415,25.38
2015,9,3,-18.175,147.425,1.3701657458563536,25.47
2015,9,4,-18.175,147.425,1.3922651933701657,25.37
2015,9,5,-18.175,147.425,1.4143646408839778,25.37
2015,9,6,-18.175,147.425,1.4364640883977902,25.32
2015,9,7,-18.175,147.425,1.4585635359116023,25.24
2015,9,8,-18.175,147.425,1.4806629834254144,25.2
2015,9,9,-18.175,147.425,1.5027624309392265,25.18
2015,9,10,-18.175,147.425,1.5248618784530388,25.05
2015,9,11,-18.175,147.425,1.5469613259668509,24.89
2015,9,12,-18.175,147.425,1.569060773480663,24.79
2015,9,13,-18.175,147.425,1.591160220994475,24.78
2015,9,14,-18.175,147.425,1.6132596685082874,24.93
2015,9,15,-18.175,147.425,1.6353591160220995,25.19
2015,9,16,-18.175,147.425,1.6574585635359116,25.3
2015,9,17,-18.175,147.425,1.6795580110497237,25.47
2015,9,18,-18.175,147.425,1.701657458563536,25.33
2015,9,19,-18.175,147.425,1.723756906077348,25.19
2015,9,20,-18.175,147.425,1.7458563535911602,25.27
2015,9,21,-18.175,147.425,1.7679558011049723,25.35
2015,9,22,-18.175,147.425,1.7900552486187846,25.32
2015,9,23,-18.175,147.425,1.8121546961325967,25.23
2015,9,24,-18.175,147.425,1.8342541436464088,25.04
2015,9,25,-18.175,147.425,1.856353591160221,24.94
2015,9,26,-18.175,147.425,1.8784530386740332,25.01
2015,9,27,-18.175,147.425,1.9005524861878453,24.88
2015,9,28,-18.175,147.425,1.9226519337016574,24.98
2015,9,29,-18.175,147.425,1.9447513812154695,25.04
2015,9,30,-18.175,147.425,1.9668508287292819,25.01
2015,10,1,-18.175,147.425,1.988950276243094,24.84
2015,10,2,-18.175,147.425,2.0110497237569063,24.78
2015,10,3,-18.175,147.425,2.0331491712707184,24.72
2015,10,4,-18.175,147.425,2.0552486187845305,24.93
2015,10,5,-18.175,147.425,2.0773480662983426,24.71
2015,10,6,-18.175,147.425,2.0994475138121547,24.85
2015,10,7,-18.175,147.425,2.1215469613259668,24.97
2015,10,8,-18.175,147.425,2.143646408839779,24.98
2015,10,9,-18.175,147.425,2.165745856353591,24.86
2015,10,10,-18.175,147.425,2.1878453038674035,24.68
2015,10,11,-18.175,147.425,2.2099447513812156,24.76
2015,10,12,-18.175,147.425,2.2320441988950277,24.82
2015,10,13,-18.175,147.425,2.25414364640884,24.81
2015,10,14,-18.175,147.425,2.276243093922652,24.9
2015,10,15,-18.175,147.425,2.298342541436464,24.88
2015,10,16,-18.175,147.425,2.320441988950276,24.88
2015,10,17,-18.175,147.425,2.342541436464088,24.82
2015,10,18,-18.175,147.425,2.3646408839779007,24.88
2015,10,19,-18.175,147.425,2.386740331491713,24.92
2015,10,20,-18.175,147.425,2.408839779005525,24.91
2015,10,21,-18.175,147.425,2.430939226519337,25.15
2015,10,22,-18.175,147.425,2.453038674033149,25.67
2015,10,23,-18.175,147.425,2.4751381215469612,25.89
2015,10,24,-18.175,147.425,2.4972375690607733,25.65
2015,10,25,-18.175,147.425,2.5193370165745854,25.78
2015,10,26,-18.175,147.425,2.541436464088398,25.75
2015,10,27,-18.175,147.425,2.56353591160221,25.76
2015,10,28,-18.175,147.425,2.585635359116022,25.86
2015,10,29,-18.175,147.425,2.6077348066298343,25.95
2015,10,30,-18.175,147.425,2.6298342541436464,25.85
2015,10,31,-18.175,147.425,2.6519337016574585,25.93
2015,11,1,-18.175,147.425,2.6740331491712706,26.19
2015,11,2,-18.175,147.425,2.696132596685083,26.24
2015,11,3,-18.175,147.425,2.718232044198895,26.3
2015,11,4,-18.175,147.425,2.7403314917127073,26.24
2015,11,5,-18.175,147.425,2.7624309392265194,26.23
2015,11,6,-18.175,147.425,2.7845303867403315,26.57
2015,11,7,-18.175,147.425,2.8066298342541436,26.65
2015,11,8,-18.175,147.425,2.8287292817679557,26.65
2015,11,9,-18.175,147.425,2.850828729281768,26.64
2015,11,10,-18.175,147.425,2.8729281767955803,26.94
2015,11,11,-18.175,147.425,2.8950276243093924,27.12
2015,11,12,-18.175,147.425,2.9171270718232045,27.03
2015,11,13,-18.175,147.425,2.9392265193370166,27.08
2015,11,14,-18.175,147.425,2.9613259668508287,27.36
2015,11,15,-18.175,147.425,2.983425414364641,27.31
2015,11,16,-18.175,147.425,3.005524861878453,27.29
2015,11,17,-18.175,147.425,3.027624309392265,27.35
2015,11,18,-18.175,147.425,3.0497237569060776,27.25
2015,11,19,-18.175,147.425,3.0718232044198897,27.35
2015,11,20,-18.175,147.425,3.0939226519337018,27.22
2015,11,21,-18.175,147.425,3.116022099447514,27.2
2015,11,22,-18.175,147.425,3.138121546961326,27.18
2015,11,23,-18.175,147.425,3.160220994475138,27.13
2015,11,24,-18.175,147.425,3.18232044198895,27.31
2015,11,25,-18.175,147.425,3.2044198895027622,27.49
2015,11,26,-18.175,147.425,3.226519337016575,27.66
2015,11,27,-18.175,147.425,3.248618784530387,27.98
2015,11,28,-18.175,147.425,3.270718232044199,27.99
2015,11,29,-18.175,147.425,3.292817679558011,28.09
2015,11,30,-18.175,147.425,3.314917127071823,27.85
2015,12,1,-18.175,147.425,3.3370165745856353,27.8
2015,12,2,-18.175,147.425,3.3591160220994474,27.74
2015,12,3,-18.175,147.425,3.3812154696132595,27.68
2015,12,4,-18.175,147.425,3.403314917127072,27.75
2015,12,5,-18.175,147.425,3.425414364640884,27.77
2015,12,6,-18.175,147.425,3.447513812154696,27.81
2015,12,7,-18.175,147.425,3.4696132596685083,27.9
2015,12,8,-18.175,147.425,3.4917127071823204,27.87
2015,12,9,-18.175,147.425,3.5138121546961325,27.85
2015,12,10,-18.175,147.425,3.5359116022099446,28.04
2015,12,11,-18.175,147.425,3.5580110497237567,28.39
2015,12,12,-18.175,147.425,3.5801104972375692,28.2
2015,12,13,-18.175,147.425,3.6022099447513813,28.03
2015,12,14,-18.175,147.425,3.6243093922651934,28.34
2015,12,15,-18.175,147.425,3.6464088397790055,28.26
2015,12,16,-18.175,147.425,3.6685082872928176,28.3
2015,12,17,-18.175,147.425,3.6906077348066297,28.24
2015,12,18,-18.175,147.425,3.712707182320442,27.91
2015,12,19,-18.175,147.425,3.734806629834254,28.14
2015,12,20,-18.175,147.425,3.7569060773480665,28.08
2015,12,21,-18.175,147.425,3.7790055248618786,27.74
2015,12,22,-18.175,147.425,3.8011049723756907,27.86
2015,12,23,-18.175,147.425,3.8232044198895028,27.89
2015,12,24,-18.175,147.425,3.845303867403315,28.28
2015,12,25,-18.175,147.425,3.867403314917127,28.13
2015,12,26,-18.175,147.425,3.889502762430939,28.37
2015,12,27,-18.175,147.425,3.911602209944751,28.17
2015,12,28,-18.175,147.425,3.9337016574585637,28.25
2015,12,29,-18.175,147.425,3.955801104972376,28.4
2015,12,30,-18.175,147.425,3.977900552486188,28.38
2015,12,31,-18.175,147.425,4.0,28.06
2016,1,1,-18.175,147.425,4.0,28.06
2016,1,2,-18.175,147.425,3.977900552486188,27.91
2016,1,3,-18.175,147.425,3.955801104972376,28.22
2016,1,4,-18.175,147.425,3.9337016574585637,28.73
2016,1,5,-18.175,147.425,3.911602209944751,28.92
2016,1,6,-18.175,147.425,3.889502762430939,28.96
2016,1,7,-18.175,147.425,3.867403314917127,28.63
2016,1,8,-18.175,147.425,3.845303867403315,29.09
2016,1,9,-18.175,147.425,3.8232044198895028,29.11
2016,1,10,-18.175,147.425,3.8011049723756907,28.86
2016,1,11,-18.175,147.425,3.7790055248618786,28.52
2016,1,12,-18.175,147.425,3.7569060773480665,28.78
2016,1,13,-18.175,147.425,3.734806629834254,28.93
2016,1,14,-18.175,147.425,3.712707182320442,28.81
2016,1,15,-18.175,147.425,3.6906077348066297,28.92
2016,1,16,-18.175,147.425,3.6685082872928176,28.72
2016,1,17,-18.175,147.425,3.6464088397790055,29.03
2016,1,18,-18.175,147.425,3.6243093922651934,28.88
2016,1,19,-18.175,147.425,3.6022099447513813,29.1
2016,1,20,-18.175,147.425,3.5801104972375692,29.09
2016,1,21,-18.175,147.425,3.5580110497237567,28.93
2016,1,22,-18.175,147.425,3.5359116022099446,29.15
2016,1,23,-18.175,147.425,3.5138121546961325,29.45
2016,1,24,-18.175,147.425,3.4917127071823204,29.32
2016,1,25,-18.175,147.425,3.4696132596685083,29.17
2016,1,26,-18.175,147.425,3.447513812154696,28.84
2016,1,27,-18.175,147.425,3.425414364640884,29.28
2016,1,28,-18.175,147.425,3.403314917127072,29.44
2016,1,29,-18.175,147.425,3.3812154696132595,29.37
2016,1,30,-18.175,147.425,3.3591160220994474,29.42
2016,1,31,-18.175,147.425,3.3370165745856353,29.46
2016,2,1,-18.175,147.425,3.314917127071823,29.4
2016,2,2,-18.175,147.425,3.292817679558011,29.9
2016,2,3,-18.175,147.425,3.270718232044199,29.76
2016,2,4,-18.175,147.425,3.248618784530387,29.85
2016,2,5,-18.175,147.425,3.226519337016575,29.75
2016,2,6,-18.175,147.425,3.2044198895027622,29.6
2016,2,7,-18.175,147.425,3.18232044198895,30.18
2016,2,8,-18.175,147.425,3.160220994475138,29.46
2016,2,9,-18.175,147.425,3.138121546961326,29.7
2016,2,10,-18.175,147.425,3.116022099447514,29.44
2016,2,11,-18.175,147.425,3.0939226519337018,29.58
2016,2,12,-18.175,147.425,3.0718232044198897,29.52
2016,2,13,-18.175,147.425,3.0497237569060776,29.63
2016,2,14,-18.175,147.425,3.027624309392265,29.85
2016,2,15,-18.175,147.425,3.005524861878453,29.73
2016,2,16,-18.175,147.425,2.983425414364641,29.72
2016,2,17,-18.175,147.425,2.9613259668508287,30.65
2016,2,18,-18.175,147.425,2.9392265193370166,30.08
2016,2,19,-18.175,147.425,2.9171270718232045,30.15
2016,2,20,-18.175,147.425,2.8950276243093924,30.45
2016,2,21,-18.175,147.425,2.8729281767955803,29.85
2016,2,22,-18.175,147.425,2.850828729281768,29.59
2016,2,23,-18.175,147.425,2.8287292817679557,29.58
2016,2,24,-18.175,147.425,2.8066298342541436,29.73
2016,2,25,-18.175,147.425,2.7845303867403315,29.69
2016,2,26,-18.175,147.425,2.7624309392265194,29.99
2016,2,27,-18.175,147.425,2.7403314917127073,29.91
2016,2,28,-18.175,147.425,2.718232044198895,30.09
2016,2,29,-18.175,147.425,2.696132596685083,30.12
2016,3,1,-18.175,147.425,2.6740331491712706,30.13
2016,3,2,-18.175,147.425,2.6519337016574585,29.99
2016,3,3,-18.175,147.425,2.6298342541436464,29.8
2016,3,4,-18.175,147.425,2.6077348066298343,29.51
2016,3,5,-18.175,147.425,2.585635359116022,29.42
2016,3,6,-18.175,147.425,2.56353591160221,29.41
2016,3,7,-18.175,147.425,2.541436464088398,29.46
2016,3,8,-18.175,147.425,2.5193370165745854,29.24
2016,3,9,-18.175,147.425,2.4972375690607733,29.14
2016,3,10,-18.175,147.425,2.4751381215469612,29.44
2016,3,11,-18.175,147.425,2.453038674033149,29.41
2016,3,12,-18.175,147.425,2.430939226519337,29.11
2016,3,13,-18.175,147.425,2.408839779005525,29.39
2016,3,14,-18.175,147.425,2.386740331491713,29.21
2016,3,15,-18.175,147.425,2.3646408839779007,29.24
2016,3,16,-18.175,147.425,2.342541436464088,29.58
2016,3,17,-18.175,147.425,2.320441988950276,29.54
2016,3,18,-18.175,147.425,2.298342541436464,29.14
2016,3,19,-18.175,147.425,2.276243093922652,29.13
2016,3,20,-18.175,147.425,2.25414364640884,29.2
2016,3,21,-18.175,147.425,2.2320441988950277,29.42
2016,3,22,-18.175,147.425,2.2099447513812156,29.59
2016,3,23,-18.175,147.425,2.1878453038674035,29.64
2016,3,24,-18.175,147.425,2.165745856353591,29.59
2016,3,25,-18.175,147.425,2.143646408839779,29.63
2016,3,26,-18.175,147.425,2.1215469613259668,29.43
2016,3,27,-18.175,147.425,2.0994475138121547,29.5
2016,3,28,-18.175,147.425,2.0773480662983426,29.44
2016,3,29,-18.175,147.425,2.0552486187845305,29.38
2016,3,30,-18.175,147.425,2.0331491712707184,29.49
2016,3,31,-18.175,147.425,2.0110497237569063,29.32
2016,4,1,-18.175,147.425,1.988950276243094,29.19
2016,4,2,-18.175,147.425,1.9668508287292819,29.21
2016,4,3,-18.175,147.425,1.9447513812154695,28.95
2016,4,4,-18.175,147.425,1.9226519337016574,28.78
2016,4,5,-18.175,147.425,1.9005524861878453,28.74
2016,4,6,-18.175,147.425,1.8784530386740332,28.73
2016,4,7,-18.175,147.425,1.856353591160221,28.5
2016,4,8,-18.175,147.425,1.8342541436464088,28.66
2016,4,9,-18.175,147.425,1.8121546961325967,28.57
2016,4,10,-18.175,147.425,1.7900552486187846,28.6
2016,4,11,-18.175,147.425,1.7679558011049723,28.62
2016,4,12,-18.175,147.425,1.7458563535911602,28.53
2016,4,13,-18.175,147.425,1.723756906077348,28.16
2016,4,14,-18.175,147.425,1.701657458563536,28.06
2016,4,15,-18.175,147.425,1.6795580110497237,28.08
2016,4,16,-18.175,147.425,1.6574585635359116,28.12
2016,4,17,-18.175,147.425,1.6353591160220995,27.75
2016,4,18,-18.175,147.425,1.6132596685082874,27.9
2016,4,19,-18.175,147.425,1.591160220994475,28.01
2016,4,20,-18.175,147.425,1.569060773480663,27.96
2016,4,21,-18.175,147.425,1.5469613259668509,28.11
2016,4,22,-18.175,147.425,1.5248618784530388,28.05
2016,4,23,-18.175,147.425,1.5027624309392265,27.79
2016,4,24,-18.175,147.425,1.4806629834254144,27.93
2016,4,25,-18.175,147.425,1.4585635359116023,27.81
2016,4,26,-18.175,147.425,1.4364640883977902,27.65
2016,4,27,-18.175,147.425,1.4143646408839778,27.75
2016,4,28,-18.175,147.425,1.3922651933701657,27.77
2016,4,29,-18.175,147.425,1.3701657458563536,27.74
2016,4,30,-18.175,147.425,1.3480662983425415,27.64
2016,5,1,-18.175,147.425,1.3259668508287292,27.71
2016,5,2,-18.175,147.425,1.3038674033149171,27.86
2016,5,3,-18.175,147.425,1.281767955801105,27.91
2016,5,4,-18.175,147.425,1.2596685082872927,27.93
2016,5,5,-18.175,147.425,1.2375690607734806,28.0
2016,5,6,-18.175,147.425,1.2154696132596685,27.92
2016,5,7,-18.175,147.425,1.1933701657458564,27.75
2016,5,8,-18.175,147.425,1.171270718232044,27.78
2016,5,9,-18.175,147.425,1.149171270718232,27.75
2016,5,10,-18.175,147.425,1.12707182320442,28.06
2016,5,11,-18.175,147.425,1.1049723756906078,27.62
2016,5,12,-18.175,147.425,1.0828729281767955,27.55
2016,5,13,-18.175,147.425,1.0607734806629834,27.36
2016,5,14,-18.175,147.425,1.0386740331491713,27.43
2016,5,15,-18.175,147.425,1.0165745856353592,27.61
2016,5,16,-18.175,147.425,0.994475138121547,27.46
2016,5,17,-18.175,147.425,0.9723756906077348,27.49
2016,5,18,-18.175,147.425,0.9502762430939227,27.59
2016,5,19,-18.175,147.425,0.9281767955801105,27.43
2016,5,20,-18.175,147.425,0.9060773480662984,26.96
2016,5,21,-18.175,147.425,0.8839779005524862,26.97
2016,5,22,-18.175,147.425,0.861878453038674,27.06
2016,5,23,-18.175,147.425,0.8397790055248618,27.32
2016,5,24,-18.175,147.425,0.8176795580110497,27.08
2016,5,25,-18.175,147.425,0.7955801104972375,27.02
2016,5,26,-18.175,147.425,0.7734806629834254,26.92
2016,5,27,-18.175,147.425,0.7513812154696132,27.47
2016,5,28,-18.175,147.425,0.7292817679558011,27.35
2016,5,29,-18.175,147.425,0.7071823204419889,27.06
2016,5,30,-18.175,147.425,0.6850828729281768,27.15
2016,5,31,-18.175,147.425,0.6629834254143646,27.12
2016,6,1,-18.175,147.425,0.6408839779005525,27.26
2016,6,2,-18.175,147.425,0.6187845303867403,27.04
2016,6,3,-18.175,147.425,0.5966850828729282,26.93
2016,6,4,-18.175,147.425,0.574585635359116,27.15
2016,6,5,-18.175,147.425,0.5524861878453039,27.03
2016,6,6,-18.175,147.425,0.5303867403314917,26.88
2016,6,7,-18.175,147.425,0.5082872928176796,26.89
2016,6,8,-18.175,147.425,0.4861878453038674,26.92
2016,6,9,-18.175,147.425,0.46408839779005523,26.84
2016,6,10,-18.175,147.425,0.4419889502762431,27.09
2016,6,11,-18.175,147.425,0.4198895027624309,26.87
2016,6,12,-18.175,147.425,0.39779005524861877,26.81
2016,6,13,-18.175,147.425,0.3756906077348066,26.54
2016,6,14,-18.175,147.425,0.35359116022099446,26.44
2016,6,15,-18.175,147.425,0.3314917127071823,26.21
2016,6,16,-18.175,147.425,0.30939226519337015,26.19
2016,6,17,-18.175,147.425,0.287292817679558,26.48
2016,6,18,-18.175,147.425,0.26519337016574585,26.34
2016,6,19,-18.175,147.425,0.2430939226519337,26.09
2016,6,20,-18.175,147.425,0.22099447513812154,25.99
2016,6,21,-18.175,147.425,0.19889502762430938,26.27
2016,6,22,-18.175,147.425,0.17679558011049723,26.45
2016,6,23,-18.175,147.425,0.15469613259668508,26.39
2016,6,24,-18.175,147.425,0.13259668508287292,26.62
2016,6,25,-18.175,147.425,0.11049723756906077,26.3
2016,6,26,-18.175,147.425,0.08839779005524862,26.4
2016,6,27,-18.175,147.425,0.06629834254143646,26.74
2016,6,28,-18.175,147.425,0.04419889502762431,26.7
2016,6,29,-18.175,147.425,0.022099447513812154,26.45
2016,6,30,-18.175,147.425,0.0,26.49
2016,7,1,-18.175,147.425,0.0,26.59
2016,7,2,-18.175,147.425,0.0,26.31
2016,7,3,-18.175,147.425,0.0,26.05
2016,7,4,-18.175,147.425,0.022099447513812154,26.07
2016,7,5,-18.175,147.425,0.04419889502762431,26.39
2016,7,6,-18.175,147.425,0.06629834254143646,26.55
2016,7,7,-18.175,147.425,0.08839779005524862,26.27
2016,7,8,-18.175,147.425,0.11049723756906077,26.2
2016,7,9,-18.175,147.425,0.13259668508287292,25.93
2016,7,10,-18.175,147.425,0.15469613259668508,25.98
2016,7,11,-18.175,147.425,0.17679558011049723,26.02
2016,7,12,-18.175,147.425,0.19889502762430938,26.01
2016,7,13,-18.175,147.425,0.22099447513812154,25.88
2016,7,14,-18.175,147.425,0.2430939226519337,25.67
2016,7,15,-18.175,147.425,0.26519337016574585,25.42
2016,7,16,-18.175,147.425,0.287292817679558,25.43
2016,7,17,-18.175,147.425,0.30939226519337015,25.52
2016,7,18,-18.175,147.425,0.3314917127071823,25.13
2016,7,19,-18.175,147.425,0.35359116022099446,25.05
2016,7,20,-18.175,147.425,0.3756906077348066,25.46
2016,7,21,-18.175,147.425,0.39779005524861877,25.5
2016,7,22,-18.175,147.425,0.4198895027624309,25.62
2016,7,23,-18.175,147.425,0.4419889502762431,25.85
2016,7,24,-18.175,147.425,0.46408839779005523,25.98
2016,7,25,-18.175,147.425,0.4861878453038674,25.94
2016,7,26,-18.175,147.425,0.5082872928176796,26.02
2016,7,27,-18.175,147.425,0.5303867403314917,26.11
2016,7,28,-18.175,147.425,0.5524861878453039,26.02
2016,7,29,-18.175,147.425,0.574585635359116,25.74
2016,7,30,-18.175,147.425,0.5966850828729282,25.61
2016,7,31,-18.175,147.425,0.6187845303867403,25.59
2016,8,1,-18.175,147.425,0.6408839779005525,25.52
2016,8,2,-18.175,147.425,0.6629834254143646,25.65
2016,8,3,-18.175,147.425,0.6850828729281768,25.84
2016,8,4,-18.175,147.425,0.7071823204419889,25.65
2016,8,5,-18.175,147.425,0.7292817679558011,25.09
2016,8,6,-18.175,147.425,0.7513812154696132,24.71
2016,8,7,-18.175,147.425,0.7734806629834254,24.72
2016,8,8,-18.175,147.425,0.7955801104972375,24.95
2016,8,9,-18.175,147.425,0.8176795580110497,24.86
2016,8,10,-18.175,147.425,0.8397790055248618,24.93
2016,8,11,-18.175,147.425,0.861878453038674,24.97
2016,8,12,-18.175,147.425,0.8839779005524862,24.92
2016,8,13,-18.175,147.425,0.9060773480662984,24.98
2016,8,14,-18.175,147.425,0.9281767955801105,24.81
2016,8,15,-18.175,147.425,0.9502762430939227,24.62
2016,8,16,-18.175,147.425,0.9723756906077348,24.48
2016,8,17,-18.175,147.425,0.994475138121547,24.41
2016,8,18,-18.175,147.425,1.0165745856353592,24.52
2016,8,19,-18.175,147.425,1.0386740331491713,24.37
2016,8,20,-18.175,147.425,1.0607734806629834,24.48
2016,8,21,-18.175,147.425,1.0828729281767955,24.5
2016,8,22,-18.175,147.425,1.1049723756906078,24.45
2016,8,23,-18.175,147.425,1.12707182320442,25.06
2016,8,24,-18.175,147.425,1.149171270718232,25.19
2016,8,25,-18.175,147.425,1.171270718232044,24.62
2016,8,26,-18.175,147.425,1.1933701657458564,24.95
2016,8,27,-18.175,147.425,1.2154696132596685,25.22
2016,8,28,-18.175,147.425,1.2375690607734806,25.1
2016,8,29,-18.175,147.425,1.2596685082872927,24.94
2016,8,30,-18.175,147.425,1.281767955801105,24.9
2016,8,31,-18.175,147.425,1.3038674033149171,24.91
2016,9,1,-18.175,147.425,1.3259668508287292,25.21
2016,9,2,-18.175,147.425,1.3480662983425415,25.1
2016,9,3,-18.175,147.425,1.3701657458563536,25.63
2016,9,4,-18.175,147.425,1.3922651933701657,25.39
2016,9,5,-18.175,147.425,1.4143646408839778,25.35
2016,9,6,-18.175,147.425,1.4364640883977902,25.3
2016,9,7,-18.175,147.425,1.4585635359116023,25.17
2016,9,8,-18.175,147.425,1.4806629834254144,25.07
2016,9,9,-18.175,147.425,1.5027624309392265,25.38
2016,9,10,-18.175,147.425,1.5248618784530388,25.48
2016,9,11,-18.175,147.425,1.5469613259668509,25.57
2016,9,12,-18.175,147.425,1.569060773480663,25.59
2016,9,13,-18.175,147.425,1.591160220994475,25.66
2016,9,14,-18.175,147.425,1.6132596685082874,25.66
2016,9,15,-18.175,147.425,1.6353591160220995,25.63
2016,9,16,-18.175,147.425,1.6574585635359116,25.6
2016,9,17,-18.175,147.425,1.6795580110497237,25.92
2016,9,18,-18.175,147.425,1.701657458563536,26.15
2016,9,19,-18.175,147.425,1.723756906077348,26.14
2016,9,20,-18.175,147.425,1.7458563535911602,26.25
2016,9,21,-18.175,147.425,1.7679558011049723,26.28
2016,9,22,-18.175,147.425,1.7900552486187846,26.17
2016,9,23,-18.175,147.425,1.8121546961325967,25.9
2016,9,24,-18.175,147.425,1.8342541436464088,26.06
2016,9,25,-18.175,147.425,1.856353591160221,26.27
2016,9,26,-18.175,147.425,1.8784530386740332,27.43
2016,9,27,-18.175,147.425,1.9005524861878453,27.42
2016,9,28,-18.175,147.425,1.9226519337016574,27.1
2016,9,29,-18.175,147.425,1.9447513812154695,26.8
2016,9,30,-18.175,147.425,1.9668508287292819,26.97
2016,10,1,-18.175,147.425,1.988950276243094,27.11
2016,10,2,-18.175,147.425,2.0110497237569063,27.07
2016,10,3,-18.175,147.425,2.0331491712707184,26.99
2016,10,4,-18.175,147.425,2.0552486187845305,27.03
2016,10,5,-18.175,147.425,2.0773480662983426,26.73
2016,10,6,-18.175,147.425,2.0994475138121547,26.53
2016,10,7,-18.175,147.425,2.1215469613259668,26.55
2016,10,8,-18.175,147.425,2.143646408839779,26.39
2016,10,9,-18.175,147.425,2.165745856353591,26.42
2016,10,10,-18.175,147.425,2.1878453038674035,26.51
2016,10,11,-18.175,147.425,2.2099447513812156,26.48
2016,10,12,-18.175,147.425,2.2320441988950277,26.75
2016,10,13,-18.175,147.425,2.25414364640884,26.74
2016,10,14,-18.175,147.425,2.276243093922652,26.7
2016,10,15,-18.175,147.425,2.298342541436464,26.47
2016,10,16,-18.175,147.425,2.320441988950276,26.71
2016,10,17,-18.175,147.425,2.342541436464088,26.92
2016,10,18,-18.175,147.425,2.3646408839779007,26.71
2016,10,19,-18.175,147.425,2.386740331491713,26.7
2016,10,20,-18.175,147.425,2.408839779005525,26.8
2016,10,21,-18.175,147.425,2.430939226519337,26.86
2016,10,22,-18.175,147.425,2.453038674033149,26.87
2016,10,23,-18.175,147.425,2.4751381215469612,26.66
2016,10,24,-18.175,147.425,2.4972375690607733,26.61
2016,10,25,-18.175,147.425,2.5193370165745854,26.62
2016,10,26,-18.175,147.425,2.541436464088398,26.73
2016,10,27,-18.175,147.425,2.56353591160221,26.7
2016,10,28,-18.175,147.425,2.585635359116022,26.88
2016,10,29,-18.175,147.425,2.6077348066298343,26.87
2016,10,30,-18.175,147.425,2.6298342541436464,26.93
2016,10,31,-18.175,147.425,2.6519337016574585,26.99
2016,11,1,-18.175,147.425,2.6740331491712706,27.15
2016,11,2,-18.175,147.425,2.696132596685083,27.24
2016,11,3,-18.175,147.425,2.718232044198895,27.06
2016,11,4,-18.175,147.425,2.7403314917127073,26.9
2016,11,5,-18.175,147.425,2.7624309392265194,26.91
2016,11,6,-18.175,147.425,2.7845303867403315,27.33
2016,11,7,-18.175,147.425,2.8066298342541436,27.35
2016,11,8,-18.175,147.425,2.8287292817679557,27.39
2016,11,9,-18.175,147.425,2.850828729281768,27.55
2016,11,10,-18.175,147.425,2.8729281767955803,27.64
2016,11,11,-18.175,147.425,2.8950276243093924,28.09
2016,11,12,-18.175,147.425,2.9171270718232045,27.88
2016,11,13,-18.175,147.425,2.9392265193370166,27.68
2016,11,14,-18.175,147.425,2.9613259668508287,27.61
2016,11,15,-18.175,147.425,2.983425414364641,27.89
2016,11,16,-18.175,147.425,3.005524861878453,27.84
2016,11,17,-18.175,147.425,3.027624309392265,27.56
2016,11,18,-18.175,147.425,3.0497237569060776,27.34
2016,11,19,-18.175,147.425,3.0718232044198897,27.22
2016,11,20,-18.175,147.425,3.0939226519337018,27.24
2016,11,21,-18.175,147.425,3.116022099447514,27.11
2016,11,22,-18.175,147.425,3.138121546961326,27.03
2016,11,23,-18.175,147.425,3.160220994475138,27.32
2016,11,24,-18.175,147.425,3.18232044198895,27.71
2016,11,25,-18.175,147.425,3.2044198895027622,27.72
2016,11,26,-18.175,147.425,3.226519337016575,27.6
2016,11,27,-18.175,147.425,3.248618784530387,27.55
2016,11,28,-18.175,147.425,3.270718232044199,27.47
2016,11,29,-18.175,147.425,3.292817679558011,27.52
2016,11,30,-18.175,147.425,3.314917127071823,27.92
2016,12,1,-18.175,147.425,3.3370165745856353,28.0
2016,12,2,-18.175,147.425,3.3591160220994474,28.24
2016,12,3,-18.175,147.425,3.3812154696132595,28.32
2016,12,4,-18.175,147.425,3.403314917127072,28.22
2016,12,5,-18.175,147.425,3.425414364640884,28.13
2016,12,6,-18.175,147.425,3.447513812154696,28.25
2016,12,7,-18.175,147.425,3.4696132596685083,28.04
2016,12,8,-18.175,147.425,3.4917127071823204,28.14
2016,12,9,-18.175,147.425,3.5138121546961325,28.16
2016,12,10,-18.175,147.425,3.5359116022099446,28.39
2016,12,11,-18.175,147.425,3.5580110497237567,28.37
2016,12,12,-18.175,147.425,3.5801104972375692,28.11
2016,12,13,-18.175,147.425,3.6022099447513813,28.16
2016,12,14,-18.175,147.425,3.6243093922651934,28.26
2016,12,15,-18.175,147.425,3.6464088397790055,28.34
2016,12,16,-18.175,147.425,3.6685082872928176,28.45
2016,12,17,-18.175,147.425,3.6906077348066297,28.54
2016,12,18,-18.175,147.425,3.712707182320442,28.57
2016,12,19,-18.175,147.425,3.734806629834254,28.56
2016,12,20,-18.175,147.425,3.7569060773480665,28.45
2016,12,21,-18.175,147.425,3.7790055248618786,28.48
2016,12,22,-18.175,147.425,3.8011049723756907,28.45
2016,12,23,-18.175,147.425,3.8232044198895028,28.51
2016,12,24,-18.175,147.425,3.845303867403315,28.56
2016,12,25,-18.175,147.425,3.867403314917127,28.4
2016,12,26,-18.175,147.425,3.889502762430939,28.41
2016,12,27,-18.175,147.425,3.911602209944751,28.42
2016,12,28,-18.175,147.425,3.9337016574585637,28.51
2016,12,29,-18.175,147.425,3.955801104972376,28.55
2016,12,30,-18.175,147.425,3.977900552486188,28.77
2016,12,31,-18.175,147.425,4.0,28.83
2017,1,1,-18.175,147.425,4.0,28.97
2017,1,2,-18.175,147.425,3.977900552486188,28.94
2017,1,3,-18.175,147.425,3.955801104972376,29.26
2017,1,4,-18.175,147.425,3.9337016574585637,29.27
2017,1,5,-18.175,147.425,3.911602209944751,29.16
2017,1,6,-18.175,147.425,3.889502762430939,29.19
2017,1,7,-18.175,147.425,3.867403314917127,29.21
2017,1,8,-18.175,147.425,3.845303867403315,28.94
2017,1,9,-18.175,147.425,3.8232044198895028,28.82
2017,1,10,-18.175,147.425,3.8011049723756907,28.7
2017,1,11,-18.175,147.425,3.7790055248618786,28.67
2017,1,12,-18.175,147.425,3.7569060773480665,29.25
2017,1,13,-18.175,147.425,3.734806629834254,29.32
2017,1,14,-18.175,147.425,3.712707182320442,29.29
2017,1,15,-18.175,147.425,3.6906077348066297,29.13
2017,1,16,-18.175,147.425,3.6685082872928176,29.38
2017,1,17,-18.175,147.425,3.6464088397790055,29.52
2017,1,18,-18.175,147.425,3.6243093922651934,29.35
2017,1,19,-18.175,147.425,3.6022099447513813,29.31
2017,1,20,-18.175,147.425,3.5801104972375692,29.56
2017,1,21,-18.175,147.425,3.5580110497237567,29.9
2017,1,22,-18.175,147.425,3.5359116022099446,29.88
2017,1,23,-18.175,147.425,3.5138121546961325,29.93
2017,1,24,-18.175,147.425,3.4917127071823204,29.74
2017,1,25,-18.175,147.425,3.4696132596685083,29.73
2017,1,26,-18.175,147.425,3.447513812154696,29.66
2017,1,27,-18.175,147.425,3.425414364640884,29.73
2017,1,28,-18.175,147.425,3.403314917127072,29.65
2017,1,29,-18.175,147.425,3.3812154696132595,29.75
2017,1,30,-18.175,147.425,3.3591160220994474,29.6
2017,1,31,-18.175,147.425,3.3370165745856353,29.39
2017,2,1,-18.175,147.425,3.314917127071823,29.44
2017,2,2,-18.175,147.425,3.292817679558011,29.57
2017,2,3,-18.175,147.425,3.270718232044199,29.36
2017,2,4,-18.175,147.425,3.248618784530387,29.41
2017,2,5,-18.175,147.425,3.226519337016575,29.21
2017,2,6,-18.175,147.425,3.2044198895027622,28.95
2017,2,7,-18.175,147.425,3.18232044198895,29.03
2017,2,8,-18.175,147.425,3.160220994475138,29.15
2017,2,9,-18.175,147.425,3.138121546961326,28.92
2017,2,10,-18.175,147.425,3.116022099447514,29.04
2017,2,11,-18.175,147.425,3.0939226519337018,29.19
2017,2,12,-18.175,147.425,3.0718232044198897,29.19
2017,2,13,-18.175,147.425,3.0497237569060776,29.57
2017,2,14,-18.175,147.425,3.027624309392265,29.5
2017,2,15,-18.175,147.425,3.005524861878453,29.29
2017,2,16,-18.175,147.425,2.983425414364641,29.21
2017,2,17,-18.175,147.425,2.9613259668508287,29.28
2017,2,18,-18.175,147.425,2.9392265193370166,29.41
2017,2,19,-18.175,147.425,2.9171270718232045,29.81
2017,2,20,-18.175,147.425,2.8950276243093924,29.46
2017,2,21,-18.175,147.425,2.8729281767955803,29.65
2017,2,22,-18.175,147.425,2.850828729281768,29.68
2017,2,23,-18.175,147.425,2.8287292817679557,29.5
2017,2,24,-18.175,147.425,2.8066298342541436,29.67
2017,2,25,-18.175,147.425,2.7845303867403315,29.78
2017,2,26,-18.175,147.425,2.7624309392265194,29.62
2017,2,27,-18.175,147.425,2.7403314917127073,29.39
2017,2,28,-18.175,147.425,2.718232044198895,29.32
2017,3,1,-18.175,147.425,2.696132596685083,29.47
2017,3,2,-18.175,147.425,2.6740331491712706,29.27
2017,3,3,-18.175,147.425,2.6519337016574585,29.06
2017,3,4,-18.175,147.425,2.6298342541436464,28.98
2017,3,5,-18.175,147.425,2.6077348066298343,29.35
2017,3,6,-18.175,147.425,2.585635359116022,29.44
2017,3,7,-18.175,147.425,2.56353591160221,29.93
2017,3,8,-18.175,147.425,2.541436464088398,29.78
2017,3,9,-18.175,147.425,2.5193370165745854,29.87
2017,3,10,-18.175,147.425,2.4972375690607733,29.52
2017,3,11,-18.175,147.425,2.4751381215469612,29.53
2017,3,12,-18.175,147.425,2.453038674033149,29.41
2017,3,13,-18.175,147.425,2.430939226519337,30.01
2017,3,14,-18.175,147.425,2.408839779005525,29.84
2017,3,15,-18.175,147.425,2.386740331491713,29.76
2017,3,16,-18.175,147.425,2.3646408839779007,29.72
2017,3,17,-18.175,147.425,2.342541436464088,29.89
2017,3,18,-18.175,147.425,2.320441988950276,29.91
2017,3,19,-18.175,147.425,2.298342541436464,29.72
2017,3,20,-18.175,147.425,2.276243093922652,29.44
2017,3,21,-18.175,147.425,2.25414364640884,29.8
2017,3,22,-18.175,147.425,2.2320441988950277,29.8
2017,3,23,-18.175,147.425,2.2099447513812156,29.9
2017,3,24,-18.175,147.425,2.1878453038674035,29.57
2017,3,25,-18.175,147.425,2.165745856353591,29.86
2017,3,26,-18.175,147.425,2.143646408839779,29.76
2017,3,27,-18.175,147.425,2.1215469613259668,29.59
2017,3,28,-18.175,147.425,2.0994475138121547,28.76
2017,3,29,-18.175,147.425,2.0773480662983426,29.33
2017,3,30,-18.175,147.425,2.0552486187845305,28.91
2017,3,31,-18.175,147.425,2.0331491712707184,29.49
2017,4,1,-18.175,147.425,2.0110497237569063,29.17
2017,4,2,-18.175,147.425,1.988950276243094,29.46
2017,4,3,-18.175,147.425,1.9668508287292819,29.35
2017,4,4,-18.175,147.425,1.9447513812154695,29.13
2017,4,5,-18.175,147.425,1.9226519337016574,29.13
2017,4,6,-18.175,147.425,1.9005524861878453,28.9
2017,4,7,-18.175,147.425,1.8784530386740332,28.74
2017,4,8,-18.175,147.425,1.856353591160221,28.63
2017,4,9,-18.175,147.425,1.8342541436464088,28.58
2017,4,10,-18.175,147.425,1.8121546961325967,28.48
2017,4,11,-18.175,147.425,1.7900552486187846,28.31
2017,4,12,-18.175,147.425,1.7679558011049723,28.42
2017,4,13,-18.175,147.425,1.7458563535911602,28.17
2017,4,14,-18.175,147.425,1.723756906077348,28.34
2017,4,15,-18.175,147.425,1.701657458563536,28.35
2017,4,16,-18.175,147.425,1.6795580110497237,28.22
2017,4,17,-18.175,147.425,1.6574585635359116,28.01
2017,4,18,-18.175,147.425,1.6353591160220995,27.93
2017,4,19,-18.175,147.425,1.6132596685082874,27.74
2017,4,20,-18.175,147.425,1.591160220994475,27.45
2017,4,21,-18.175,147.425,1.569060773480663,27.28
2017,4,22,-18.175,147.425,1.5469613259668509,27.26
2017,4,23,-18.175,147.425,1.5248618784530388,27.17
2017,4,24,-18.175,147.425,1.5027624309392265,27.19
2017,4,25,-18.175,147.425,1.4806629834254144,26.97
2017,4,26,-18.175,147.425,1.4585635359116023,26.98
2017,4,27,-18.175,147.425,1.4364640883977902,27.04
2017,4,28,-18.175,147.425,1.4143646408839778,26.59
2017,4,29,-18.175,147.425,1.3922651933701657,26.58
2017,4,30,-18.175,147.425,1.3701657458563536,26.61
2017,5,1,-18.175,147.425,1.3480662983425415,26.46
2017,5,2,-18.175,147.425,1.3259668508287292,26.31
2017,5,3,-18.175,147.425,1.3038674033149171,26.42
2017,5,4,-18.175,147.425,1.281767955801105,26.36
2017,5,5,-18.175,147.425,1.2596685082872927,26.43
2017,5,6,-18.175,147.425,1.2375690607734806,26.21
2017,5,7,-18.175,147.425,1.2154696132596685,26.49
2017,5,8,-18.175,147.425,1.1933701657458564,26.37
2017,5,9,-18.175,147.425,1.171270718232044,26.22
2017,5,10,-18.175,147.425,1.149171270718232,26.22
2017,5,11,-18.175,147.425,1.12707182320442,26.16
2017,5,12,-18.175,147.425,1.1049723756906078,25.97
2017,5,13,-18.175,147.425,1.0828729281767955,25.97
2017,5,14,-18.175,147.425,1.0607734806629834,26.1
2017,5,15,-18.175,147.425,1.0386740331491713,26.33
2017,5,16,-18.175,147.425,1.0165745856353592,26.23
2017,5,17,-18.175,147.425,0.994475138121547,26.04
2017,5,18,-18.175,147.425,0.9723756906077348,25.93
2017,5,19,-18.175,147.425,0.9502762430939227,25.75
2017,5,20,-18.175,147.425,0.9281767955801105,25.92
2017,5,21,-18.175,147.425,0.9060773480662984,25.95
2017,5,22,-18.175,147.425,0.8839779005524862,25.86
2017,5,23,-18.175,147.425,0.861878453038674,26.03
2017,5,24,-18.175,147.425,0.8397790055248618,26.1
2017,5,25,-18.175,147.425,0.8176795580110497,26.1
2017,5,26,-18.175,147.425,0.7955801104972375,26.12
2017,5,27,-18.175,147.425,0.7734806629834254,26.1
2017,5,28,-18.175,147.425,0.7513812154696132,26.15
2017,5,29,-18.175,147.425,0.7292817679558011,25.95
2017,5,30,-18.175,147.425,0.7071823204419889,25.63
2017,5,31,-18.175,147.425,0.6850828729281768,25.57
2017,6,1,-18.175,147.425,0.6629834254143646,25.67
2017,6,2,-18.175,147.425,0.6408839779005525,25.66
2017,6,3,-18.175,147.425,0.6187845303867403,25.76
2017,6,4,-18.175,147.425,0.5966850828729282,25.72
2017,6,5,-18.175,147.425,0.574585635359116,25.6
2017,6,6,-18.175,147.425,0.5524861878453039,25.48
2017,6,7,-18.175,147.425,0.5303867403314917,25.47
2017,6,8,-18.175,147.425,0.5082872928176796,25.54
2017,6,9,-18.175,147.425,0.4861878453038674,25.37
2017,6,10,-18.175,147.425,0.46408839779005523,24.99
2017,6,11,-18.175,147.425,0.4419889502762431,24.75
2017,6,12,-18.175,147.425,0.4198895027624309,25.1
2017,6,13,-18.175,147.425,0.39779005524861877,25.22
2017,6,14,-18.175,147.425,0.3756906077348066,24.8
2017,6,15,-18.175,147.425,0.35359116022099446,24.75
2017,6,16,-18.175,147.425,0.3314917127071823,24.87
2017,6,17,-18.175,147.425,0.30939226519337015,24.83
2017,6,18,-18.175,147.425,0.287292817679558,25.0
2017,6,19,-18.175,147.425,0.26519337016574585,24.98
2017,6,20,-18.175,147.425,0.2430939226519337,24.86
2017,6,21,-18.175,147.425,0.22099447513812154,24.96
2017,6,22,-18.175,147.425,0.19889502762430938,24.69
2017,6,23,-18.175,147.425,0.17679558011049723,24.57
2017,6,24,-18.175,147.425,0.15469613259668508,24.68
2017,6,25,-18.175,147.425,0.13259668508287292,24.84
2017,6,26,-18.175,147.425,0.11049723756906077,24.81
2017,6,27,-18.175,147.425,0.08839779005524862,24.7
2017,6,28,-18.175,147.425,0.06629834254143646,24.53
2017,6,29,-18.175,147.425,0.04419889502762431,24.61
2017,6,30,-18.175,147.425,0.022099447513812154,24.64
2017,7,1,-18.175,147.425,0.0,24.54
2017,7,2,-18.175,147.425,0.0,24.47
2017,7,3,-18.175,147.425,0.0,24.69
2017,7,4,-18.175,147.425,0.022099447513812154,24.73
2017,7,5,-18.175,147.425,0.04419889502762431,24.84
2017,7,6,-18.175,147.425,0.06629834254143646,24.74
2017,7,7,-18.175,147.425,0.08839779005524862,24.98
2017,7,8,-18.175,147.425,0.11049723756906077,24.91
2017,7,9,-18.175,147.425,0.13259668508287292,24.88
2017,7,10,-18.175,147.425,0.15469613259668508,24.94
2017,7,11,-18.175,147.425,0.17679558011049723,24.84
2017,7,12,-18.175,147.425,0.19889502762430938,24.81
2017,7,13,-18.175,147.425,0.22099447513812154,24.75
2017,7,14,-18.175,147.425,0.2430939226519337,24.51
2017,7,15,-18.175,147.425,0.26519337016574585,24.67
2017,7,16,-18.175,147.425,0.287292817679558,24.54
2017,7,17,-18.175,147.425,0.30939226519337015,24.69
2017,7,18,-18.175,147.425,0.3314917127071823,24.49
2017,7,19,-18.175,147.425,0.35359116022099446,24.78
2017,7,20,-18.175,147.425,0.3756906077348066,24.42
2017,7,21,-18.175,147.425,0.39779005524861877,24.33
2017,7,22,-18.175,147.425,0.4198895027624309,24.37
2017,7,23,-18.175,147.425,0.4419889502762431,24.39
2017,7,24,-18.175,147.425,0.46408839779005523,24.5
2017,7,25,-18.175,147.425,0.4861878453038674,24.3
2017,7,26,-18.175,147.425,0.5082872928176796,24.31
2017,7,27,-18.175,147.425,0.5303867403314917,24.07
2017,7,28,-18.175,147.425,0.5524861878453039,24.13
2017,7,29,-18.175,147.425,0.574585635359116,24.49
2017,7,30,-18.175,147.425,0.5966850828729282,24.49
2017,7,31,-18.175,147.425,0.6187845303867403,24.68
2017,8,1,-18.175,147.425,0.6408839779005525,24.68
2017,8,2,-18.175,147.425,0.6629834254143646,24.65
2017,8,3,-18.175,147.425,0.6850828729281768,24.87
2017,8,4,-18.175,147.425,0.7071823204419889,24.6
2017,8,5,-18.175,147.425,0.7292817679558011,24.46
2017,8,6,-18.175,147.425,0.7513812154696132,24.87
2017,8,7,-18.175,147.425,0.7734806629834254,25.35
2017,8,8,-18.175,147.425,0.7955801104972375,25.38
2017,8,9,-18.175,147.425,0.8176795580110497,25.24
2017,8,10,-18.175,147.425,0.8397790055248618,25.31
2017,8,11,-18.175,147.425,0.861878453038674,25.34
2017,8,12,-18.175,147.425,0.8839779005524862,25.38
2017,8,13,-18.175,147.425,0.9060773480662984,25.27
2017,8,14,-18.175,147.425,0.9281767955801105,25.26
2017,8,15,-18.175,147.425,0.9502762430939227,25.29
2017,8,16,-18.175,147.425,0.9723756906077348,25.5
2017,8,17,-18.175,147.425,0.994475138121547,25.41
2017,8,18,-18.175,147.425,1.0165745856353592,25.48
2017,8,19,-18.175,147.425,1.0386740331491713,25.42
2017,8,20,-18.175,147.425,1.0607734806629834,25.41
2017,8,21,-18.175,147.425,1.0828729281767955,25.22
2017,8,22,-18.175,147.425,1.1049723756906078,25.16
2017,8,23,-18.175,147.425,1.12707182320442,25.13
2017,8,24,-18.175,147.425,1.149171270718232,25.23
2017,8,25,-18.175,147.425,1.171270718232044,25.17
2017,8,26,-18.175,147.425,1.1933701657458564,25.21
2017,8,27,-18.175,147.425,1.2154696132596685,25.31
2017,8,28,-18.175,147.425,1.2375690607734806,24.7
2017,8,29,-18.175,147.425,1.2596685082872927,25.09
2017,8,30,-18.175,147.425,1.281767955801105,25.02
2017,8,31,-18.175,147.425,1.3038674033149171,24.94
2017,9,1,-18.175,147.425,1.3259668508287292,24.68
2017,9,2,-18.175,147.425,1.3480662983425415,24.87
2017,9,3,-18.175,147.425,1.3701657458563536,25.02
2017,9,4,-18.175,147.425,1.3922651933701657,25.05
2017,9,5,-18.175,147.425,1.4143646408839778,24.9
2017,9,6,-18.175,147.425,1.4364640883977902,25.14
2017,9,7,-18.175,147.425,1.4585635359116023,25.1
2017,9,8,-18.175,147.425,1.4806629834254144,25.1
2017,9,9,-18.175,147.425,1.5027624309392265,25.06
2017,9,10,-18.175,147.425,1.5248618784530388,25.14
2017,9,11,-18.175,147.425,1.5469613259668509,25.0
2017,9,12,-18.175,147.425,1.569060773480663,24.72
2017,9,13,-18.175,147.425,1.591160220994475,24.85
2017,9,14,-18.175,147.425,1.6132596685082874,24.24
2017,9,15,-18.175,147.425,1.6353591160220995,24.73
2017,9,16,-18.175,147.425,1.6574585635359116,24.72
2017,9,17,-18.175,147.425,1.6795580110497237,24.59
2017,9,18,-18.175,147.425,1.701657458563536,24.62
2017,9,19,-18.175,147.425,1.723756906077348,24.63
2017,9,20,-18.175,147.425,1.7458563535911602,24.74
2017,9,21,-18.175,147.425,1.7679558011049723,24.79
2017,9,22,-18.175,147.425,1.7900552486187846,25.01
2017,9,23,-18.175,147.425,1.8121546961325967,25.05
2017,9,24,-18.175,147.425,1.8342541436464088,25.03
2017,9,25,-18.175,147.425,1.856353591160221,25.11
2017,9,26,-18.175,147.425,1.8784530386740332,25.1
2017,9,27,-18.175,147.425,1.9005524861878453,25.34
2017,9,28,-18.175,147.425,1.9226519337016574,25.46
2017,9,29,-18.175,147.425,1.9447513812154695,24.95
2017,9,30,-18.175,147.425,1.9668508287292819,25.23
2017,10,1,-18.175,147.425,1.988950276243094,25.64
2017,10,2,-18.175,147.425,2.0110497237569063,25.44
2017,10,3,-18.175,147.425,2.0331491712707184,25.58
2017,10,4,-18.175,147.425,2.0552486187845305,25.51
2017,10,5,-18.175,147.425,2.0773480662983426,25.63
2017,10,6,-18.175,147.425,2.0994475138121547,25.84
2017,10,7,-18.175,147.425,2.1215469613259668,25.84
2017,10,8,-18.175,147.425,2.143646408839779,26.12
2017,10,9,-18.175,147.425,2.165745856353591,26.15
2017,10,10,-18.175,147.425,2.1878453038674035,26.07
2017,10,11,-18.175,147.425,2.2099447513812156,26.15
2017,10,12,-18.175,147.425,2.2320441988950277,26.1
2017,10,13,-18.175,147.425,2.25414364640884,26.13
2017,10,14,-18.175,147.425,2.276243093922652,26.1
2017,10,15,-18.175,147.425,2.298342541436464,26.02
2017,10,16,-18.175,147.425,2.320441988950276,26.03
2017,10,17,-18.175,147.425,2.342541436464088,25.98
2017,10,18,-18.175,147.425,2.3646408839779007,26.23
2017,10,19,-18.175,147.425,2.386740331491713,25.9
2017,10,20,-18.175,147.425,2.408839779005525,25.79
2017,10,21,-18.175,147.425,2.430939226519337,25.93
2017,10,22,-18.175,147.425,2.453038674033149,25.98
2017,10,23,-18.175,147.425,2.4751381215469612,26.19
2017,10,24,-18.175,147.425,2.4972375690607733,26.3
2017,10,25,-18.175,147.425,2.5193370165745854,26.21
2017,10,26,-18.175,147.425,2.541436464088398,26.31
2017,10,27,-18.175,147.425,2.56353591160221,26.46
2017,10,28,-18.175,147.425,2.585635359116022,26.38
2017,10,29,-18.175,147.425,2.6077348066298343,26.62
2017,10,30,-18.175,147.425,2.6298342541436464,26.72
2017,10,31,-18.175,147.425,2.6519337016574585,26.98
2017,11,1,-18.175,147.425,2.6740331491712706,27.19
2017,11,2,-18.175,147.425,2.696132596685083,27.28
2017,11,3,-18.175,147.425,2.718232044198895,27.36
2017,11,4,-18.175,147.425,2.7403314917127073,27.27
2017,11,5,-18.175,147.425,2.7624309392265194,27.1
2017,11,6,-18.175,147.425,2.7845303867403315,27.07
2017,11,7,-18.175,147.425,2.8066298342541436,27.13
2017,11,8,-18.175,147.425,2.8287292817679557,27.2
2017,11,9,-18.175,147.425,2.850828729281768,27.07
2017,11,10,-18.175,147.425,2.8729281767955803,26.94
2017,11,11,-18.175,147.425,2.8950276243093924,26.71
2017,11,12,-18.175,147.425,2.9171270718232045,26.71
2017,11,13,-18.175,147.425,2.9392265193370166,26.67
2017,11,14,-18.175,147.425,2.9613259668508287,26.46
2017,11,15,-18.175,147.425,2.983425414364641,26.44
2017,11,16,-18.175,147.425,3.005524861878453,26.46
2017,11,17,-18.175,147.425,3.027624309392265,26.64
2017,11,18,-18.175,147.425,3.0497237569060776,26.78
2017,11,19,-18.175,147.425,3.0718232044198897,26.91
2017,11,20,-18.175,147.425,3.0939226519337018,26.85
2017,11,21,-18.175,147.425,3.116022099447514,26.89
2017,11,22,-18.175,147.425,3.138121546961326,26.71
2017,11,23,-18.175,147.425,3.160220994475138,26.61
2017,11,24,-18.175,147.425,3.18232044198895,26.86
2017,11,25,-18.175,147.425,3.2044198895027622,27.16
2017,11,26,-18.175,147.425,3.226519337016575,27.25
2017,11,27,-18.175,147.425,3.248618784530387,27.12
2017,11,28,-18.175,147.425,3.270718232044199,27.35
2017,11,29,-18.175,147.425,3.292817679558011,27.36
2017,11,30,-18.175,147.425,3.314917127071823,27.49
2017,12,1,-18.175,147.425,3.3370165745856353,27.61
2017,12,2,-18.175,147.425,3.3591160220994474,27.62
2017,12,3,-18.175,147.425,3.3812154696132595,28.08
2017,12,4,-18.175,147.425,3.403314917127072,28.53
2017,12,5,-18.175,147.425,3.425414364640884,28.34
2017,12,6,-18.175,147.425,3.447513812154696,28.62
2017,12,7,-18.175,147.425,3.4696132596685083,29.06
2017,12,8,-18.175,147.425,3.4917127071823204,28.8
2017,12,9,-18.175,147.425,3.5138121546961325,28.7
2017,12,10,-18.175,147.425,3.5359116022099446,28.49
2017,12,11,-18.175,147.425,3.5580110497237567,28.42
2017,12,12,-18.175,147.425,3.5801104972375692,28.3
2017,12,13,-18.175,147.425,3.6022099447513813,28.19
2017,12,14,-18.175,147.425,3.6243093922651934,28.15
2017,12,15,-18.175,147.425,3.6464088397790055,28.22
2017,12,16,-18.175,147.425,3.6685082872928176,28.21
2017,12,17,-18.175,147.425,3.6906077348066297,28.19
2017,12,18,-18.175,147.425,3.712707182320442,28.04
2017,12,19,-18.175,147.425,3.734806629834254,28.32
2017,12,20,-18.175,147.425,3.7569060773480665,28.44
2017,12,21,-18.175,147.425,3.7790055248618786,28.52
2017,12,22,-18.175,147.425,3.8011049723756907,28.5
2017,12,23,-18.175,147.425,3.8232044198895028,28.48
2017,12,24,-18.175,147.425,3.845303867403315,28.6
2017,12,25,-18.175,147.425,3.867403314917127,28.65
2017,12,26,-18.175,147.425,3.889502762430939,28.69
2017,12,27,-18.175,147.425,3.911602209944751,28.77
2017,12,28,-18.175,147.425,3.9337016574585637,28.73
2017,12,29,-18.175,147.425,3.955801104972376,28.77
2017,12,30,-18.175,147.425,3.977900552486188,28.96
2017,12,31,-18.175,147.425,4.0,29.24
2018,1,1,-18.175,147.425,4.0,29.08
2018,1,2,-18.175,147.425,3.977900552486188,28.95
2018,1,3,-18.175,147.425,3.955801104972376,28.92
2018,1,4,-18.175,147.425,3.9337016574585637,29.24
2018,1,5,-18.175,147.425,3.911602209944751,29.28
2018,1,6,-18.175,147.425,3.889502762430939,29.27
2018,1,7,-18.175,147.425,3.867403314917127,29.16
2018,1,8,-18.175,147.425,3.845303867403315,28.78
2018,1,9,-18.175,147.425,3.8232044198895028,28.89
2018,1,10,-18.175,147.425,3.8011049723756907,28.77
2018,1,11,-18.175,147.425,3.7790055248618786,28.79
2018,1,12,-18.175,147.425,3.7569060773480665,28.83
2018,1,13,-18.175,147.425,3.734806629834254,28.8
2018,1,14,-18.175,147.425,3.712707182320442,28.78
2018,1,15,-18.175,147.425,3.6906077348066297,28.96
2018,1,16,-18.175,147.425,3.6685082872928176,28.95
2018,1,17,-18.175,147.425,3.6464088397790055,28.77
2018,1,18,-18.175,147.425,3.6243093922651934,28.57
2018,1,19,-18.175,147.425,3.6022099447513813,28.67
2018,1,20,-18.175,147.425,3.5801104972375692,28.65
2018,1,21,-18.175,147.425,3.5580110497237567,28.43
2018,1,22,-18.175,147.425,3.5359116022099446,28.41
2018,1,23,-18.175,147.425,3.5138121546961325,28.39
2018,1,24,-18.175,147.425,3.4917127071823204,28.24
2018,1,25,-18.175,147.425,3.4696132596685083,28.63
2018,1,26,-18.175,147.425,3.447513812154696,28.42
2018,1,27,-18.175,147.425,3.425414364640884,28.41
2018,1,28,-18.175,147.425,3.403314917127072,28.42
2018,1,29,-18.175,147.425,3.3812154696132595,28.55
2018,1,30,-18.175,147.425,3.3591160220994474,28.63
2018,1,31,-18.175,147.425,3.3370165745856353,29.14
2018,2,1,-18.175,147.425,3.314917127071823,29.22
2018,2,2,-18.175,147.425,3.292817679558011,29.4
2018,2,3,-18.175,147.425,3.270718232044199,29.54
2018,2,4,-18.175,147.425,3.248618784530387,29.25
2018,2,5,-18.175,147.425,3.226519337016575,28.97
2018,2,6,-18.175,147.425,3.2044198895027622,28.83
2018,2,7,-18.175,147.425,3.18232044198895,28.61
2018,2,8,-18.175,147.425,3.160220994475138,28.43
2018,2,9,-18.175,147.425,3.138121546961326,28.45
2018,2,10,-18.175,147.425,3.116022099447514,28.45
2018,2,11,-18.175,147.425,3.0939226519337018,28.45
2018,2,12,-18.175,147.425,3.0718232044198897,28.58
2018,2,13,-18.175,147.425,3.0497237569060776,28.64
2018,2,14,-18.175,147.425,3.027624309392265,28.76
2018,2,15,-18.175,147.425,3.005524861878453,28.77
2018,2,16,-18.175,147.425,2.983425414364641,29.04
2018,2,17,-18.175,147.425,2.9613259668508287,29.15
2018,2,18,-18.175,147.425,2.9392265193370166,29.19
2018,2,19,-18.175,147.425,2.9171270718232045,29.12
2018,2,20,-18.175,147.425,2.8950276243093924,29.13
2018,2,21,-18.175,147.425,2.8729281767955803,29.2
2018,2,22,-18.175,147.425,2.850828729281768,29.54
2018,2,23,-18.175,147.425,2.8287292817679557,29.42
2018,2,24,-18.175,147.425,2.8066298342541436,28.81
2018,2,25,-18.175,147.425,2.7845303867403315,28.84
2018,2,26,-18.175,147.425,2.7624309392265194,28.94
2018,2,27,-18.175,147.425,2.7403314917127073,28.79
2018,2,28,-18.175,147.425,2.718232044198895,28.64
2018,3,1,-18.175,147.425,2.696132596685083,29.09
2018,3,2,-18.175,147.425,2.6740331491712706,28.84
2018,3,3,-18.175,147.425,2.6519337016574585,28.7
2018,3,4,-18.175,147.425,2.6298342541436464,28.91
2018,3,5,-18.175,147.425,2.6077348066298343,28.72
2018,3,6,-18.175,147.425,2.585635359116022,29.03
2018,3,7,-18.175,147.425,2.56353591160221,29.2
2018,3,8,-18.175,147.425,2.541436464088398,29.18
2018,3,9,-18.175,147.425,2.5193370165745854,28.78
2018,3,10,-18.175,147.425,2.4972375690607733,28.81
2018,3,11,-18.175,147.425,2.4751381215469612,28.63
2018,3,12,-18.175,147.425,2.453038674033149,28.5
2018,3,13,-18.175,147.425,2.430939226519337,28.39
2018,3,14,-18.175,147.425,2.408839779005525,28.32
2018,3,15,-18.175,147.425,2.386740331491713,28.54
2018,3,16,-18.175,147.425,2.3646408839779007,28.36
2018,3,17,-18.175,147.425,2.342541436464088,28.23
2018,3,18,-18.175,147.425,2.320441988950276,28.53
2018,3,19,-18.175,147.425,2.298342541436464,28.36
2018,3,20,-18.175,147.425,2.276243093922652,28.36
2018,3,21,-18.175,147.425,2.25414364640884,28.26
2018,3,22,-18.175,147.425,2.2320441988950277,28.11
2018,3,23,-18.175,147.425,2.2099447513812156,28.01
2018,3,24,-18.175,147.425,2.1878453038674035,28.09
2018,3,25,-18.175,147.425,2.165745856353591,28.12
2018,3,26,-18.175,147.425,2.143646408839779,28.2
2018,3,27,-18.175,147.425,2.1215469613259668,28.16
2018,3,28,-18.175,147.425,2.0994475138121547,27.99
2018,3,29,-18.175,147.425,2.0773480662983426,28.34
2018,3,30,-18.175,147.425,2.0552486187845305,28.38
2018,3,31,-18.175,147.425,2.0331491712707184,28.28
2018,4,1,-18.175,147.425,2.0110497237569063,28.29
2018,4,2,-18.175,147.425,1.988950276243094,28.11
2018,4,3,-18.175,147.425,1.9668508287292819,27.93
2018,4,4,-18.175,147.425,1.9447513812154695,28.19
2018,4,5,-18.175,147.425,1.9226519337016574,27.83
2018,4,6,-18.175,147.425,1.9005524861878453,27.59
2018,4,7,-18.175,147.425,1.8784530386740332,27.42
2018,4,8,-18.175,147.425,1.856353591160221,27.35
2018,4,9,-18.175,147.425,1.8342541436464088,27.34
2018,4,10,-18.175,147.425,1.8121546961325967,27.17
2018,4,11,-18.175,147.425,1.7900552486187846,27.26
2018,4,12,-18.175,147.425,1.7679558011049723,27.32
2018,4,13,-18.175,147.425,1.7458563535911602,27.35
2018,4,14,-18.175,147.425,1.723756906077348,27.39
2018,4,15,-18.175,147.425,1.701657458563536,27.32
2018,4,16,-18.175,147.425,1.6795580110497237,27.27
2018,4,17,-18.175,147.425,1.6574585635359116,27.31
2018,4,18,-18.175,147.425,1.6353591160220995,27.31
2018,4,19,-18.175,147.425,1.6132596685082874,27.21
2018,4,20,-18.175,147.425,1.591160220994475,27.18
2018,4,21,-18.175,147.425,1.569060773480663,27.26
2018,4,22,-18.175,147.425,1.5469613259668509,27.23
2018,4,23,-18.175,147.425,1.5248618784530388,27.06
2018,4,24,-18.175,147.425,1.5027624309392265,26.88
2018,4,25,-18.175,147.425,1.4806629834254144,26.75
2018,4,26,-18.175,147.425,1.4585635359116023,26.74
2018,4,27,-18.175,147.425,1.4364640883977902,26.69
2018,4,28,-18.175,147.425,1.4143646408839778,26.84
2018,4,29,-18.175,147.425,1.3922651933701657,26.83
2018,4,30,-18.175,147.425,1.3701657458563536,26.78
2018,5,1,-18.175,147.425,1.3480662983425415,26.62
2018,5,2,-18.175,147.425,1.3259668508287292,26.57
2018,5,3,-18.175,147.425,1.3038674033149171,26.51
2018,5,4,-18.175,147.425,1.281767955801105,26.38
2018,5,5,-18.175,147.425,1.2596685082872927,26.37
2018,5,6,-18.175,147.425,1.2375690607734806,26.33
2018,5,7,-18.175,147.425,1.2154696132596685,26.17
2018,5,8,-18.175,147.425,1.1933701657458564,26.26
2018,5,9,-18.175,147.425,1.171270718232044,26.47
2018,5,10,-18.175,147.425,1.149171270718232,26.32
2018,5,11,-18.175,147.425,1.12707182320442,26.53
2018,5,12,-18.175,147.425,1.1049723756906078,26.42
2018,5,13,-18.175,147.425,1.0828729281767955,26.4
2018,5,14,-18.175,147.425,1.0607734806629834,26.32
2018,5,15,-18.175,147.425,1.0386740331491713,26.25
2018,5,16,-18.175,147.425,1.0165745856353592,26.01
2018,5,17,-18.175,147.425,0.994475138121547,25.82
2018,5,18,-18.175,147.425,0.9723756906077348,25.87
2018,5,19,-18.175,147.425,0.9502762430939227,25.8
2018,5,20,-18.175,147.425,0.9281767955801105,25.94
2018,5,21,-18.175,147.425,0.9060773480662984,26.0
2018,5,22,-18.175,147.425,0.8839779005524862,25.78
2018,5,23,-18.175,147.425,0.861878453038674,25.59
2018,5,24,-18.175,147.425,0.8397790055248618,25.69
2018,5,25,-18.175,147.425,0.8176795580110497,25.49
2018,5,26,-18.175,147.425,0.7955801104972375,25.27
2018,5,27,-18.175,147.425,0.7734806629834254,25.25
2018,5,28,-18.175,147.425,0.7513812154696132,25.15
2018,5,29,-18.175,147.425,0.7292817679558011,25.09
2018,5,30,-18.175,147.425,0.7071823204419889,25.12
2018,5,31,-18.175,147.425,0.6850828729281768,25.04
2018,6,1,-18.175,147.425,0.6629834254143646,24.97
2018,6,2,-18.175,147.425,0.6408839779005525,24.85
2018,6,3,-18.175,147.425,0.6187845303867403,24.88
2018,6,4,-18.175,147.425,0.5966850828729282,24.88
2018,6,5,-18.175,147.425,0.574585635359116,24.87
2018,6,6,-18.175,147.425,0.5524861878453039,24.93
2018,6,7,-18.175,147.425,0.5303867403314917,24.86
2018,6,8,-18.175,147.425,0.5082872928176796,24.67
2018,6,9,-18.175,147.425,0.4861878453038674,24.72
2018,6,10,-18.175,147.425,0.46408839779005523,24.71
2018,6,11,-18.175,147.425,0.4419889502762431,24.81
2018,6,12,-18.175,147.425,0.4198895027624309,24.5
2018,6,13,-18.175,147.425,0.39779005524861877,24.76
2018,6,14,-18.175,147.425,0.3756906077348066,24.42
2018,6,15,-18.175,147.425,0.35359116022099446,24.71
2018,6,16,-18.175,147.425,0.3314917127071823,25.07
2018,6,17,-18.175,147.425,0.30939226519337015,25.02
2018,6,18,-18.175,147.425,0.287292817679558,25.0
2018,6,19,-18.175,147.425,0.26519337016574585,24.91
2018,6,20,-18.175,147.425,0.2430939226519337,24.78
2018,6,21,-18.175,147.425,0.22099447513812154,24.73
2018,6,22,-18.175,147.425,0.19889502762430938,24.69
2018,6,23,-18.175,147.425,0.17679558011049723,24.82
2018,6,24,-18.175,147.425,0.15469613259668508,24.87
2018,6,25,-18.175,147.425,0.13259668508287292,24.83
2018,6,26,-18.175,147.425,0.11049723756906077,24.71
2018,6,27,-18.175,147.425,0.08839779005524862,24.58
2018,6,28,-18.175,147.425,0.06629834254143646,24.5
2018,6,29,-18.175,147.425,0.04419889502762431,24.52
2018,6,30,-18.175,147.425,0.022099447513812154,24.5
2018,7,1,-18.175,147.425,0.0,24.56
2018,7,2,-18.175,147.425,0.0,24.54
2018,7,3,-18.175,147.425,0.0,24.57
2018,7,4,-18.175,147.425,0.022099447513812154,24.54
2018,7,5,-18.175,147.425,0.04419889502762431,24.57
2018,7,6,-18.175,147.425,0.06629834254143646,24.75
2018,7,7,-18.175,147.425,0.08839779005524862,24.58
2018,7,8,-18.175,147.425,0.11049723756906077,24.52
2018,7,9,-18.175,147.425,0.13259668508287292,24.4
2018,7,10,-18.175,147.425,0.15469613259668508,24.35
2018,7,11,-18.175,147.425,0.17679558011049723,24.33
2018,7,12,-18.175,147.425,0.19889502762430938,24.3
2018,7,13,-18.175,147.425,0.22099447513812154,24.29
2018,7,14,-18.175,147.425,0.2430939226519337,24.27
2018,7,15,-18.175,147.425,0.26519337016574585,24.27
2018,7,16,-18.175,147.425,0.287292817679558,24.27
2018,7,17,-18.175,147.425,0.30939226519337015,24.17
2018,7,18,-18.175,147.425,0.3314917127071823,24.17
2018,7,19,-18.175,147.425,0.35359116022099446,24.15
2018,7,20,-18.175,147.425,0.3756906077348066,24.12
2018,7,21,-18.175,147.425,0.39779005524861877,24.21
2018,7,22,-18.175,147.425,0.4198895027624309,24.26
2018,7,23,-18.175,147.425,0.4419889502762431,24.28
2018,7,24,-18.175,147.425,0.46408839779005523,24.24
2018,7,25,-18.175,147.425,0.4861878453038674,24.23
2018,7,26,-18.175,147.425,0.5082872928176796,24.31
2018,7,27,-18.175,147.425,0.5303867403314917,24.28
2018,7,28,-18.175,147.425,0.5524861878453039,24.3
2018,7,29,-18.175,147.425,0.574585635359116,24.37
2018,7,30,-18.175,147.425,0.5966850828729282,24.39
2018,7,31,-18.175,147.425,0.6187845303867403,24.35
2018,8,1,-18.175,147.425,0.6408839779005525,24.48
2018,8,2,-18.175,147.425,0.6629834254143646,24.43
2018,8,3,-18.175,147.425,0.6850828729281768,24.5
2018,8,4,-18.175,147.425,0.7071823204419889,24.51
2018,8,5,-18.175,147.425,0.7292817679558011,24.72
2018,8,6,-18.175,147.425,0.7513812154696132,24.62
2018,8,7,-18.175,147.425,0.7734806629834254,24.75
2018,8,8,-18.175,147.425,0.7955801104972375,24.68
2018,8,9,-18.175,147.425,0.8176795580110497,24.56
2018,8,10,-18.175,147.425,0.8397790055248618,24.62
2018,8,11,-18.175,147.425,0.861878453038674,24.61
2018,8,12,-18.175,147.425,0.8839779005524862,24.59
2018,8,13,-18.175,147.425,0.9060773480662984,24.45
2018,8,14,-18.175,147.425,0.9281767955801105,24.55
2018,8,15,-18.175,147.425,0.9502762430939227,24.45
2018,8,16,-18.175,147.425,0.9723756906077348,24.46
2018,8,17,-18.175,147.425,0.994475138121547,24.62
2018,8,18,-18.175,147.425,1.0165745856353592,24.67
2018,8,19,-18.175,147.425,1.0386740331491713,24.86
2018,8,20,-18.175,147.425,1.0607734806629834,24.76
2018,8,21,-18.175,147.425,1.0828729281767955,24.64
2018,8,22,-18.175,147.425,1.1049723756906078,24.56
2018,8,23,-18.175,147.425,1.12707182320442,24.67
2018,8,24,-18.175,147.425,1.149171270718232,24.68
2018,8,25,-18.175,147.425,1.171270718232044,24.7
2018,8,26,-18.175,147.425,1.1933701657458564,24.73
2018,8,27,-18.175,147.425,1.2154696132596685,24.63
2018,8,28,-18.175,147.425,1.2375690607734806,24.78
2018,8,29,-18.175,147.425,1.2596685082872927,24.81
2018,8,30,-18.175,147.425,1.281767955801105,24.78
2018,8,31,-18.175,147.425,1.3038674033149171,24.62
2018,9,1,-18.175,147.425,1.3259668508287292,24.89
2018,9,2,-18.175,147.425,1.3480662983425415,24.82
2018,9,3,-18.175,147.425,1.3701657458563536,24.92
2018,9,4,-18.175,147.425,1.3922651933701657,24.52
2018,9,5,-18.175,147.425,1.4143646408839778,24.81
2018,9,6,-18.175,147.425,1.4364640883977902,24.86
2018,9,7,-18.175,147.425,1.4585635359116023,24.74
2018,9,8,-18.175,147.425,1.4806629834254144,24.89
2018,9,9,-18.175,147.425,1.5027624309392265,24.87
2018,9,10,-18.175,147.425,1.5248618784530388,24.82
2018,9,11,-18.175,147.425,1.5469613259668509,24.77
2018,9,12,-18.175,147.425,1.569060773480663,24.87
2018,9,13,-18.175,147.425,1.591160220994475,24.89
2018,9,14,-18.175,147.425,1.6132596685082874,24.82
2018,9,15,-18.175,147.425,1.6353591160220995,24.95
2018,9,16,-18.175,147.425,1.6574585635359116,24.98
2018,9,17,-18.175,147.425,1.6795580110497237,25.01
2018,9,18,-18.175,147.425,1.701657458563536,24.95
2018,9,19,-18.175,147.425,1.723756906077348,24.65
2018,9,20,-18.175,147.425,1.7458563535911602,24.8
2018,9,21,-18.175,147.425,1.7679558011049723,24.86
2018,9,22,-18.175,147.425,1.7900552486187846,24.92
2018,9,23,-18.175,147.425,1.8121546961325967,24.9
2018,9,24,-18.175,147.425,1.8342541436464088,24.97
2018,9,25,-18.175,147.425,1.856353591160221,24.96
2018,9,26,-18.175,147.425,1.8784530386740332,24.99
2018,9,27,-18.175,147.425,1.9005524861878453,25.02
2018,9,28,-18.175,147.425,1.9226519337016574,25.02
2018,9,29,-18.175,147.425,1.9447513812154695,25.01
2018,9,30,-18.175,147.425,1.9668508287292819,24.97
2018,10,1,-18.175,147.425,1.988950276243094,24.96
2018,10,2,-18.175,147.425,2.0110497237569063,24.93
2018,10,3,-18.175,147.425,2.0331491712707184,24.91
2018,10,4,-18.175,147.425,2.0552486187845305,24.97
2018,10,5,-18.175,147.425,2.0773480662983426,24.94
2018,10,6,-18.175,147.425,2.0994475138121547,24.93
2018,10,7,-18.175,147.425,2.1215469613259668,25.07
2018,10,8,-18.175,147.425,2.143646408839779,25.14
2018,10,9,-18.175,147.425,2.165745856353591,25.3
2018,10,10,-18.175,147.425,2.1878453038674035,25.45
2018,10,11,-18.175,147.425,2.2099447513812156,25.55
2018,10,12,-18.175,147.425,2.2320441988950277,25.68
2018,10,13,-18.175,147.425,2.25414364640884,25.55
2018,10,14,-18.175,147.425,2.276243093922652,25.45
2018,10,15,-18.175,147.425,2.298342541436464,25.68
2018,10,16,-18.175,147.425,2.320441988950276,25.78
2018,10,17,-18.175,147.425,2.342541436464088,26.43
2018,10,18,-18.175,147.425,2.3646408839779007,26.5
2018,10,19,-18.175,147.425,2.386740331491713,26.4
2018,10,20,-18.175,147.425,2.408839779005525,26.61
2018,10,21,-18.175,147.425,2.430939226519337,26.68
2018,10,22,-18.175,147.425,2.453038674033149,26.42
2018,10,23,-18.175,147.425,2.4751381215469612,26.45
2018,10,24,-18.175,147.425,2.4972375690607733,26.7
2018,10,25,-18.175,147.425,2.5193370165745854,26.46
2018,10,26,-18.175,147.425,2.541436464088398,26.43
2018,10,27,-18.175,147.425,2.56353591160221,26.66
2018,10,28,-18.175,147.425,2.585635359116022,26.67
2018,10,29,-18.175,147.425,2.6077348066298343,26.48
2018,10,30,-18.175,147.425,2.6298342541436464,26.6
2018,10,31,-18.175,147.425,2.6519337016574585,26.82
2018,11,1,-18.175,147.425,2.6740331491712706,26.85
2018,11,2,-18.175,147.425,2.696132596685083,26.8
2018,11,3,-18.175,147.425,2.718232044198895,26.75
2018,11,4,-18.175,147.425,2.7403314917127073,26.77
2018,11,5,-18.175,147.425,2.7624309392265194,26.97
2018,11,6,-18.175,147.425,2.7845303867403315,26.84
2018,11,7,-18.175,147.425,2.8066298342541436,27.05
2018,11,8,-18.175,147.425,2.8287292817679557,26.99
2018,11,9,-18.175,147.425,2.850828729281768,26.99
2018,11,10,-18.175,147.425,2.8729281767955803,27.07
2018,11,11,-18.175,147.425,2.8950276243093924,26.96
2018,11,12,-18.175,147.425,2.9171270718232045,27.01
2018,11,13,-18.175,147.425,2.9392265193370166,27.05
2018,11,14,-18.175,147.425,2.9613259668508287,27.03
2018,11,15,-18.175,147.425,2.983425414364641,27.1
2018,11,16,-18.175,147.425,3.005524861878453,27.03
2018,11,17,-18.175,147.425,3.027624309392265,27.07
2018,11,18,-18.175,147.425,3.0497237569060776,27.06
2018,11,19,-18.175,147.425,3.0718232044198897,27.27
2018,11,20,-18.175,147.425,3.0939226519337018,27.34
2018,11,21,-18.175,147.425,3.116022099447514,27.49
2018,11,22,-18.175,147.425,3.138121546961326,27.55
2018,11,23,-18.175,147.425,3.160220994475138,27.45
2018,11,24,-18.175,147.425,3.18232044198895,27.66
2018,11,25,-18.175,147.425,3.2044198895027622,27.95
2018,11,26,-18.175,147.425,3.226519337016575,28.16
2018,11,27,-18.175,147.425,3.248618784530387,28.37
2018,11,28,-18.175,147.425,3.270718232044199,28.66
2018,11,29,-18.175,147.425,3.292817679558011,28.47
2018,11,30,-18.175,147.425,3.314917127071823,28.43
2018,12,1,-18.175,147.425,3.3370165745856353,28.63
2018,12,2,-18.175,147.425,3.3591160220994474,28.76
2018,12,3,-18.175,147.425,3.3812154696132595,28.73
2018,12,4,-18.175,147.425,3.403314917127072,28.74
2018,12,5,-18.175,147.425,3.425414364640884,28.9
2018,12,6,-18.175,147.425,3.447513812154696,28.53
2018,12,7,-18.175,147.425,3.4696132596685083,28.13
2018,12,8,-18.175,147.425,3.4917127071823204,28.16
2018,12,9,-18.175,147.425,3.5138121546961325,28.26
2018,12,10,-18.175,147.425,3.5359116022099446,28.31
2018,12,11,-18.175,147.425,3.5580110497237567,28.17
2018,12,12,-18.175,147.425,3.5801104972375692,28.09
2018,12,13,-18.175,147.425,3.6022099447513813,28.21
2018,12,14,-18.175,147.425,3.6243093922651934,28.7
2018,12,15,-18.175,147.425,3.6464088397790055,28.82
2018,12,16,-18.175,147.425,3.6685082872928176,27.81
2018,12,17,-18.175,147.425,3.6906077348066297,28.27
2018,12,18,-18.175,147.425,3.712707182320442,28.5
2018,12,19,-18.175,147.425,3.734806629834254,28.83
2018,12,20,-18.175,147.425,3.7569060773480665,28.63
2018,12,21,-18.175,147.425,3.7790055248618786,28.87
2018,12,22,-18.175,147.425,3.8011049723756907,28.91
2018,12,23,-18.175,147.425,3.8232044198895028,28.94
2018,12,24,-18.175,147.425,3.845303867403315,28.9
2018,12,25,-18.175,147.425,3.867403314917127,28.6
2018,12,26,-18.175,147.425,3.889502762430939,28.51
2018,12,27,-18.175,147.425,3.911602209944751,28.23
2018,12,28,-18.175,147.425,3.9337016574585637,28.17
2018,12,29,-18.175,147.425,3.955801104972376,28.0
2018,12,30,-18.175,147.425,3.977900552486188,27.98
2018,12,31,-18.175,147.425,4.0,27.93
2019,1,1,-18.175,147.425,4.0,27.89
2019,1,2,-18.175,147.425,3.977900552486188,27.77
2019,1,3,-18.175,147.425,3.955801104972376,27.72
2019,1,4,-18.175,147.425,3.9337016574585637,27.6
2019,1,5,-18.175,147.425,3.911602209944751,27.78
2019,1,6,-18.175,147.425,3.889502762430939,27.93
2019,1,7,-18.175,147.425,3.867403314917127,28.04
2019,1,8,-18.175,147.425,3.845303867403315,28.24
2019,1,9,-18.175,147.425,3.8232044198895028,28.54
2019,1,10,-18.175,147.425,3.8011049723756907,28.36
2019,1,11,-18.175,147.425,3.7790055248618786,28.24
2019,1,12,-18.175,147.425,3.7569060773480665,28.42
2019,1,13,-18.175,147.425,3.734806629834254,28.45
2019,1,14,-18.175,147.425,3.712707182320442,28.23
2019,1,15,-18.175,147.425,3.6906077348066297,28.04
2019,1,16,-18.175,147.425,3.6685082872928176,28.17
2019,1,17,-18.175,147.425,3.6464088397790055,28.26
2019,1,18,-18.175,147.425,3.6243093922651934,28.39
2019,1,19,-18.175,147.425,3.6022099447513813,28.29
2019,1,20,-18.175,147.425,3.5801104972375692,28.36
2019,1,21,-18.175,147.425,3.5580110497237567,28.35
2019,1,22,-18.175,147.425,3.5359116022099446,28.34
2019,1,23,-18.175,147.425,3.5138121546961325,28.39
2019,1,24,-18.175,147.425,3.4917127071823204,28.55
2019,1,25,-18.175,147.425,3.4696132596685083,28.69
2019,1,26,-18.175,147.425,3.447513812154696,28.7
2019,1,27,-18.175,147.425,3.425414364640884,28.74
2019,1,28,-18.175,147.425,3.403314917127072,28.76
2019,1,29,-18.175,147.425,3.3812154696132595,28.93
2019,1,30,-18.175,147.425,3.3591160220994474,28.9
2019,1,31,-18.175,147.425,3.3370165745856353,28.67
2019,2,1,-18.175,147.425,3.314917127071823,28.46
2019,2,2,-18.175,147.425,3.292817679558011,28.41
2019,2,3,-18.175,147.425,3.270718232044199,28.34
2019,2,4,-18.175,147.425,3.248618784530387,28.32
2019,2,5,-18.175,147.425,3.226519337016575,28.29
2019,2,6,-18.175,147.425,3.2044198895027622,28.26
2019,2,7,-18.175,147.425,3.18232044198895,28.55
2019,2,8,-18.175,147.425,3.160220994475138,28.52
2019,2,9,-18.175,147.425,3.138121546961326,28.57
2019,2,10,-18.175,147.425,3.116022099447514,28.97
2019,2,11,-18.175,147.425,3.0939226519337018,28.81
2019,2,12,-18.175,147.425,3.0718232044198897,29.0
2019,2,13,-18.175,147.425,3.0497237569060776,29.16
2019,2,14,-18.175,147.425,3.027624309392265,28.67
2019,2,15,-18.175,147.425,3.005524861878453,28.68
2019,2,16,-18.175,147.425,2.983425414364641,28.6
2019,2,17,-18.175,147.425,2.9613259668508287,28.78
2019,2,18,-18.175,147.425,2.9392265193370166,29.03
2019,2,19,-18.175,147.425,2.9171270718232045,29.22
2019,2,20,-18.175,147.425,2.8950276243093924,29.34
2019,2,21,-18.175,147.425,2.8729281767955803,29.33
2019,2,22,-18.175,147.425,2.850828729281768,29.24
2019,2,23,-18.175,147.425,2.8287292817679557,29.17
2019,2,24,-18.175,147.425,2.8066298342541436,29.05
2019,2,25,-18.175,147.425,2.7845303867403315,28.89
2019,2,26,-18.175,147.425,2.7624309392265194,28.75
2019,2,27,-18.175,147.425,2.7403314917127073,28.38
2019,2,28,-18.175,147.425,2.718232044198895,27.97
2019,3,1,-18.175,147.425,2.696132596685083,28.07
2019,3,2,-18.175,147.425,2.6740331491712706,27.84
2019,3,3,-18.175,147.425,2.6519337016574585,27.82
2019,3,4,-18.175,147.425,2.6298342541436464,27.84
2019,3,5,-18.175,147.425,2.6077348066298343,27.91
2019,3,6,-18.175,147.425,2.585635359116022,28.14
2019,3,7,-18.175,147.425,2.56353591160221,28.02
2019,3,8,-18.175,147.425,2.541436464088398,28.1
2019,3,9,-18.175,147.425,2.5193370165745854,27.89
2019,3,10,-18.175,147.425,2.4972375690607733,28.01
2019,3,11,-18.175,147.425,2.4751381215469612,28.1
2019,3,12,-18.175,147.425,2.453038674033149,28.36
2019,3,13,-18.175,147.425,2.430939226519337,28.45
2019,3,14,-18.175,147.425,2.408839779005525,28.45
2019,3,15,-18.175,147.425,2.386740331491713,28.62
2019,3,16,-18.175,147.425,2.3646408839779007,28.68
2019,3,17,-18.175,147.425,2.342541436464088,28.8
2019,3,18,-18.175,147.425,2.320441988950276,28.66
2019,3,19,-18.175,147.425,2.298342541436464,28.71
2019,3,20,-18.175,147.425,2.276243093922652,28.63
2019,3,21,-18.175,147.425,2.25414364640884,28.58
2019,3,22,-18.175,147.425,2.2320441988950277,28.53
2019,3,23,-18.175,147.425,2.2099447513812156,28.26
2019,3,24,-18.175,147.425,2.1878453038674035,28.44
2019,3,25,-18.175,147.425,2.165745856353591,28.41
2019,3,26,-18.175,147.425,2.143646408839779,28.64
2019,3,27,-18.175,147.425,2.1215469613259668,28.6
2019,3,28,-18.175,147.425,2.0994475138121547,28.49
2019,3,29,-18.175,147.425,2.0773480662983426,28.47
2019,3,30,-18.175,147.425,2.0552486187845305,28.58
2019,3,31,-18.175,147.425,2.0331491712707184,28.51
2019,4,1,-18.175,147.425,2.0110497237569063,28.14
2019,4,2,-18.175,147.425,1.988950276243094,28.1
2019,4,3,-18.175,147.425,1.9668508287292819,28.08
2019,4,4,-18.175,147.425,1.9447513812154695,28.2
2019,4,5,-18.175,147.425,1.9226519337016574,27.96
2019,4,6,-18.175,147.425,1.9005524861878453,27.63
2019,4,7,-18.175,147.425,1.8784530386740332,27.94
2019,4,8,-18.175,147.425,1.856353591160221,28.22
2019,4,9,-18.175,147.425,1.8342541436464088,28.14
2019,4,10,-18.175,147.425,1.8121546961325967,27.82
2019,4,11,-18.175,147.425,1.7900552486187846,27.94
2019,4,12,-18.175,147.425,1.7679558011049723,27.82
2019,4,13,-18.175,147.425,1.7458563535911602,27.74
2019,4,14,-18.175,147.425,1.723756906077348,27.5
2019,4,15,-18.175,147.425,1.701657458563536,27.66
2019,4,16,-18.175,147.425,1.6795580110497237,27.5
2019,4,17,-18.175,147.425,1.6574585635359116,27.45
2019,4,18,-18.175,147.425,1.6353591160220995,27.43
2019,4,19,-18.175,147.425,1.6132596685082874,27.29
2019,4,20,-18.175,147.425,1.591160220994475,27.25
2019,4,21,-18.175,147.425,1.569060773480663,27.31
2019,4,22,-18.175,147.425,1.5469613259668509,27.27
2019,4,23,-18.175,147.425,1.5248618784530388,27.29
2019,4,24,-18.175,147.425,1.5027624309392265,27.32
2019,4,25,-18.175,147.425,1.4806629834254144,27.38
2019,4,26,-18.175,147.425,1.4585635359116023,27.53
2019,4,27,-18.175,147.425,1.4364640883977902,27.39
2019,4,28,-18.175,147.425,1.4143646408839778,27.26
2019,4,29,-18.175,147.425,1.3922651933701657,27.36
2019,4,30,-18.175,147.425,1.3701657458563536,27.13
2019,5,1,-18.175,147.425,1.3480662983425415,27.22
2019,5,2,-18.175,147.425,1.3259668508287292,27.14
2019,5,3,-18.175,147.425,1.3038674033149171,27.19
2019,5,4,-18.175,147.425,1.281767955801105,27.27
2019,5,5,-18.175,147.425,1.2596685082872927,27.15
2019,5,6,-18.175,147.425,1.2375690607734806,27.12
2019,5,7,-18.175,147.425,1.2154696132596685,27.11
2019,5,8,-18.175,147.425,1.1933701657458564,27.05
2019,5,9,-18.175,147.425,1.171270718232044,26.96
2019,5,10,-18.175,147.425,1.149171270718232,26.84
2019,5,11,-18.175,147.425,1.12707182320442,26.79
2019,5,12,-18.175,147.425,1.1049723756906078,26.83
2019,5,13,-18.175,147.425,1.0828729281767955,26.72
2019,5,14,-18.175,147.425,1.0607734806629834,26.72
2019,5,15,-18.175,147.425,1.0386740331491713,26.57
2019,5,16,-18.175,147.425,1.0165745856353592,26.64
2019,5,17,-18.175,147.425,0.994475138121547,26.44
2019,5,18,-18.175,147.425,0.9723756906077348,26.28
2019,5,19,-18.175,147.425,0.9502762430939227,26.25
2019,5,20,-18.175,147.425,0.9281767955801105,26.11
2019,5,21,-18.175,147.425,0.9060773480662984,26.0
2019,5,22,-18.175,147.425,0.8839779005524862,25.9
2019,5,23,-18.175,147.425,0.861878453038674,25.9
2019,5,24,-18.175,147.425,0.8397790055248618,26.06
2019,5,25,-18.175,147.425,0.8176795580110497,26.13
2019,5,26,-18.175,147.425,0.7955801104972375,25.85
2019,5,27,-18.175,147.425,0.7734806629834254,25.89
2019,5,28,-18.175,147.425,0.7513812154696132,26.01
2019,5,29,-18.175,147.425,0.7292817679558011,26.07
2019,5,30,-18.175,147.425,0.7071823204419889,26.04
2019,5,31,-18.175,147.425,0.6850828729281768,25.93
2019,6,1,-18.175,147.425,0.6629834254143646,25.73
2019,6,2,-18.175,147.425,0.6408839779005525,25.73
2019,6,3,-18.175,147.425,0.6187845303867403,25.79
2019,6,4,-18.175,147.425,0.5966850828729282,25.88
2019,6,5,-18.175,147.425,0.574585635359116,25.82
2019,6,6,-18.175,147.425,0.5524861878453039,25.51
2019,6,7,-18.175,147.425,0.5303867403314917,25.74
2019,6,8,-18.175,147.425,0.5082872928176796,25.49
2019,6,9,-18.175,147.425,0.4861878453038674,25.25
2019,6,10,-18.175,147.425,0.46408839779005523,25.16
2019,6,11,-18.175,147.425,0.4419889502762431,25.09
2019,6,12,-18.175,147.425,0.4198895027624309,25.12
2019,6,13,-18.175,147.425,0.39779005524861877,25.05
2019,6,14,-18.175,147.425,0.3756906077348066,25.16
2019,6,15,-18.175,147.425,0.35359116022099446,25.01
2019,6,16,-18.175,147.425,0.3314917127071823,25.09
2019,6,17,-18.175,147.425,0.30939226519337015,25.09
2019,6,18,-18.175,147.425,0.287292817679558,24.98
2019,6,19,-18.175,147.425,0.26519337016574585,24.95
2019,6,20,-18.175,147.425,0.2430939226519337,24.91
2019,6,21,-18.175,147.425,0.22099447513812154,24.89
2019,6,22,-18.175,147.425,0.19889502762430938,24.83
2019,6,23,-18.175,147.425,0.17679558011049723,24.65
2019,6,24,-18.175,147.425,0.15469613259668508,24.58
2019,6,25,-18.175,147.425,0.13259668508287292,24.44
2019,6,26,-18.175,147.425,0.11049723756906077,24.25
2019,6,27,-18.175,147.425,0.08839779005524862,24.3
2019,6,28,-18.175,147.425,0.06629834254143646,24.2
2019,6,29,-18.175,147.425,0.04419889502762431,24.3
2019,6,30,-18.175,147.425,0.022099447513812154,24.33
2019,7,1,-18.175,147.425,0.0,24.24
2019,7,2,-18.175,147.425,0.0,24.34
2019,7,3,-18.175,147.425,0.0,24.22
2019,7,4,-18.175,147.425,0.022099447513812154,24.2
2019,7,5,-18.175,147.425,0.04419889502762431,24.2
2019,7,6,-18.175,147.425,0.06629834254143646,24.25
2019,7,7,-18.175,147.425,0.08839779005524862,24.2
2019,7,8,-18.175,147.425,0.11049723756906077,24.02
2019,7,9,-18.175,147.425,0.13259668508287292,24.25
2019,7,10,-18.175,147.425,0.15469613259668508,24.18
2019,7,11,-18.175,147.425,0.17679558011049723,24.26
2019,7,12,-18.175,147.425,0.19889502762430938,24.48
2019,7,13,-18.175,147.425,0.22099447513812154,24.43
2019,7,14,-18.175,147.425,0.2430939226519337,24.37
2019,7,15,-18.175,147.425,0.26519337016574585,24.23
2019,7,16,-18.175,147.425,0.287292817679558,23.95
2019,7,17,-18.175,147.425,0.30939226519337015,23.94
2019,7,18,-18.175,147.425,0.3314917127071823,23.9
2019,7,19,-18.175,147.425,0.35359116022099446,23.89
2019,7,20,-18.175,147.425,0.3756906077348066,23.74
2019,7,21,-18.175,147.425,0.39779005524861877,23.64
2019,7,22,-18.175,147.425,0.4198895027624309,23.58
2019,7,23,-18.175,147.425,0.4419889502762431,23.59
2019,7,24,-18.175,147.425,0.46408839779005523,23.61
2019,7,25,-18.175,147.425,0.4861878453038674,23.7
2019,7,26,-18.175,147.425,0.5082872928176796,23.78
2019,7,27,-18.175,147.425,0.5303867403314917,23.89
2019,7,28,-18.175,147.425,0.5524861878453039,23.8
2019,7,29,-18.175,147.425,0.574585635359116,23.75
2019,7,30,-18.175,147.425,0.5966850828729282,23.61
2019,7,31,-18.175,147.425,0.6187845303867403,23.49
2019,8,1,-18.175,147.425,0.6408839779005525,23.48
2019,8,2,-18.175,147.425,0.6629834254143646,23.36
2019,8,3,-18.175,147.425,0.6850828729281768,23.35
2019,8,4,-18.175,147.425,0.7071823204419889,23.39
2019,8,5,-18.175,147.425,0.7292817679558011,23.49
2019,8,6,-18.175,147.425,0.7513812154696132,23.46
2019,8,7,-18.175,147.425,0.7734806629834254,23.56
2019,8,8,-18.175,147.425,0.7955801104972375,23.79
2019,8,9,-18.175,147.425,0.8176795580110497,23.96
2019,8,10,-18.175,147.425,0.8397790055248618,23.21
2019,8,11,-18.175,147.425,0.861878453038674,23.51
2019,8,12,-18.175,147.425,0.8839779005524862,23.68
2019,8,13,-18.175,147.425,0.9060773480662984,23.52
2019,8,14,-18.175,147.425,0.9281767955801105,23.46
2019,8,15,-18.175,147.425,0.9502762430939227,23.5
2019,8,16,-18.175,147.425,0.9723756906077348,23.55
2019,8,17,-18.175,147.425,0.994475138121547,23.62
2019,8,18,-18.175,147.425,1.0165745856353592,23.64
2019,8,19,-18.175,147.425,1.0386740331491713,23.69
2019,8,20,-18.175,147.425,1.0607734806629834,23.57
2019,8,21,-18.175,147.425,1.0828729281767955,23.64
2019,8,22,-18.175,147.425,1.1049723756906078,23.55
2019,8,23,-18.175,147.425,1.12707182320442,23.62
2019,8,24,-18.175,147.425,1.149171270718232,23.75
2019,8,25,-18.175,147.425,1.171270718232044,23.76
2019,8,26,-18.175,147.425,1.1933701657458564,23.65
2019,8,27,-18.175,147.425,1.2154696132596685,23.7
2019,8,28,-18.175,147.425,1.2375690607734806,24.13
2019,8,29,-18.175,147.425,1.2596685082872927,23.87
2019,8,30,-18.175,147.425,1.281767955801105,23.8
2019,8,31,-18.175,147.425,1.3038674033149171,23.92
2019,9,1,-18.175,147.425,1.3259668508287292,23.95
2019,9,2,-18.175,147.425,1.3480662983425415,24.08
2019,9,3,-18.175,147.425,1.3701657458563536,24.09
2019,9,4,-18.175,147.425,1.3922651933701657,24.09
2019,9,5,-18.175,147.425,1.4143646408839778,24.26
2019,9,6,-18.175,147.425,1.4364640883977902,24.42
2019,9,7,-18.175,147.425,1.4585635359116023,24.25
2019,9,8,-18.175,147.425,1.4806629834254144,23.97
2019,9,9,-18.175,147.425,1.5027624309392265,23.95
2019,9,10,-18.175,147.425,1.5248618784530388,23.83
2019,9,11,-18.175,147.425,1.5469613259668509,23.93
2019,9,12,-18.175,147.425,1.569060773480663,24.03
2019,9,13,-18.175,147.425,1.591160220994475,24.03
2019,9,14,-18.175,147.425,1.6132596685082874,24.16
2019,9,15,-18.175,147.425,1.6353591160220995,24.04
2019,9,16,-18.175,147.425,1.6574585635359116,23.99
2019,9,17,-18.175,147.425,1.6795580110497237,24.01
2019,9,18,-18.175,147.425,1.701657458563536,24.08
2019,9,19,-18.175,147.425,1.723756906077348,24.2
2019,9,20,-18.175,147.425,1.7458563535911602,24.19
2019,9,21,-18.175,147.425,1.7679558011049723,24.27
2019,9,22,-18.175,147.425,1.7900552486187846,24.31
2019,9,23,-18.175,147.425,1.8121546961325967,24.21
2019,9,24,-18.175,147.425,1.8342541436464088,24.24
2019,9,25,-18.175,147.425,1.856353591160221,24.25
2019,9,26,-18.175,147.425,1.8784530386740332,24.29
2019,9,27,-18.175,147.425,1.9005524861878453,24.57
2019,9,28,-18.175,147.425,1.9226519337016574,25.01
2019,9,29,-18.175,147.425,1.9447513812154695,25.19
2019,9,30,-18.175,147.425,1.9668508287292819,25.04
2019,10,1,-18.175,147.425,1.988950276243094,25.29
2019,10,2,-18.175,147.425,2.0110497237569063,25.28
2019,10,3,-18.175,147.425,2.0331491712707184,25.16
2019,10,4,-18.175,147.425,2.0552486187845305,24.92
2019,10,5,-18.175,147.425,2.0773480662983426,25.18
2019,10,6,-18.175,147.425,2.0994475138121547,25.0
2019,10,7,-18.175,147.425,2.1215469613259668,25.24
2019,10,8,-18.175,147.425,2.143646408839779,25.4
2019,10,9,-18.175,147.425,2.165745856353591,25.28
2019,10,10,-18.175,147.425,2.1878453038674035,25.27
2019,10,11,-18.175,147.425,2.2099447513812156,25.32
2019,10,12,-18.175,147.425,2.2320441988950277,25.5
2019,10,13,-18.175,147.425,2.25414364640884,25.79
2019,10,14,-18.175,147.425,2.276243093922652,25.7
2019,10,15,-18.175,147.425,2.298342541436464,25.68
2019,10,16,-18.175,147.425,2.320441988950276,25.66
2019,10,17,-18.175,147.425,2.342541436464088,25.57
2019,10,18,-18.175,147.425,2.3646408839779007,25.57
2019,10,19,-18.175,147.425,2.386740331491713,25.6
2019,10,20,-18.175,147.425,2.408839779005525,25.76
2019,10,21,-18.175,147.425,2.430939226519337,25.77
2019,10,22,-18.175,147.425,2.453038674033149,25.7
2019,10,23,-18.175,147.425,2.4751381215469612,25.61
2019,10,24,-18.175,147.425,2.4972375690607733,25.74
2019,10,25,-18.175,147.425,2.5193370165745854,25.62
2019,10,26,-18.175,147.425,2.541436464088398,25.66
2019,10,27,-18.175,147.425,2.56353591160221,25.82
2019,10,28,-18.175,147.425,2.585635359116022,25.87
2019,10,29,-18.175,147.425,2.6077348066298343,25.99
2019,10,30,-18.175,147.425,2.6298342541436464,25.57
2019,10,31,-18.175,147.425,2.6519337016574585,25.69
2019,11,1,-18.175,147.425,2.6740331491712706,25.74
2019,11,2,-18.175,147.425,2.696132596685083,25.78
2019,11,3,-18.175,147.425,2.718232044198895,25.95
2019,11,4,-18.175,147.425,2.7403314917127073,25.76
2019,11,5,-18.175,147.425,2.7624309392265194,25.89
2019,11,6,-18.175,147.425,2.7845303867403315,26.0
2019,11,7,-18.175,147.425,2.8066298342541436,26.24
2019,11,8,-18.175,147.425,2.8287292817679557,26.16
2019,11,9,-18.175,147.425,2.850828729281768,26.18
2019,11,10,-18.175,147.425,2.8729281767955803,26.21
2019,11,11,-18.175,147.425,2.8950276243093924,26.19
2019,11,12,-18.175,147.425,2.9171270718232045,26.27
2019,11,13,-18.175,147.425,2.9392265193370166,26.31
2019,11,14,-18.175,147.425,2.9613259668508287,26.31
2019,11,15,-18.175,147.425,2.983425414364641,26.37
2019,11,16,-18.175,147.425,3.005524861878453,26.57
2019,11,17,-18.175,147.425,3.027624309392265,26.63
2019,11,18,-18.175,147.425,3.0497237569060776,26.6
2019,11,19,-18.175,147.425,3.0718232044198897,26.46
2019,11,20,-18.175,147.425,3.0939226519337018,26.66
2019,11,21,-18.175,147.425,3.116022099447514,26.75
2019,11,22,-18.175,147.425,3.138121546961326,26.66
2019,11,23,-18.175,147.425,3.160220994475138,26.77
2019,11,24,-18.175,147.425,3.18232044198895,26.79
2019,11,25,-18.175,147.425,3.2044198895027622,26.77
2019,11,26,-18.175,147.425,3.226519337016575,26.83
2019,11,27,-18.175,147.425,3.248618784530387,27.08
2019,11,28,-18.175,147.425,3.270718232044199,27.09
2019,11,29,-18.175,147.425,3.292817679558011,26.98
2019,11,30,-18.175,147.425,3.314917127071823,26.88
2019,12,1,-18.175,147.425,3.3370165745856353,26.95
2019,12,2,-18.175,147.425,3.3591160220994474,27.23
2019,12,3,-18.175,147.425,3.3812154696132595,27.41
2019,12,4,-18.175,147.425,3.403314917127072,27.69
2019,12,5,-18.175,147.425,3.425414364640884,27.86
2019,12,6,-18.175,147.425,3.447513812154696,27.82
2019,12,7,-18.175,147.425,3.4696132596685083,27.91
2019,12,8,-18.175,147.425,3.4917127071823204,28.01
2019,12,9,-18.175,147.425,3.5138121546961325,27.7
2019,12,10,-18.175,147.425,3.5359116022099446,27.5
2019,12,11,-18.175,147.425,3.5580110497237567,27.46
2019,12,12,-18.175,147.425,3.5801104972375692,27.55
2019,12,13,-18.175,147.425,3.6022099447513813,27.65
2019,12,14,-18.175,147.425,3.6243093922651934,27.85
2019,12,15,-18.175,147.425,3.6464088397790055,28.07
2019,12,16,-18.175,147.425,3.6685082872928176,28.28
2019,12,17,-18.175,147.425,3.6906077348066297,28.36
2019,12,18,-18.175,147.425,3.712707182320442,28.24
2019,12,19,-18.175,147.425,3.734806629834254,27.92
2019,12,20,-18.175,147.425,3.7569060773480665,27.96
2019,12,21,-18.175,147.425,3.7790055248618786,27.86
2019,12,22,-18.175,147.425,3.8011049723756907,28.05
2019,12,23,-18.175,147.425,3.8232044198895028,27.91
2019,12,24,-18.175,147.425,3.845303867403315,27.93
2019,12,25,-18.175,147.425,3.867403314917127,28.21
2019,12,26,-18.175,147.425,3.889502762430939,28.37
2019,12,27,-18.175,147.425,3.911602209944751,28.33
2019,12,28,-18.175,147.425,3.9337016574585637,28.34
2019,12,29,-18.175,147.425,3.955801104972376,28.21
2019,12,30,-18.175,147.425,3.977900552486188,28.22
2019,12,31,-18.175,147.425,4.0,28.27
2020,1,1,-18.175,147.425,4.0,28.43
2020,1,2,-18.175,147.425,3.977900552486188,28.86
2020,1,3,-18.175,147.425,3.955801104972376,28.89
2020,1,4,-18.175,147.425,3.9337016574585637,28.74
2020,1,5,-18.175,147.425,3.911602209944751,28.7
2020,1,6,-18.175,147.425,3.889502762430939,28.6
2020,1,7,-18.175,147.425,3.867403314917127,28.55
2020,1,8,-18.175,147.425,3.845303867403315,28.5
2020,1,9,-18.175,147.425,3.8232044198895028,28.54
2020,1,10,-18.175,147.425,3.8011049723756907,28.54
2020,1,11,-18.175,147.425,3.7790055248618786,28.34
2020,1,12,-18.175,147.425,3.7569060773480665,28.18
2020,1,13,-18.175,147.425,3.734806629834254,28.31
2020,1,14,-18.175,147.425,3.712707182320442,28.55
2020,1,15,-18.175,147.425,3.6906077348066297,28.73
2020,1,16,-18.175,147.425,3.6685082872928176,28.3
2020,1,17,-18.175,147.425,3.6464088397790055,28.49
2020,1,18,-18.175,147.425,3.6243093922651934,28.98
2020,1,19,-18.175,147.425,3.6022099447513813,29.2
2020,1,20,-18.175,147.425,3.5801104972375692,29.47
2020,1,21,-18.175,147.425,3.5580110497237567,29.4
2020,1,22,-18.175,147.425,3.5359116022099446,29.37
2020,1,23,-18.175,147.425,3.5138121546961325,29.68
2020,1,24,-18.175,147.425,3.4917127071823204,29.55
2020,1,25,-18.175,147.425,3.4696132596685083,29.6
2020,1,26,-18.175,147.425,3.447513812154696,29.25
2020,1,27,-18.175,147.425,3.425414364640884,29.36
2020,1,28,-18.175,147.425,3.403314917127072,29.38
2020,1,29,-18.175,147.425,3.3812154696132595,29.33
2020,1,30,-18.175,147.425,3.3591160220994474,29.41
2020,1,31,-18.175,147.425,3.3370165745856353,29.38
2020,2,1,-18.175,147.425,3.314917127071823,29.49
2020,2,2,-18.175,147.425,3.292817679558011,29.36
2020,2,3,-18.175,147.425,3.270718232044199,29.39
2020,2,4,-18.175,147.425,3.248618784530387,29.73
2020,2,5,-18.175,147.425,3.226519337016575,29.75
2020,2,6,-18.175,147.425,3.2044198895027622,29.75
2020,2,7,-18.175,147.425,3.18232044198895,29.79
2020,2,8,-18.175,147.425,3.160220994475138,30.13
2020,2,9,-18.175,147.425,3.138121546961326,30.34
2020,2,10,-18.175,147.425,3.116022099447514,30.07
2020,2,11,-18.175,147.425,3.0939226519337018,29.98
2020,2,12,-18.175,147.425,3.0718232044198897,30.25
2020,2,13,-18.175,147.425,3.0497237569060776,30.37
2020,2,14,-18.175,147.425,3.027624309392265,30.36
2020,2,15,-18.175,147.425,3.005524861878453,30.54
2020,2,16,-18.175,147.425,2.983425414364641,30.32
2020,2,17,-18.175,147.425,2.9613259668508287,30.14
2020,2,18,-18.175,147.425,2.9392265193370166,30.15
2020,2,19,-18.175,147.425,2.9171270718232045,30.15
2020,2,20,-18.175,147.425,2.8950276243093924,30.1
2020,2,21,-18.175,147.425,2.8729281767955803,30.17
2020,2,22,-18.175,147.425,2.850828729281768,30.03
2020,2,23,-18.175,147.425,2.8287292817679557,29.81
2020,2,24,-18.175,147.425,2.8066298342541436,29.72
2020,2,25,-18.175,147.425,2.7845303867403315,29.62
2020,2,26,-18.175,147.425,2.7624309392265194,29.63
2020,2,27,-18.175,147.425,2.7403314917127073,29.71
2020,2,28,-18.175,147.425,2.718232044198895,29.73
2020,2,29,-18.175,147.425,2.696132596685083,29.76
2020,3,1,-18.175,147.425,2.6740331491712706,29.78
2020,3,2,-18.175,147.425,2.6519337016574585,29.96
2020,3,3,-18.175,147.425,2.6298342541436464,29.71
2020,3,4,-18.175,147.425,2.6077348066298343,30.09
2020,3,5,-18.175,147.425,2.585635359116022,29.95
2020,3,6,-18.175,147.425,2.56353591160221,30.04
2020,3,7,-18.175,147.425,2.541436464088398,30.29
2020,3,8,-18.175,147.425,2.5193370165745854,30.16
2020,3,9,-18.175,147.425,2.4972375690607733,30.01
2020,3,10,-18.175,147.425,2.4751381215469612,29.94
2020,3,11,-18.175,147.425,2.453038674033149,29.96
2020,3,12,-18.175,147.425,2.430939226519337,29.74
2020,3,13,-18.175,147.425,2.408839779005525,29.59
2020,3,14,-18.175,147.425,2.386740331491713,29.22
2020,3,15,-18.175,147.425,2.3646408839779007,28.98
2020,3,16,-18.175,147.425,2.342541436464088,28.83
2020,3,17,-18.175,147.425,2.320441988950276,28.68
2020,3,18,-18.175,147.425,2.298342541436464,28.51
2020,3,19,-18.175,147.425,2.276243093922652,28.32
2020,3,20,-18.175,147.425,2.25414364640884,28.21
2020,3,21,-18.175,147.425,2.2320441988950277,28.24
2020,3,22,-18.175,147.425,2.2099447513812156,28.28
2020,3,23,-18.175,147.425,2.1878453038674035,28.29
2020,3,24,-18.175,147.425,2.165745856353591,28.18
2020,3,25,-18.175,147.425,2.143646408839779,27.93
2020,3,26,-18.175,147.425,2.1215469613259668,27.93
2020,3,27,-18.175,147.425,2.0994475138121547,28.13
2020,3,28,-18.175,147.425,2.0773480662983426,28.13
2020,3,29,-18.175,147.425,2.0552486187845305,27.78
2020,3,30,-18.175,147.425,2.0331491712707184,28.03
2020,3,31,-18.175,147.425,2.0110497237569063,28.11
2020,4,1,-18.175,147.425,1.988950276243094,27.99
2020,4,2,-18.175,147.425,1.9668508287292819,27.94
2020,4,3,-18.175,147.425,1.9447513812154695,27.91
2020,4,4,-18.175,147.425,1.9226519337016574,27.96
2020,4,5,-18.175,147.425,1.9005524861878453,28.24
2020,4,6,-18.175,147.425,1.8784530386740332,28.13
2020,4,7,-18.175,147.425,1.856353591160221,28.03
2020,4,8,-18.175,147.425,1.8342541436464088,28.14
2020,4,9,-18.175,147.425,1.8121546961325967,28.01
2020,4,10,-18.175,147.425,1.7900552486187846,27.91
2020,4,11,-18.175,147.425,1.7679558011049723,27.89
2020,4,12,-18.175,147.425,1.7458563535911602,28.02
2020,4,13,-18.175,147.425,1.723756906077348,27.97
2020,4,14,-18.175,147.425,1.701657458563536,27.88
2020,4,15,-18.175,147.425,1.6795580110497237,27.79
2020,4,16,-18.175,147.425,1.6574585635359116,27.75
2020,4,17,-18.175,147.425,1.6353591160220995,27.82
2020,4,18,-18.175,147.425,1.6132596685082874,28.07
2020,4,19,-18.175,147.425,1.591160220994475,28.06
2020,4,20,-18.175,147.425,1.569060773480663,28.2
2020,4,21,-18.175,147.425,1.5469613259668509,28.21
2020,4,22,-18.175,147.425,1.5248618784530388,28.12
2020,4,23,-18.175,147.425,1.5027624309392265,28.01
2020,4,24,-18.175,147.425,1.4806629834254144,28.06
2020,4,25,-18.175,147.425,1.4585635359116023,27.87
2020,4,26,-18.175,147.425,1.4364640883977902,27.87
2020,4,27,-18.175,147.425,1.4143646408839778,27.81
2020,4,28,-18.175,147.425,1.3922651933701657,27.71
2020,4,29,-18.175,147.425,1.3701657458563536,27.66
2020,4,30,-18.175,147.425,1.3480662983425415,27.55
2020,5,1,-18.175,147.425,1.3259668508287292,27.63
2020,5,2,-18.175,147.425,1.3038674033149171,27.68
2020,5,3,-18.175,147.425,1.281767955801105,27.65
2020,5,4,-18.175,147.425,1.2596685082872927,27.51
2020,5,5,-18.175,147.425,1.2375690607734806,27.39
2020,5,6,-18.175,147.425,1.2154696132596685,27.26
2020,5,7,-18.175,147.425,1.1933701657458564,27.12
2020,5,8,-18.175,147.425,1.171270718232044,27.09
2020,5,9,-18.175,147.425,1.149171270718232,27.02
2020,5,10,-18.175,147.425,1.12707182320442,26.97
2020,5,11,-18.175,147.425,1.1049723756906078,27.0
2020,5,12,-18.175,147.425,1.0828729281767955,26.81
2020,5,13,-18.175,147.425,1.0607734806629834,26.91
2020,5,14,-18.175,147.425,1.0386740331491713,26.71
2020,5,15,-18.175,147.425,1.0165745856353592,26.76
2020,5,16,-18.175,147.425,0.994475138121547,26.37
2020,5,17,-18.175,147.425,0.9723756906077348,26.5
2020,5,18,-18.175,147.425,0.9502762430939227,26.5
2020,5,19,-18.175,147.425,0.9281767955801105,26.44
2020,5,20,-18.175,147.425,0.9060773480662984,26.18
2020,5,21,-18.175,147.425,0.8839779005524862,26.31
2020,5,22,-18.175,147.425,0.861878453038674,26.17
2020,5,23,-18.175,147.425,0.8397790055248618,26.19
2020,5,24,-18.175,147.425,0.8176795580110497,26.06
2020,5,25,-18.175,147.425,0.7955801104972375,25.97
2020,5,26,-18.175,147.425,0.7734806629834254,25.94
2020,5,27,-18.175,147.425,0.7513812154696132,25.84
2020,5,28,-18.175,147.425,0.7292817679558011,25.84
2020,5,29,-18.175,147.425,0.7071823204419889,25.7
2020,5,30,-18.175,147.425,0.6850828729281768,25.77
2020,5,31,-18.175,147.425,0.6629834254143646,25.78
2020,6,1,-18.175,147.425,0.6408839779005525,25.56
2020,6,2,-18.175,147.425,0.6187845303867403,25.72
2020,6,3,-18.175,147.425,0.5966850828729282,25.59
2020,6,4,-18.175,147.425,0.574585635359116,25.57
2020,6,5,-18.175,147.425,0.5524861878453039,25.43
2020,6,6,-18.175,147.425,0.5303867403314917,25.38
2020,6,7,-18.175,147.425,0.5082872928176796,25.44
2020,6,8,-18.175,147.425,0.4861878453038674,25.37
2020,6,9,-18.175,147.425,0.46408839779005523,25.4
2020,6,10,-18.175,147.425,0.4419889502762431,25.29
2020,6,11,-18.175,147.425,0.4198895027624309,25.28
2020,6,12,-18.175,147.425,0.39779005524861877,25.28
2020,6,13,-18.175,147.425,0.3756906077348066,25.48
2020,6,14,-18.175,147.425,0.35359116022099446,25.64
2020,6,15,-18.175,147.425,0.3314917127071823,25.5
2020,6,16,-18.175,147.425,0.30939226519337015,25.62
2020,6,17,-18.175,147.425,0.287292817679558,25.49
2020,6,18,-18.175,147.425,0.26519337016574585,25.32
2020,6,19,-18.175,147.425,0.2430939226519337,25.38
2020,6,20,-18.175,147.425,0.22099447513812154,25.26
2020,6,21,-18.175,147.425,0.19889502762430938,25.26
2020,6,22,-18.175,147.425,0.17679558011049723,25.42
2020,6,23,-18.175,147.425,0.15469613259668508,25.4
2020,6,24,-18.175,147.425,0.13259668508287292,25.43
2020,6,25,-18.175,147.425,0.11049723756906077,25.56
2020,6,26,-18.175,147.425,0.08839779005524862,25.55
2020,6,27,-18.175,147.425,0.06629834254143646,25.7
2020,6,28,-18.175,147.425,0.04419889502762431,25.45
2020,6,29,-18.175,147.425,0.022099447513812154,25.39
2020,6,30,-18.175,147.425,0.0,25.17
2020,7,1,-18.175,147.425,0.0,25.15
2020,7,2,-18.175,147.425,0.0,25.14
2020,7,3,-18.175,147.425,0.0,25.19
2020,7,4,-18.175,147.425,0.022099447513812154,25.28
2020,7,5,-18.175,147.425,0.04419889502762431,25.23
2020,7,6,-18.175,147.425,0.06629834254143646,25.15
2020,7,7,-18.175,147.425,0.08839779005524862,25.09
2020,7,8,-18.175,147.425,0.11049723756906077,25.06
2020,7,9,-18.175,147.425,0.13259668508287292,25.08
2020,7,10,-18.175,147.425,0.15469613259668508,25.06
2020,7,11,-18.175,147.425,0.17679558011049723,25.05
2020,7,12,-18.175,147.425,0.19889502762430938,24.68
2020,7,13,-18.175,147.425,0.22099447513812154,25.12
2020,7,14,-18.175,147.425,0.2430939226519337,24.98
2020,7,15,-18.175,147.425,0.26519337016574585,24.96
2020,7,16,-18.175,147.425,0.287292817679558,24.9
2020,7,17,-18.175,147.425,0.30939226519337015,24.91
2020,7,18,-18.175,147.425,0.3314917127071823,24.93
2020,7,19,-18.175,147.425,0.35359116022099446,24.73
2020,7,20,-18.175,147.425,0.3756906077348066,24.87
2020,7,21,-18.175,147.425,0.39779005524861877,24.98
2020,7,22,-18.175,147.425,0.4198895027624309,24.81
2020,7,23,-18.175,147.425,0.4419889502762431,24.74
2020,7,24,-18.175,147.425,0.46408839779005523,24.66
2020,7,25,-18.175,147.425,0.4861878453038674,24.51
2020,7,26,-18.175,147.425,0.5082872928176796,24.7
2020,7,27,-18.175,147.425,0.5303867403314917,24.61
2020,7,28,-18.175,147.425,0.5524861878453039,24.66
2020,7,29,-18.175,147.425,0.574585635359116,24.53
2020,7,30,-18.175,147.425,0.5966850828729282,24.42
2020,7,31,-18.175,147.425,0.6187845303867403,24.36
2020,8,1,-18.175,147.425,0.6408839779005525,24.33
2020,8,2,-18.175,147.425,0.6629834254143646,24.25
2020,8,3,-18.175,147.425,0.6850828729281768,24.35
2020,8,4,-18.175,147.425,0.7071823204419889,24.28
2020,8,5,-18.175,147.425,0.7292817679558011,24.37
2020,8,6,-18.175,147.425,0.7513812154696132,24.27
2020,8,7,-18.175,147.425,0.7734806629834254,24.23
2020,8,8,-18.175,147.425,0.7955801104972375,24.37
2020,8,9,-18.175,147.425,0.8176795580110497,24.3
2020,8,10,-18.175,147.425,0.8397790055248618,24.22
2020,8,11,-18.175,147.425,0.861878453038674,24.3
2020,8,12,-18.175,147.425,0.8839779005524862,24.38
2020,8,13,-18.175,147.425,0.9060773480662984,24.57
2020,8,14,-18.175,147.425,0.9281767955801105,24.5
2020,8,15,-18.175,147.425,0.9502762430939227,24.59
2020,8,16,-18.175,147.425,0.9723756906077348,24.58
2020,8,17,-18.175,147.425,0.994475138121547,24.83
2020,8,18,-18.175,147.425,1.0165745856353592,25.19
2020,8,19,-18.175,147.425,1.0386740331491713,25.38
2020,8,20,-18.175,147.425,1.0607734806629834,25.27
2020,8,21,-18.175,147.425,1.0828729281767955,25.41
2020,8,22,-18.175,147.425,1.1049723756906078,25.55
2020,8,23,-18.175,147.425,1.12707182320442,25.57
2020,8,24,-18.175,147.425,1.149171270718232,25.54
2020,8,25,-18.175,147.425,1.171270718232044,25.37
2020,8,26,-18.175,147.425,1.1933701657458564,25.47
2020,8,27,-18.175,147.425,1.2154696132596685,25.4
2020,8,28,-18.175,147.425,1.2375690607734806,25.46
2020,8,29,-18.175,147.425,1.2596685082872927,25.32
2020,8,30,-18.175,147.425,1.281767955801105,25.14
2020,8,31,-18.175,147.425,1.3038674033149171,25.19
2020,9,1,-18.175,147.425,1.3259668508287292,25.27
2020,9,2,-18.175,147.425,1.3480662983425415,25.16
2020,9,3,-18.175,147.425,1.3701657458563536,25.15
2020,9,4,-18.175,147.425,1.3922651933701657,25.14
2020,9,5,-18.175,147.425,1.4143646408839778,25.06
2020,9,6,-18.175,147.425,1.4364640883977902,24.99
2020,9,7,-18.175,147.425,1.4585635359116023,25.21
2020,9,8,-18.175,147.425,1.4806629834254144,25.34
2020,9,9,-18.175,147.425,1.5027624309392265,25.16
2020,9,10,-18.175,147.425,1.5248618784530388,25.14
2020,9,11,-18.175,147.425,1.5469613259668509,25.14
2020,9,12,-18.175,147.425,1.569060773480663,25.24
2020,9,13,-18.175,147.425,1.591160220994475,25.18
2020,9,14,-18.175,147.425,1.6132596685082874,24.98
2020,9,15,-18.175,147.425,1.6353591160220995,25.06
2020,9,16,-18.175,147.425,1.6574585635359116,25.08
2020,9,17,-18.175,147.425,1.6795580110497237,25.06
2020,9,18,-18.175,147.425,1.701657458563536,25.2
2020,9,19,-18.175,147.425,1.723756906077348,25.14
2020,9,20,-18.175,147.425,1.7458563535911602,25.17
2020,9,21,-18.175,147.425,1.7679558011049723,25.15
2020,9,22,-18.175,147.425,1.7900552486187846,25.26
2020,9,23,-18.175,147.425,1.8121546961325967,25.49
2020,9,24,-18.175,147.425,1.8342541436464088,25.58
2020,9,25,-18.175,147.425,1.856353591160221,25.57
2020,9,26,-18.175,147.425,1.8784530386740332,25.64
2020,9,27,-18.175,147.425,1.9005524861878453,25.7
2020,9,28,-18.175,147.425,1.9226519337016574,25.76
2020,9,29,-18.175,147.425,1.9447513812154695,25.68
2020,9,30,-18.175,147.425,1.9668508287292819,25.6
2020,10,1,-18.175,147.425,1.988950276243094,25.6
2020,10,2,-18.175,147.425,2.0110497237569063,25.7
2020,10,3,-18.175,147.425,2.0331491712707184,25.55
2020,10,4,-18.175,147.425,2.0552486187845305,25.58
2020,10,5,-18.175,147.425,2.0773480662983426,25.53
2020,10,6,-18.175,147.425,2.0994475138121547,25.54
2020,10,7,-18.175,147.425,2.1215469613259668,25.5
2020,10,8,-18.175,147.425,2.143646408839779,25.32
2020,10,9,-18.175,147.425,2.165745856353591,25.48
2020,10,10,-18.175,147.425,2.1878453038674035,25.57
2020,10,11,-18.175,147.425,2.2099447513812156,25.56
2020,10,12,-18.175,147.425,2.2320441988950277,25.44
2020,10,13,-18.175,147.425,2.25414364640884,25.39
2020,10,14,-18.175,147.425,2.276243093922652,25.36
2020,10,15,-18.175,147.425,2.298342541436464,25.45
2020,10,16,-18.175,147.425,2.320441988950276,25.34
2020,10,17,-18.175,147.425,2.342541436464088,25.35
2020,10,18,-18.175,147.425,2.3646408839779007,25.28
2020,10,19,-18.175,147.425,2.386740331491713,25.5
2020,10,20,-18.175,147.425,2.408839779005525,25.66
2020,10,21,-18.175,147.425,2.430939226519337,25.84
2020,10,22,-18.175,147.425,2.453038674033149,25.94
2020,10,23,-18.175,147.425,2.4751381215469612,25.98
2020,10,24,-18.175,147.425,2.4972375690607733,26.02
2020,10,25,-18.175,147.425,2.5193370165745854,26.26
2020,10,26,-18.175,147.425,2.541436464088398,26.55
2020,10,27,-18.175,147.425,2.56353591160221,26.78
2020,10,28,-18.175,147.425,2.585635359116022,26.75
2020,10,29,-18.175,147.425,2.6077348066298343,27.02
2020,10,30,-18.175,147.425,2.6298342541436464,27.09
2020,10,31,-18.175,147.425,2.6519337016574585,27.19
2020,11,1,-18.175,147.425,2.6740331491712706,27.34
2020,11,2,-18.175,147.425,2.696132596685083,27.24
2020,11,3,-18.175,147.425,2.718232044198895,27.18
2020,11,4,-18.175,147.425,2.7403314917127073,26.92
2020,11,5,-18.175,147.425,2.7624309392265194,26.92
2020,11,6,-18.175,147.425,2.7845303867403315,27.02
2020,11,7,-18.175,147.425,2.8066298342541436,27.11
2020,11,8,-18.175,147.425,2.8287292817679557,27.13
2020,11,9,-18.175,147.425,2.850828729281768,27.2
2020,11,10,-18.175,147.425,2.8729281767955803,27.14
2020,11,11,-18.175,147.425,2.8950276243093924,26.95
2020,11,12,-18.175,147.425,2.9171270718232045,26.99
2020,11,13,-18.175,147.425,2.9392265193370166,26.96
2020,11,14,-18.175,147.425,2.9613259668508287,27.39
2020,11,15,-18.175,147.425,2.983425414364641,27.54
2020,11,16,-18.175,147.425,3.005524861878453,27.52
2020,11,17,-18.175,147.425,3.027624309392265,27.51
2020,11,18,-18.175,147.425,3.0497237569060776,27.36
2020,11,19,-18.175,147.425,3.0718232044198897,27.31
2020,11,20,-18.175,147.425,3.0939226519337018,27.3
2020,11,21,-18.175,147.425,3.116022099447514,27.31
2020,11,22,-18.175,147.425,3.138121546961326,27.04
2020,11,23,-18.175,147.425,3.160220994475138,27.03
2020,11,24,-18.175,147.425,3.18232044198895,27.28
2020,11,25,-18.175,147.425,3.2044198895027622,27.26
2020,11,26,-18.175,147.425,3.226519337016575,27.57
2020,11,27,-18.175,147.425,3.248618784530387,27.67
2020,11,28,-18.175,147.425,3.270718232044199,27.66
2020,11,29,-18.175,147.425,3.292817679558011,27.65
2020,11,30,-18.175,147.425,3.314917127071823,27.7
2020,12,1,-18.175,147.425,3.3370165745856353,27.8
2020,12,2,-18.175,147.425,3.3591160220994474,27.79
2020,12,3,-18.175,147.425,3.3812154696132595,27.82
2020,12,4,-18.175,147.425,3.403314917127072,27.94
2020,12,5,-18.175,147.425,3.425414364640884,27.88
2020,12,6,-18.175,147.425,3.447513812154696,28.09
2020,12,7,-18.175,147.425,3.4696132596685083,28.19
2020,12,8,-18.175,147.425,3.4917127071823204,28.33
2020,12,9,-18.175,147.425,3.5138121546961325,28.46
2020,12,10,-18.175,147.425,3.5359116022099446,28.42
2020,12,11,-18.175,147.425,3.5580110497237567,28.38
2020,12,12,-18.175,147.425,3.5801104972375692,28.25
2020,12,13,-18.175,147.425,3.6022099447513813,28.29
2020,12,14,-18.175,147.425,3.6243093922651934,28.46
2020,12,15,-18.175,147.425,3.6464088397790055,28.58
2020,12,16,-18.175,147.425,3.6685082872928176,28.64
2020,12,17,-18.175,147.425,3.6906077348066297,28.75
2020,12,18,-18.175,147.425,3.712707182320442,29.08
2020,12,19,-18.175,147.425,3.734806629834254,28.81
2020,12,20,-18.175,147.425,3.7569060773480665,28.75
2020,12,21,-18.175,147.425,3.7790055248618786,29.0
2020,12,22,-18.175,147.425,3.8011049723756907,29.18
2020,12,23,-18.175,147.425,3.8232044198895028,29.36
2020,12,24,-18.175,147.425,3.845303867403315,29.29
2020,12,25,-18.175,147.425,3.867403314917127,29.4
2020,12,26,-18.175,147.425,3.889502762430939,29.32
2020,12,27,-18.175,147.425,3.911602209944751,29.33
2020,12,28,-18.175,147.425,3.9337016574585637,29.13
2020,12,29,-18.175,147.425,3.955801104972376,29.13
2020,12,30,-18.175,147.425,3.977900552486188,28.94
2020,12,31,-18.175,147.425,4.0,28.89
2021,1,1,-18.175,147.425,4.0,28.91
2021,1,2,-18.175,147.425,3.977900552486188,29.27
2021,1,3,-18.175,147.425,3.955801104972376,29.0
2021,1,4,-18.175,147.425,3.9337016574585637,29.16
2021,1,5,-18.175,147.425,3.911602209944751,29.2
2021,1,6,-18.175,147.425,3.889502762430939,29.23
2021,1,7,-18.175,147.425,3.867403314917127,29.46
2021,1,8,-18.175,147.425,3.845303867403315,29.27
2021,1,9,-18.175,147.425,3.8232044198895028,29.54
2021,1,10,-18.175,147.425,3.8011049723756907,29.48
2021,1,11,-18.175,147.425,3.7790055248618786,29.39
2021,1,12,-18.175,147.425,3.7569060773480665,29.33
2021,1,13,-18.175,147.425,3.734806629834254,29.15
2021,1,14,-18.175,147.425,3.712707182320442,29.23
2021,1,15,-18.175,147.425,3.6906077348066297,29.2
2021,1,16,-18.175,147.425,3.6685082872928176,29.06
2021,1,17,-18.175,147.425,3.6464088397790055,28.68
2021,1,18,-18.175,147.425,3.6243093922651934,28.75
2021,1,19,-18.175,147.425,3.6022099447513813,28.87
2021,1,20,-18.175,147.425,3.5801104972375692,28.85
2021,1,21,-18.175,147.425,3.5580110497237567,28.61
2021,1,22,-18.175,147.425,3.5359116022099446,28.6
2021,1,23,-18.175,147.425,3.5138121546961325,28.47
2021,1,24,-18.175,147.425,3.4917127071823204,28.41
2021,1,25,-18.175,147.425,3.4696132596685083,28.45
2021,1,26,-18.175,147.425,3.447513812154696,28.56
2021,1,27,-18.175,147.425,3.425414364640884,28.7
2021,1,28,-18.175,147.425,3.403314917127072,28.73
2021,1,29,-18.175,147.425,3.3812154696132595,28.57
2021,1,30,-18.175,147.425,3.3591160220994474,28.62
2021,1,31,-18.175,147.425,3.3370165745856353,28.58
2021,2,1,-18.175,147.425,3.314917127071823,28.57
2021,2,2,-18.175,147.425,3.292817679558011,28.66
2021,2,3,-18.175,147.425,3.270718232044199,28.68
2021,2,4,-18.175,147.425,3.248618784530387,28.83
2021,2,5,-18.175,147.425,3.226519337016575,28.9
2021,2,6,-18.175,147.425,3.2044198895027622,29.11
2021,2,7,-18.175,147.425,3.18232044198895,29.22
2021,2,8,-18.175,147.425,3.160220994475138,29.47
2021,2,9,-18.175,147.425,3.138121546961326,29.38
2021,2,10,-18.175,147.425,3.116022099447514,29.35
2021,2,11,-18.175,147.425,3.0939226519337018,29.29
2021,2,12,-18.175,147.425,3.0718232044198897,29.19
2021,2,13,-18.175,147.425,3.0497237569060776,29.35
2021,2,14,-18.175,147.425,3.027624309392265,29.62
2021,2,15,-18.175,147.425,3.005524861878453,29.5
2021,2,16,-18.175,147.425,2.983425414364641,29.34
2021,2,17,-18.175,147.425,2.9613259668508287,29.25
2021,2,18,-18.175,147.425,2.9392265193370166,29.06
2021,2,19,-18.175,147.425,2.9171270718232045,28.95
2021,2,20,-18.175,147.425,2.8950276243093924,28.68
2021,2,21,-18.175,147.425,2.8729281767955803,28.77
2021,2,22,-18.175,147.425,2.850828729281768,29.08
2021,2,23,-18.175,147.425,2.8287292817679557,29.42
2021,2,24,-18.175,147.425,2.8066298342541436,29.37
2021,2,25,-18.175,147.425,2.7845303867403315,29.17
2021,2,26,-18.175,147.425,2.7624309392265194,29.11
2021,2,27,-18.175,147.425,2.7403314917127073,28.91
2021,2,28,-18.175,147.425,2.718232044198895,28.81
2021,3,1,-18.175,147.425,2.696132596685083,28.65
2021,3,2,-18.175,147.425,2.6740331491712706,28.55
2021,3,3,-18.175,147.425,2.6519337016574585,28.59
2021,3,4,-18.175,147.425,2.6298342541436464,28.33
2021,3,5,-18.175,147.425,2.6077348066298343,28.25
2021,3,6,-18.175,147.425,2.585635359116022,28.2
2021,3,7,-18.175,147.425,2.56353591160221,28.29
2021,3,8,-18.175,147.425,2.541436464088398,28.32
2021,3,9,-18.175,147.425,2.5193370165745854,28.29
2021,3,10,-18.175,147.425,2.4972375690607733,28.3
2021,3,11,-18.175,147.425,2.4751381215469612,28.34
2021,3,12,-18.175,147.425,2.453038674033149,28.3
2021,3,13,-18.175,147.425,2.430939226519337,28.31
2021,3,14,-18.175,147.425,2.408839779005525,28.31
2021,3,15,-18.175,147.425,2.386740331491713,28.35
2021,3,16,-18.175,147.425,2.3646408839779007,28.36
2021,3,17,-18.175,147.425,2.342541436464088,28.45
2021,3,18,-18.175,147.425,2.320441988950276,28.47
2021,3,19,-18.175,147.425,2.298342541436464,28.64
2021,3,20,-18.175,147.425,2.276243093922652,28.6
2021,3,21,-18.175,147.425,2.25414364640884,28.8
2021,3,22,-18.175,147.425,2.2320441988950277,28.88
2021,3,23,-18.175,147.425,2.2099447513812156,28.63
2021,3,24,-18.175,147.425,2.1878453038674035,28.93
2021,3,25,-18.175,147.425,2.165745856353591,29.02
2021,3,26,-18.175,147.425,2.143646408839779,28.95
2021,3,27,-18.175,147.425,2.1215469613259668,28.92
2021,3,28,-18.175,147.425,2.0994475138121547,28.6
2021,3,29,-18.175,147.425,2.0773480662983426,28.48
2021,3,30,-18.175,147.425,2.0552486187845305,28.39
2021,3,31,-18.175,147.425,2.0331491712707184,28.25
2021,4,1,-18.175,147.425,2.0110497237569063,28.04
2021,4,2,-18.175,147.425,1.988950276243094,27.78
2021,4,3,-18.175,147.425,1.9668508287292819,27.79
2021,4,4,-18.175,147.425,1.9447513812154695,27.73
2021,4,5,-18.175,147.425,1.9226519337016574,27.42
2021,4,6,-18.175,147.425,1.9005524861878453,27.5
2021,4,7,-18.175,147.425,1.8784530386740332,27.64
2021,4,8,-18.175,147.425,1.856353591160221,27.71
2021,4,9,-18.175,147.425,1.8342541436464088,27.72
2021,4,10,-18.175,147.425,1.8121546961325967,27.86
2021,4,11,-18.175,147.425,1.7900552486187846,27.85
2021,4,12,-18.175,147.425,1.7679558011049723,27.82
2021,4,13,-18.175,147.425,1.7458563535911602,27.7
2021,4,14,-18.175,147.425,1.723756906077348,27.63
2021,4,15,-18.175,147.425,1.701657458563536,27.65
2021,4,16,-18.175,147.425,1.6795580110497237,27.53
2021,4,17,-18.175,147.425,1.6574585635359116,27.43
2021,4,18,-18.175,147.425,1.6353591160220995,27.43
2021,4,19,-18.175,147.425,1.6132596685082874,27.49
2021,4,20,-18.175,147.425,1.591160220994475,27.33
2021,4,21,-18.175,147.425,1.569060773480663,27.61
2021,4,22,-18.175,147.425,1.5469613259668509,27.45
2021,4,23,-18.175,147.425,1.5248618784530388,27.27
2021,4,24,-18.175,147.425,1.5027624309392265,27.22
2021,4,25,-18.175,147.425,1.4806629834254144,27.24
2021,4,26,-18.175,147.425,1.4585635359116023,26.91
2021,4,27,-18.175,147.425,1.4364640883977902,26.73
2021,4,28,-18.175,147.425,1.4143646408839778,26.74
2021,4,29,-18.175,147.425,1.3922651933701657,26.68
2021,4,30,-18.175,147.425,1.3701657458563536,26.65
2021,5,1,-18.175,147.425,1.3480662983425415,26.53
2021,5,2,-18.175,147.425,1.3259668508287292,26.55
2021,5,3,-18.175,147.425,1.3038674033149171,26.49
2021,5,4,-18.175,147.425,1.281767955801105,26.52
2021,5,5,-18.175,147.425,1.2596685082872927,26.71
2021,5,6,-18.175,147.425,1.2375690607734806,26.71
2021,5,7,-18.175,147.425,1.2154696132596685,26.66
2021,5,8,-18.175,147.425,1.1933701657458564,26.66
2021,5,9,-18.175,147.425,1.171270718232044,26.65
2021,5,10,-18.175,147.425,1.149171270718232,26.49
2021,5,11,-18.175,147.425,1.12707182320442,26.71
2021,5,12,-18.175,147.425,1.1049723756906078,26.77
2021,5,13,-18.175,147.425,1.0828729281767955,26.64
2021,5,14,-18.175,147.425,1.0607734806629834,26.77
2021,5,15,-18.175,147.425,1.0386740331491713,26.76
2021,5,16,-18.175,147.425,1.0165745856353592,26.58
2021,5,17,-18.175,147.425,0.994475138121547,26.45
2021,5,18,-18.175,147.425,0.9723756906077348,26.36
2021,5,19,-18.175,147.425,0.9502762430939227,26.18
2021,5,20,-18.175,147.425,0.9281767955801105,26.06
2021,5,21,-18.175,147.425,0.9060773480662984,26.16
2021,5,22,-18.175,147.425,0.8839779005524862,26.05
2021,5,23,-18.175,147.425,0.861878453038674,26.12
2021,5,24,-18.175,147.425,0.8397790055248618,25.99
2021,5,25,-18.175,147.425,0.8176795580110497,26.0
2021,5,26,-18.175,147.425,0.7955801104972375,25.97
2021,5,27,-18.175,147.425,0.7734806629834254,25.8
2021,5,28,-18.175,147.425,0.7513812154696132,25.91
2021,5,29,-18.175,147.425,0.7292817679558011,25.84
2021,5,30,-18.175,147.425,0.7071823204419889,25.92
2021,5,31,-18.175,147.425,0.6850828729281768,25.84
2021,6,1,-18.175,147.425,0.6629834254143646,25.78
2021,6,2,-18.175,147.425,0.6408839779005525,25.84
2021,6,3,-18.175,147.425,0.6187845303867403,25.69
2021,6,4,-18.175,147.425,0.5966850828729282,25.92
2021,6,5,-18.175,147.425,0.574585635359116,25.9
2021,6,6,-18.175,147.425,0.5524861878453039,25.67
2021,6,7,-18.175,147.425,0.5303867403314917,25.53
2021,6,8,-18.175,147.425,0.5082872928176796,25.58
2021,6,9,-18.175,147.425,0.4861878453038674,25.45
2021,6,10,-18.175,147.425,0.46408839779005523,25.43
2021,6,11,-18.175,147.425,0.4419889502762431,25.21
2021,6,12,-18.175,147.425,0.4198895027624309,25.15
2021,6,13,-18.175,147.425,0.39779005524861877,25.24
2021,6,14,-18.175,147.425,0.3756906077348066,25.56
2021,6,15,-18.175,147.425,0.35359116022099446,25.61
2021,6,16,-18.175,147.425,0.3314917127071823,25.63
2021,6,17,-18.175,147.425,0.30939226519337015,25.71
2021,6,18,-18.175,147.425,0.287292817679558,25.49
2021,6,19,-18.175,147.425,0.26519337016574585,25.3
2021,6,20,-18.175,147.425,0.2430939226519337,25.33
2021,6,21,-18.175,147.425,0.22099447513812154,25.52
2021,6,22,-18.175,147.425,0.19889502762430938,25.58
2021,6,23,-18.175,147.425,0.17679558011049723,25.54
2021,6,24,-18.175,147.425,0.15469613259668508,25.56
2021,6,25,-18.175,147.425,0.13259668508287292,25.57
2021,6,26,-18.175,147.425,0.11049723756906077,25.5
2021,6,27,-18.175,147.425,0.08839779005524862,25.36
2021,6,28,-18.175,147.425,0.06629834254143646,25.17
2021,6,29,-18.175,147.425,0.04419889502762431,25.18
2021,6,30,-18.175,147.425,0.022099447513812154,25.13
2021,7,1,-18.175,147.425,0.0,25.04
2021,7,2,-18.175,147.425,0.0,25.07
2021,7,3,-18.175,147.425,0.0,25.03
2021,7,4,-18.175,147.425,0.022099447513812154,25.15
2021,7,5,-18.175,147.425,0.04419889502762431,24.99
2021,7,6,-18.175,147.425,0.06629834254143646,24.93
2021,7,7,-18.175,147.425,0.08839779005524862,24.99
2021,7,8,-18.175,147.425,0.11049723756906077,24.98
2021,7,9,-18.175,147.425,0.13259668508287292,25.08
2021,7,10,-18.175,147.425,0.15469613259668508,25.12
2021,7,11,-18.175,147.425,0.17679558011049723,25.07
2021,7,12,-18.175,147.425,0.19889502762430938,24.97
2021,7,13,-18.175,147.425,0.22099447513812154,24.94
2021,7,14,-18.175,147.425,0.2430939226519337,25.04
2021,7,15,-18.175,147.425,0.26519337016574585,24.96
2021,7,16,-18.175,147.425,0.287292817679558,25.28
2021,7,17,-18.175,147.425,0.30939226519337015,25.05
2021,7,18,-18.175,147.425,0.3314917127071823,25.1
2021,7,19,-18.175,147.425,0.35359116022099446,24.91
2021,7,20,-18.175,147.425,0.3756906077348066,25.08
2021,7,21,-18.175,147.425,0.39779005524861877,25.11
2021,7,22,-18.175,147.425,0.4198895027624309,25.07
2021,7,23,-18.175,147.425,0.4419889502762431,25.19
2021,7,24,-18.175,147.425,0.46408839779005523,25.12
2021,7,25,-18.175,147.425,0.4861878453038674,25.14
2021,7,26,-18.175,147.425,0.5082872928176796,25.07
2021,7,27,-18.175,147.425,0.5303867403314917,25.02
2021,7,28,-18.175,147.425,0.5524861878453039,25.0
2021,7,29,-18.175,147.425,0.574585635359116,25.19
2021,7,30,-18.175,147.425,0.5966850828729282,25.21
2021,7,31,-18.175,147.425,0.6187845303867403,25.29
2021,8,1,-18.175,147.425,0.6408839779005525,25.3
2021,8,2,-18.175,147.425,0.6629834254143646,25.29
2021,8,3,-18.175,147.425,0.6850828729281768,25.28
2021,8,4,-18.175,147.425,0.7071823204419889,25.25
2021,8,5,-18.175,147.425,0.7292817679558011,25.16
2021,8,6,-18.175,147.425,0.7513812154696132,24.99
2021,8,7,-18.175,147.425,0.7734806629834254,24.93
2021,8,8,-18.175,147.425,0.7955801104972375,24.82
2021,8,9,-18.175,147.425,0.8176795580110497,24.81
2021,8,10,-18.175,147.425,0.8397790055248618,24.83
2021,8,11,-18.175,147.425,0.861878453038674,24.89
2021,8,12,-18.175,147.425,0.8839779005524862,24.76
2021,8,13,-18.175,147.425,0.9060773480662984,24.68
2021,8,14,-18.175,147.425,0.9281767955801105,24.77
2021,8,15,-18.175,147.425,0.9502762430939227,24.75
2021,8,16,-18.175,147.425,0.9723756906077348,24.76
2021,8,17,-18.175,147.425,0.994475138121547,24.69
2021,8,18,-18.175,147.425,1.0165745856353592,24.66
2021,8,19,-18.175,147.425,1.0386740331491713,24.64
2021,8,20,-18.175,147.425,1.0607734806629834,24.64
2021,8,21,-18.175,147.425,1.0828729281767955,24.56
2021,8,22,-18.175,147.425,1.1049723756906078,24.67
2021,8,23,-18.175,147.425,1.12707182320442,24.66
2021,8,24,-18.175,147.425,1.149171270718232,24.83
2021,8,25,-18.175,147.425,1.171270718232044,24.67
2021,8,26,-18.175,147.425,1.1933701657458564,24.74
2021,8,27,-18.175,147.425,1.2154696132596685,24.82
2021,8,28,-18.175,147.425,1.2375690607734806,25.04
2021,8,29,-18.175,147.425,1.2596685082872927,24.85
2021,8,30,-18.175,147.425,1.281767955801105,25.3
2021,8,31,-18.175,147.425,1.3038674033149171,25.17
2021,9,1,-18.175,147.425,1.3259668508287292,25.18
2021,9,2,-18.175,147.425,1.3480662983425415,25.31
2021,9,3,-18.175,147.425,1.3701657458563536,25.31
2021,9,4,-18.175,147.425,1.3922651933701657,25.33
2021,9,5,-18.175,147.425,1.4143646408839778,25.32
2021,9,6,-18.175,147.425,1.4364640883977902,25.29
2021,9,7,-18.175,147.425,1.4585635359116023,25.32
2021,9,8,-18.175,147.425,1.4806629834254144,25.17
2021,9,9,-18.175,147.425,1.5027624309392265,25.11
2021,9,10,-18.175,147.425,1.5248618784530388,24.97
2021,9,11,-18.175,147.425,1.5469613259668509,25.03
2021,9,12,-18.175,147.425,1.569060773480663,25.04
2021,9,13,-18.175,147.425,1.591160220994475,25.22
2021,9,14,-18.175,147.425,1.6132596685082874,25.4
2021,9,15,-18.175,147.425,1.6353591160220995,25.08
2021,9,16,-18.175,147.425,1.6574585635359116,25.04
2021,9,17,-18.175,147.425,1.6795580110497237,25.21
2021,9,18,-18.175,147.425,1.701657458563536,25.23
2021,9,19,-18.175,147.425,1.723756906077348,25.24
2021,9,20,-18.175,147.425,1.7458563535911602,25.08
2021,9,21,-18.175,147.425,1.7679558011049723,25.16
2021,9,22,-18.175,147.425,1.7900552486187846,25.12
2021,9,23,-18.175,147.425,1.8121546961325967,25.08
2021,9,24,-18.175,147.425,1.8342541436464088,25.2
2021,9,25,-18.175,147.425,1.856353591160221,25.41
2021,9,26,-18.175,147.425,1.8784530386740332,25.72
2021,9,27,-18.175,147.425,1.9005524861878453,25.63
2021,9,28,-18.175,147.425,1.9226519337016574,25.6
2021,9,29,-18.175,147.425,1.9447513812154695,25.83
2021,9,30,-18.175,147.425,1.9668508287292819,25.98
2021,10,1,-18.175,147.425,1.988950276243094,26.07
2021,10,2,-18.175,147.425,2.0110497237569063,26.22
2021,10,3,-18.175,147.425,2.0331491712707184,26.29
2021,10,4,-18.175,147.425,2.0552486187845305,26.46
2021,10,5,-18.175,147.425,2.0773480662983426,26.61
2021,10,6,-18.175,147.425,2.0994475138121547,26.74
2021,10,7,-18.175,147.425,2.1215469613259668,26.71
2021,10,8,-18.175,147.425,2.143646408839779,26.66
2021,10,9,-18.175,147.425,2.165745856353591,26.61
2021,10,10,-18.175,147.425,2.1878453038674035,26.69
2021,10,11,-18.175,147.425,2.2099447513812156,26.71
2021,10,12,-18.175,147.425,2.2320441988950277,26.84
2021,10,13,-18.175,147.425,2.25414364640884,27.04
2021,10,14,-18.175,147.425,2.276243093922652,26.99
2021,10,15,-18.175,147.425,2.298342541436464,26.82
2021,10,16,-18.175,147.425,2.320441988950276,27.07
2021,10,17,-18.175,147.425,2.342541436464088,27.01
2021,10,18,-18.175,147.425,2.3646408839779007,27.34
2021,10,19,-18.175,147.425,2.386740331491713,27.45
2021,10,20,-18.175,147.425,2.408839779005525,27.36
2021,10,21,-18.175,147.425,2.430939226519337,27.28
2021,10,22,-18.175,147.425,2.453038674033149,27.36
2021,10,23,-18.175,147.425,2.4751381215469612,27.7
2021,10,24,-18.175,147.425,2.4972375690607733,27.76
2021,10,25,-18.175,147.425,2.5193370165745854,27.92
2021,10,26,-18.175,147.425,2.541436464088398,27.73
2021,10,27,-18.175,147.425,2.56353591160221,27.72
2021,10,28,-18.175,147.425,2.585635359116022,27.84
2021,10,29,-18.175,147.425,2.6077348066298343,27.81
2021,10,30,-18.175,147.425,2.6298342541436464,27.95
2021,10,31,-18.175,147.425,2.6519337016574585,28.03
2021,11,1,-18.175,147.425,2.6740331491712706,27.91
2021,11,2,-18.175,147.425,2.696132596685083,27.79
2021,11,3,-18.175,147.425,2.718232044198895,27.67
2021,11,4,-18.175,147.425,2.7403314917127073,27.58
2021,11,5,-18.175,147.425,2.7624309392265194,27.59
2021,11,6,-18.175,147.425,2.7845303867403315,27.61
2021,11,7,-18.175,147.425,2.8066298342541436,27.49
2021,11,8,-18.175,147.425,2.8287292817679557,27.76
2021,11,9,-18.175,147.425,2.850828729281768,27.85
2021,11,10,-18.175,147.425,2.8729281767955803,28.03
2021,11,11,-18.175,147.425,2.8950276243093924,28.03
2021,11,12,-18.175,147.425,2.9171270718232045,28.19
2021,11,13,-18.175,147.425,2.9392265193370166,27.85
2021,11,14,-18.175,147.425,2.9613259668508287,27.86
2021,11,15,-18.175,147.425,2.983425414364641,27.89
2021,11,16,-18.175,147.425,3.005524861878453,28.08
2021,11,17,-18.175,147.425,3.027624309392265,28.1
2021,11,18,-18.175,147.425,3.0497237569060776,28.04
2021,11,19,-18.175,147.425,3.0718232044198897,27.97
2021,11,20,-18.175,147.425,3.0939226519337018,27.95
2021,11,21,-18.175,147.425,3.116022099447514,28.11
2021,11,22,-18.175,147.425,3.138121546961326,28.17
2021,11,23,-18.175,147.425,3.160220994475138,28.14
2021,11,24,-18.175,147.425,3.18232044198895,28.11
2021,11,25,-18.175,147.425,3.2044198895027622,28.2
2021,11,26,-18.175,147.425,3.226519337016575,28.17
2021,11,27,-18.175,147.425,3.248618784530387,28.44
2021,11,28,-18.175,147.425,3.270718232044199,28.71
2021,11,29,-18.175,147.425,3.292817679558011,28.61
2021,11,30,-18.175,147.425,3.314917127071823,28.78
2021,12,1,-18.175,147.425,3.3370165745856353,29.02
2021,12,2,-18.175,147.425,3.3591160220994474,29.09
2021,12,3,-18.175,147.425,3.3812154696132595,29.32
2021,12,4,-18.175,147.425,3.403314917127072,29.18
2021,12,5,-18.175,147.425,3.425414364640884,28.97
2021,12,6,-18.175,147.425,3.447513812154696,29.03
2021,12,7,-18.175,147.425,3.4696132596685083,28.88
2021,12,8,-18.175,147.425,3.4917127071823204,28.96
2021,12,9,-18.175,147.425,3.5138121546961325,29.13
2021,12,10,-18.175,147.425,3.5359116022099446,29.28
2021,12,11,-18.175,147.425,3.5580110497237567,29.5
2021,12,12,-18.175,147.425,3.5801104972375692,29.55
2021,12,13,-18.175,147.425,3.6022099447513813,29.45
2021,12,14,-18.175,147.425,3.6243093922651934,29.35
2021,12,15,-18.175,147.425,3.6464088397790055,29.39
2021,12,16,-18.175,147.425,3.6685082872928176,29.4
2021,12,17,-18.175,147.425,3.6906077348066297,29.37
2021,12,18,-18.175,147.425,3.712707182320442,29.3
2021,12,19,-18.175,147.425,3.734806629834254,29.22
2021,12,20,-18.175,147.425,3.7569060773480665,29.34
2021,12,21,-18.175,147.425,3.7790055248618786,29.25
2021,12,22,-18.175,147.425,3.8011049723756907,29.36
2021,12,23,-18.175,147.425,3.8232044198895028,29.53
2021,12,24,-18.175,147.425,3.845303867403315,29.55
2021,12,25,-18.175,147.425,3.867403314917127,29.66
2021,12,26,-18.175,147.425,3.889502762430939,29.26
2021,12,27,-18.175,147.425,3.911602209944751,29.36
2021,12,28,-18.175,147.425,3.9337016574585637,29.41
2021,12,29,-18.175,147.425,3.955801104972376,29.38
2021,12,30,-18.175,147.425,3.977900552486188,29.2
2021,12,31,-18.175,147.425,4.0,29.32
2022,1,1,-18.175,147.425,4.0,29.5
2022,1,2,-18.175,147.425,3.977900552486188,29.74
2022,1,3,-18.175,147.425,3.955801104972376,29.89
2022,1,4,-18.175,147.425,3.9337016574585637,30.21
2022,1,5,-18.175,147.425,3.911602209944751,30.25
2022,1,6,-18.175,147.425,3.889502762430939,29.94
2022,1,7,-18.175,147.425,3.867403314917127,29.83
2022,1,8,-18.175,147.425,3.845303867403315,30.04
2022,1,9,-18.175,147.425,3.8232044198895028,30.05
2022,1,10,-18.175,147.425,3.8011049723756907,29.77
2022,1,11,-18.175,147.425,3.7790055248618786,29.8
2022,1,12,-18.175,147.425,3.7569060773480665,29.51
2022,1,13,-18.175,147.425,3.734806629834254,29.35
2022,1,14,-18.175,147.425,3.712707182320442,29.21
2022,1,15,-18.175,147.425,3.6906077348066297,29.22
2022,1,16,-18.175,147.425,3.6685082872928176,29.45
2022,1,17,-18.175,147.425,3.6464088397790055,29.74
2022,1,18,-18.175,147.425,3.6243093922651934,29.7
2022,1,19,-18.175,147.425,3.6022099447513813,29.79
2022,1,20,-18.175,147.425,3.5801104972375692,29.59
2022,1,21,-18.175,147.425,3.5580110497237567,29.32
2022,1,22,-18.175,147.425,3.5359116022099446,29.42
2022,1,23,-18.175,147.425,3.5138121546961325,29.34
2022,1,24,-18.175,147.425,3.4917127071823204,29.32
2022,1,25,-18.175,147.425,3.4696132596685083,29.22
2022,1,26,-18.175,147.425,3.447513812154696,29.27
2022,1,27,-18.175,147.425,3.425414364640884,29.18
2022,1,28,-18.175,147.425,3.403314917127072,29.29
2022,1,29,-18.175,147.425,3.3812154696132595,29.17
2022,1,30,-18.175,147.425,3.3591160220994474,29.23
2022,1,31,-18.175,147.425,3.3370165745856353,29.38
2022,2,1,-18.175,147.425,3.314917127071823,29.81
2022,2,2,-18.175,147.425,3.292817679558011,29.81
2022,2,3,-18.175,147.425,3.270718232044199,29.6
2022,2,4,-18.175,147.425,3.248618784530387,29.42
2022,2,5,-18.175,147.425,3.226519337016575,29.24
2022,2,6,-18.175,147.425,3.2044198895027622,29.17
2022,2,7,-18.175,147.425,3.18232044198895,28.99
2022,2,8,-18.175,147.425,3.160220994475138,28.86
2022,2,9,-18.175,147.425,3.138121546961326,28.87
2022,2,10,-18.175,147.425,3.116022099447514,29.01
2022,2,11,-18.175,147.425,3.0939226519337018,29.17
2022,2,12,-18.175,147.425,3.0718232044198897,29.06
2022,2,13,-18.175,147.425,3.0497237569060776,28.89
2022,2,14,-18.175,147.425,3.027624309392265,28.93
2022,2,15,-18.175,147.425,3.005524861878453,28.85
2022,2,16,-18.175,147.425,2.983425414364641,28.76
2022,2,17,-18.175,147.425,2.9613259668508287,28.71
2022,2,18,-18.175,147.425,2.9392265193370166,28.8
2022,2,19,-18.175,147.425,2.9171270718232045,28.73
2022,2,20,-18.175,147.425,2.8950276243093924,28.66
2022,2,21,-18.175,147.425,2.8729281767955803,28.65
2022,2,22,-18.175,147.425,2.850828729281768,28.71
2022,2,23,-18.175,147.425,2.8287292817679557,28.84
2022,2,24,-18.175,147.425,2.8066298342541436,28.98
2022,2,25,-18.175,147.425,2.7845303867403315,29.15
2022,2,26,-18.175,147.425,2.7624309392265194,29.54
2022,2,27,-18.175,147.425,2.7403314917127073,29.49
2022,2,28,-18.175,147.425,2.718232044198895,29.88
2022,3,1,-18.175,147.425,2.696132596685083,29.81
2022,3,2,-18.175,147.425,2.6740331491712706,29.81
2022,3,3,-18.175,147.425,2.6519337016574585,29.94
2022,3,4,-18.175,147.425,2.6298342541436464,29.94
2022,3,5,-18.175,147.425,2.6077348066298343,29.67
2022,3,6,-18.175,147.425,2.585635359116022,29.82
2022,3,7,-18.175,147.425,2.56353591160221,29.84
2022,3,8,-18.175,147.425,2.541436464088398,29.76
2022,3,9,-18.175,147.425,2.5193370165745854,29.66
2022,3,10,-18.175,147.425,2.4972375690607733,30.16
2022,3,11,-18.175,147.425,2.4751381215469612,29.94
2022,3,12,-18.175,147.425,2.453038674033149,29.88
2022,3,13,-18.175,147.425,2.430939226519337,29.68
2022,3,14,-18.175,147.425,2.408839779005525,29.67
2022,3,15,-18.175,147.425,2.386740331491713,29.42
2022,3,16,-18.175,147.425,2.3646408839779007,29.45
2022,3,17,-18.175,147.425,2.342541436464088,29.39
2022,3,18,-18.175,147.425,2.320441988950276,29.22
2022,3,19,-18.175,147.425,2.298342541436464,29.09
2022,3,20,-18.175,147.425,2.276243093922652,28.96
2022,3,21,-18.175,147.425,2.25414364640884,28.85
2022,3,22,-18.175,147.425,2.2320441988950277,28.81
2022,3,23,-18.175,147.425,2.2099447513812156,28.74
2022,3,24,-18.175,147.425,2.1878453038674035,28.76
2022,3,25,-18.175,147.425,2.165745856353591,28.49
2022,3,26,-18.175,147.425,2.143646408839779,28.62
2022,3,27,-18.175,147.425,2.1215469613259668,28.28
2022,3,28,-18.175,147.425,2.0994475138121547,28.89
2022,3,29,-18.175,147.425,2.0773480662983426,29.05
2022,3,30,-18.175,147.425,2.0552486187845305,29.06
2022,3,31,-18.175,147.425,2.0331491712707184,29.09
2022,4,1,-18.175,147.425,2.0110497237569063,29.15
2022,4,2,-18.175,147.425,1.988950276243094,29.01
2022,4,3,-18.175,147.425,1.9668508287292819,29.14
2022,4,4,-18.175,147.425,1.9447513812154695,29.02
2022,4,5,-18.175,147.425,1.9226519337016574,29.11
2022,4,6,-18.175,147.425,1.9005524861878453,29.08
2022,4,7,-18.175,147.425,1.8784530386740332,29.02
2022,4,8,-18.175,147.425,1.856353591160221,29.27
2022,4,9,-18.175,147.425,1.8342541436464088,29.05
2022,4,10,-18.175,147.425,1.8121546961325967,28.97
2022,4,11,-18.175,147.425,1.7900552486187846,28.94
2022,4,12,-18.175,147.425,1.7679558011049723,28.96
2022,4,13,-18.175,147.425,1.7458563535911602,28.76
2022,4,14,-18.175,147.425,1.723756906077348,28.72
2022,4,15,-18.175,147.425,1.701657458563536,28.6
2022,4,16,-18.175,147.425,1.6795580110497237,28.19
2022,4,17,-18.175,147.425,1.6574585635359116,28.39
2022,4,18,-18.175,147.425,1.6353591160220995,28.39
2022,4,19,-18.175,147.425,1.6132596685082874,28.51
2022,4,20,-18.175,147.425,1.591160220994475,28.37
2022,4,21,-18.175,147.425,1.569060773480663,28.22
2022,4,22,-18.175,147.425,1.5469613259668509,28.31
2022,4,23,-18.175,147.425,1.5248618784530388,28.29
2022,4,24,-18.175,147.425,1.5027624309392265,28.11
2022,4,25,-18.175,147.425,1.4806629834254144,28.03
2022,4,26,-18.175,147.425,1.4585635359116023,28.02
2022,4,27,-18.175,147.425,1.4364640883977902,27.89
2022,4,28,-18.175,147.425,1.4143646408839778,27.88
2022,4,29,-18.175,147.425,1.3922651933701657,27.8
2022,4,30,-18.175,147.425,1.3701657458563536,27.8
2022,5,1,-18.175,147.425,1.3480662983425415,27.65
2022,5,2,-18.175,147.425,1.3259668508287292,27.63
2022,5,3,-18.175,147.425,1.3038674033149171,27.67
2022,5,4,-18.175,147.425,1.281767955801105,27.66
2022,5,5,-18.175,147.425,1.2596685082872927,27.61
2022,5,6,-18.175,147.425,1.2375690607734806,27.68
2022,5,7,-18.175,147.425,1.2154696132596685,27.74
2022,5,8,-18.175,147.425,1.1933701657458564,27.49
2022,5,9,-18.175,147.425,1.171270718232044,27.61
2022,5,10,-18.175,147.425,1.149171270718232,27.45
2022,5,11,-18.175,147.425,1.12707182320442,27.35
2022,5,12,-18.175,147.425,1.1049723756906078,27.28
2022,5,13,-18.175,147.425,1.0828729281767955,27.4
2022,5,14,-18.175,147.425,1.0607734806629834,27.36
2022,5,15,-18.175,147.425,1.0386740331491713,27.42
2022,5,16,-18.175,147.425,1.0165745856353592,27.38
2022,5,17,-18.175,147.425,0.994475138121547,27.37
2022,5,18,-18.175,147.425,0.9723756906077348,27.3
2022,5,19,-18.175,147.425,0.9502762430939227,27.23
2022,5,20,-18.175,147.425,0.9281767955801105,27.04
2022,5,21,-18.175,147.425,0.9060773480662984,26.94
2022,5,22,-18.175,147.425,0.8839779005524862,26.96
2022,5,23,-18.175,147.425,0.861878453038674,26.96
2022,5,24,-18.175,147.425,0.8397790055248618,26.97
2022,5,25,-18.175,147.425,0.8176795580110497,26.92
2022,5,26,-18.175,147.425,0.7955801104972375,26.76
2022,5,27,-18.175,147.425,0.7734806629834254,26.49
2022,5,28,-18.175,147.425,0.7513812154696132,26.2
2022,5,29,-18.175,147.425,0.7292817679558011,26.26
2022,5,30,-18.175,147.425,0.7071823204419889,26.18
2022,5,31,-18.175,147.425,0.6850828729281768,26.25
2022,6,1,-18.175,147.425,0.6629834254143646,26.37
2022,6,2,-18.175,147.425,0.6408839779005525,26.34
2022,6,3,-18.175,147.425,0.6187845303867403,26.55
2022,6,4,-18.175,147.425,0.5966850828729282,26.55
2022,6,5,-18.175,147.425,0.574585635359116,26.63
2022,6,6,-18.175,147.425,0.5524861878453039,26.55
2022,6,7,-18.175,147.425,0.5303867403314917,26.6
2022,6,8,-18.175,147.425,0.5082872928176796,26.69
2022,6,9,-18.175,147.425,0.4861878453038674,26.53
2022,6,10,-18.175,147.425,0.46408839779005523,26.46
2022,6,11,-18.175,147.425,0.4419889502762431,26.32
2022,6,12,-18.175,147.425,0.4198895027624309,26.13
2022,6,13,-18.175,147.425,0.39779005524861877,26.09
2022,6,14,-18.175,147.425,0.3756906077348066,25.97
2022,6,15,-18.175,147.425,0.35359116022099446,25.94
2022,6,16,-18.175,147.425,0.3314917127071823,25.95
2022,6,17,-18.175,147.425,0.30939226519337015,25.93
2022,6,18,-18.175,147.425,0.287292817679558,25.86
2022,6,19,-18.175,147.425,0.26519337016574585,25.66
2022,6,20,-18.175,147.425,0.2430939226519337,25.56
2022,6,21,-18.175,147.425,0.22099447513812154,25.45
2022,6,22,-18.175,147.425,0.19889502762430938,25.47
2022,6,23,-18.175,147.425,0.17679558011049723,25.29
2022,6,24,-18.175,147.425,0.15469613259668508,25.3
2022,6,25,-18.175,147.425,0.13259668508287292,25.12
2022,6,26,-18.175,147.425,0.11049723756906077,25.31
2022,6,27,-18.175,147.425,0.08839779005524862,25.3
2022,6,28,-18.175,147.425,0.06629834254143646,25.42
2022,6,29,-18.175,147.425,0.04419889502762431,25.3
2022,6,30,-18.175,147.425,0.022099447513812154,25.02
2022,7,1,-18.175,147.425,0.0,24.98
2022,7,2,-18.175,147.425,0.0,24.86
2022,7,3,-18.175,147.425,0.0,24.8
2022,7,4,-18.175,147.425,0.022099447513812154,24.64
2022,7,5,-18.175,147.425,0.04419889502762431,24.51
2022,7,6,-18.175,147.425,0.06629834254143646,24.74
2022,7,7,-18.175,147.425,0.08839779005524862,24.64
2022,7,8,-18.175,147.425,0.11049723756906077,24.7
2022,7,9,-18.175,147.425,0.13259668508287292,24.7
2022,7,10,-18.175,147.425,0.15469613259668508,24.8
2022,7,11,-18.175,147.425,0.17679558011049723,24.7
2022,7,12,-18.175,147.425,0.19889502762430938,24.68
2022,7,13,-18.175,147.425,0.22099447513812154,24.72
2022,7,14,-18.175,147.425,0.2430939226519337,24.5
2022,7,15,-18.175,147.425,0.26519337016574585,24.36
2022,7,16,-18.175,147.425,0.287292817679558,24.27
2022,7,17,-18.175,147.425,0.30939226519337015,24.34
2022,7,18,-18.175,147.425,0.3314917127071823,24.39
2022,7,19,-18.175,147.425,0.35359116022099446,24.25
2022,7,20,-18.175,147.425,0.3756906077348066,24.04
2022,7,21,-18.175,147.425,0.39779005524861877,24.07
2022,7,22,-18.175,147.425,0.4198895027624309,24.3
2022,7,23,-18.175,147.425,0.4419889502762431,24.25
2022,7,24,-18.175,147.425,0.46408839779005523,24.24
2022,7,25,-18.175,147.425,0.4861878453038674,24.07
2022,7,26,-18.175,147.425,0.5082872928176796,24.43
2022,7,27,-18.175,147.425,0.5303867403314917,24.24
2022,7,28,-18.175,147.425,0.5524861878453039,24.27
2022,7,29,-18.175,147.425,0.574585635359116,24.19
2022,7,30,-18.175,147.425,0.5966850828729282,24.19
2022,7,31,-18.175,147.425,0.6187845303867403,23.96
2022,8,1,-18.175,147.425,0.6408839779005525,24.11
2022,8,2,-18.175,147.425,0.6629834254143646,24.31
2022,8,3,-18.175,147.425,0.6850828729281768,24.37
2022,8,4,-18.175,147.425,0.7071823204419889,24.45
2022,8,5,-18.175,147.425,0.7292817679558011,24.75
2022,8,6,-18.175,147.425,0.7513812154696132,24.85
2022,8,7,-18.175,147.425,0.7734806629834254,25.36
2022,8,8,-18.175,147.425,0.7955801104972375,25.1
2022,8,9,-18.175,147.425,0.8176795580110497,25.11
2022,8,10,-18.175,147.425,0.8397790055248618,24.96
2022,8,11,-18.175,147.425,0.861878453038674,24.9
2022,8,12,-18.175,147.425,0.8839779005524862,24.83
2022,8,13,-18.175,147.425,0.9060773480662984,24.94
2022,8,14,-18.175,147.425,0.9281767955801105,25.13
2022,8,15,-18.175,147.425,0.9502762430939227,25.18
2022,8,16,-18.175,147.425,0.9723756906077348,24.88
2022,8,17,-18.175,147.425,0.994475138121547,24.71
2022,8,18,-18.175,147.425,1.0165745856353592,24.8
2022,8,19,-18.175,147.425,1.0386740331491713,24.8
2022,8,20,-18.175,147.425,1.0607734806629834,25.01
2022,8,21,-18.175,147.425,1.0828729281767955,24.89
2022,8,22,-18.175,147.425,1.1049723756906078,24.87
2022,8,23,-18.175,147.425,1.12707182320442,24.92
2022,8,24,-18.175,147.425,1.149171270718232,24.8
2022,8,25,-18.175,147.425,1.171270718232044,24.63
2022,8,26,-18.175,147.425,1.1933701657458564,24.52
2022,8,27,-18.175,147.425,1.2154696132596685,24.48
2022,8,28,-18.175,147.425,1.2375690607734806,24.64
2022,8,29,-18.175,147.425,1.2596685082872927,24.66
2022,8,30,-18.175,147.425,1.281767955801105,24.83
2022,8,31,-18.175,147.425,1.3038674033149171,24.62
2022,9,1,-18.175,147.425,1.3259668508287292,24.91
2022,9,2,-18.175,147.425,1.3480662983425415,24.6
2022,9,3,-18.175,147.425,1.3701657458563536,24.91
2022,9,4,-18.175,147.425,1.3922651933701657,24.94
2022,9,5,-18.175,147.425,1.4143646408839778,24.88
2022,9,6,-18.175,147.425,1.4364640883977902,24.98
2022,9,7,-18.175,147.425,1.4585635359116023,25.08
2022,9,8,-18.175,147.425,1.4806629834254144,25.14
2022,9,9,-18.175,147.425,1.5027624309392265,25.33
2022,9,10,-18.175,147.425,1.5248618784530388,25.5
2022,9,11,-18.175,147.425,1.5469613259668509,25.6
2022,9,12,-18.175,147.425,1.569060773480663,25.5
2022,9,13,-18.175,147.425,1.591160220994475,25.57
2022,9,14,-18.175,147.425,1.6132596685082874,25.62
2022,9,15,-18.175,147.425,1.6353591160220995,25.7
2022,9,16,-18.175,147.425,1.6574585635359116,26.39
2022,9,17,-18.175,147.425,1.6795580110497237,26.76
2022,9,18,-18.175,147.425,1.701657458563536,26.73
2022,9,19,-18.175,147.425,1.723756906077348,26.91
2022,9,20,-18.175,147.425,1.7458563535911602,27.11
2022,9,21,-18.175,147.425,1.7679558011049723,27.08
2022,9,22,-18.175,147.425,1.7900552486187846,27.34
2022,9,23,-18.175,147.425,1.8121546961325967,27.39
2022,9,24,-18.175,147.425,1.8342541436464088,27.4
2022,9,25,-18.175,147.425,1.856353591160221,27.3
2022,9,26,-18.175,147.425,1.8784530386740332,27.26
2022,9,27,-18.175,147.425,1.9005524861878453,27.18
2022,9,28,-18.175,147.425,1.9226519337016574,27.2
2022,9,29,-18.175,147.425,1.9447513812154695,27.25
2022,9,30,-18.175,147.425,1.9668508287292819,27.26
2022,10,1,-18.175,147.425,1.988950276243094,27.31
2022,10,2,-18.175,147.425,2.0110497237569063,27.18
2022,10,3,-18.175,147.425,2.0331491712707184,27.18
2022,10,4,-18.175,147.425,2.0552486187845305,27.22
2022,10,5,-18.175,147.425,2.0773480662983426,27.17
2022,10,6,-18.175,147.425,2.0994475138121547,27.16
2022,10,7,-18.175,147.425,2.1215469613259668,27.3
2022,10,8,-18.175,147.425,2.143646408839779,27.32
2022,10,9,-18.175,147.425,2.165745856353591,27.26
2022,10,10,-18.175,147.425,2.1878453038674035,27.43
2022,10,11,-18.175,147.425,2.2099447513812156,27.39
2022,10,12,-18.175,147.425,2.2320441988950277,27.3
2022,10,13,-18.175,147.425,2.25414364640884,27.37
2022,10,14,-18.175,147.425,2.276243093922652,27.41
2022,10,15,-18.175,147.425,2.298342541436464,27.47
2022,10,16,-18.175,147.425,2.320441988950276,27.41
2022,10,17,-18.175,147.425,2.342541436464088,27.57
2022,10,18,-18.175,147.425,2.3646408839779007,27.6
2022,10,19,-18.175,147.425,2.386740331491713,27.58
2022,10,20,-18.175,147.425,2.408839779005525,27.39
2022,10,21,-18.175,147.425,2.430939226519337,27.6
2022,10,22,-18.175,147.425,2.453038674033149,27.56
2022,10,23,-18.175,147.425,2.4751381215469612,27.75
2022,10,24,-18.175,147.425,2.4972375690607733,27.83
2022,10,25,-18.175,147.425,2.5193370165745854,28.03
2022,10,26,-18.175,147.425,2.541436464088398,28.16
2022,10,27,-18.175,147.425,2.56353591160221,28.38
2022,10,28,-18.175,147.425,2.585635359116022,28.42
2022,10,29,-18.175,147.425,2.6077348066298343,28.64
2022,10,30,-18.175,147.425,2.6298342541436464,28.9
2022,10,31,-18.175,147.425,2.6519337016574585,29.1
2022,11,1,-18.175,147.425,2.6740331491712706,28.86
2022,11,2,-18.175,147.425,2.696132596685083,28.32
2022,11,3,-18.175,147.425,2.718232044198895,28.57
2022,11,4,-18.175,147.425,2.7403314917127073,28.44
2022,11,5,-18.175,147.425,2.7624309392265194,28.37
2022,11,6,-18.175,147.425,2.7845303867403315,28.27
2022,11,7,-18.175,147.425,2.8066298342541436,28.28
2022,11,8,-18.175,147.425,2.8287292817679557,28.25
2022,11,9,-18.175,147.425,2.850828729281768,28.26
2022,11,10,-18.175,147.425,2.8729281767955803,28.11
2022,11,11,-18.175,147.425,2.8950276243093924,28.07
2022,11,12,-18.175,147.425,2.9171270718232045,28.14
2022,11,13,-18.175,147.425,2.9392265193370166,28.12
2022,11,14,-18.175,147.425,2.9613259668508287,28.08
2022,11,15,-18.175,147.425,2.983425414364641,28.34
2022,11,16,-18.175,147.425,3.005524861878453,28.61
2022,11,17,-18.175,147.425,3.027624309392265,28.69
2022,11,18,-18.175,147.425,3.0497237569060776,28.49
2022,11,19,-18.175,147.425,3.0718232044198897,28.62
2022,11,20,-18.175,147.425,3.0939226519337018,28.7
2022,11,21,-18.175,147.425,3.116022099447514,29.14
2022,11,22,-18.175,147.425,3.138121546961326,29.2
2022,11,23,-18.175,147.425,3.160220994475138,29.17
2022,11,24,-18.175,147.425,3.18232044198895,29.23
2022,11,25,-18.175,147.425,3.2044198895027622,29.15
2022,11,26,-18.175,147.425,3.226519337016575,28.98
2022,11,27,-18.175,147.425,3.248618784530387,28.99
2022,11,28,-18.175,147.425,3.270718232044199,29.01
2022,11,29,-18.175,147.425,3.292817679558011,29.15
2022,11,30,-18.175,147.425,3.314917127071823,29.3
2022,12,1,-18.175,147.425,3.3370165745856353,29.31
2022,12,2,-18.175,147.425,3.3591160220994474,29.17
2022,12,3,-18.175,147.425,3.3812154696132595,29.08
2022,12,4,-18.175,147.425,3.403314917127072,28.9
2022,12,5,-18.175,147.425,3.425414364640884,28.91
2022,12,6,-18.175,147.425,3.447513812154696,29.01
2022,12,7,-18.175,147.425,3.4696132596685083,29.26
2022,12,8,-18.175,147.425,3.4917127071823204,29.07
2022,12,9,-18.175,147.425,3.5138121546961325,28.99
2022,12,10,-18.175,147.425,3.5359116022099446,29.11
2022,12,11,-18.175,147.425,3.5580110497237567,29.34
2022,12,12,-18.175,147.425,3.5801104972375692,29.43
2022,12,13,-18.175,147.425,3.6022099447513813,29.37
2022,12,14,-18.175,147.425,3.6243093922651934,29.31
2022,12,15,-18.175,147.425,3.6464088397790055,29.46
2022,12,16,-18.175,147.425,3.6685082872928176,29.76
2022,12,17,-18.175,147.425,3.6906077348066297,29.67
2022,12,18,-18.175,147.425,3.712707182320442,29.49
2022,12,19,-18.175,147.425,3.734806629834254,29.28
2022,12,20,-18.175,147.425,3.7569060773480665,29.04
2022,12,21,-18.175,147.425,3.7790055248618786,28.86
2022,12,22,-18.175,147.425,3.8011049723756907,28.85
2022,12,23,-18.175,147.425,3.8232044198895028,28.99
2022,12,24,-18.175,147.425,3.845303867403315,29.22
2022,12,25,-18.175,147.425,3.867403314917127,28.76
2022,12,26,-18.175,147.425,3.889502762430939,28.57
2022,12,27,-18.175,147.425,3.911602209944751,28.92
2022,12,28,-18.175,147.425,3.9337016574585637,28.95
2022,12,29,-18.175,147.425,3.955801104972376,28.96
2022,12,30,-18.175,147.425,3.977900552486188,29.11
2022,12,31,-18.175,147.425,4.0,29.13
2023,1,1,-18.175,147.425,4.0,29.43
2023,1,2,-18.175,147.425,3.977900552486188,29.18
2023,1,3,-18.175,147.425,3.955801104972376,29.34
2023,1,4,-18.175,147.425,3.9337016574585637,29.64
2023,1,5,-18.175,147.425,3.911602209944751,29.44
2023,1,6,-18.175,147.425,3.889502762430939,29.37
2023,1,7,-18.175,147.425,3.867403314917127,29.34
2023,1,8,-18.175,147.425,3.845303867403315,29.31
2023,1,9,-18.175,147.425,3.8232044198895028,29.32
2023,1,10,-18.175,147.425,3.8011049723756907,29.41
2023,1,11,-18.175,147.425,3.7790055248618786,29.54
2023,1,12,-18.175,147.425,3.7569060773480665,29.4
2023,1,13,-18.175,147.425,3.734806629834254,29.39
2023,1,14,-18.175,147.425,3.712707182320442,29.38
2023,1,15,-18.175,147.425,3.6906077348066297,29.2
2023,1,16,-18.175,147.425,3.6685082872928176,29.13
2023,1,17,-18.175,147.425,3.6464088397790055,29.31
2023,1,18,-18.175,147.425,3.6243093922651934,29.2
2023,1,19,-18.175,147.425,3.6022099447513813,29.04
2023,1,20,-18.175,147.425,3.5801104972375692,28.9
2023,1,21,-18.175,147.425,3.5580110497237567,28.8
2023,1,22,-18.175,147.425,3.5359116022099446,28.75
2023,1,23,-18.175,147.425,3.5138121546961325,28.76
2023,1,24,-18.175,147.425,3.4917127071823204,28.93
2023,1,25,-18.175,147.425,3.4696132596685083,29.02
2023,1,26,-18.175,147.425,3.447513812154696,29.15
2023,1,27,-18.175,147.425,3.425414364640884,29.24
2023,1,28,-18.175,147.425,3.403314917127072,29.29
2023,1,29,-18.175,147.425,3.3812154696132595,29.21
2023,1,30,-18.175,147.425,3.3591160220994474,29.13
2023,1,31,-18.175,147.425,3.3370165745856353,29.03
2023,2,1,-18.175,147.425,3.314917127071823,29.13
2023,2,2,-18.175,147.425,3.292817679558011,29.67
2023,2,3,-18.175,147.425,3.270718232044199,29.8
2023,2,4,-18.175,147.425,3.248618784530387,29.46
2023,2,5,-18.175,147.425,3.226519337016575,29.72
2023,2,6,-18.175,147.425,3.2044198895027622,29.6
2023,2,7,-18.175,147.425,3.18232044198895,29.27
2023,2,8,-18.175,147.425,3.160220994475138,29.21
2023,2,9,-18.175,147.425,3.138121546961326,29.02
2023,2,10,-18.175,147.425,3.116022099447514,29.25
2023,2,11,-18.175,147.425,3.0939226519337018,29.23
2023,2,12,-18.175,147.425,3.0718232044198897,29.36
2023,2,13,-18.175,147.425,3.0497237569060776,29.7
2023,2,14,-18.175,147.425,3.027624309392265,29.36
2023,2,15,-18.175,147.425,3.005524861878453,29.49
2023,2,16,-18.175,147.425,2.983425414364641,29.29
2023,2,17,-18.175,147.425,2.9613259668508287,29.24
2023,2,18,-18.175,147.425,2.9392265193370166,29.1
2023,2,19,-18.175,147.425,2.9171270718232045,28.88
2023,2,20,-18.175,147.425,2.8950276243093924,28.91
2023,2,21,-18.175,147.425,2.8729281767955803,28.78
2023,2,22,-18.175,147.425,2.850828729281768,28.78
2023,2,23,-18.175,147.425,2.8287292817679557,28.89
2023,2,24,-18.175,147.425,2.8066298342541436,28.71
2023,2,25,-18.175,147.425,2.7845303867403315,28.58
2023,2,26,-18.175,147.425,2.7624309392265194,28.46
2023,2,27,-18.175,147.425,2.7403314917127073,28.44
2023,2,28,-18.175,147.425,2.718232044198895,28.62
2023,3,1,-18.175,147.425,2.696132596685083,28.56
2023,3,2,-18.175,147.425,2.6740331491712706,28.77
2023,3,3,-18.175,147.425,2.6519337016574585,28.87
2023,3,4,-18.175,147.425,2.6298342541436464,28.91
2023,3,5,-18.175,147.425,2.6077348066298343,28.87
2023,3,6,-18.175,147.425,2.585635359116022,28.66
2023,3,7,-18.175,147.425,2.56353591160221,28.6
2023,3,8,-18.175,147.425,2.541436464088398,28.7
2023,3,9,-18.175,147.425,2.5193370165745854,28.67
2023,3,10,-18.175,147.425,2.4972375690607733,28.65
2023,3,11,-18.175,147.425,2.4751381215469612,28.92
2023,3,12,-18.175,147.425,2.453038674033149,29.15
2023,3,13,-18.175,147.425,2.430939226519337,29.31
2023,3,14,-18.175,147.425,2.408839779005525,29.56
2023,3,15,-18.175,147.425,2.386740331491713,29.47
2023,3,16,-18.175,147.425,2.3646408839779007,29.64
2023,3,17,-18.175,147.425,2.342541436464088,29.45
2023,3,18,-18.175,147.425,2.320441988950276,29.18
2023,3,19,-18.175,147.425,2.298342541436464,29.02
2023,3,20,-18.175,147.425,2.276243093922652,29.07
2023,3,21,-18.175,147.425,2.25414364640884,28.87
2023,3,22,-18.175,147.425,2.2320441988950277,28.77
2023,3,23,-18.175,147.425,2.2099447513812156,28.7
2023,3,24,-18.175,147.425,2.1878453038674035,28.71
2023,3,25,-18.175,147.425,2.165745856353591,28.62
2023,3,26,-18.175,147.425,2.143646408839779,28.59
2023,3,27,-18.175,147.425,2.1215469613259668,28.64
2023,3,28,-18.175,147.425,2.0994475138121547,28.64
2023,3,29,-18.175,147.425,2.0773480662983426,28.76
2023,3,30,-18.175,147.425,2.0552486187845305,28.97
2023,3,31,-18.175,147.425,2.0331491712707184,28.75
2023,4,1,-18.175,147.425,2.0110497237569063,28.98
2023,4,2,-18.175,147.425,1.988950276243094,29.05
2023,4,3,-18.175,147.425,1.9668508287292819,29.22
2023,4,4,-18.175,147.425,1.9447513812154695,29.19
2023,4,5,-18.175,147.425,1.9226519337016574,29.13
2023,4,6,-18.175,147.425,1.9005524861878453,29.2
2023,4,7,-18.175,147.425,1.8784530386740332,29.28
2023,4,8,-18.175,147.425,1.856353591160221,29.37
2023,4,9,-18.175,147.425,1.8342541436464088,29.33
2023,4,10,-18.175,147.425,1.8121546961325967,29.26
2023,4,11,-18.175,147.425,1.7900552486187846,29.24
2023,4,12,-18.175,147.425,1.7679558011049723,29.29
2023,4,13,-18.175,147.425,1.7458563535911602,29.58
2023,4,14,-18.175,147.425,1.723756906077348,29.54
2023,4,15,-18.175,147.425,1.701657458563536,29.35
2023,4,16,-18.175,147.425,1.6795580110497237,29.35
2023,4,17,-18.175,147.425,1.6574585635359116,29.32
2023,4,18,-18.175,147.425,1.6353591160220995,29.2
2023,4,19,-18.175,147.425,1.6132596685082874,29.03
2023,4,20,-18.175,147.425,1.591160220994475,28.98
2023,4,21,-18.175,147.425,1.569060773480663,29.0
2023,4,22,-18.175,147.425,1.5469613259668509,28.66
2023,4,23,-18.175,147.425,1.5248618784530388,28.48
2023,4,24,-18.175,147.425,1.5027624309392265,28.39
2023,4,25,-18.175,147.425,1.4806629834254144,28.2
2023,4,26,-18.175,147.425,1.4585635359116023,28.06
2023,4,27,-18.175,147.425,1.4364640883977902,27.96
2023,4,28,-18.175,147.425,1.4143646408839778,27.85
2023,4,29,-18.175,147.425,1.3922651933701657,27.74
2023,4,30,-18.175,147.425,1.3701657458563536,27.77
2023,5,1,-18.175,147.425,1.3480662983425415,27.93
2023,5,2,-18.175,147.425,1.3259668508287292,28.01
2023,5,3,-18.175,147.425,1.3038674033149171,27.74
2023,5,4,-18.175,147.425,1.281767955801105,27.85
2023,5,5,-18.175,147.425,1.2596685082872927,27.7
2023,5,6,-18.175,147.425,1.2375690607734806,27.66
2023,5,7,-18.175,147.425,1.2154696132596685,27.76
2023,5,8,-18.175,147.425,1.1933701657458564,27.48
2023,5,9,-18.175,147.425,1.171270718232044,27.56
2023,5,10,-18.175,147.425,1.149171270718232,27.36
2023,5,11,-18.175,147.425,1.12707182320442,27.43
2023,5,12,-18.175,147.425,1.1049723756906078,27.28
2023,5,13,-18.175,147.425,1.0828729281767955,27.15
2023,5,14,-18.175,147.425,1.0607734806629834,27.05
2023,5,15,-18.175,147.425,1.0386740331491713,26.99
2023,5,16,-18.175,147.425,1.0165745856353592,27.23
2023,5,17,-18.175,147.425,0.994475138121547,27.04
2023,5,18,-18.175,147.425,0.9723756906077348,27.02
2023,5,19,-18.175,147.425,0.9502762430939227,27.01
2023,5,20,-18.175,147.425,0.9281767955801105,26.81
2023,5,21,-18.175,147.425,0.9060773480662984,26.81
2023,5,22,-18.175,147.425,0.8839779005524862,26.66
2023,5,23,-18.175,147.425,0.861878453038674,26.54
2023,5,24,-18.175,147.425,0.8397790055248618,26.5
2023,5,25,-18.175,147.425,0.8176795580110497,26.5
2023,5,26,-18.175,147.425,0.7955801104972375,26.52
2023,5,27,-18.175,147.425,0.7734806629834254,26.45
2023,5,28,-18.175,147.425,0.7513812154696132,26.43
2023,5,29,-18.175,147.425,0.7292817679558011,26.44
2023,5,30,-18.175,147.425,0.7071823204419889,26.28
2023,5,31,-18.175,147.425,0.6850828729281768,26.34
2023,6,1,-18.175,147.425,0.6629834254143646,26.35
2023,6,2,-18.175,147.425,0.6408839779005525,26.28
2023,6,3,-18.175,147.425,0.6187845303867403,26.46
2023,6,4,-18.175,147.425,0.5966850828729282,26.43
2023,6,5,-18.175,147.425,0.574585635359116,26.35
2023,6,6,-18.175,147.425,0.5524861878453039,26.2
2023,6,7,-18.175,147.425,0.5303867403314917,26.15
2023,6,8,-18.175,147.425,0.5082872928176796,26.09
2023,6,9,-18.175,147.425,0.4861878453038674,26.19
2023,6,10,-18.175,147.425,0.46408839779005523,26.12
2023,6,11,-18.175,147.425,0.4419889502762431,26.06
2023,6,12,-18.175,147.425,0.4198895027624309,26.07
2023,6,13,-18.175,147.425,0.39779005524861877,26.11
2023,6,14,-18.175,147.425,0.3756906077348066,26.19
2023,6,15,-18.175,147.425,0.35359116022099446,26.32
2023,6,16,-18.175,147.425,0.3314917127071823,26.44
2023,6,17,-18.175,147.425,0.30939226519337015,26.59
2023,6,18,-18.175,147.425,0.287292817679558,26.52
2023,6,19,-18.175,147.425,0.26519337016574585,26.35
2023,6,20,-18.175,147.425,0.2430939226519337,26.38
2023,6,21,-18.175,147.425,0.22099447513812154,26.57
2023,6,22,-18.175,147.425,0.19889502762430938,26.55
2023,6,23,-18.175,147.425,0.17679558011049723,26.4
2023,6,24,-18.175,147.425,0.15469613259668508,26.38
2023,6,25,-18.175,147.425,0.13259668508287292,26.38
2023,6,26,-18.175,147.425,0.11049723756906077,26.47
2023,6,27,-18.175,147.425,0.08839779005524862,26.31
2023,6,28,-18.175,147.425,0.06629834254143646,26.21
2023,6,29,-18.175,147.425,0.04419889502762431,26.31
2023,6,30,-18.175,147.425,0.022099447513812154,26.09
2023,7,1,-18.175,147.425,0.0,26.2
2023,7,2,-18.175,147.425,0.0,26.07
2023,7,3,-18.175,147.425,0.0,26.08
2023,7,4,-18.175,147.425,0.022099447513812154,26.01
2023,7,5,-18.175,147.425,0.04419889502762431,26.09
2023,7,6,-18.175,147.425,0.06629834254143646,26.08
2023,7,7,-18.175,147.425,0.08839779005524862,25.77
2023,7,8,-18.175,147.425,0.11049723756906077,25.88
2023,7,9,-18.175,147.425,0.13259668508287292,25.96
2023,7,10,-18.175,147.425,0.15469613259668508,25.82
2023,7,11,-18.175,147.425,0.17679558011049723,26.09
2023,7,12,-18.175,147.425,0.19889502762430938,25.89
2023,7,13,-18.175,147.425,0.22099447513812154,25.93
2023,7,14,-18.175,147.425,0.2430939226519337,25.95
2023,7,15,-18.175,147.425,0.26519337016574585,25.99
2023,7,16,-18.175,147.425,0.287292817679558,25.94
2023,7,17,-18.175,147.425,0.30939226519337015,25.88
2023,7,18,-18.175,147.425,0.3314917127071823,25.87
2023,7,19,-18.175,147.425,0.35359116022099446,25.9
2023,7,20,-18.175,147.425,0.3756906077348066,25.95
2023,7,21,-18.175,147.425,0.39779005524861877,25.8
2023,7,22,-18.175,147.425,0.4198895027624309,25.93
2023,7,23,-18.175,147.425,0.4419889502762431,25.69
2023,7,24,-18.175,147.425,0.46408839779005523,25.76
2023,7,25,-18.175,147.425,0.4861878453038674,25.65
2023,7,26,-18.175,147.425,0.5082872928176796,25.62
2023,7,27,-18.175,147.425,0.5303867403314917,25.56
2023,7,28,-18.175,147.425,0.5524861878453039,25.66
2023,7,29,-18.175,147.425,0.574585635359116,25.65
2023,7,30,-18.175,147.425,0.5966850828729282,25.46
2023,7,31,-18.175,147.425,0.6187845303867403,25.37
2023,8,1,-18.175,147.425,0.6408839779005525,25.26
2023,8,2,-18.175,147.425,0.6629834254143646,25.3
2023,8,3,-18.175,147.425,0.6850828729281768,25.32
2023,8,4,-18.175,147.425,0.7071823204419889,25.31
2023,8,5,-18.175,147.425,0.7292817679558011,25.23
2023,8,6,-18.175,147.425,0.7513812154696132,25.27
2023,8,7,-18.175,147.425,0.7734806629834254,25.21
2023,8,8,-18.175,147.425,0.7955801104972375,25.22
2023,8,9,-18.175,147.425,0.8176795580110497,25.26
2023,8,10,-18.175,147.425,0.8397790055248618,25.29
2023,8,11,-18.175,147.425,0.861878453038674,25.18
2023,8,12,-18.175,147.425,0.8839779005524862,25.09
2023,8,13,-18.175,147.425,0.9060773480662984,25.0
2023,8,14,-18.175,147.425,0.9281767955801105,25.24
2023,8,15,-18.175,147.425,0.9502762430939227,25.15
2023,8,16,-18.175,147.425,0.9723756906077348,25.34
2023,8,17,-18.175,147.425,0.994475138121547,25.78
2023,8,18,-18.175,147.425,1.0165745856353592,25.54
2023,8,19,-18.175,147.425,1.0386740331491713,25.23
2023,8,20,-18.175,147.425,1.0607734806629834,25.27
2023,8,21,-18.175,147.425,1.0828729281767955,25.52
2023,8,22,-18.175,147.425,1.1049723756906078,25.31
2023,8,23,-18.175,147.425,1.12707182320442,25.33
2023,8,24,-18.175,147.425,1.149171270718232,25.26
2023,8,25,-18.175,147.425,1.171270718232044,25.28
2023,8,26,-18.175,147.425,1.1933701657458564,25.16
2023,8,27,-18.175,147.425,1.2154696132596685,25.21
2023,8,28,-18.175,147.425,1.2375690607734806,25.24
2023,8,29,-18.175,147.425,1.2596685082872927,25.3
2023,8,30,-18.175,147.425,1.281767955801105,25.43
2023,8,31,-18.175,147.425,1.3038674033149171,25.52
2023,9,1,-18.175,147.425,1.3259668508287292,25.39
2023,9,2,-18.175,147.425,1.3480662983425415,25.51
2023,9,3,-18.175,147.425,1.3701657458563536,25.5
2023,9,4,-18.175,147.425,1.3922651933701657,25.32
2023,9,5,-18.175,147.425,1.4143646408839778,25.49
2023,9,6,-18.175,147.425,1.4364640883977902,25.35
2023,9,7,-18.175,147.425,1.4585635359116023,25.37
2023,9,8,-18.175,147.425,1.4806629834254144,25.67
2023,9,9,-18.175,147.425,1.5027624309392265,25.54
2023,9,10,-18.175,147.425,1.5248618784530388,25.46
2023,9,11,-18.175,147.425,1.5469613259668509,25.48
2023,9,12,-18.175,147.425,1.569060773480663,25.28
2023,9,13,-18.175,147.425,1.591160220994475,25.29
2023,9,14,-18.175,147.425,1.6132596685082874,25.44
2023,9,15,-18.175,147.425,1.6353591160220995,25.34
2023,9,16,-18.175,147.425,1.6574585635359116,25.22
2023,9,17,-18.175,147.425,1.6795580110497237,25.09
2023,9,18,-18.175,147.425,1.701657458563536,25.17
2023,9,19,-18.175,147.425,1.723756906077348,25.24
2023,9,20,-18.175,147.425,1.7458563535911602,25.23
2023,9,21,-18.175,147.425,1.7679558011049723,25.47
2023,9,22,-18.175,147.425,1.7900552486187846,25.47
2023,9,23,-18.175,147.425,1.8121546961325967,25.38
2023,9,24,-18.175,147.425,1.8342541436464088,25.27
2023,9,25,-18.175,147.425,1.856353591160221,25.26
2023,9,26,-18.175,147.425,1.8784530386740332,25.22
2023,9,27,-18.175,147.425,1.9005524861878453,25.26
2023,9,28,-18.175,147.425,1.9226519337016574,25.32
2023,9,29,-18.175,147.425,1.9447513812154695,25.27
2023,9,30,-18.175,147.425,1.9668508287292819,25.22
2023,10,1,-18.175,147.425,1.988950276243094,25.31
2023,10,2,-18.175,147.425,2.0110497237569063,25.37
2023,10,3,-18.175,147.425,2.0331491712707184,25.36
2023,10,4,-18.175,147.425,2.0552486187845305,25.14
2023,10,5,-18.175,147.425,2.0773480662983426,25.54
2023,10,6,-18.175,147.425,2.0994475138121547,25.69
2023,10,7,-18.175,147.425,2.1215469613259668,25.71
2023,10,8,-18.175,147.425,2.143646408839779,25.55
2023,10,9,-18.175,147.425,2.165745856353591,25.55
2023,10,10,-18.175,147.425,2.1878453038674035,25.58
2023,10,11,-18.175,147.425,2.2099447513812156,25.54
2023,10,12,-18.175,147.425,2.2320441988950277,25.47
2023,10,13,-18.175,147.425,2.25414364640884,25.66
2023,10,14,-18.175,147.425,2.276243093922652,25.69
2023,10,15,-18.175,147.425,2.298342541436464,25.68
2023,10,16,-18.175,147.425,2.320441988950276,25.87
2023,10,17,-18.175,147.425,2.342541436464088,25.89
2023,10,18,-18.175,147.425,2.3646408839779007,25.75
2023,10,19,-18.175,147.425,2.386740331491713,25.65
2023,10,20,-18.175,147.425,2.408839779005525,25.72
2023,10,21,-18.175,147.425,2.430939226519337,25.78
2023,10,22,-18.175,147.425,2.453038674033149,25.89
2023,10,23,-18.175,147.425,2.4751381215469612,25.97
2023,10,24,-18.175,147.425,2.4972375690607733,26.07
2023,10,25,-18.175,147.425,2.5193370165745854,26.1
2023,10,26,-18.175,147.425,2.541436464088398,26.24
2023,10,27,-18.175,147.425,2.56353591160221,26.19
2023,10,28,-18.175,147.425,2.585635359116022,25.93
2023,10,29,-18.175,147.425,2.6077348066298343,25.84
2023,10,30,-18.175,147.425,2.6298342541436464,25.83
2023,10,31,-18.175,147.425,2.6519337016574585,25.87
2023,11,1,-18.175,147.425,2.6740331491712706,25.9
2023,11,2,-18.175,147.425,2.696132596685083,25.82
2023,11,3,-18.175,147.425,2.718232044198895,25.75
2023,11,4,-18.175,147.425,2.7403314917127073,25.92
2023,11,5,-18.175,147.425,2.7624309392265194,26.03
2023,11,6,-18.175,147.425,2.7845303867403315,26.05
2023,11,7,-18.175,147.425,2.8066298342541436,26.09
2023,11,8,-18.175,147.425,2.8287292817679557,26.09
2023,11,9,-18.175,147.425,2.850828729281768,26.34
2023,11,10,-18.175,147.425,2.8729281767955803,26.44
2023,11,11,-18.175,147.425,2.8950276243093924,26.42
2023,11,12,-18.175,147.425,2.9171270718232045,26.47
2023,11,13,-18.175,147.425,2.9392265193370166,26.52
2023,11,14,-18.175,147.425,2.9613259668508287,26.56
2023,11,15,-18.175,147.425,2.983425414364641,26.55
2023,11,16,-18.175,147.425,3.005524861878453,26.68
2023,11,17,-18.175,147.425,3.027624309392265,26.67
2023,11,18,-18.175,147.425,3.0497237569060776,26.71
2023,11,19,-18.175,147.425,3.0718232044198897,26.61
2023,11,20,-18.175,147.425,3.0939226519337018,26.73
2023,11,21,-18.175,147.425,3.116022099447514,26.85
2023,11,22,-18.175,147.425,3.138121546961326,26.75
2023,11,23,-18.175,147.425,3.160220994475138,26.75
2023,11,24,-18.175,147.425,3.18232044198895,26.88
2023,11,25,-18.175,147.425,3.2044198895027622,27.03
2023,11,26,-18.175,147.425,3.226519337016575,27.09
2023,11,27,-18.175,147.425,3.248618784530387,27.73
2023,11,28,-18.175,147.425,3.270718232044199,27.67
2023,11,29,-18.175,147.425,3.292817679558011,27.54
2023,11,30,-18.175,147.425,3.314917127071823,27.95
2023,12,1,-18.175,147.425,3.3370165745856353,27.98
2023,12,2,-18.175,147.425,3.3591160220994474,28.09
2023,12,3,-18.175,147.425,3.3812154696132595,28.46
2023,12,4,-18.175,147.425,3.403314917127072,28.39
2023,12,5,-18.175,147.425,3.425414364640884,28.33
2023,12,6,-18.175,147.425,3.447513812154696,28.18
2023,12,7,-18.175,147.425,3.4696132596685083,28.07
2023,12,8,-18.175,147.425,3.4917127071823204,27.86
2023,12,9,-18.175,147.425,3.5138121546961325,27.85
2023,12,10,-18.175,147.425,3.5359116022099446,27.77
2023,12,11,-18.175,147.425,3.5580110497237567,27.73
2023,12,12,-18.175,147.425,3.5801104972375692,27.49
2023,12,13,-18.175,147.425,3.6022099447513813,27.46
2023,12,14,-18.175,147.425,3.6243093922651934,27.05
2023,12,15,-18.175,147.425,3.6464088397790055,27.11
2023,12,16,-18.175,147.425,3.6685082872928176,27.19
2023,12,17,-18.175,147.425,3.6906077348066297,27.22
2023,12,18,-18.175,147.425,3.712707182320442,27.47
2023,12,19,-18.175,147.425,3.734806629834254,27.08
2023,12,20,-18.175,147.425,3.7569060773480665,27.18
2023,12,21,-18.175,147.425,3.7790055248618786,27.39
2023,12,22,-18.175,147.425,3.8011049723756907,27.4
2023,12,23,-18.175,147.425,3.8232044198895028,27.73
2023,12,24,-18.175,147.425,3.845303867403315,28.01
2023,12,25,-18.175,147.425,3.867403314917127,28.21
2023,12,26,-18.175,147.425,3.889502762430939,28.27
2023,12,27,-18.175,147.425,3.911602209944751,28.78
2023,12,28,-18.175,147.425,3.9337016574585637,29.02
2023,12,29,-18.175,147.425,3.955801104972376,29.59
2023,12,30,-18.175,147.425,3.977900552486188,29.42
2023,12,31,-18.175,147.425,4.0,29.54
2024,1,1,-18.175,147.425,4.0,29.39
2024,1,2,-18.175,147.425,3.977900552486188,29.54
2024,1,3,-18.175,147.425,3.955801104972376,29.95
2024,1,4,-18.175,147.425,3.9337016574585637,30.09
2024,1,5,-18.175,147.425,3.911602209944751,30.16
2024,1,6,-18.175,147.425,3.889502762430939,30.07
2024,1,7,-18.175,147.425,3.867403314917127,29.88
2024,1,8,-18.175,147.425,3.845303867403315,29.71
2024,1,9,-18.175,147.425,3.8232044198895028,29.79
2024,1,10,-18.175,147.425,3.8011049723756907,29.71
2024,1,11,-18.175,147.425,3.7790055248618786,29.86
2024,1,12,-18.175,147.425,3.7569060773480665,29.71
2024,1,13,-18.175,147.425,3.734806629834254,29.52
2024,1,14,-18.175,147.425,3.712707182320442,29.44
2024,1,15,-18.175,147.425,3.6906077348066297,29.4
2024,1,16,-18.175,147.425,3.6685082872928176,29.83
2024,1,17,-18.175,147.425,3.6464088397790055,29.93
2024,1,18,-18.175,147.425,3.6243093922651934,29.86
2024,1,19,-18.175,147.425,3.6022099447513813,29.66
2024,1,20,-18.175,147.425,3.5801104972375692,29.94
2024,1,21,-18.175,147.425,3.5580110497237567,29.68
2024,1,22,-18.175,147.425,3.5359116022099446,29.85
2024,1,23,-18.175,147.425,3.5138121546961325,29.79
2024,1,24,-18.175,147.425,3.4917127071823204,29.64
2024,1,25,-18.175,147.425,3.4696132596685083,29.42
2024,1,26,-18.175,147.425,3.447513812154696,29.1
2024,1,27,-18.175,147.425,3.425414364640884,29.52
2024,1,28,-18.175,147.425,3.403314917127072,29.31
2024,1,29,-18.175,147.425,3.3812154696132595,29.51
2024,1,31,-18.175,147.425,3.3370165745856353,29.96
2024,2,1,-18.175,147.425,3.314917127071823,29.62
2024,2,2,-18.175,147.425,3.292817679558011,29.58
2024,2,3,-18.175,147.425,3.270718232044199,29.51
2024,2,4,-18.175,147.425,3.248618784530387,29.62
2024,2,5,-18.175,147.425,3.226519337016575,29.85
2024,2,6,-18.175,147.425,3.2044198895027622,30.16
2024,2,7,-18.175,147.425,3.18232044198895,30.01
2024,2,8,-18.175,147.425,3.160220994475138,30.02
2024,2,9,-18.175,147.425,3.138121546961326,29.77
2024,2,10,-18.175,147.425,3.116022099447514,29.61
2024,2,11,-18.175,147.425,3.0939226519337018,29.48
2024,2,12,-18.175,147.425,3.0718232044198897,29.5
2024,2,13,-18.175,147.425,3.0497237569060776,29.74
2024,2,14,-18.175,147.425,3.027624309392265,29.82
2024,2,15,-18.175,147.425,3.005524861878453,29.87
2024,2,16,-18.175,147.425,2.983425414364641,29.68
2024,2,17,-18.175,147.425,2.9613259668508287,29.54
2024,2,18,-18.175,147.425,2.9392265193370166,29.55
2024,2,19,-18.175,147.425,2.9171270718232045,29.62
2024,2,20,-18.175,147.425,2.8950276243093924,29.51
2024,2,21,-18.175,147.425,2.8729281767955803,29.56
2024,2,22,-18.175,147.425,2.850828729281768,29.24
2024,2,23,-18.175,147.425,2.8287292817679557,29.17
2024,2,24,-18.175,147.425,2.8066298342541436,29.19
2024,2,25,-18.175,147.425,2.7845303867403315,29.28
2024,2,26,-18.175,147.425,2.7624309392265194,29.37
2024,2,27,-18.175,147.425,2.7403314917127073,29.33
2024,2,28,-18.175,147.425,2.718232044198895,29.2
2024,2,29,-18.175,147.425,2.696132596685083,29.38
2024,3,1,-18.175,147.425,2.6740331491712706,29.46
2024,3,2,-18.175,147.425,2.6519337016574585,29.57
2024,3,3,-18.175,147.425,2.6298342541436464,29.84
2024,3,4,-18.175,147.425,2.6077348066298343,29.9
2024,3,5,-18.175,147.425,2.585635359116022,29.66
2024,3,6,-18.175,147.425,2.56353591160221,29.84
2024,3,7,-18.175,147.425,2.541436464088398,29.75
2024,3,8,-18.175,147.425,2.5193370165745854,29.51
2024,3,9,-18.175,147.425,2.4972375690607733,29.35
2024,3,10,-18.175,147.425,2.4751381215469612,29.42
2024,3,11,-18.175,147.425,2.453038674033149,29.2
2024,3,12,-18.175,147.425,2.430939226519337,29.08
2024,3,13,-18.175,147.425,2.408839779005525,29.14
2024,3,14,-18.175,147.425,2.386740331491713,29.14
2024,3,15,-18.175,147.425,2.3646408839779007,29.12
2024,3,16,-18.175,147.425,2.342541436464088,28.97
2024,3,17,-18.175,147.425,2.320441988950276,28.91
2024,3,18,-18.175,147.425,2.298342541436464,28.78
2024,3,19,-18.175,147.425,2.276243093922652,28.47
2024,3,20,-18.175,147.425,2.25414364640884,28.85
2024,3,21,-18.175,147.425,2.2320441988950277,28.64
2024,3,22,-18.175,147.425,2.2099447513812156,28.57
2024,3,23,-18.175,147.425,2.1878453038674035,28.55
2024,3,24,-18.175,147.425,2.165745856353591,28.47
2024,3,25,-18.175,147.425,2.143646408839779,28.9
2024,3,26,-18.175,147.425,2.1215469613259668,28.97
2024,3,27,-18.175,147.425,2.0994475138121547,29.08
2024,3,28,-18.175,147.425,2.0773480662983426,28.96
2024,3,29,-18.175,147.425,2.0552486187845305,28.73
2024,3,30,-18.175,147.425,2.0331491712707184,28.65
2024,3,31,-18.175,147.425,2.0110497237569063,28.66
