date,lat,lon,dhw,sst
1985-03-25T12:00:00Z,-18.174997,147.42499,2.165745856353591,28.55
1985-03-26T12:00:00Z,-18.174997,147.42499,2.143646408839779,28.51
1985-03-27T12:00:00Z,-18.174997,147.42499,2.1215469613259668,28.14
1985-03-28T12:00:00Z,-18.174997,147.42499,2.0994475138121547,27.87
1985-03-29T12:00:00Z,-18.174997,147.42499,2.0773480662983426,27.72
1985-03-30T12:00:00Z,-18.174997,147.42499,2.0552486187845305,27.63
1985-03-31T12:00:00Z,-18.174997,147.42499,2.0331491712707184,27.59
1985-04-01T12:00:00Z,-18.174997,147.42499,2.0110497237569063,27.55
1985-04-02T12:00:00Z,-18.174997,147.42499,1.988950276243094,27.49
1985-04-03T12:00:00Z,-18.174997,147.42499,1.9668508287292819,27.47
1985-04-04T12:00:00Z,-18.174997,147.42499,1.9447513812154695,27.86
1985-04-05T12:00:00Z,-18.174997,147.42499,1.9226519337016574,27.81
1985-04-06T12:00:00Z,-18.174997,147.42499,1.9005524861878453,27.8
1985-04-07T12:00:00Z,-18.174997,147.42499,1.8784530386740332,27.93
1985-04-08T12:00:00Z,-18.174997,147.42499,1.856353591160221,27.95
1985-04-09T12:00:00Z,-18.174997,147.42499,1.8342541436464088,27.86
1985-04-10T12:00:00Z,-18.174997,147.42499,1.8121546961325967,27.67
1985-04-11T12:00:00Z,-18.174997,147.42499,1.7900552486187846,28.57
1985-04-12T12:00:00Z,-18.174997,147.42499,1.7679558011049723,27.12
1985-04-13T12:00:00Z,-18.174997,147.42499,1.7458563535911602,26.96
1985-04-14T12:00:00Z,-18.174997,147.42499,1.723756906077348,26.82
1985-04-15T12:00:00Z,-18.174997,147.42499,1.701657458563536,27.55
1985-04-16T12:00:00Z,-18.174997,147.42499,1.6795580110497237,28.15
1985-04-17T12:00:00Z,-18.174997,147.42499,1.6574585635359116,28.79
1985-04-18T12:00:00Z,-18.174997,147.42499,1.6353591160220995,29.22
1985-04-19T12:00:00Z,-18.174997,147.42499,1.6132596685082874,29.07
1985-04-20T12:00:00Z,-18.174997,147.42499,1.591160220994475,28.59
1985-04-21T12:00:00Z,-18.174997,147.42499,1.569060773480663,28.24
1985-04-22T12:00:00Z,-18.174997,147.42499,1.5469613259668509,28.0
1985-04-23T12:00:00Z,-18.174997,147.42499,1.5248618784530388,27.66
1985-04-24T12:00:00Z,-18.174997,147.42499,1.5027624309392265,27.55
1985-04-25T12:00:00Z,-18.174997,147.42499,1.4806629834254144,27.32
1985-04-26T12:00:00Z,-18.174997,147.42499,1.4585635359116023,27.07
1985-04-27T12:00:00Z,-18.174997,147.42499,1.4364640883977902,26.96
1985-04-28T12:00:00Z,-18.174997,147.42499,1.4143646408839778,26.95
1985-04-29T12:00:00Z,-18.174997,147.42499,1.3922651933701657,26.97
1985-04-30T12:00:00Z,-18.174997,147.42499,1.3701657458563536,26.98
1985-05-01T12:00:00Z,-18.174997,147.42499,1.3480662983425415,27.01
1985-05-02T12:00:00Z,-18.174997,147.42499,1.3259668508287292,27.0
1985-05-03T12:00:00Z,-18.174997,147.42499,1.3038674033149171,27.18
1985-05-04T12:00:00Z,-18.174997,147.42499,1.281767955801105,27.34
1985-05-05T12:00:00Z,-18.174997,147.42499,1.2596685082872927,27.51
1985-05-06T12:00:00Z,-18.174997,147.42499,1.2375690607734806,27.17
1985-05-07T12:00:00Z,-18.174997,147.42499,1.2154696132596685,26.74
1985-05-08T12:00:00Z,-18.174997,147.42499,1.1933701657458564,26.54
1985-05-09T12:00:00Z,-18.174997,147.42499,1.171270718232044,26.19
1985-05-10T12:00:00Z,-18.174997,147.42499,1.149171270718232,25.97
1985-05-11T12:00:00Z,-18.174997,147.42499,1.12707182320442,26.49
1985-05-12T12:00:00Z,-18.174997,147.42499,1.1049723756906078,26.22
1985-05-13T12:00:00Z,-18.174997,147.42499,1.0828729281767955,25.85
1985-05-14T12:00:00Z,-18.174997,147.42499,1.0607734806629834,25.53
1985-05-15T12:00:00Z,-18.174997,147.42499,1.0386740331491713,25.45
1985-05-16T12:00:00Z,-18.174997,147.42499,1.0165745856353592,25.51
1985-05-17T12:00:00Z,-18.174997,147.42499,0.994475138121547,25.64
1985-05-18T12:00:00Z,-18.174997,147.42499,0.9723756906077348,25.66
1985-05-19T12:00:00Z,-18.174997,147.42499,0.9502762430939227,25.58
1985-05-20T12:00:00Z,-18.174997,147.42499,0.9281767955801105,25.48
1985-05-21T12:00:00Z,-18.174997,147.42499,0.9060773480662984,25.37
1985-05-22T12:00:00Z,-18.174997,147.42499,0.8839779005524862,25.18
1985-05-23T12:00:00Z,-18.174997,147.42499,0.861878453038674,25.31
1985-05-24T12:00:00Z,-18.174997,147.42499,0.8397790055248618,25.26
1985-05-25T12:00:00Z,-18.174997,147.42499,0.8176795580110497,25.2
1985-05-26T12:00:00Z,-18.174997,147.42499,0.7955801104972375,25.09
1985-05-27T12:00:00Z,-18.174997,147.42499,0.7734806629834254,24.98
1985-05-28T12:00:00Z,-18.174997,147.42499,0.7513812154696132,25.01
1985-05-29T12:00:00Z,-18.174997,147.42499,0.7292817679558011,24.69
1985-05-30T12:00:00Z,-18.174997,147.42499,0.7071823204419889,24.22
1985-05-31T12:00:00Z,-18.174997,147.42499,0.6850828729281768,24.29
1985-06-01T12:00:00Z,-18.174997,147.42499,0.6629834254143646,24.84
1985-06-02T12:00:00Z,-18.174997,147.42499,0.6408839779005525,25.42
1985-06-03T12:00:00Z,-18.174997,147.42499,0.6187845303867403,25.5
1985-06-04T12:00:00Z,-18.174997,147.42499,0.5966850828729282,25.58
1985-06-05T12:00:00Z,-18.174997,147.42499,0.574585635359116,25.52
1985-06-06T12:00:00Z,-18.174997,147.42499,0.5524861878453039,24.96
1985-06-07T12:00:00Z,-18.174997,147.42499,0.5303867403314917,24.92
1985-06-08T12:00:00Z,-18.174997,147.42499,0.5082872928176796,25.52
1985-06-09T12:00:00Z,-18.174997,147.42499,0.4861878453038674,25.68
1985-06-10T12:00:00Z,-18.174997,147.42499,0.46408839779005523,25.17
1985-06-11T12:00:00Z,-18.174997,147.42499,0.4419889502762431,24.63
1985-06-12T12:00:00Z,-18.174997,147.42499,0.4198895027624309,24.14
1985-06-13T12:00:00Z,-18.174997,147.42499,0.39779005524861877,24.02
1985-06-14T12:00:00Z,-18.174997,147.42499,0.3756906077348066,24.07
1985-06-15T12:00:00Z,-18.174997,147.42499,0.35359116022099446,23.88
1985-06-16T12:00:00Z,-18.174997,147.42499,0.3314917127071823,23.53
1985-06-17T12:00:00Z,-18.174997,147.42499,0.30939226519337015,23.69
1985-06-18T12:00:00Z,-18.174997,147.42499,0.287292817679558,23.77
1985-06-19T12:00:00Z,-18.174997,147.42499,0.26519337016574585,24.06
1985-06-20T12:00:00Z,-18.174997,147.42499,0.2430939226519337,23.59
1985-06-21T12:00:00Z,-18.174997,147.42499,0.22099447513812154,23.61
1985-06-22T12:00:00Z,-18.174997,147.42499,0.19889502762430938,23.51
1985-06-23T12:00:00Z,-18.174997,147.42499,0.17679558011049723,23.71
1985-06-24T12:00:00Z,-18.174997,147.42499,0.15469613259668508,24.06
1985-06-25T12:00:00Z,-18.174997,147.42499,0.13259668508287292,23.96
1985-06-26T12:00:00Z,-18.174997,147.42499,0.11049723756906077,22.51
1985-06-27T12:00:00Z,-18.174997,147.42499,0.08839779005524862,22.46
1985-06-28T12:00:00Z,-18.174997,147.42499,0.06629834254143646,22.92
1985-06-29T12:00:00Z,-18.174997,147.42499,0.04419889502762431,23.56
1985-06-30T12:00:00Z,-18.174997,147.42499,0.022099447513812154,24.12
1985-07-01T12:00:00Z,-18.174997,147.42499,0.0,24.05
1985-07-02T12:00:00Z,-18.174997,147.42499,0.0,24.14
1985-07-03T12:00:00Z,-18.174997,147.42499,0.022099447513812154,24.05
1985-07-04T12:00:00Z,-18.174997,147.42499,0.04419889502762431,23.94
1985-07-05T12:00:00Z,-18.174997,147.42499,0.06629834254143646,23.55
1985-07-06T12:00:00Z,-18.174997,147.42499,0.08839779005524862,23.68
1985-07-07T12:00:00Z,-18.174997,147.42499,0.11049723756906077,23.72
1985-07-08T12:00:00Z,-18.174997,147.42499,0.13259668508287292,23.81
1985-07-09T12:00:00Z,-18.174997,147.42499,0.15469613259668508,24.89
1985-07-10T12:00:00Z,-18.174997,147.42499,0.17679558011049723,24.14
1985-07-11T12:00:00Z,-18.174997,147.42499,0.19889502762430938,23.98
1985-07-12T12:00:00Z,-18.174997,147.42499,0.22099447513812154,24.02
1985-07-13T12:00:00Z,-18.174997,147.42499,0.2430939226519337,23.98
1985-07-14T12:00:00Z,-18.174997,147.42499,0.26519337016574585,23.78
1985-07-15T12:00:00Z,-18.174997,147.42499,0.287292817679558,23.77
1985-07-16T12:00:00Z,-18.174997,147.42499,0.30939226519337015,23.6
1985-07-17T12:00:00Z,-18.174997,147.42499,0.3314917127071823,23.68
1985-07-18T12:00:00Z,-18.174997,147.42499,0.35359116022099446,23.43
1985-07-19T12:00:00Z,-18.174997,147.42499,0.3756906077348066,23.52
1985-07-20T12:00:00Z,-18.174997,147.42499,0.39779005524861877,23.25
1985-07-21T12:00:00Z,-18.174997,147.42499,0.4198895027624309,23.48
1985-07-22T12:00:00Z,-18.174997,147.42499,0.4419889502762431,23.52
1985-07-23T12:00:00Z,-18.174997,147.42499,0.46408839779005523,23.48
1985-07-24T12:00:00Z,-18.174997,147.42499,0.4861878453038674,22.87
1985-07-25T12:00:00Z,-18.174997,147.42499,0.5082872928176796,22.92
1985-07-26T12:00:00Z,-18.174997,147.42499,0.5303867403314917,22.69
1985-07-27T12:00:00Z,-18.174997,147.42499,0.5524861878453039,22.7
1985-07-28T12:00:00Z,-18.174997,147.42499,0.574585635359116,22.58
1985-07-29T12:00:00Z,-18.174997,147.42499,0.5966850828729282,22.52
1985-07-30T12:00:00Z,-18.174997,147.42499,0.6187845303867403,22.32
1985-07-31T12:00:00Z,-18.174997,147.42499,0.6408839779005525,22.67
1985-08-01T12:00:00Z,-18.174997,147.42499,0.6629834254143646,24.04
1985-08-02T12:00:00Z,-18.174997,147.42499,0.6850828729281768,23.99
1985-08-03T12:00:00Z,-18.174997,147.42499,0.7071823204419889,23.99
1985-08-04T12:00:00Z,-18.174997,147.42499,0.7292817679558011,23.86
1985-08-05T12:00:00Z,-18.174997,147.42499,0.7513812154696132,23.51
1985-08-06T12:00:00Z,-18.174997,147.42499,0.7734806629834254,23.28
1985-08-07T12:00:00Z,-18.174997,147.42499,0.7955801104972375,22.79
1985-08-08T12:00:00Z,-18.174997,147.42499,0.8176795580110497,22.71
1985-08-09T12:00:00Z,-18.174997,147.42499,0.8397790055248618,22.33
1985-08-10T12:00:00Z,-18.174997,147.42499,0.861878453038674,22.23
1985-08-11T12:00:00Z,-18.174997,147.42499,0.8839779005524862,22.72
1985-08-12T12:00:00Z,-18.174997,147.42499,0.9060773480662984,22.52
1985-08-13T12:00:00Z,-18.174997,147.42499,0.9281767955801105,22.85
1985-08-14T12:00:00Z,-18.174997,147.42499,0.9502762430939227,23.24
1985-08-15T12:00:00Z,-18.174997,147.42499,0.9723756906077348,23.44
1985-08-16T12:00:00Z,-18.174997,147.42499,0.994475138121547,23.72
1985-08-17T12:00:00Z,-18.174997,147.42499,1.0165745856353592,23.78
1985-08-18T12:00:00Z,-18.174997,147.42499,1.0386740331491713,23.73
1985-08-19T12:00:00Z,-18.174997,147.42499,1.0607734806629834,23.83
1985-08-20T12:00:00Z,-18.174997,147.42499,1.0828729281767955,23.83
1985-08-21T12:00:00Z,-18.174997,147.42499,1.1049723756906078,23.55
1985-08-22T12:00:00Z,-18.174997,147.42499,1.12707182320442,23.52
1985-08-23T12:00:00Z,-18.174997,147.42499,1.149171270718232,23.7
1985-08-24T12:00:00Z,-18.174997,147.42499,1.171270718232044,23.85
1985-08-25T12:00:00Z,-18.174997,147.42499,1.1933701657458564,23.56
1985-08-26T12:00:00Z,-18.174997,147.42499,1.2154696132596685,23.31
1985-08-27T12:00:00Z,-18.174997,147.42499,1.2375690607734806,23.36
1985-08-28T12:00:00Z,-18.174997,147.42499,1.2596685082872927,23.26
1985-08-29T12:00:00Z,-18.174997,147.42499,1.281767955801105,23.28
1985-08-30T12:00:00Z,-18.174997,147.42499,1.3038674033149171,23.4
1985-08-31T12:00:00Z,-18.174997,147.42499,1.3259668508287292,23.7
1985-09-01T12:00:00Z,-18.174997,147.42499,1.3480662983425415,24.37
1985-09-02T12:00:00Z,-18.174997,147.42499,1.3701657458563536,24.3
1985-09-03T12:00:00Z,-18.174997,147.42499,1.3922651933701657,24.05
1985-09-04T12:00:00Z,-18.174997,147.42499,1.4143646408839778,23.74
1985-09-05T12:00:00Z,-18.174997,147.42499,1.4364640883977902,23.47
1985-09-06T12:00:00Z,-18.174997,147.42499,1.4585635359116023,23.37
1985-09-07T12:00:00Z,-18.174997,147.42499,1.4806629834254144,23.41
1985-09-08T12:00:00Z,-18.174997,147.42499,1.5027624309392265,23.46
1985-09-09T12:00:00Z,-18.174997,147.42499,1.5248618784530388,23.51
1985-09-10T12:00:00Z,-18.174997,147.42499,1.5469613259668509,22.91
1985-09-11T12:00:00Z,-18.174997,147.42499,1.569060773480663,23.03
1985-09-12T12:00:00Z,-18.174997,147.42499,1.591160220994475,23.39
1985-09-13T12:00:00Z,-18.174997,147.42499,1.6132596685082874,24.29
1985-09-14T12:00:00Z,-18.174997,147.42499,1.6353591160220995,24.41
1985-09-15T12:00:00Z,-18.174997,147.42499,1.6574585635359116,24.6
1985-09-16T12:00:00Z,-18.174997,147.42499,1.6795580110497237,24.57
1985-09-17T12:00:00Z,-18.174997,147.42499,1.701657458563536,24.84
1985-09-18T12:00:00Z,-18.174997,147.42499,1.723756906077348,24.6
1985-09-19T12:00:00Z,-18.174997,147.42499,1.7458563535911602,24.77
1985-09-20T12:00:00Z,-18.174997,147.42499,1.7679558011049723,24.67
1985-09-21T12:00:00Z,-18.174997,147.42499,1.7900552486187846,24.26
1985-09-22T12:00:00Z,-18.174997,147.42499,1.8121546961325967,24.31
1985-09-23T12:00:00Z,-18.174997,147.42499,1.8342541436464088,24.38
1985-09-24T12:00:00Z,-18.174997,147.42499,1.856353591160221,24.76
1985-09-25T12:00:00Z,-18.174997,147.42499,1.8784530386740332,24.69
1985-09-26T12:00:00Z,-18.174997,147.42499,1.9005524861878453,24.85
1985-09-27T12:00:00Z,-18.174997,147.42499,1.9226519337016574,25.24
1985-09-28T12:00:00Z,-18.174997,147.42499,1.9447513812154695,24.57
1985-09-29T12:00:00Z,-18.174997,147.42499,1.9668508287292819,24.96
1985-09-30T12:00:00Z,-18.174997,147.42499,1.988950276243094,24.56
1985-10-01T12:00:00Z,-18.174997,147.42499,2.0110497237569063,24.85
1985-10-02T12:00:00Z,-18.174997,147.42499,2.0331491712707184,24.72
1985-10-03T12:00:00Z,-18.174997,147.42499,2.0552486187845305,24.83
1985-10-04T12:00:00Z,-18.174997,147.42499,2.0773480662983426,24.86
1985-10-05T12:00:00Z,-18.174997,147.42499,2.0994475138121547,24.75
1985-10-06T12:00:00Z,-18.174997,147.42499,2.1215469613259668,24.7
1985-10-07T12:00:00Z,-18.174997,147.42499,2.143646408839779,24.32
1985-10-08T12:00:00Z,-18.174997,147.42499,2.165745856353591,24.31
1985-10-09T12:00:00Z,-18.174997,147.42499,2.1878453038674035,24.22
1985-10-10T12:00:00Z,-18.174997,147.42499,2.2099447513812156,24.84
1985-10-11T12:00:00Z,-18.174997,147.42499,2.2320441988950277,25.27
1985-10-12T12:00:00Z,-18.174997,147.42499,2.25414364640884,25.44
1985-10-13T12:00:00Z,-18.174997,147.42499,2.276243093922652,25.16
1985-10-14T12:00:00Z,-18.174997,147.42499,2.298342541436464,25.13
1985-10-15T12:00:00Z,-18.174997,147.42499,2.320441988950276,25.21
1985-10-16T12:00:00Z,-18.174997,147.42499,2.342541436464088,25.09
1985-10-17T12:00:00Z,-18.174997,147.42499,2.3646408839779007,25.34
1985-10-18T12:00:00Z,-18.174997,147.42499,2.386740331491713,25.49
1985-10-19T12:00:00Z,-18.174997,147.42499,2.408839779005525,25.7
1985-10-20T12:00:00Z,-18.174997,147.42499,2.430939226519337,25.85
1985-10-21T12:00:00Z,-18.174997,147.42499,2.453038674033149,26.01
1985-10-22T12:00:00Z,-18.174997,147.42499,2.4751381215469612,26.07
1985-10-23T12:00:00Z,-18.174997,147.42499,2.4972375690607733,25.99
1985-10-24T12:00:00Z,-18.174997,147.42499,2.5193370165745854,26.12
1985-10-25T12:00:00Z,-18.174997,147.42499,2.541436464088398,26.07
1985-10-26T12:00:00Z,-18.174997,147.42499,2.56353591160221,25.95
1985-10-27T12:00:00Z,-18.174997,147.42499,2.585635359116022,25.98
1985-10-28T12:00:00Z,-18.174997,147.42499,2.6077348066298343,26.22
1985-10-29T12:00:00Z,-18.174997,147.42499,2.6298342541436464,26.4
1985-10-30T12:00:00Z,-18.174997,147.42499,2.6519337016574585,26.45
1985-10-31T12:00:00Z,-18.174997,147.42499,2.6740331491712706,26.38
1985-11-01T12:00:00Z,-18.174997,147.42499,2.696132596685083,26.37
1985-11-02T12:00:00Z,-18.174997,147.42499,2.718232044198895,26.39
1985-11-03T12:00:00Z,-18.174997,147.42499,2.7403314917127073,26.24
1985-11-04T12:00:00Z,-18.174997,147.42499,2.7624309392265194,26.28
1985-11-05T12:00:00Z,-18.174997,147.42499,2.7845303867403315,26.3
1985-11-06T12:00:00Z,-18.174997,147.42499,2.8066298342541436,26.25
1985-11-07T12:00:00Z,-18.174997,147.42499,2.8287292817679557,26.26
1985-11-08T12:00:00Z,-18.174997,147.42499,2.850828729281768,26.57
1985-11-09T12:00:00Z,-18.174997,147.42499,2.8729281767955803,26.89
1985-11-10T12:00:00Z,-18.174997,147.42499,2.8950276243093924,26.89
1985-11-11T12:00:00Z,-18.174997,147.42499,2.9171270718232045,27.04
1985-11-12T12:00:00Z,-18.174997,147.42499,2.9392265193370166,27.05
1985-11-13T12:00:00Z,-18.174997,147.42499,2.9613259668508287,27.19
1985-11-14T12:00:00Z,-18.174997,147.42499,2.983425414364641,27.16
1985-11-15T12:00:00Z,-18.174997,147.42499,3.005524861878453,26.62
1985-11-16T12:00:00Z,-18.174997,147.42499,3.027624309392265,26.54
1985-11-17T12:00:00Z,-18.174997,147.42499,3.0497237569060776,26.91
1985-11-18T12:00:00Z,-18.174997,147.42499,3.0718232044198897,27.43
1985-11-19T12:00:00Z,-18.174997,147.42499,3.0939226519337018,27.79
1985-11-20T12:00:00Z,-18.174997,147.42499,3.116022099447514,27.71
1985-11-21T12:00:00Z,-18.174997,147.42499,3.138121546961326,27.54
1985-11-22T12:00:00Z,-18.174997,147.42499,3.160220994475138,26.74
1985-11-23T12:00:00Z,-18.174997,147.42499,3.18232044198895,26.89
1985-11-24T12:00:00Z,-18.174997,147.42499,3.2044198895027622,26.75
1985-11-25T12:00:00Z,-18.174997,147.42499,3.226519337016575,26.86
1985-11-26T12:00:00Z,-18.174997,147.42499,3.248618784530387,27.07
1985-11-27T12:00:00Z,-18.174997,147.42499,3.270718232044199,28.15
1985-11-28T12:00:00Z,-18.174997,147.42499,3.292817679558011,28.37
1985-11-29T12:00:00Z,-18.174997,147.42499,3.314917127071823,28.01
1985-11-30T12:00:00Z,-18.174997,147.42499,3.3370165745856353,27.9
1985-12-01T12:00:00Z,-18.174997,147.42499,3.3591160220994474,28.34
1985-12-02T12:00:00Z,-18.174997,147.42499,3.3812154696132595,28.73
1985-12-03T12:00:00Z,-18.174997,147.42499,3.403314917127072,28.84
1985-12-04T12:00:00Z,-18.174997,147.42499,3.425414364640884,28.53
1985-12-05T12:00:00Z,-18.174997,147.42499,3.447513812154696,28.78
1985-12-06T12:00:00Z,-18.174997,147.42499,3.4696132596685083,28.53
1985-12-07T12:00:00Z,-18.174997,147.42499,3.4917127071823204,28.3
1985-12-08T12:00:00Z,-18.174997,147.42499,3.5138121546961325,27.98
1985-12-09T12:00:00Z,-18.174997,147.42499,3.5359116022099446,28.03
1985-12-10T12:00:00Z,-18.174997,147.42499,3.5580110497237567,28.09
1985-12-11T12:00:00Z,-18.174997,147.42499,3.5801104972375692,29.28
1985-12-12T12:00:00Z,-18.174997,147.42499,3.6022099447513813,28.18
1985-12-13T12:00:00Z,-18.174997,147.42499,3.6243093922651934,28.2
1985-12-14T12:00:00Z,-18.174997,147.42499,3.6464088397790055,28.19
1985-12-15T12:00:00Z,-18.174997,147.42499,3.6685082872928176,28.79
1985-12-16T12:00:00Z,-18.174997,147.42499,3.6906077348066297,29.01
1985-12-17T12:00:00Z,-18.174997,147.42499,3.712707182320442,29.5
1985-12-18T12:00:00Z,-18.174997,147.42499,3.734806629834254,29.6
1985-12-19T12:00:00Z,-18.174997,147.42499,3.7569060773480665,29.61
1985-12-20T12:00:00Z,-18.174997,147.42499,3.7790055248618786,29.87
1985-12-21T12:00:00Z,-18.174997,147.42499,3.8011049723756907,29.6
1985-12-22T12:00:00Z,-18.174997,147.42499,3.8232044198895028,29.66
1985-12-23T12:00:00Z,-18.174997,147.42499,3.845303867403315,29.26
1985-12-24T12:00:00Z,-18.174997,147.42499,3.867403314917127,29.06
1985-12-25T12:00:00Z,-18.174997,147.42499,3.889502762430939,28.27
1985-12-26T12:00:00Z,-18.174997,147.42499,3.911602209944751,28.08
1985-12-27T12:00:00Z,-18.174997,147.42499,3.9337016574585637,27.81
1985-12-28T12:00:00Z,-18.174997,147.42499,3.955801104972376,27.87
1985-12-29T12:00:00Z,-18.174997,147.42499,3.977900552486188,27.92
1985-12-30T12:00:00Z,-18.174997,147.42499,4.0,29.24
1985-12-31T12:00:00Z,-18.174997,147.42499,4.0220994475138125,29.77
1986-01-01T12:00:00Z,-18.174997,147.42499,4.0,29.85
1986-01-02T12:00:00Z,-18.174997,147.42499,3.977900552486188,29.8
1986-01-03T12:00:00Z,-18.174997,147.42499,3.955801104972376,29.56
1986-01-04T12:00:00Z,-18.174997,147.42499,3.9337016574585637,29.78
1986-01-05T12:00:00Z,-18.174997,147.42499,3.911602209944751,29.83
1986-01-06T12:00:00Z,-18.174997,147.42499,3.889502762430939,29.84
1986-01-07T12:00:00Z,-18.174997,147.42499,3.867403314917127,29.74
1986-01-08T12:00:00Z,-18.174997,147.42499,3.845303867403315,28.97
1986-01-09T12:00:00Z,-18.174997,147.42499,3.8232044198895028,28.98
1986-01-10T12:00:00Z,-18.174997,147.42499,3.8011049723756907,28.93
1986-01-11T12:00:00Z,-18.174997,147.42499,3.7790055248618786,29.3
1986-01-12T12:00:00Z,-18.174997,147.42499,3.7569060773480665,29.0
1986-01-13T12:00:00Z,-18.174997,147.42499,3.734806629834254,29.01
1986-01-14T12:00:00Z,-18.174997,147.42499,3.712707182320442,28.27
1986-01-15T12:00:00Z,-18.174997,147.42499,3.6906077348066297,28.37
1986-01-16T12:00:00Z,-18.174997,147.42499,3.6685082872928176,28.41
1986-01-17T12:00:00Z,-18.174997,147.42499,3.6464088397790055,28.42
1986-01-18T12:00:00Z,-18.174997,147.42499,3.6243093922651934,28.39
1986-01-19T12:00:00Z,-18.174997,147.42499,3.6022099447513813,28.41
1986-01-20T12:00:00Z,-18.174997,147.42499,3.5801104972375692,28.42
1986-01-21T12:00:00Z,-18.174997,147.42499,3.5580110497237567,28.46
1986-01-22T12:00:00Z,-18.174997,147.42499,3.5359116022099446,28.49
1986-01-23T12:00:00Z,-18.174997,147.42499,3.5138121546961325,28.49
1986-01-24T12:00:00Z,-18.174997,147.42499,3.4917127071823204,28.5
1986-01-25T12:00:00Z,-18.174997,147.42499,3.4696132596685083,28.52
1986-01-26T12:00:00Z,-18.174997,147.42499,3.447513812154696,28.47
1986-01-27T12:00:00Z,-18.174997,147.42499,3.425414364640884,28.43
1986-01-28T12:00:00Z,-18.174997,147.42499,3.403314917127072,28.55
1986-01-29T12:00:00Z,-18.174997,147.42499,3.3812154696132595,28.74
1986-01-30T12:00:00Z,-18.174997,147.42499,3.3591160220994474,28.65
1986-01-31T12:00:00Z,-18.174997,147.42499,3.3370165745856353,28.74
1986-02-01T12:00:00Z,-18.174997,147.42499,3.314917127071823,28.85
1986-02-02T12:00:00Z,-18.174997,147.42499,3.292817679558011,28.83
1986-02-03T12:00:00Z,-18.174997,147.42499,3.270718232044199,28.77
1986-02-04T12:00:00Z,-18.174997,147.42499,3.248618784530387,28.74
1986-02-05T12:00:00Z,-18.174997,147.42499,3.226519337016575,27.65
1986-02-06T12:00:00Z,-18.174997,147.42499,3.2044198895027622,27.42
1986-02-07T12:00:00Z,-18.174997,147.42499,3.18232044198895,27.65
1986-02-08T12:00:00Z,-18.174997,147.42499,3.160220994475138,28.35
1986-02-09T12:00:00Z,-18.174997,147.42499,3.138121546961326,28.53
1986-02-10T12:00:00Z,-18.174997,147.42499,3.116022099447514,28.54
1986-02-11T12:00:00Z,-18.174997,147.42499,3.0939226519337018,29.02
1986-02-12T12:00:00Z,-18.174997,147.42499,3.0718232044198897,29.09
1986-02-13T12:00:00Z,-18.174997,147.42499,3.0497237569060776,29.03
1986-02-14T12:00:00Z,-18.174997,147.42499,3.027624309392265,28.68
1986-02-15T12:00:00Z,-18.174997,147.42499,3.005524861878453,28.39
1986-02-16T12:00:00Z,-18.174997,147.42499,2.983425414364641,28.17
1986-02-17T12:00:00Z,-18.174997,147.42499,2.9613259668508287,28.65
1986-02-18T12:00:00Z,-18.174997,147.42499,2.9392265193370166,28.11
1986-02-19T12:00:00Z,-18.174997,147.42499,2.9171270718232045,28.45
1986-02-20T12:00:00Z,-18.174997,147.42499,2.8950276243093924,28.63
1986-02-21T12:00:00Z,-18.174997,147.42499,2.8729281767955803,29.09
1986-02-22T12:00:00Z,-18.174997,147.42499,2.850828729281768,29.42
1986-02-23T12:00:00Z,-18.174997,147.42499,2.8287292817679557,29.03
1986-02-24T12:00:00Z,-18.174997,147.42499,2.8066298342541436,28.84
1986-02-25T12:00:00Z,-18.174997,147.42499,2.7845303867403315,28.52
1986-02-26T12:00:00Z,-18.174997,147.42499,2.7624309392265194,28.69
1986-02-27T12:00:00Z,-18.174997,147.42499,2.7403314917127073,28.69
1986-02-28T12:00:00Z,-18.174997,147.42499,2.718232044198895,28.58
1986-03-01T12:00:00Z,-18.174997,147.42499,2.696132596685083,28.69
1986-03-02T12:00:00Z,-18.174997,147.42499,2.6740331491712706,28.75
1986-03-03T12:00:00Z,-18.174997,147.42499,2.6519337016574585,28.86
1986-03-04T12:00:00Z,-18.174997,147.42499,2.6298342541436464,28.82
1986-03-05T12:00:00Z,-18.174997,147.42499,2.6077348066298343,28.43
1986-03-06T12:00:00Z,-18.174997,147.42499,2.585635359116022,28.18
1986-03-07T12:00:00Z,-18.174997,147.42499,2.56353591160221,28.06
1986-03-08T12:00:00Z,-18.174997,147.42499,2.541436464088398,28.4
1986-03-09T12:00:00Z,-18.174997,147.42499,2.5193370165745854,28.12
1986-03-10T12:00:00Z,-18.174997,147.42499,2.4972375690607733,28.19
1986-03-11T12:00:00Z,-18.174997,147.42499,2.4751381215469612,27.68
1986-03-12T12:00:00Z,-18.174997,147.42499,2.453038674033149,27.38
1986-03-13T12:00:00Z,-18.174997,147.42499,2.430939226519337,27.38
1986-03-14T12:00:00Z,-18.174997,147.42499,2.408839779005525,27.36
1986-03-15T12:00:00Z,-18.174997,147.42499,2.386740331491713,27.33
1986-03-16T12:00:00Z,-18.174997,147.42499,2.3646408839779007,27.27
1986-03-17T12:00:00Z,-18.174997,147.42499,2.342541436464088,27.77
1986-03-18T12:00:00Z,-18.174997,147.42499,2.320441988950276,28.17
1986-03-19T12:00:00Z,-18.174997,147.42499,2.298342541436464,28.06
1986-03-20T12:00:00Z,-18.174997,147.42499,2.276243093922652,27.36
1986-03-21T12:00:00Z,-18.174997,147.42499,2.25414364640884,27.26
1986-03-22T12:00:00Z,-18.174997,147.42499,2.2320441988950277,27.23
1986-03-23T12:00:00Z,-18.174997,147.42499,2.2099447513812156,27.25
1986-03-24T12:00:00Z,-18.174997,147.42499,2.1878453038674035,27.34
1986-03-25T12:00:00Z,-18.174997,147.42499,2.165745856353591,27.24
1986-03-26T12:00:00Z,-18.174997,147.42499,2.143646408839779,27.19
1986-03-27T12:00:00Z,-18.174997,147.42499,2.1215469613259668,26.83
1986-03-28T12:00:00Z,-18.174997,147.42499,2.0994475138121547,26.84
1986-03-29T12:00:00Z,-18.174997,147.42499,2.0773480662983426,26.83
1986-03-30T12:00:00Z,-18.174997,147.42499,2.0552486187845305,27.03
1986-03-31T12:00:00Z,-18.174997,147.42499,2.0331491712707184,27.07
1986-04-01T12:00:00Z,-18.174997,147.42499,2.0110497237569063,27.16
1986-04-02T12:00:00Z,-18.174997,147.42499,1.988950276243094,27.43
1986-04-03T12:00:00Z,-18.174997,147.42499,1.9668508287292819,27.31
1986-04-04T12:00:00Z,-18.174997,147.42499,1.9447513812154695,27.04
1986-04-05T12:00:00Z,-18.174997,147.42499,1.9226519337016574,26.76
1986-04-06T12:00:00Z,-18.174997,147.42499,1.9005524861878453,26.87
1986-04-07T12:00:00Z,-18.174997,147.42499,1.8784530386740332,26.97
1986-04-08T12:00:00Z,-18.174997,147.42499,1.856353591160221,27.0
1986-04-09T12:00:00Z,-18.174997,147.42499,1.8342541436464088,26.76
1986-04-10T12:00:00Z,-18.174997,147.42499,1.8121546961325967,26.86
1986-04-11T12:00:00Z,-18.174997,147.42499,1.7900552486187846,26.83
1986-04-12T12:00:00Z,-18.174997,147.42499,1.7679558011049723,26.83
1986-04-13T12:00:00Z,-18.174997,147.42499,1.7458563535911602,26.37
1986-04-14T12:00:00Z,-18.174997,147.42499,1.723756906077348,25.92
1986-04-15T12:00:00Z,-18.174997,147.42499,1.701657458563536,25.84
1986-04-16T12:00:00Z,-18.174997,147.42499,1.6795580110497237,25.96
1986-04-17T12:00:00Z,-18.174997,147.42499,1.6574585635359116,25.83
1986-04-18T12:00:00Z,-18.174997,147.42499,1.6353591160220995,25.92
1986-04-19T12:00:00Z,-18.174997,147.42499,1.6132596685082874,26.06
1986-04-20T12:00:00Z,-18.174997,147.42499,1.591160220994475,26.01
1986-04-21T12:00:00Z,-18.174997,147.42499,1.569060773480663,25.56
1986-04-22T12:00:00Z,-18.174997,147.42499,1.5469613259668509,25.54
1986-04-23T12:00:00Z,-18.174997,147.42499,1.5248618784530388,25.55
1986-04-24T12:00:00Z,-18.174997,147.42499,1.5027624309392265,25.47
1986-04-25T12:00:00Z,-18.174997,147.42499,1.4806629834254144,25.66
1986-04-26T12:00:00Z,-18.174997,147.42499,1.4585635359116023,25.64
1986-04-27T12:00:00Z,-18.174997,147.42499,1.4364640883977902,25.81
1986-04-28T12:00:00Z,-18.174997,147.42499,1.4143646408839778,25.85
1986-04-29T12:00:00Z,-18.174997,147.42499,1.3922651933701657,25.92
1986-04-30T12:00:00Z,-18.174997,147.42499,1.3701657458563536,25.99
1986-05-01T12:00:00Z,-18.174997,147.42499,1.3480662983425415,26.18
1986-05-02T12:00:00Z,-18.174997,147.42499,1.3259668508287292,26.08
1986-05-03T12:00:00Z,-18.174997,147.42499,1.3038674033149171,26.14
1986-05-04T12:00:00Z,-18.174997,147.42499,1.281767955801105,26.28
1986-05-05T12:00:00Z,-18.174997,147.42499,1.2596685082872927,25.7
1986-05-06T12:00:00Z,-18.174997,147.42499,1.2375690607734806,25.8
1986-05-07T12:00:00Z,-18.174997,147.42499,1.2154696132596685,25.86
1986-05-08T12:00:00Z,-18.174997,147.42499,1.1933701657458564,26.09
1986-05-09T12:00:00Z,-18.174997,147.42499,1.171270718232044,26.57
1986-05-10T12:00:00Z,-18.174997,147.42499,1.149171270718232,27.22
1986-05-11T12:00:00Z,-18.174997,147.42499,1.12707182320442,26.44
1986-05-12T12:00:00Z,-18.174997,147.42499,1.1049723756906078,26.24
1986-05-13T12:00:00Z,-18.174997,147.42499,1.0828729281767955,26.06
1986-05-14T12:00:00Z,-18.174997,147.42499,1.0607734806629834,26.03
1986-05-15T12:00:00Z,-18.174997,147.42499,1.0386740331491713,25.96
1986-05-16T12:00:00Z,-18.174997,147.42499,1.0165745856353592,25.97
1986-05-17T12:00:00Z,-18.174997,147.42499,0.994475138121547,25.59
1986-05-18T12:00:00Z,-18.174997,147.42499,0.9723756906077348,25.53
1986-05-19T12:00:00Z,-18.174997,147.42499,0.9502762430939227,25.83
1986-05-20T12:00:00Z,-18.174997,147.42499,0.9281767955801105,25.98
1986-05-21T12:00:00Z,-18.174997,147.42499,0.9060773480662984,25.66
1986-05-22T12:00:00Z,-18.174997,147.42499,0.8839779005524862,25.46
1986-05-23T12:00:00Z,-18.174997,147.42499,0.861878453038674,25.48
1986-05-24T12:00:00Z,-18.174997,147.42499,0.8397790055248618,25.99
1986-05-25T12:00:00Z,-18.174997,147.42499,0.8176795580110497,26.22
1986-05-26T12:00:00Z,-18.174997,147.42499,0.7955801104972375,26.15
1986-05-27T12:00:00Z,-18.174997,147.42499,0.7734806629834254,25.88
1986-05-28T12:00:00Z,-18.174997,147.42499,0.7513812154696132,25.07
1986-05-29T12:00:00Z,-18.174997,147.42499,0.7292817679558011,25.01
1986-05-30T12:00:00Z,-18.174997,147.42499,0.7071823204419889,25.18
1986-05-31T12:00:00Z,-18.174997,147.42499,0.6850828729281768,25.11
1986-06-01T12:00:00Z,-18.174997,147.42499,0.6629834254143646,25.22
1986-06-02T12:00:00Z,-18.174997,147.42499,0.6408839779005525,25.42
1986-06-03T12:00:00Z,-18.174997,147.42499,0.6187845303867403,25.31
1986-06-04T12:00:00Z,-18.174997,147.42499,0.5966850828729282,25.12
1986-06-05T12:00:00Z,-18.174997,147.42499,0.574585635359116,25.08
1986-06-06T12:00:00Z,-18.174997,147.42499,0.5524861878453039,24.78
1986-06-07T12:00:00Z,-18.174997,147.42499,0.5303867403314917,24.59
1986-06-08T12:00:00Z,-18.174997,147.42499,0.5082872928176796,24.89
1986-06-09T12:00:00Z,-18.174997,147.42499,0.4861878453038674,24.87
1986-06-10T12:00:00Z,-18.174997,147.42499,0.46408839779005523,24.98
1986-06-11T12:00:00Z,-18.174997,147.42499,0.4419889502762431,25.04
1986-06-12T12:00:00Z,-18.174997,147.42499,0.4198895027624309,25.73
1986-06-13T12:00:00Z,-18.174997,147.42499,0.39779005524861877,25.55
1986-06-14T12:00:00Z,-18.174997,147.42499,0.3756906077348066,25.5
1986-06-15T12:00:00Z,-18.174997,147.42499,0.35359116022099446,25.29
1986-06-16T12:00:00Z,-18.174997,147.42499,0.3314917127071823,24.97
1986-06-17T12:00:00Z,-18.174997,147.42499,0.30939226519337015,25.04
1986-06-18T12:00:00Z,-18.174997,147.42499,0.287292817679558,24.54
1986-06-19T12:00:00Z,-18.174997,147.42499,0.26519337016574585,24.32
1986-06-20T12:00:00Z,-18.174997,147.42499,0.2430939226519337,24.31
1986-06-21T12:00:00Z,-18.174997,147.42499,0.22099447513812154,24.65
1986-06-22T12:00:00Z,-18.174997,147.42499,0.19889502762430938,24.24
1986-06-23T12:00:00Z,-18.174997,147.42499,0.17679558011049723,24.31
1986-06-24T12:00:00Z,-18.174997,147.42499,0.15469613259668508,24.33
1986-06-25T12:00:00Z,-18.174997,147.42499,0.13259668508287292,24.15
1986-06-26T12:00:00Z,-18.174997,147.42499,0.11049723756906077,24.9
1986-06-27T12:00:00Z,-18.174997,147.42499,0.08839779005524862,24.73
1986-06-28T12:00:00Z,-18.174997,147.42499,0.06629834254143646,24.77
1986-06-29T12:00:00Z,-18.174997,147.42499,0.04419889502762431,24.73
1986-06-30T12:00:00Z,-18.174997,147.42499,0.022099447513812154,24.76
1986-07-01T12:00:00Z,-18.174997,147.42499,0.0,24.88
1986-07-02T12:00:00Z,-18.174997,147.42499,0.0,25.22
1986-07-03T12:00:00Z,-18.174997,147.42499,0.022099447513812154,25.15
1986-07-04T12:00:00Z,-18.174997,147.42499,0.04419889502762431,24.88
1986-07-05T12:00:00Z,-18.174997,147.42499,0.06629834254143646,24.26
1986-07-06T12:00:00Z,-18.174997,147.42499,0.08839779005524862,24.13
1986-07-07T12:00:00Z,-18.174997,147.42499,0.11049723756906077,24.9
1986-07-08T12:00:00Z,-18.174997,147.42499,0.13259668508287292,25.45
1986-07-09T12:00:00Z,-18.174997,147.42499,0.15469613259668508,25.36
1986-07-10T12:00:00Z,-18.174997,147.42499,0.17679558011049723,25.02
1986-07-11T12:00:00Z,-18.174997,147.42499,0.19889502762430938,25.03
1986-07-12T12:00:00Z,-18.174997,147.42499,0.22099447513812154,24.98
1986-07-13T12:00:00Z,-18.174997,147.42499,0.2430939226519337,24.87
1986-07-14T12:00:00Z,-18.174997,147.42499,0.26519337016574585,24.49
1986-07-15T12:00:00Z,-18.174997,147.42499,0.287292817679558,24.19
1986-07-16T12:00:00Z,-18.174997,147.42499,0.30939226519337015,24.52
1986-07-17T12:00:00Z,-18.174997,147.42499,0.3314917127071823,25.25
1986-07-18T12:00:00Z,-18.174997,147.42499,0.35359116022099446,25.25
1986-07-19T12:00:00Z,-18.174997,147.42499,0.3756906077348066,25.58
1986-07-20T12:00:00Z,-18.174997,147.42499,0.39779005524861877,25.18
1986-07-21T12:00:00Z,-18.174997,147.42499,0.4198895027624309,25.08
1986-07-22T12:00:00Z,-18.174997,147.42499,0.4419889502762431,24.95
1986-07-23T12:00:00Z,-18.174997,147.42499,0.46408839779005523,24.37
1986-07-24T12:00:00Z,-18.174997,147.42499,0.4861878453038674,24.26
1986-07-25T12:00:00Z,-18.174997,147.42499,0.5082872928176796,24.26
1986-07-26T12:00:00Z,-18.174997,147.42499,0.5303867403314917,24.24
1986-07-27T12:00:00Z,-18.174997,147.42499,0.5524861878453039,24.0
1986-07-28T12:00:00Z,-18.174997,147.42499,0.574585635359116,24.16
1986-07-29T12:00:00Z,-18.174997,147.42499,0.5966850828729282,24.03
1986-07-30T12:00:00Z,-18.174997,147.42499,0.6187845303867403,24.01
1986-07-31T12:00:00Z,-18.174997,147.42499,0.6408839779005525,23.96
1986-08-01T12:00:00Z,-18.174997,147.42499,0.6629834254143646,23.89
1986-08-02T12:00:00Z,-18.174997,147.42499,0.6850828729281768,24.27
1986-08-03T12:00:00Z,-18.174997,147.42499,0.7071823204419889,24.77
1986-08-04T12:00:00Z,-18.174997,147.42499,0.7292817679558011,24.94
1986-08-05T12:00:00Z,-18.174997,147.42499,0.7513812154696132,25.05
1986-08-06T12:00:00Z,-18.174997,147.42499,0.7734806629834254,24.89
1986-08-07T12:00:00Z,-18.174997,147.42499,0.7955801104972375,25.39
1986-08-08T12:00:00Z,-18.174997,147.42499,0.8176795580110497,25.33
1986-08-09T12:00:00Z,-18.174997,147.42499,0.8397790055248618,25.61
1986-08-10T12:00:00Z,-18.174997,147.42499,0.861878453038674,25.39
1986-08-11T12:00:00Z,-18.174997,147.42499,0.8839779005524862,24.66
1986-08-12T12:00:00Z,-18.174997,147.42499,0.9060773480662984,24.61
1986-08-13T12:00:00Z,-18.174997,147.42499,0.9281767955801105,24.41
1986-08-14T12:00:00Z,-18.174997,147.42499,0.9502762430939227,25.06
1986-08-15T12:00:00Z,-18.174997,147.42499,0.9723756906077348,25.22
1986-08-16T12:00:00Z,-18.174997,147.42499,0.994475138121547,25.5
1986-08-17T12:00:00Z,-18.174997,147.42499,1.0165745856353592,25.55
1986-08-18T12:00:00Z,-18.174997,147.42499,1.0386740331491713,25.62
1986-08-19T12:00:00Z,-18.174997,147.42499,1.0607734806629834,25.55
1986-08-20T12:00:00Z,-18.174997,147.42499,1.0828729281767955,25.31
1986-08-21T12:00:00Z,-18.174997,147.42499,1.1049723756906078,25.26
1986-08-22T12:00:00Z,-18.174997,147.42499,1.12707182320442,25.15
1986-08-23T12:00:00Z,-18.174997,147.42499,1.149171270718232,25.11
1986-08-24T12:00:00Z,-18.174997,147.42499,1.171270718232044,25.01
1986-08-25T12:00:00Z,-18.174997,147.42499,1.1933701657458564,24.86
1986-08-26T12:00:00Z,-18.174997,147.42499,1.2154696132596685,24.8
1986-08-27T12:00:00Z,-18.174997,147.42499,1.2375690607734806,24.62
1986-08-28T12:00:00Z,-18.174997,147.42499,1.2596685082872927,24.52
1986-08-29T12:00:00Z,-18.174997,147.42499,1.281767955801105,24.81
1986-08-30T12:00:00Z,-18.174997,147.42499,1.3038674033149171,25.05
1986-08-31T12:00:00Z,-18.174997,147.42499,1.3259668508287292,24.96
1986-09-01T12:00:00Z,-18.174997,147.42499,1.3480662983425415,24.97
1986-09-02T12:00:00Z,-18.174997,147.42499,1.3701657458563536,25.14
1986-09-03T12:00:00Z,-18.174997,147.42499,1.3922651933701657,24.96
1986-09-04T12:00:00Z,-18.174997,147.42499,1.4143646408839778,25.11
1986-09-05T12:00:00Z,-18.174997,147.42499,1.4364640883977902,25.0
1986-09-06T12:00:00Z,-18.174997,147.42499,1.4585635359116023,25.01
1986-09-07T12:00:00Z,-18.174997,147.42499,1.4806629834254144,24.73
1986-09-08T12:00:00Z,-18.174997,147.42499,1.5027624309392265,24.72
1986-09-09T12:00:00Z,-18.174997,147.42499,1.5248618784530388,24.35
1986-09-10T12:00:00Z,-18.174997,147.42499,1.5469613259668509,24.89
1986-09-11T12:00:00Z,-18.174997,147.42499,1.569060773480663,24.88
1986-09-12T12:00:00Z,-18.174997,147.42499,1.591160220994475,25.59
1986-09-13T12:00:00Z,-18.174997,147.42499,1.6132596685082874,25.65
1986-09-14T12:00:00Z,-18.174997,147.42499,1.6353591160220995,25.81
1986-09-15T12:00:00Z,-18.174997,147.42499,1.6574585635359116,25.98
1986-09-16T12:00:00Z,-18.174997,147.42499,1.6795580110497237,25.85
1986-09-17T12:00:00Z,-18.174997,147.42499,1.701657458563536,25.91
1986-09-18T12:00:00Z,-18.174997,147.42499,1.723756906077348,25.4
1986-09-19T12:00:00Z,-18.174997,147.42499,1.7458563535911602,25.4
1986-09-20T12:00:00Z,-18.174997,147.42499,1.7679558011049723,25.29
1986-09-21T12:00:00Z,-18.174997,147.42499,1.7900552486187846,25.35
1986-09-22T12:00:00Z,-18.174997,147.42499,1.8121546961325967,25.58
1986-09-23T12:00:00Z,-18.174997,147.42499,1.8342541436464088,25.5
1986-09-24T12:00:00Z,-18.174997,147.42499,1.856353591160221,25.49
1986-09-25T12:00:00Z,-18.174997,147.42499,1.8784530386740332,25.47
1986-09-26T12:00:00Z,-18.174997,147.42499,1.9005524861878453,25.52
1986-09-27T12:00:00Z,-18.174997,147.42499,1.9226519337016574,25.39
1986-09-28T12:00:00Z,-18.174997,147.42499,1.9447513812154695,25.48
1986-09-29T12:00:00Z,-18.174997,147.42499,1.9668508287292819,25.72
1986-09-30T12:00:00Z,-18.174997,147.42499,1.988950276243094,25.59
1986-10-01T12:00:00Z,-18.174997,147.42499,2.0110497237569063,25.61
1986-10-02T12:00:00Z,-18.174997,147.42499,2.0331491712707184,25.73
1986-10-03T12:00:00Z,-18.174997,147.42499,2.0552486187845305,25.75
1986-10-04T12:00:00Z,-18.174997,147.42499,2.0773480662983426,25.84
1986-10-05T12:00:00Z,-18.174997,147.42499,2.0994475138121547,25.86
1986-10-06T12:00:00Z,-18.174997,147.42499,2.1215469613259668,25.51
1986-10-07T12:00:00Z,-18.174997,147.42499,2.143646408839779,25.69
1986-10-08T12:00:00Z,-18.174997,147.42499,2.165745856353591,25.85
1986-10-09T12:00:00Z,-18.174997,147.42499,2.1878453038674035,25.94
1986-10-10T12:00:00Z,-18.174997,147.42499,2.2099447513812156,25.97
1986-10-11T12:00:00Z,-18.174997,147.42499,2.2320441988950277,26.14
1986-10-12T12:00:00Z,-18.174997,147.42499,2.25414364640884,26.26
1986-10-13T12:00:00Z,-18.174997,147.42499,2.276243093922652,26.27
1986-10-14T12:00:00Z,-18.174997,147.42499,2.298342541436464,26.07
1986-10-15T12:00:00Z,-18.174997,147.42499,2.320441988950276,25.07
1986-10-16T12:00:00Z,-18.174997,147.42499,2.342541436464088,25.22
1986-10-17T12:00:00Z,-18.174997,147.42499,2.3646408839779007,26.13
1986-10-18T12:00:00Z,-18.174997,147.42499,2.386740331491713,26.5
1986-10-19T12:00:00Z,-18.174997,147.42499,2.408839779005525,26.28
1986-10-20T12:00:00Z,-18.174997,147.42499,2.430939226519337,26.48
1986-10-21T12:00:00Z,-18.174997,147.42499,2.453038674033149,26.45
1986-10-22T12:00:00Z,-18.174997,147.42499,2.4751381215469612,26.31
1986-10-23T12:00:00Z,-18.174997,147.42499,2.4972375690607733,26.32
1986-10-24T12:00:00Z,-18.174997,147.42499,2.5193370165745854,26.22
1986-10-25T12:00:00Z,-18.174997,147.42499,2.541436464088398,26.63
1986-10-26T12:00:00Z,-18.174997,147.42499,2.56353591160221,26.9
1986-10-27T12:00:00Z,-18.174997,147.42499,2.585635359116022,27.25
1986-10-28T12:00:00Z,-18.174997,147.42499,2.6077348066298343,27.57
1986-10-29T12:00:00Z,-18.174997,147.42499,2.6298342541436464,27.68
1986-10-30T12:00:00Z,-18.174997,147.42499,2.6519337016574585,27.68
1986-10-31T12:00:00Z,-18.174997,147.42499,2.6740331491712706,27.84
1986-11-01T12:00:00Z,-18.174997,147.42499,2.696132596685083,27.55
1986-11-02T12:00:00Z,-18.174997,147.42499,2.718232044198895,27.22
1986-11-03T12:00:00Z,-18.174997,147.42499,2.7403314917127073,26.33
1986-11-04T12:00:00Z,-18.174997,147.42499,2.7624309392265194,26.61
1986-11-05T12:00:00Z,-18.174997,147.42499,2.7845303867403315,26.69
1986-11-06T12:00:00Z,-18.174997,147.42499,2.8066298342541436,26.85
1986-11-07T12:00:00Z,-18.174997,147.42499,2.8287292817679557,26.86
1986-11-08T12:00:00Z,-18.174997,147.42499,2.850828729281768,27.34
1986-11-09T12:00:00Z,-18.174997,147.42499,2.8729281767955803,27.3
1986-11-10T12:00:00Z,-18.174997,147.42499,2.8950276243093924,27.32
1986-11-11T12:00:00Z,-18.174997,147.42499,2.9171270718232045,27.31
1986-11-12T12:00:00Z,-18.174997,147.42499,2.9392265193370166,27.29
1986-11-13T12:00:00Z,-18.174997,147.42499,2.9613259668508287,27.24
1986-11-14T12:00:00Z,-18.174997,147.42499,2.983425414364641,27.18
1986-11-15T12:00:00Z,-18.174997,147.42499,3.005524861878453,27.48
1986-11-16T12:00:00Z,-18.174997,147.42499,3.027624309392265,27.54
1986-11-17T12:00:00Z,-18.174997,147.42499,3.0497237569060776,27.54
1986-11-18T12:00:00Z,-18.174997,147.42499,3.0718232044198897,27.15
1986-11-19T12:00:00Z,-18.174997,147.42499,3.0939226519337018,27.69
1986-11-20T12:00:00Z,-18.174997,147.42499,3.116022099447514,27.65
1986-11-21T12:00:00Z,-18.174997,147.42499,3.138121546961326,27.77
1986-11-22T12:00:00Z,-18.174997,147.42499,3.160220994475138,27.61
1986-11-23T12:00:00Z,-18.174997,147.42499,3.18232044198895,27.79
1986-11-24T12:00:00Z,-18.174997,147.42499,3.2044198895027622,27.62
1986-11-25T12:00:00Z,-18.174997,147.42499,3.226519337016575,28.13
1986-11-26T12:00:00Z,-18.174997,147.42499,3.248618784530387,27.76
1986-11-27T12:00:00Z,-18.174997,147.42499,3.270718232044199,27.7
1986-11-28T12:00:00Z,-18.174997,147.42499,3.292817679558011,27.61
1986-11-29T12:00:00Z,-18.174997,147.42499,3.314917127071823,27.55
1986-11-30T12:00:00Z,-18.174997,147.42499,3.3370165745856353,27.97
1986-12-01T12:00:00Z,-18.174997,147.42499,3.3591160220994474,28.08
1986-12-02T12:00:00Z,-18.174997,147.42499,3.3812154696132595,28.01
1986-12-03T12:00:00Z,-18.174997,147.42499,3.403314917127072,28.09
1986-12-04T12:00:00Z,-18.174997,147.42499,3.425414364640884,27.86
1986-12-05T12:00:00Z,-18.174997,147.42499,3.447513812154696,27.56
1986-12-06T12:00:00Z,-18.174997,147.42499,3.4696132596685083,27.29
1986-12-07T12:00:00Z,-18.174997,147.42499,3.4917127071823204,27.05
1986-12-08T12:00:00Z,-18.174997,147.42499,3.5138121546961325,27.13
1986-12-09T12:00:00Z,-18.174997,147.42499,3.5359116022099446,27.16
1986-12-10T12:00:00Z,-18.174997,147.42499,3.5580110497237567,27.64
1986-12-11T12:00:00Z,-18.174997,147.42499,3.5801104972375692,27.79
1986-12-12T12:00:00Z,-18.174997,147.42499,3.6022099447513813,27.79
1986-12-13T12:00:00Z,-18.174997,147.42499,3.6243093922651934,27.57
1986-12-14T12:00:00Z,-18.174997,147.42499,3.6464088397790055,28.48
1986-12-15T12:00:00Z,-18.174997,147.42499,3.6685082872928176,28.66
1986-12-16T12:00:00Z,-18.174997,147.42499,3.6906077348066297,29.02
1986-12-17T12:00:00Z,-18.174997,147.42499,3.712707182320442,28.79
1986-12-18T12:00:00Z,-18.174997,147.42499,3.734806629834254,28.71
1986-12-19T12:00:00Z,-18.174997,147.42499,3.7569060773480665,28.55
1986-12-20T12:00:00Z,-18.174997,147.42499,3.7790055248618786,28.63
1986-12-21T12:00:00Z,-18.174997,147.42499,3.8011049723756907,28.8
1986-12-22T12:00:00Z,-18.174997,147.42499,3.8232044198895028,28.61
1986-12-23T12:00:00Z,-18.174997,147.42499,3.845303867403315,28.24
1986-12-24T12:00:00Z,-18.174997,147.42499,3.867403314917127,28.13
1986-12-25T12:00:00Z,-18.174997,147.42499,3.889502762430939,28.18
1986-12-26T12:00:00Z,-18.174997,147.42499,3.911602209944751,28.52
1986-12-27T12:00:00Z,-18.174997,147.42499,3.9337016574585637,28.56
1986-12-28T12:00:00Z,-18.174997,147.42499,3.955801104972376,28.41
1986-12-29T12:00:00Z,-18.174997,147.42499,3.977900552486188,28.35
1986-12-30T12:00:00Z,-18.174997,147.42499,4.0,28.6
1986-12-31T12:00:00Z,-18.174997,147.42499,4.0220994475138125,28.55
1987-01-01T12:00:00Z,-18.174997,147.42499,4.0,28.89
1987-01-02T12:00:00Z,-18.174997,147.42499,3.977900552486188,29.02
1987-01-03T12:00:00Z,-18.174997,147.42499,3.955801104972376,28.82
1987-01-04T12:00:00Z,-18.174997,147.42499,3.9337016574585637,28.53
1987-01-05T12:00:00Z,-18.174997,147.42499,3.911602209944751,28.48
1987-01-06T12:00:00Z,-18.174997,147.42499,3.889502762430939,28.69
1987-01-07T12:00:00Z,-18.174997,147.42499,3.867403314917127,28.46
1987-01-08T12:00:00Z,-18.174997,147.42499,3.845303867403315,28.89
1987-01-09T12:00:00Z,-18.174997,147.42499,3.8232044198895028,28.76
1987-01-10T12:00:00Z,-18.174997,147.42499,3.8011049723756907,28.47
1987-01-11T12:00:00Z,-18.174997,147.42499,3.7790055248618786,28.65
1987-01-12T12:00:00Z,-18.174997,147.42499,3.7569060773480665,29.09
1987-01-13T12:00:00Z,-18.174997,147.42499,3.734806629834254,29.47
1987-01-14T12:00:00Z,-18.174997,147.42499,3.712707182320442,29.54
1987-01-15T12:00:00Z,-18.174997,147.42499,3.6906077348066297,29.35
1987-01-16T12:00:00Z,-18.174997,147.42499,3.6685082872928176,29.35
1987-01-17T12:00:00Z,-18.174997,147.42499,3.6464088397790055,29.51
1987-01-18T12:00:00Z,-18.174997,147.42499,3.6243093922651934,29.17
1987-01-19T12:00:00Z,-18.174997,147.42499,3.6022099447513813,29.93
1987-01-20T12:00:00Z,-18.174997,147.42499,3.5801104972375692,30.2
1987-01-21T12:00:00Z,-18.174997,147.42499,3.5580110497237567,30.13
1987-01-22T12:00:00Z,-18.174997,147.42499,3.5359116022099446,29.79
1987-01-23T12:00:00Z,-18.174997,147.42499,3.5138121546961325,29.68
1987-01-24T12:00:00Z,-18.174997,147.42499,3.4917127071823204,29.66
1987-01-25T12:00:00Z,-18.174997,147.42499,3.4696132596685083,30.67
1987-01-26T12:00:00Z,-18.174997,147.42499,3.447513812154696,30.35
1987-01-27T12:00:00Z,-18.174997,147.42499,3.425414364640884,30.26
1987-01-28T12:00:00Z,-18.174997,147.42499,3.403314917127072,30.76
1987-01-29T12:00:00Z,-18.174997,147.42499,3.3812154696132595,31.46
1987-01-30T12:00:00Z,-18.174997,147.42499,3.3591160220994474,31.31
1987-01-31T12:00:00Z,-18.174997,147.42499,3.3370165745856353,31.04
1987-02-01T12:00:00Z,-18.174997,147.42499,3.314917127071823,30.69
1987-02-02T12:00:00Z,-18.174997,147.42499,3.292817679558011,30.44
1987-02-03T12:00:00Z,-18.174997,147.42499,3.270718232044199,29.95
1987-02-04T12:00:00Z,-18.174997,147.42499,3.248618784530387,29.45
1987-02-05T12:00:00Z,-18.174997,147.42499,3.226519337016575,29.75
1987-02-06T12:00:00Z,-18.174997,147.42499,3.2044198895027622,29.31
1987-02-07T12:00:00Z,-18.174997,147.42499,3.18232044198895,29.1
1987-02-08T12:00:00Z,-18.174997,147.42499,3.160220994475138,29.06
1987-02-09T12:00:00Z,-18.174997,147.42499,3.138121546961326,29.2
1987-02-10T12:00:00Z,-18.174997,147.42499,3.116022099447514,29.59
1987-02-11T12:00:00Z,-18.174997,147.42499,3.0939226519337018,29.7
1987-02-12T12:00:00Z,-18.174997,147.42499,3.0718232044198897,29.58
1987-02-13T12:00:00Z,-18.174997,147.42499,3.0497237569060776,29.39
1987-02-14T12:00:00Z,-18.174997,147.42499,3.027624309392265,29.24
1987-02-15T12:00:00Z,-18.174997,147.42499,3.005524861878453,29.16
1987-02-16T12:00:00Z,-18.174997,147.42499,2.983425414364641,29.08
1987-02-17T12:00:00Z,-18.174997,147.42499,2.9613259668508287,30.02
1987-02-18T12:00:00Z,-18.174997,147.42499,2.9392265193370166,29.84
1987-02-19T12:00:00Z,-18.174997,147.42499,2.9171270718232045,29.76
1987-02-20T12:00:00Z,-18.174997,147.42499,2.8950276243093924,29.39
1987-02-21T12:00:00Z,-18.174997,147.42499,2.8729281767955803,29.32
1987-02-22T12:00:00Z,-18.174997,147.42499,2.850828729281768,30.11
1987-02-23T12:00:00Z,-18.174997,147.42499,2.8287292817679557,29.76
1987-02-24T12:00:00Z,-18.174997,147.42499,2.8066298342541436,29.49
1987-02-25T12:00:00Z,-18.174997,147.42499,2.7845303867403315,29.4
1987-02-26T12:00:00Z,-18.174997,147.42499,2.7624309392265194,29.41
1987-02-27T12:00:00Z,-18.174997,147.42499,2.7403314917127073,29.11
1987-02-28T12:00:00Z,-18.174997,147.42499,2.718232044198895,29.25
1987-03-01T12:00:00Z,-18.174997,147.42499,2.696132596685083,29.43
1987-03-02T12:00:00Z,-18.174997,147.42499,2.6740331491712706,29.53
1987-03-03T12:00:00Z,-18.174997,147.42499,2.6519337016574585,29.56
1987-03-04T12:00:00Z,-18.174997,147.42499,2.6298342541436464,29.22
1987-03-05T12:00:00Z,-18.174997,147.42499,2.6077348066298343,28.93
1987-03-06T12:00:00Z,-18.174997,147.42499,2.585635359116022,28.91
1987-03-07T12:00:00Z,-18.174997,147.42499,2.56353591160221,28.64
1987-03-08T12:00:00Z,-18.174997,147.42499,2.541436464088398,28.4
1987-03-09T12:00:00Z,-18.174997,147.42499,2.5193370165745854,28.55
1987-03-10T12:00:00Z,-18.174997,147.42499,2.4972375690607733,28.66
1987-03-11T12:00:00Z,-18.174997,147.42499,2.4751381215469612,29.12
1987-03-12T12:00:00Z,-18.174997,147.42499,2.453038674033149,28.92
1987-03-13T12:00:00Z,-18.174997,147.42499,2.430939226519337,28.08
1987-03-14T12:00:00Z,-18.174997,147.42499,2.408839779005525,27.94
1987-03-15T12:00:00Z,-18.174997,147.42499,2.386740331491713,28.46
1987-03-16T12:00:00Z,-18.174997,147.42499,2.3646408839779007,27.96
1987-03-17T12:00:00Z,-18.174997,147.42499,2.342541436464088,27.84
1987-03-18T12:00:00Z,-18.174997,147.42499,2.320441988950276,27.69
1987-03-19T12:00:00Z,-18.174997,147.42499,2.298342541436464,27.72
1987-03-20T12:00:00Z,-18.174997,147.42499,2.276243093922652,27.78
1987-03-21T12:00:00Z,-18.174997,147.42499,2.25414364640884,27.8
1987-03-22T12:00:00Z,-18.174997,147.42499,2.2320441988950277,28.1
1987-03-23T12:00:00Z,-18.174997,147.42499,2.2099447513812156,28.28
1987-03-24T12:00:00Z,-18.174997,147.42499,2.1878453038674035,28.23
1987-03-25T12:00:00Z,-18.174997,147.42499,2.165745856353591,28.11
1987-03-26T12:00:00Z,-18.174997,147.42499,2.143646408839779,28.07
1987-03-27T12:00:00Z,-18.174997,147.42499,2.1215469613259668,28.23
1987-03-28T12:00:00Z,-18.174997,147.42499,2.0994475138121547,28.28
1987-03-29T12:00:00Z,-18.174997,147.42499,2.0773480662983426,28.48
1987-03-30T12:00:00Z,-18.174997,147.42499,2.0552486187845305,28.35
1987-03-31T12:00:00Z,-18.174997,147.42499,2.0331491712707184,27.72
1987-04-01T12:00:00Z,-18.174997,147.42499,2.0110497237569063,27.66
1987-04-02T12:00:00Z,-18.174997,147.42499,1.988950276243094,27.67
1987-04-03T12:00:00Z,-18.174997,147.42499,1.9668508287292819,27.63
1987-04-04T12:00:00Z,-18.174997,147.42499,1.9447513812154695,27.64
1987-04-05T12:00:00Z,-18.174997,147.42499,1.9226519337016574,27.35
1987-04-06T12:00:00Z,-18.174997,147.42499,1.9005524861878453,27.46
1987-04-07T12:00:00Z,-18.174997,147.42499,1.8784530386740332,27.43
1987-04-08T12:00:00Z,-18.174997,147.42499,1.856353591160221,27.49
1987-04-09T12:00:00Z,-18.174997,147.42499,1.8342541436464088,27.21
1987-04-10T12:00:00Z,-18.174997,147.42499,1.8121546961325967,26.7
1987-04-11T12:00:00Z,-18.174997,147.42499,1.7900552486187846,27.2
1987-04-12T12:00:00Z,-18.174997,147.42499,1.7679558011049723,27.11
1987-04-13T12:00:00Z,-18.174997,147.42499,1.7458563535911602,27.19
1987-04-14T12:00:00Z,-18.174997,147.42499,1.723756906077348,27.33
1987-04-15T12:00:00Z,-18.174997,147.42499,1.701657458563536,27.62
1987-04-16T12:00:00Z,-18.174997,147.42499,1.6795580110497237,27.63
1987-04-17T12:00:00Z,-18.174997,147.42499,1.6574585635359116,27.69
1987-04-18T12:00:00Z,-18.174997,147.42499,1.6353591160220995,27.51
1987-04-19T12:00:00Z,-18.174997,147.42499,1.6132596685082874,27.08
1987-04-20T12:00:00Z,-18.174997,147.42499,1.591160220994475,26.6
1987-04-21T12:00:00Z,-18.174997,147.42499,1.569060773480663,26.43
1987-04-22T12:00:00Z,-18.174997,147.42499,1.5469613259668509,26.13
1987-04-23T12:00:00Z,-18.174997,147.42499,1.5248618784530388,26.07
1987-04-24T12:00:00Z,-18.174997,147.42499,1.5027624309392265,26.05
1987-04-25T12:00:00Z,-18.174997,147.42499,1.4806629834254144,26.08
1987-04-26T12:00:00Z,-18.174997,147.42499,1.4585635359116023,26.1
1987-04-27T12:00:00Z,-18.174997,147.42499,1.4364640883977902,26.15
1987-04-28T12:00:00Z,-18.174997,147.42499,1.4143646408839778,26.03
1987-04-29T12:00:00Z,-18.174997,147.42499,1.3922651933701657,26.8
1987-04-30T12:00:00Z,-18.174997,147.42499,1.3701657458563536,27.02
1987-05-01T12:00:00Z,-18.174997,147.42499,1.3480662983425415,26.71
1987-05-02T12:00:00Z,-18.174997,147.42499,1.3259668508287292,26.72
1987-05-03T12:00:00Z,-18.174997,147.42499,1.3038674033149171,26.92
1987-05-04T12:00:00Z,-18.174997,147.42499,1.281767955801105,26.93
1987-05-05T12:00:00Z,-18.174997,147.42499,1.2596685082872927,26.59
1987-05-06T12:00:00Z,-18.174997,147.42499,1.2375690607734806,26.42
1987-05-07T12:00:00Z,-18.174997,147.42499,1.2154696132596685,26.26
1987-05-08T12:00:00Z,-18.174997,147.42499,1.1933701657458564,26.16
1987-05-09T12:00:00Z,-18.174997,147.42499,1.171270718232044,25.61
1987-05-10T12:00:00Z,-18.174997,147.42499,1.149171270718232,25.49
1987-05-11T12:00:00Z,-18.174997,147.42499,1.12707182320442,25.7
1987-05-12T12:00:00Z,-18.174997,147.42499,1.1049723756906078,25.91
1987-05-13T12:00:00Z,-18.174997,147.42499,1.0828729281767955,25.93
1987-05-14T12:00:00Z,-18.174997,147.42499,1.0607734806629834,25.79
1987-05-15T12:00:00Z,-18.174997,147.42499,1.0386740331491713,25.95
1987-05-16T12:00:00Z,-18.174997,147.42499,1.0165745856353592,26.12
1987-05-17T12:00:00Z,-18.174997,147.42499,0.994475138121547,27.22
1987-05-18T12:00:00Z,-18.174997,147.42499,0.9723756906077348,27.04
1987-05-19T12:00:00Z,-18.174997,147.42499,0.9502762430939227,26.41
1987-05-20T12:00:00Z,-18.174997,147.42499,0.9281767955801105,26.07
1987-05-21T12:00:00Z,-18.174997,147.42499,0.9060773480662984,26.13
1987-05-22T12:00:00Z,-18.174997,147.42499,0.8839779005524862,26.07
1987-05-23T12:00:00Z,-18.174997,147.42499,0.861878453038674,26.06
1987-05-24T12:00:00Z,-18.174997,147.42499,0.8397790055248618,25.99
1987-05-25T12:00:00Z,-18.174997,147.42499,0.8176795580110497,25.85
1987-05-26T12:00:00Z,-18.174997,147.42499,0.7955801104972375,25.91
1987-05-27T12:00:00Z,-18.174997,147.42499,0.7734806629834254,26.83
1987-05-28T12:00:00Z,-18.174997,147.42499,0.7513812154696132,26.67
1987-05-29T12:00:00Z,-18.174997,147.42499,0.7292817679558011,26.72
1987-05-30T12:00:00Z,-18.174997,147.42499,0.7071823204419889,26.52
1987-05-31T12:00:00Z,-18.174997,147.42499,0.6850828729281768,26.38
1987-06-01T12:00:00Z,-18.174997,147.42499,0.6629834254143646,26.19
1987-06-02T12:00:00Z,-18.174997,147.42499,0.6408839779005525,25.95
1987-06-03T12:00:00Z,-18.174997,147.42499,0.6187845303867403,25.87
1987-06-04T12:00:00Z,-18.174997,147.42499,0.5966850828729282,25.87
1987-06-05T12:00:00Z,-18.174997,147.42499,0.574585635359116,25.83
1987-06-06T12:00:00Z,-18.174997,147.42499,0.5524861878453039,25.81
1987-06-07T12:00:00Z,-18.174997,147.42499,0.5303867403314917,25.92
1987-06-08T12:00:00Z,-18.174997,147.42499,0.5082872928176796,25.27
1987-06-09T12:00:00Z,-18.174997,147.42499,0.4861878453038674,24.69
1987-06-10T12:00:00Z,-18.174997,147.42499,0.46408839779005523,24.63
1987-06-11T12:00:00Z,-18.174997,147.42499,0.4419889502762431,24.54
1987-06-12T12:00:00Z,-18.174997,147.42499,0.4198895027624309,24.49
1987-06-13T12:00:00Z,-18.174997,147.42499,0.39779005524861877,24.46
1987-06-14T12:00:00Z,-18.174997,147.42499,0.3756906077348066,24.4
1987-06-15T12:00:00Z,-18.174997,147.42499,0.35359116022099446,24.35
1987-06-16T12:00:00Z,-18.174997,147.42499,0.3314917127071823,24.39
1987-06-17T12:00:00Z,-18.174997,147.42499,0.30939226519337015,24.46
1987-06-18T12:00:00Z,-18.174997,147.42499,0.287292817679558,24.43
1987-06-19T12:00:00Z,-18.174997,147.42499,0.26519337016574585,24.32
1987-06-20T12:00:00Z,-18.174997,147.42499,0.2430939226519337,24.41
1987-06-21T12:00:00Z,-18.174997,147.42499,0.22099447513812154,24.41
1987-06-22T12:00:00Z,-18.174997,147.42499,0.19889502762430938,24.37
1987-06-23T12:00:00Z,-18.174997,147.42499,0.17679558011049723,24.53
1987-06-24T12:00:00Z,-18.174997,147.42499,0.15469613259668508,24.57
1987-06-25T12:00:00Z,-18.174997,147.42499,0.13259668508287292,24.41
1987-06-26T12:00:00Z,-18.174997,147.42499,0.11049723756906077,25.14
1987-06-27T12:00:00Z,-18.174997,147.42499,0.08839779005524862,25.77
1987-06-28T12:00:00Z,-18.174997,147.42499,0.06629834254143646,25.93
1987-06-29T12:00:00Z,-18.174997,147.42499,0.04419889502762431,25.26
1987-06-30T12:00:00Z,-18.174997,147.42499,0.022099447513812154,24.92
1987-07-01T12:00:00Z,-18.174997,147.42499,0.0,24.66
1987-07-02T12:00:00Z,-18.174997,147.42499,0.0,24.11
1987-07-03T12:00:00Z,-18.174997,147.42499,0.022099447513812154,24.0
1987-07-04T12:00:00Z,-18.174997,147.42499,0.04419889502762431,24.04
1987-07-05T12:00:00Z,-18.174997,147.42499,0.06629834254143646,24.17
1987-07-06T12:00:00Z,-18.174997,147.42499,0.08839779005524862,24.4
1987-07-07T12:00:00Z,-18.174997,147.42499,0.11049723756906077,24.17
1987-07-08T12:00:00Z,-18.174997,147.42499,0.13259668508287292,23.84
1987-07-09T12:00:00Z,-18.174997,147.42499,0.15469613259668508,23.95
1987-07-10T12:00:00Z,-18.174997,147.42499,0.17679558011049723,24.01
1987-07-11T12:00:00Z,-18.174997,147.42499,0.19889502762430938,24.15
1987-07-12T12:00:00Z,-18.174997,147.42499,0.22099447513812154,24.63
1987-07-13T12:00:00Z,-18.174997,147.42499,0.2430939226519337,24.56
1987-07-14T12:00:00Z,-18.174997,147.42499,0.26519337016574585,24.21
1987-07-15T12:00:00Z,-18.174997,147.42499,0.287292817679558,23.44
1987-07-16T12:00:00Z,-18.174997,147.42499,0.30939226519337015,23.09
1987-07-17T12:00:00Z,-18.174997,147.42499,0.3314917127071823,23.22
1987-07-18T12:00:00Z,-18.174997,147.42499,0.35359116022099446,23.63
1987-07-19T12:00:00Z,-18.174997,147.42499,0.3756906077348066,23.61
1987-07-20T12:00:00Z,-18.174997,147.42499,0.39779005524861877,23.73
1987-07-21T12:00:00Z,-18.174997,147.42499,0.4198895027624309,22.87
1987-07-22T12:00:00Z,-18.174997,147.42499,0.4419889502762431,23.35
1987-07-23T12:00:00Z,-18.174997,147.42499,0.46408839779005523,23.6
1987-07-24T12:00:00Z,-18.174997,147.42499,0.4861878453038674,23.42
1987-07-25T12:00:00Z,-18.174997,147.42499,0.5082872928176796,23.67
1987-07-26T12:00:00Z,-18.174997,147.42499,0.5303867403314917,23.06
1987-07-27T12:00:00Z,-18.174997,147.42499,0.5524861878453039,23.22
1987-07-28T12:00:00Z,-18.174997,147.42499,0.574585635359116,23.23
1987-07-29T12:00:00Z,-18.174997,147.42499,0.5966850828729282,23.52
1987-07-30T12:00:00Z,-18.174997,147.42499,0.6187845303867403,24.15
1987-07-31T12:00:00Z,-18.174997,147.42499,0.6408839779005525,24.42
1987-08-01T12:00:00Z,-18.174997,147.42499,0.6629834254143646,24.29
1987-08-02T12:00:00Z,-18.174997,147.42499,0.6850828729281768,24.78
1987-08-03T12:00:00Z,-18.174997,147.42499,0.7071823204419889,24.65
1987-08-04T12:00:00Z,-18.174997,147.42499,0.7292817679558011,24.01
1987-08-05T12:00:00Z,-18.174997,147.42499,0.7513812154696132,23.56
1987-08-06T12:00:00Z,-18.174997,147.42499,0.7734806629834254,23.51
1987-08-07T12:00:00Z,-18.174997,147.42499,0.7955801104972375,23.57
1987-08-08T12:00:00Z,-18.174997,147.42499,0.8176795580110497,23.47
1987-08-09T12:00:00Z,-18.174997,147.42499,0.8397790055248618,23.18
1987-08-10T12:00:00Z,-18.174997,147.42499,0.861878453038674,23.59
1987-08-11T12:00:00Z,-18.174997,147.42499,0.8839779005524862,23.9
1987-08-12T12:00:00Z,-18.174997,147.42499,0.9060773480662984,23.93
1987-08-13T12:00:00Z,-18.174997,147.42499,0.9281767955801105,23.85
1987-08-14T12:00:00Z,-18.174997,147.42499,0.9502762430939227,23.8
1987-08-15T12:00:00Z,-18.174997,147.42499,0.9723756906077348,23.6
1987-08-16T12:00:00Z,-18.174997,147.42499,0.994475138121547,23.58
1987-08-17T12:00:00Z,-18.174997,147.42499,1.0165745856353592,23.78
1987-08-18T12:00:00Z,-18.174997,147.42499,1.0386740331491713,23.86
1987-08-19T12:00:00Z,-18.174997,147.42499,1.0607734806629834,23.94
1987-08-20T12:00:00Z,-18.174997,147.42499,1.0828729281767955,24.06
1987-08-21T12:00:00Z,-18.174997,147.42499,1.1049723756906078,24.17
1987-08-22T12:00:00Z,-18.174997,147.42499,1.12707182320442,24.27
1987-08-23T12:00:00Z,-18.174997,147.42499,1.149171270718232,24.23
1987-08-24T12:00:00Z,-18.174997,147.42499,1.171270718232044,24.09
1987-08-25T12:00:00Z,-18.174997,147.42499,1.1933701657458564,24.16
1987-08-26T12:00:00Z,-18.174997,147.42499,1.2154696132596685,24.5
1987-08-27T12:00:00Z,-18.174997,147.42499,1.2375690607734806,24.8
1987-08-28T12:00:00Z,-18.174997,147.42499,1.2596685082872927,24.0
1987-08-29T12:00:00Z,-18.174997,147.42499,1.281767955801105,23.94
1987-08-30T12:00:00Z,-18.174997,147.42499,1.3038674033149171,23.56
1987-08-31T12:00:00Z,-18.174997,147.42499,1.3259668508287292,24.21
1987-09-01T12:00:00Z,-18.174997,147.42499,1.3480662983425415,24.78
1987-09-02T12:00:00Z,-18.174997,147.42499,1.3701657458563536,24.88
1987-09-03T12:00:00Z,-18.174997,147.42499,1.3922651933701657,24.81
1987-09-04T12:00:00Z,-18.174997,147.42499,1.4143646408839778,24.77
1987-09-05T12:00:00Z,-18.174997,147.42499,1.4364640883977902,24.71
1987-09-06T12:00:00Z,-18.174997,147.42499,1.4585635359116023,24.58
1987-09-07T12:00:00Z,-18.174997,147.42499,1.4806629834254144,24.66
1987-09-08T12:00:00Z,-18.174997,147.42499,1.5027624309392265,24.48
1987-09-09T12:00:00Z,-18.174997,147.42499,1.5248618784530388,24.25
1987-09-10T12:00:00Z,-18.174997,147.42499,1.5469613259668509,24.36
1987-09-11T12:00:00Z,-18.174997,147.42499,1.569060773480663,24.47
1987-09-12T12:00:00Z,-18.174997,147.42499,1.591160220994475,24.52
1987-09-13T12:00:00Z,-18.174997,147.42499,1.6132596685082874,24.64
1987-09-14T12:00:00Z,-18.174997,147.42499,1.6353591160220995,24.7
1987-09-15T12:00:00Z,-18.174997,147.42499,1.6574585635359116,24.52
1987-09-16T12:00:00Z,-18.174997,147.42499,1.6795580110497237,24.81
1987-09-17T12:00:00Z,-18.174997,147.42499,1.701657458563536,24.75
1987-09-18T12:00:00Z,-18.174997,147.42499,1.723756906077348,24.64
1987-09-19T12:00:00Z,-18.174997,147.42499,1.7458563535911602,24.37
1987-09-20T12:00:00Z,-18.174997,147.42499,1.7679558011049723,24.27
1987-09-21T12:00:00Z,-18.174997,147.42499,1.7900552486187846,24.38
1987-09-22T12:00:00Z,-18.174997,147.42499,1.8121546961325967,24.38
1987-09-23T12:00:00Z,-18.174997,147.42499,1.8342541436464088,24.48
1987-09-24T12:00:00Z,-18.174997,147.42499,1.856353591160221,24.36
1987-09-25T12:00:00Z,-18.174997,147.42499,1.8784530386740332,24.17
1987-09-26T12:00:00Z,-18.174997,147.42499,1.9005524861878453,24.23
1987-09-27T12:00:00Z,-18.174997,147.42499,1.9226519337016574,23.96
1987-09-28T12:00:00Z,-18.174997,147.42499,1.9447513812154695,24.04
1987-09-29T12:00:00Z,-18.174997,147.42499,1.9668508287292819,23.96
1987-09-30T12:00:00Z,-18.174997,147.42499,1.988950276243094,24.24
1987-10-01T12:00:00Z,-18.174997,147.42499,2.0110497237569063,24.34
1987-10-02T12:00:00Z,-18.174997,147.42499,2.0331491712707184,24.52
1987-10-03T12:00:00Z,-18.174997,147.42499,2.0552486187845305,23.52
1987-10-04T12:00:00Z,-18.174997,147.42499,2.0773480662983426,24.29
1987-10-05T12:00:00Z,-18.174997,147.42499,2.0994475138121547,24.73
1987-10-06T12:00:00Z,-18.174997,147.42499,2.1215469613259668,25.14
1987-10-07T12:00:00Z,-18.174997,147.42499,2.143646408839779,25.15
1987-10-08T12:00:00Z,-18.174997,147.42499,2.165745856353591,25.03
1987-10-09T12:00:00Z,-18.174997,147.42499,2.1878453038674035,24.93
1987-10-10T12:00:00Z,-18.174997,147.42499,2.2099447513812156,25.09
1987-10-11T12:00:00Z,-18.174997,147.42499,2.2320441988950277,25.21
1987-10-12T12:00:00Z,-18.174997,147.42499,2.25414364640884,25.4
1987-10-13T12:00:00Z,-18.174997,147.42499,2.276243093922652,25.21
1987-10-14T12:00:00Z,-18.174997,147.42499,2.298342541436464,25.45
1987-10-15T12:00:00Z,-18.174997,147.42499,2.320441988950276,26.29
1987-10-16T12:00:00Z,-18.174997,147.42499,2.342541436464088,26.19
1987-10-17T12:00:00Z,-18.174997,147.42499,2.3646408839779007,26.26
1987-10-18T12:00:00Z,-18.174997,147.42499,2.386740331491713,26.24
1987-10-19T12:00:00Z,-18.174997,147.42499,2.408839779005525,26.48
1987-10-20T12:00:00Z,-18.174997,147.42499,2.430939226519337,26.85
1987-10-21T12:00:00Z,-18.174997,147.42499,2.453038674033149,26.45
1987-10-22T12:00:00Z,-18.174997,147.42499,2.4751381215469612,26.22
1987-10-23T12:00:00Z,-18.174997,147.42499,2.4972375690607733,26.35
1987-10-24T12:00:00Z,-18.174997,147.42499,2.5193370165745854,26.64
1987-10-25T12:00:00Z,-18.174997,147.42499,2.541436464088398,26.59
1987-10-26T12:00:00Z,-18.174997,147.42499,2.56353591160221,26.29
1987-10-27T12:00:00Z,-18.174997,147.42499,2.585635359116022,26.37
1987-10-28T12:00:00Z,-18.174997,147.42499,2.6077348066298343,26.39
1987-10-29T12:00:00Z,-18.174997,147.42499,2.6298342541436464,26.56
1987-10-30T12:00:00Z,-18.174997,147.42499,2.6519337016574585,26.61
1987-10-31T12:00:00Z,-18.174997,147.42499,2.6740331491712706,26.53
1987-11-01T12:00:00Z,-18.174997,147.42499,2.696132596685083,26.97
1987-11-02T12:00:00Z,-18.174997,147.42499,2.718232044198895,27.02
1987-11-03T12:00:00Z,-18.174997,147.42499,2.7403314917127073,27.4
1987-11-04T12:00:00Z,-18.174997,147.42499,2.7624309392265194,27.45
1987-11-05T12:00:00Z,-18.174997,147.42499,2.7845303867403315,27.38
1987-11-06T12:00:00Z,-18.174997,147.42499,2.8066298342541436,26.96
1987-11-07T12:00:00Z,-18.174997,147.42499,2.8287292817679557,26.93
1987-11-08T12:00:00Z,-18.174997,147.42499,2.850828729281768,26.82
1987-11-09T12:00:00Z,-18.174997,147.42499,2.8729281767955803,27.36
1987-11-10T12:00:00Z,-18.174997,147.42499,2.8950276243093924,27.57
1987-11-11T12:00:00Z,-18.174997,147.42499,2.9171270718232045,27.48
1987-11-12T12:00:00Z,-18.174997,147.42499,2.9392265193370166,27.36
1987-11-13T12:00:00Z,-18.174997,147.42499,2.9613259668508287,27.38
1987-11-14T12:00:00Z,-18.174997,147.42499,2.983425414364641,27.7
1987-11-15T12:00:00Z,-18.174997,147.42499,3.005524861878453,27.68
1987-11-16T12:00:00Z,-18.174997,147.42499,3.027624309392265,27.59
1987-11-17T12:00:00Z,-18.174997,147.42499,3.0497237569060776,27.52
1987-11-18T12:00:00Z,-18.174997,147.42499,3.0718232044198897,27.5
1987-11-19T12:00:00Z,-18.174997,147.42499,3.0939226519337018,27.34
1987-11-20T12:00:00Z,-18.174997,147.42499,3.116022099447514,27.36
1987-11-21T12:00:00Z,-18.174997,147.42499,3.138121546961326,27.66
1987-11-22T12:00:00Z,-18.174997,147.42499,3.160220994475138,27.49
1987-11-23T12:00:00Z,-18.174997,147.42499,3.18232044198895,27.67
1987-11-24T12:00:00Z,-18.174997,147.42499,3.2044198895027622,27.52
1987-11-25T12:00:00Z,-18.174997,147.42499,3.226519337016575,27.82
1987-11-26T12:00:00Z,-18.174997,147.42499,3.248618784530387,27.93
1987-11-27T12:00:00Z,-18.174997,147.42499,3.270718232044199,28.55
1987-11-28T12:00:00Z,-18.174997,147.42499,3.292817679558011,28.31
1987-11-29T12:00:00Z,-18.174997,147.42499,3.314917127071823,28.28
1987-11-30T12:00:00Z,-18.174997,147.42499,3.3370165745856353,28.22
1987-12-01T12:00:00Z,-18.174997,147.42499,3.3591160220994474,28.32
1987-12-02T12:00:00Z,-18.174997,147.42499,3.3812154696132595,28.19
1987-12-03T12:00:00Z,-18.174997,147.42499,3.403314917127072,28.25
1987-12-04T12:00:00Z,-18.174997,147.42499,3.425414364640884,28.3
1987-12-05T12:00:00Z,-18.174997,147.42499,3.447513812154696,28.32
1987-12-06T12:00:00Z,-18.174997,147.42499,3.4696132596685083,28.24
1987-12-07T12:00:00Z,-18.174997,147.42499,3.4917127071823204,28.27
1987-12-08T12:00:00Z,-18.174997,147.42499,3.5138121546961325,28.03
1987-12-09T12:00:00Z,-18.174997,147.42499,3.5359116022099446,28.25
1987-12-10T12:00:00Z,-18.174997,147.42499,3.5580110497237567,28.32
1987-12-11T12:00:00Z,-18.174997,147.42499,3.5801104972375692,28.26
1987-12-12T12:00:00Z,-18.174997,147.42499,3.6022099447513813,27.66
1987-12-13T12:00:00Z,-18.174997,147.42499,3.6243093922651934,27.51
1987-12-14T12:00:00Z,-18.174997,147.42499,3.6464088397790055,27.59
1987-12-15T12:00:00Z,-18.174997,147.42499,3.6685082872928176,27.95
1987-12-16T12:00:00Z,-18.174997,147.42499,3.6906077348066297,27.87
1987-12-17T12:00:00Z,-18.174997,147.42499,3.712707182320442,27.71
1987-12-18T12:00:00Z,-18.174997,147.42499,3.734806629834254,27.66
1987-12-19T12:00:00Z,-18.174997,147.42499,3.7569060773480665,27.65
1987-12-20T12:00:00Z,-18.174997,147.42499,3.7790055248618786,27.89
1987-12-21T12:00:00Z,-18.174997,147.42499,3.8011049723756907,27.84
1987-12-22T12:00:00Z,-18.174997,147.42499,3.8232044198895028,27.69
1987-12-23T12:00:00Z,-18.174997,147.42499,3.845303867403315,27.65
1987-12-24T12:00:00Z,-18.174997,147.42499,3.867403314917127,27.97
1987-12-25T12:00:00Z,-18.174997,147.42499,3.889502762430939,27.99
1987-12-26T12:00:00Z,-18.174997,147.42499,3.911602209944751,27.99
1987-12-27T12:00:00Z,-18.174997,147.42499,3.9337016574585637,28.16
1987-12-28T12:00:00Z,-18.174997,147.42499,3.955801104972376,28.18
1987-12-29T12:00:00Z,-18.174997,147.42499,3.977900552486188,28.07
1987-12-30T12:00:00Z,-18.174997,147.42499,4.0,28.06
1987-12-31T12:00:00Z,-18.174997,147.42499,4.0220994475138125,28.05
1988-01-01T12:00:00Z,-18.174997,147.42499,4.0,28.06
1988-01-02T12:00:00Z,-18.174997,147.42499,3.977900552486188,28.47
1988-01-03T12:00:00Z,-18.174997,147.42499,3.955801104972376,28.32
1988-01-04T12:00:00Z,-18.174997,147.42499,3.9337016574585637,28.27
1988-01-05T12:00:00Z,-18.174997,147.42499,3.911602209944751,28.22
1988-01-06T12:00:00Z,-18.174997,147.42499,3.889502762430939,28.26
1988-01-07T12:00:00Z,-18.174997,147.42499,3.867403314917127,28.18
1988-01-08T12:00:00Z,-18.174997,147.42499,3.845303867403315,28.11
1988-01-09T12:00:00Z,-18.174997,147.42499,3.8232044198895028,28.1
1988-01-10T12:00:00Z,-18.174997,147.42499,3.8011049723756907,28.18
1988-01-11T12:00:00Z,-18.174997,147.42499,3.7790055248618786,28.12
1988-01-12T12:00:00Z,-18.174997,147.42499,3.7569060773480665,28.02
1988-01-13T12:00:00Z,-18.174997,147.42499,3.734806629834254,28.17
1988-01-14T12:00:00Z,-18.174997,147.42499,3.712707182320442,28.22
1988-01-15T12:00:00Z,-18.174997,147.42499,3.6906077348066297,28.03
1988-01-16T12:00:00Z,-18.174997,147.42499,3.6685082872928176,28.65
1988-01-17T12:00:00Z,-18.174997,147.42499,3.6464088397790055,29.0
1988-01-18T12:00:00Z,-18.174997,147.42499,3.6243093922651934,28.74
1988-01-19T12:00:00Z,-18.174997,147.42499,3.6022099447513813,28.68
1988-01-20T12:00:00Z,-18.174997,147.42499,3.5801104972375692,28.58
1988-01-21T12:00:00Z,-18.174997,147.42499,3.5580110497237567,28.78
1988-01-22T12:00:00Z,-18.174997,147.42499,3.5359116022099446,28.76
1988-01-23T12:00:00Z,-18.174997,147.42499,3.5138121546961325,28.8
1988-01-24T12:00:00Z,-18.174997,147.42499,3.4917127071823204,29.0
1988-01-25T12:00:00Z,-18.174997,147.42499,3.4696132596685083,29.15
1988-01-26T12:00:00Z,-18.174997,147.42499,3.447513812154696,29.22
1988-01-27T12:00:00Z,-18.174997,147.42499,3.425414364640884,29.18
1988-01-28T12:00:00Z,-18.174997,147.42499,3.403314917127072,29.25
1988-01-29T12:00:00Z,-18.174997,147.42499,3.3812154696132595,29.27
1988-01-30T12:00:00Z,-18.174997,147.42499,3.3591160220994474,28.99
1988-01-31T12:00:00Z,-18.174997,147.42499,3.3370165745856353,28.78
1988-02-01T12:00:00Z,-18.174997,147.42499,3.314917127071823,29.14
1988-02-02T12:00:00Z,-18.174997,147.42499,3.292817679558011,29.02
1988-02-03T12:00:00Z,-18.174997,147.42499,3.270718232044199,29.23
1988-02-04T12:00:00Z,-18.174997,147.42499,3.248618784530387,29.23
1988-02-05T12:00:00Z,-18.174997,147.42499,3.226519337016575,29.57
1988-02-06T12:00:00Z,-18.174997,147.42499,3.2044198895027622,29.05
1988-02-07T12:00:00Z,-18.174997,147.42499,3.18232044198895,28.95
1988-02-08T12:00:00Z,-18.174997,147.42499,3.160220994475138,29.32
1988-02-09T12:00:00Z,-18.174997,147.42499,3.138121546961326,29.19
1988-02-10T12:00:00Z,-18.174997,147.42499,3.116022099447514,28.49
1988-02-11T12:00:00Z,-18.174997,147.42499,3.0939226519337018,28.24
1988-02-12T12:00:00Z,-18.174997,147.42499,3.0718232044198897,28.28
1988-02-13T12:00:00Z,-18.174997,147.42499,3.0497237569060776,28.24
1988-02-14T12:00:00Z,-18.174997,147.42499,3.027624309392265,28.27
1988-02-15T12:00:00Z,-18.174997,147.42499,3.005524861878453,28.31
1988-02-16T12:00:00Z,-18.174997,147.42499,2.983425414364641,28.39
1988-02-17T12:00:00Z,-18.174997,147.42499,2.9613259668508287,28.38
1988-02-18T12:00:00Z,-18.174997,147.42499,2.9392265193370166,28.44
1988-02-19T12:00:00Z,-18.174997,147.42499,2.9171270718232045,28.36
1988-02-20T12:00:00Z,-18.174997,147.42499,2.8950276243093924,27.87
1988-02-21T12:00:00Z,-18.174997,147.42499,2.8729281767955803,27.7
1988-02-22T12:00:00Z,-18.174997,147.42499,2.850828729281768,27.06
1988-02-23T12:00:00Z,-18.174997,147.42499,2.8287292817679557,27.07
1988-02-24T12:00:00Z,-18.174997,147.42499,2.8066298342541436,27.1
1988-02-25T12:00:00Z,-18.174997,147.42499,2.7845303867403315,27.1
1988-02-26T12:00:00Z,-18.174997,147.42499,2.7624309392265194,27.13
1988-02-27T12:00:00Z,-18.174997,147.42499,2.7403314917127073,27.15
1988-02-28T12:00:00Z,-18.174997,147.42499,2.718232044198895,27.12
1988-02-29T12:00:00Z,-18.174997,147.42499,2.696132596685083,27.07
1988-03-01T12:00:00Z,-18.174997,147.42499,2.6740331491712706,26.8
1988-03-02T12:00:00Z,-18.174997,147.42499,2.6519337016574585,27.17
1988-03-03T12:00:00Z,-18.174997,147.42499,2.6298342541436464,27.87
1988-03-04T12:00:00Z,-18.174997,147.42499,2.6077348066298343,27.71
1988-03-05T12:00:00Z,-18.174997,147.42499,2.585635359116022,27.74
1988-03-06T12:00:00Z,-18.174997,147.42499,2.56353591160221,27.84
1988-03-07T12:00:00Z,-18.174997,147.42499,2.541436464088398,27.89
1988-03-08T12:00:00Z,-18.174997,147.42499,2.5193370165745854,28.37
1988-03-09T12:00:00Z,-18.174997,147.42499,2.4972375690607733,28.44
1988-03-10T12:00:00Z,-18.174997,147.42499,2.4751381215469612,28.51
1988-03-11T12:00:00Z,-18.174997,147.42499,2.453038674033149,28.46
1988-03-12T12:00:00Z,-18.174997,147.42499,2.430939226519337,29.52
1988-03-13T12:00:00Z,-18.174997,147.42499,2.408839779005525,29.6
1988-03-14T12:00:00Z,-18.174997,147.42499,2.386740331491713,29.55
1988-03-15T12:00:00Z,-18.174997,147.42499,2.3646408839779007,29.43
1988-03-16T12:00:00Z,-18.174997,147.42499,2.342541436464088,29.21
1988-03-17T12:00:00Z,-18.174997,147.42499,2.320441988950276,29.21
1988-03-18T12:00:00Z,-18.174997,147.42499,2.298342541436464,29.1
1988-03-19T12:00:00Z,-18.174997,147.42499,2.276243093922652,28.94
1988-03-20T12:00:00Z,-18.174997,147.42499,2.25414364640884,28.93
1988-03-21T12:00:00Z,-18.174997,147.42499,2.2320441988950277,28.69
1988-03-22T12:00:00Z,-18.174997,147.42499,2.2099447513812156,28.68
1988-03-23T12:00:00Z,-18.174997,147.42499,2.1878453038674035,28.47
1988-03-24T12:00:00Z,-18.174997,147.42499,2.165745856353591,28.31
1988-03-25T12:00:00Z,-18.174997,147.42499,2.143646408839779,28.13
1988-03-26T12:00:00Z,-18.174997,147.42499,2.1215469613259668,28.12
1988-03-27T12:00:00Z,-18.174997,147.42499,2.0994475138121547,27.9
1988-03-28T12:00:00Z,-18.174997,147.42499,2.0773480662983426,27.8
1988-03-29T12:00:00Z,-18.174997,147.42499,2.0552486187845305,27.74
1988-03-30T12:00:00Z,-18.174997,147.42499,2.0331491712707184,27.25
1988-03-31T12:00:00Z,-18.174997,147.42499,2.0110497237569063,27.3
1988-04-01T12:00:00Z,-18.174997,147.42499,1.988950276243094,27.41
1988-04-02T12:00:00Z,-18.174997,147.42499,1.9668508287292819,27.46
1988-04-03T12:00:00Z,-18.174997,147.42499,1.9447513812154695,27.52
1988-04-04T12:00:00Z,-18.174997,147.42499,1.9226519337016574,27.44
1988-04-05T12:00:00Z,-18.174997,147.42499,1.9005524861878453,27.5
1988-04-06T12:00:00Z,-18.174997,147.42499,1.8784530386740332,28.13
1988-04-07T12:00:00Z,-18.174997,147.42499,1.856353591160221,28.36
1988-04-08T12:00:00Z,-18.174997,147.42499,1.8342541436464088,28.6
1988-04-09T12:00:00Z,-18.174997,147.42499,1.8121546961325967,28.41
1988-04-10T12:00:00Z,-18.174997,147.42499,1.7900552486187846,28.53
1988-04-11T12:00:00Z,-18.174997,147.42499,1.7679558011049723,28.8
1988-04-12T12:00:00Z,-18.174997,147.42499,1.7458563535911602,29.31
1988-04-13T12:00:00Z,-18.174997,147.42499,1.723756906077348,28.8
1988-04-14T12:00:00Z,-18.174997,147.42499,1.701657458563536,28.56
1988-04-15T12:00:00Z,-18.174997,147.42499,1.6795580110497237,28.23
1988-04-16T12:00:00Z,-18.174997,147.42499,1.6574585635359116,27.87
1988-04-17T12:00:00Z,-18.174997,147.42499,1.6353591160220995,27.86
1988-04-18T12:00:00Z,-18.174997,147.42499,1.6132596685082874,27.35
1988-04-19T12:00:00Z,-18.174997,147.42499,1.591160220994475,27.16
1988-04-20T12:00:00Z,-18.174997,147.42499,1.569060773480663,27.25
1988-04-21T12:00:00Z,-18.174997,147.42499,1.5469613259668509,27.23
1988-04-22T12:00:00Z,-18.174997,147.42499,1.5248618784530388,27.4
1988-04-23T12:00:00Z,-18.174997,147.42499,1.5027624309392265,27.31
1988-04-24T12:00:00Z,-18.174997,147.42499,1.4806629834254144,27.08
1988-04-25T12:00:00Z,-18.174997,147.42499,1.4585635359116023,26.72
1988-04-26T12:00:00Z,-18.174997,147.42499,1.4364640883977902,26.72
1988-04-27T12:00:00Z,-18.174997,147.42499,1.4143646408839778,27.02
1988-04-28T12:00:00Z,-18.174997,147.42499,1.3922651933701657,27.17
1988-04-29T12:00:00Z,-18.174997,147.42499,1.3701657458563536,27.33
1988-04-30T12:00:00Z,-18.174997,147.42499,1.3480662983425415,27.35
1988-05-01T12:00:00Z,-18.174997,147.42499,1.3259668508287292,27.18
1988-05-02T12:00:00Z,-18.174997,147.42499,1.3038674033149171,26.86
1988-05-03T12:00:00Z,-18.174997,147.42499,1.281767955801105,27.18
1988-05-04T12:00:00Z,-18.174997,147.42499,1.2596685082872927,27.4
1988-05-05T12:00:00Z,-18.174997,147.42499,1.2375690607734806,27.24
1988-05-06T12:00:00Z,-18.174997,147.42499,1.2154696132596685,26.62
1988-05-07T12:00:00Z,-18.174997,147.42499,1.1933701657458564,26.08
1988-05-08T12:00:00Z,-18.174997,147.42499,1.171270718232044,25.9
1988-05-09T12:00:00Z,-18.174997,147.42499,1.149171270718232,25.96
1988-05-10T12:00:00Z,-18.174997,147.42499,1.12707182320442,26.53
1988-05-11T12:00:00Z,-18.174997,147.42499,1.1049723756906078,26.43
1988-05-12T12:00:00Z,-18.174997,147.42499,1.0828729281767955,26.35
1988-05-13T12:00:00Z,-18.174997,147.42499,1.0607734806629834,26.27
1988-05-14T12:00:00Z,-18.174997,147.42499,1.0386740331491713,26.99
1988-05-15T12:00:00Z,-18.174997,147.42499,1.0165745856353592,27.01
1988-05-16T12:00:00Z,-18.174997,147.42499,0.994475138121547,27.15
1988-05-17T12:00:00Z,-18.174997,147.42499,0.9723756906077348,26.86
1988-05-18T12:00:00Z,-18.174997,147.42499,0.9502762430939227,26.77
1988-05-19T12:00:00Z,-18.174997,147.42499,0.9281767955801105,26.45
1988-05-20T12:00:00Z,-18.174997,147.42499,0.9060773480662984,26.09
1988-05-21T12:00:00Z,-18.174997,147.42499,0.8839779005524862,26.57
1988-05-22T12:00:00Z,-18.174997,147.42499,0.861878453038674,26.3
1988-05-23T12:00:00Z,-18.174997,147.42499,0.8397790055248618,26.17
1988-05-24T12:00:00Z,-18.174997,147.42499,0.8176795580110497,25.95
1988-05-25T12:00:00Z,-18.174997,147.42499,0.7955801104972375,26.07
1988-05-26T12:00:00Z,-18.174997,147.42499,0.7734806629834254,26.05
1988-05-27T12:00:00Z,-18.174997,147.42499,0.7513812154696132,26.02
1988-05-28T12:00:00Z,-18.174997,147.42499,0.7292817679558011,26.11
1988-05-29T12:00:00Z,-18.174997,147.42499,0.7071823204419889,25.84
1988-05-30T12:00:00Z,-18.174997,147.42499,0.6850828729281768,25.09
1988-05-31T12:00:00Z,-18.174997,147.42499,0.6629834254143646,24.76
1988-06-01T12:00:00Z,-18.174997,147.42499,0.6408839779005525,24.71
1988-06-02T12:00:00Z,-18.174997,147.42499,0.6187845303867403,24.72
1988-06-03T12:00:00Z,-18.174997,147.42499,0.5966850828729282,24.94
1988-06-04T12:00:00Z,-18.174997,147.42499,0.574585635359116,24.97
1988-06-05T12:00:00Z,-18.174997,147.42499,0.5524861878453039,25.0
1988-06-06T12:00:00Z,-18.174997,147.42499,0.5303867403314917,25.66
1988-06-07T12:00:00Z,-18.174997,147.42499,0.5082872928176796,26.07
1988-06-08T12:00:00Z,-18.174997,147.42499,0.4861878453038674,26.0
1988-06-09T12:00:00Z,-18.174997,147.42499,0.46408839779005523,25.89
1988-06-10T12:00:00Z,-18.174997,147.42499,0.4419889502762431,26.32
1988-06-11T12:00:00Z,-18.174997,147.42499,0.4198895027624309,26.44
1988-06-12T12:00:00Z,-18.174997,147.42499,0.39779005524861877,26.48
1988-06-13T12:00:00Z,-18.174997,147.42499,0.3756906077348066,26.45
1988-06-14T12:00:00Z,-18.174997,147.42499,0.35359116022099446,26.25
1988-06-15T12:00:00Z,-18.174997,147.42499,0.3314917127071823,26.41
1988-06-16T12:00:00Z,-18.174997,147.42499,0.30939226519337015,26.11
1988-06-17T12:00:00Z,-18.174997,147.42499,0.287292817679558,25.36
1988-06-18T12:00:00Z,-18.174997,147.42499,0.26519337016574585,24.85
1988-06-19T12:00:00Z,-18.174997,147.42499,0.2430939226519337,24.62
1988-06-20T12:00:00Z,-18.174997,147.42499,0.22099447513812154,25.02
1988-06-21T12:00:00Z,-18.174997,147.42499,0.19889502762430938,25.31
1988-06-22T12:00:00Z,-18.174997,147.42499,0.17679558011049723,25.39
1988-06-23T12:00:00Z,-18.174997,147.42499,0.15469613259668508,25.31
1988-06-24T12:00:00Z,-18.174997,147.42499,0.13259668508287292,25.21
1988-06-25T12:00:00Z,-18.174997,147.42499,0.11049723756906077,25.15
1988-06-26T12:00:00Z,-18.174997,147.42499,0.08839779005524862,24.67
1988-06-27T12:00:00Z,-18.174997,147.42499,0.06629834254143646,25.01
1988-06-28T12:00:00Z,-18.174997,147.42499,0.04419889502762431,25.21
1988-06-29T12:00:00Z,-18.174997,147.42499,0.022099447513812154,25.04
1988-06-30T12:00:00Z,-18.174997,147.42499,0.0,24.57
1988-07-01T12:00:00Z,-18.174997,147.42499,-0.022099447513812154,24.34
1988-07-02T12:00:00Z,-18.174997,147.42499,0.0,24.2
1988-07-03T12:00:00Z,-18.174997,147.42499,0.022099447513812154,24.16
1988-07-04T12:00:00Z,-18.174997,147.42499,0.04419889502762431,24.03
1988-07-05T12:00:00Z,-18.174997,147.42499,0.06629834254143646,23.84
1988-07-06T12:00:00Z,-18.174997,147.42499,0.08839779005524862,24.08
1988-07-07T12:00:00Z,-18.174997,147.42499,0.11049723756906077,24.09
1988-07-08T12:00:00Z,-18.174997,147.42499,0.13259668508287292,24.16
1988-07-09T12:00:00Z,-18.174997,147.42499,0.15469613259668508,24.19
1988-07-10T12:00:00Z,-18.174997,147.42499,0.17679558011049723,24.02
1988-07-11T12:00:00Z,-18.174997,147.42499,0.19889502762430938,24.04
1988-07-12T12:00:00Z,-18.174997,147.42499,0.22099447513812154,24.0
1988-07-13T12:00:00Z,-18.174997,147.42499,0.2430939226519337,23.9
1988-07-14T12:00:00Z,-18.174997,147.42499,0.26519337016574585,24.05
1988-07-15T12:00:00Z,-18.174997,147.42499,0.287292817679558,24.1
1988-07-16T12:00:00Z,-18.174997,147.42499,0.30939226519337015,24.12
1988-07-17T12:00:00Z,-18.174997,147.42499,0.3314917127071823,24.28
1988-07-18T12:00:00Z,-18.174997,147.42499,0.35359116022099446,24.73
1988-07-19T12:00:00Z,-18.174997,147.42499,0.3756906077348066,24.96
1988-07-20T12:00:00Z,-18.174997,147.42499,0.39779005524861877,24.97
1988-07-21T12:00:00Z,-18.174997,147.42499,0.4198895027624309,24.93
1988-07-22T12:00:00Z,-18.174997,147.42499,0.4419889502762431,24.85
1988-07-23T12:00:00Z,-18.174997,147.42499,0.46408839779005523,25.2
1988-07-24T12:00:00Z,-18.174997,147.42499,0.4861878453038674,24.98
1988-07-25T12:00:00Z,-18.174997,147.42499,0.5082872928176796,24.88
1988-07-26T12:00:00Z,-18.174997,147.42499,0.5303867403314917,24.7
1988-07-27T12:00:00Z,-18.174997,147.42499,0.5524861878453039,24.41
1988-07-28T12:00:00Z,-18.174997,147.42499,0.574585635359116,24.36
1988-07-29T12:00:00Z,-18.174997,147.42499,0.5966850828729282,24.35
1988-07-30T12:00:00Z,-18.174997,147.42499,0.6187845303867403,24.42
1988-07-31T12:00:00Z,-18.174997,147.42499,0.6408839779005525,24.46
1988-08-01T12:00:00Z,-18.174997,147.42499,0.6629834254143646,24.53
1988-08-02T12:00:00Z,-18.174997,147.42499,0.6850828729281768,24.3
1988-08-03T12:00:00Z,-18.174997,147.42499,0.7071823204419889,24.37
1988-08-04T12:00:00Z,-18.174997,147.42499,0.7292817679558011,24.36
1988-08-05T12:00:00Z,-18.174997,147.42499,0.7513812154696132,24.07
1988-08-06T12:00:00Z,-18.174997,147.42499,0.7734806629834254,24.04
1988-08-07T12:00:00Z,-18.174997,147.42499,0.7955801104972375,23.27
1988-08-08T12:00:00Z,-18.174997,147.42499,0.8176795580110497,23.22
1988-08-09T12:00:00Z,-18.174997,147.42499,0.8397790055248618,22.71
1988-08-10T12:00:00Z,-18.174997,147.42499,0.861878453038674,24.5
1988-08-11T12:00:00Z,-18.174997,147.42499,0.8839779005524862,25.47
1988-08-12T12:00:00Z,-18.174997,147.42499,0.9060773480662984,25.24
1988-08-13T12:00:00Z,-18.174997,147.42499,0.9281767955801105,24.6
1988-08-14T12:00:00Z,-18.174997,147.42499,0.9502762430939227,24.29
1988-08-15T12:00:00Z,-18.174997,147.42499,0.9723756906077348,24.25
1988-08-16T12:00:00Z,-18.174997,147.42499,0.994475138121547,24.45
1988-08-17T12:00:00Z,-18.174997,147.42499,1.0165745856353592,24.4
1988-08-18T12:00:00Z,-18.174997,147.42499,1.0386740331491713,24.48
1988-08-19T12:00:00Z,-18.174997,147.42499,1.0607734806629834,25.16
1988-08-20T12:00:00Z,-18.174997,147.42499,1.0828729281767955,25.14
1988-08-21T12:00:00Z,-18.174997,147.42499,1.1049723756906078,25.65
1988-08-22T12:00:00Z,-18.174997,147.42499,1.12707182320442,25.71
1988-08-23T12:00:00Z,-18.174997,147.42499,1.149171270718232,25.57
1988-08-24T12:00:00Z,-18.174997,147.42499,1.171270718232044,25.08
1988-08-25T12:00:00Z,-18.174997,147.42499,1.1933701657458564,24.75
1988-08-26T12:00:00Z,-18.174997,147.42499,1.2154696132596685,24.53
1988-08-27T12:00:00Z,-18.174997,147.42499,1.2375690607734806,24.35
1988-08-28T12:00:00Z,-18.174997,147.42499,1.2596685082872927,23.97
1988-08-29T12:00:00Z,-18.174997,147.42499,1.281767955801105,24.13
1988-08-30T12:00:00Z,-18.174997,147.42499,1.3038674033149171,24.06
1988-08-31T12:00:00Z,-18.174997,147.42499,1.3259668508287292,23.95
1988-09-01T12:00:00Z,-18.174997,147.42499,1.3480662983425415,23.94
1988-09-02T12:00:00Z,-18.174997,147.42499,1.3701657458563536,24.33
1988-09-03T12:00:00Z,-18.174997,147.42499,1.3922651933701657,24.16
1988-09-04T12:00:00Z,-18.174997,147.42499,1.4143646408839778,23.74
1988-09-05T12:00:00Z,-18.174997,147.42499,1.4364640883977902,23.78
1988-09-06T12:00:00Z,-18.174997,147.42499,1.4585635359116023,24.41
1988-09-07T12:00:00Z,-18.174997,147.42499,1.4806629834254144,24.55
1988-09-08T12:00:00Z,-18.174997,147.42499,1.5027624309392265,24.57
1988-09-09T12:00:00Z,-18.174997,147.42499,1.5248618784530388,24.33
1988-09-10T12:00:00Z,-18.174997,147.42499,1.5469613259668509,24.06
1988-09-11T12:00:00Z,-18.174997,147.42499,1.569060773480663,24.16
1988-09-12T12:00:00Z,-18.174997,147.42499,1.591160220994475,24.31
1988-09-13T12:00:00Z,-18.174997,147.42499,1.6132596685082874,24.43
1988-09-14T12:00:00Z,-18.174997,147.42499,1.6353591160220995,24.71
1988-09-15T12:00:00Z,-18.174997,147.42499,1.6574585635359116,25.37
1988-09-16T12:00:00Z,-18.174997,147.42499,1.6795580110497237,25.44
1988-09-17T12:00:00Z,-18.174997,147.42499,1.701657458563536,25.54
1988-09-18T12:00:00Z,-18.174997,147.42499,1.723756906077348,26.0
1988-09-19T12:00:00Z,-18.174997,147.42499,1.7458563535911602,26.07
1988-09-20T12:00:00Z,-18.174997,147.42499,1.7679558011049723,26.12
1988-09-21T12:00:00Z,-18.174997,147.42499,1.7900552486187846,25.81
1988-09-22T12:00:00Z,-18.174997,147.42499,1.8121546961325967,26.61
1988-09-23T12:00:00Z,-18.174997,147.42499,1.8342541436464088,26.4
1988-09-24T12:00:00Z,-18.174997,147.42499,1.856353591160221,26.16
1988-09-25T12:00:00Z,-18.174997,147.42499,1.8784530386740332,25.78
1988-09-26T12:00:00Z,-18.174997,147.42499,1.9005524861878453,25.55
1988-09-27T12:00:00Z,-18.174997,147.42499,1.9226519337016574,24.8
1988-09-28T12:00:00Z,-18.174997,147.42499,1.9447513812154695,25.46
1988-09-29T12:00:00Z,-18.174997,147.42499,1.9668508287292819,25.54
1988-09-30T12:00:00Z,-18.174997,147.42499,1.988950276243094,25.91
1988-10-01T12:00:00Z,-18.174997,147.42499,2.0110497237569063,25.56
1988-10-02T12:00:00Z,-18.174997,147.42499,2.0331491712707184,25.34
1988-10-03T12:00:00Z,-18.174997,147.42499,2.0552486187845305,25.62
1988-10-04T12:00:00Z,-18.174997,147.42499,2.0773480662983426,25.3
1988-10-05T12:00:00Z,-18.174997,147.42499,2.0994475138121547,25.59
1988-10-06T12:00:00Z,-18.174997,147.42499,2.1215469613259668,25.92
1988-10-07T12:00:00Z,-18.174997,147.42499,2.143646408839779,26.0
1988-10-08T12:00:00Z,-18.174997,147.42499,2.165745856353591,26.11
1988-10-09T12:00:00Z,-18.174997,147.42499,2.1878453038674035,26.0
1988-10-10T12:00:00Z,-18.174997,147.42499,2.2099447513812156,26.12
1988-10-11T12:00:00Z,-18.174997,147.42499,2.2320441988950277,26.19
1988-10-12T12:00:00Z,-18.174997,147.42499,2.25414364640884,26.53
1988-10-13T12:00:00Z,-18.174997,147.42499,2.276243093922652,26.96
1988-10-14T12:00:00Z,-18.174997,147.42499,2.298342541436464,26.27
1988-10-15T12:00:00Z,-18.174997,147.42499,2.320441988950276,26.16
1988-10-16T12:00:00Z,-18.174997,147.42499,2.342541436464088,25.91
1988-10-17T12:00:00Z,-18.174997,147.42499,2.3646408839779007,26.64
1988-10-18T12:00:00Z,-18.174997,147.42499,2.386740331491713,26.6
1988-10-19T12:00:00Z,-18.174997,147.42499,2.408839779005525,26.62
1988-10-20T12:00:00Z,-18.174997,147.42499,2.430939226519337,26.46
1988-10-21T12:00:00Z,-18.174997,147.42499,2.453038674033149,26.82
1988-10-22T12:00:00Z,-18.174997,147.42499,2.4751381215469612,26.74
1988-10-23T12:00:00Z,-18.174997,147.42499,2.4972375690607733,27.02
1988-10-24T12:00:00Z,-18.174997,147.42499,2.5193370165745854,26.65
1988-10-25T12:00:00Z,-18.174997,147.42499,2.541436464088398,26.49
1988-10-26T12:00:00Z,-18.174997,147.42499,2.56353591160221,26.91
1988-10-27T12:00:00Z,-18.174997,147.42499,2.585635359116022,27.65
1988-10-28T12:00:00Z,-18.174997,147.42499,2.6077348066298343,27.87
1988-10-29T12:00:00Z,-18.174997,147.42499,2.6298342541436464,27.86
1988-10-30T12:00:00Z,-18.174997,147.42499,2.6519337016574585,27.61
1988-10-31T12:00:00Z,-18.174997,147.42499,2.6740331491712706,27.39
1988-11-01T12:00:00Z,-18.174997,147.42499,2.696132596685083,27.25
1988-11-02T12:00:00Z,-18.174997,147.42499,2.718232044198895,27.15
1988-11-03T12:00:00Z,-18.174997,147.42499,2.7403314917127073,27.09
1988-11-04T12:00:00Z,-18.174997,147.42499,2.7624309392265194,26.91
1988-11-05T12:00:00Z,-18.174997,147.42499,2.7845303867403315,27.24
1988-11-06T12:00:00Z,-18.174997,147.42499,2.8066298342541436,26.75
1988-11-07T12:00:00Z,-18.174997,147.42499,2.8287292817679557,26.53
1988-11-08T12:00:00Z,-18.174997,147.42499,2.850828729281768,26.5
1988-11-09T12:00:00Z,-18.174997,147.42499,2.8729281767955803,26.43
1988-11-10T12:00:00Z,-18.174997,147.42499,2.8950276243093924,26.85
1988-11-11T12:00:00Z,-18.174997,147.42499,2.9171270718232045,26.9
1988-11-12T12:00:00Z,-18.174997,147.42499,2.9392265193370166,27.03
1988-11-13T12:00:00Z,-18.174997,147.42499,2.9613259668508287,26.3
1988-11-14T12:00:00Z,-18.174997,147.42499,2.983425414364641,26.52
1988-11-15T12:00:00Z,-18.174997,147.42499,3.005524861878453,25.98
1988-11-16T12:00:00Z,-18.174997,147.42499,3.027624309392265,26.6
1988-11-17T12:00:00Z,-18.174997,147.42499,3.0497237569060776,26.32
1988-11-18T12:00:00Z,-18.174997,147.42499,3.0718232044198897,26.62
1988-11-19T12:00:00Z,-18.174997,147.42499,3.0939226519337018,26.66
1988-11-20T12:00:00Z,-18.174997,147.42499,3.116022099447514,26.8
1988-11-21T12:00:00Z,-18.174997,147.42499,3.138121546961326,27.0
1988-11-22T12:00:00Z,-18.174997,147.42499,3.160220994475138,27.68
1988-11-23T12:00:00Z,-18.174997,147.42499,3.18232044198895,27.56
1988-11-24T12:00:00Z,-18.174997,147.42499,3.2044198895027622,27.56
1988-11-25T12:00:00Z,-18.174997,147.42499,3.226519337016575,27.97
1988-11-26T12:00:00Z,-18.174997,147.42499,3.248618784530387,28.38
1988-11-27T12:00:00Z,-18.174997,147.42499,3.270718232044199,28.34
1988-11-28T12:00:00Z,-18.174997,147.42499,3.292817679558011,28.23
1988-11-29T12:00:00Z,-18.174997,147.42499,3.314917127071823,28.15
1988-11-30T12:00:00Z,-18.174997,147.42499,3.3370165745856353,29.29
1988-12-01T12:00:00Z,-18.174997,147.42499,3.3591160220994474,29.36
1988-12-02T12:00:00Z,-18.174997,147.42499,3.3812154696132595,29.08
1988-12-03T12:00:00Z,-18.174997,147.42499,3.403314917127072,28.96
1988-12-04T12:00:00Z,-18.174997,147.42499,3.425414364640884,28.74
1988-12-05T12:00:00Z,-18.174997,147.42499,3.447513812154696,28.45
1988-12-06T12:00:00Z,-18.174997,147.42499,3.4696132596685083,27.84
1988-12-07T12:00:00Z,-18.174997,147.42499,3.4917127071823204,27.51
1988-12-08T12:00:00Z,-18.174997,147.42499,3.5138121546961325,28.07
1988-12-09T12:00:00Z,-18.174997,147.42499,3.5359116022099446,28.17
1988-12-10T12:00:00Z,-18.174997,147.42499,3.5580110497237567,28.01
1988-12-11T12:00:00Z,-18.174997,147.42499,3.5801104972375692,28.03
1988-12-12T12:00:00Z,-18.174997,147.42499,3.6022099447513813,28.04
1988-12-13T12:00:00Z,-18.174997,147.42499,3.6243093922651934,27.96
1988-12-14T12:00:00Z,-18.174997,147.42499,3.6464088397790055,27.15
1988-12-15T12:00:00Z,-18.174997,147.42499,3.6685082872928176,27.26
1988-12-16T12:00:00Z,-18.174997,147.42499,3.6906077348066297,27.35
1988-12-17T12:00:00Z,-18.174997,147.42499,3.712707182320442,27.87
1988-12-18T12:00:00Z,-18.174997,147.42499,3.734806629834254,28.11
1988-12-19T12:00:00Z,-18.174997,147.42499,3.7569060773480665,28.07
1988-12-20T12:00:00Z,-18.174997,147.42499,3.7790055248618786,28.06
1988-12-21T12:00:00Z,-18.174997,147.42499,3.8011049723756907,28.42
1988-12-22T12:00:00Z,-18.174997,147.42499,3.8232044198895028,28.72
1988-12-23T12:00:00Z,-18.174997,147.42499,3.845303867403315,28.97
1988-12-24T12:00:00Z,-18.174997,147.42499,3.867403314917127,29.28
1988-12-25T12:00:00Z,-18.174997,147.42499,3.889502762430939,28.88
1988-12-26T12:00:00Z,-18.174997,147.42499,3.911602209944751,28.53
1988-12-27T12:00:00Z,-18.174997,147.42499,3.9337016574585637,28.35
1988-12-28T12:00:00Z,-18.174997,147.42499,3.955801104972376,28.36
1988-12-29T12:00:00Z,-18.174997,147.42499,3.977900552486188,28.36
1988-12-30T12:00:00Z,-18.174997,147.42499,4.0,28.35
1988-12-31T12:00:00Z,-18.174997,147.42499,4.0220994475138125,28.55
1989-01-01T12:00:00Z,-18.174997,147.42499,4.0,28.91
1989-01-02T12:00:00Z,-18.174997,147.42499,3.977900552486188,28.71
1989-01-03T12:00:00Z,-18.174997,147.42499,3.955801104972376,28.11
1989-01-04T12:00:00Z,-18.174997,147.42499,3.9337016574585637,28.14
1989-01-05T12:00:00Z,-18.174997,147.42499,3.911602209944751,28.47
1989-01-06T12:00:00Z,-18.174997,147.42499,3.889502762430939,28.94
1989-01-07T12:00:00Z,-18.174997,147.42499,3.867403314917127,29.27
1989-01-08T12:00:00Z,-18.174997,147.42499,3.845303867403315,29.27
1989-01-09T12:00:00Z,-18.174997,147.42499,3.8232044198895028,28.63
1989-01-10T12:00:00Z,-18.174997,147.42499,3.8011049723756907,29.31
1989-01-11T12:00:00Z,-18.174997,147.42499,3.7790055248618786,29.02
1989-01-12T12:00:00Z,-18.174997,147.42499,3.7569060773480665,29.09
1989-01-13T12:00:00Z,-18.174997,147.42499,3.734806629834254,29.15
1989-01-14T12:00:00Z,-18.174997,147.42499,3.712707182320442,29.5
1989-01-15T12:00:00Z,-18.174997,147.42499,3.6906077348066297,29.39
1989-01-16T12:00:00Z,-18.174997,147.42499,3.6685082872928176,29.31
1989-01-17T12:00:00Z,-18.174997,147.42499,3.6464088397790055,29.22
1989-01-18T12:00:00Z,-18.174997,147.42499,3.6243093922651934,29.1
1989-01-19T12:00:00Z,-18.174997,147.42499,3.6022099447513813,28.91
1989-01-20T12:00:00Z,-18.174997,147.42499,3.5801104972375692,29.25
1989-01-21T12:00:00Z,-18.174997,147.42499,3.5580110497237567,28.81
1989-01-22T12:00:00Z,-18.174997,147.42499,3.5359116022099446,28.67
1989-01-23T12:00:00Z,-18.174997,147.42499,3.5138121546961325,28.9
1989-01-24T12:00:00Z,-18.174997,147.42499,3.4917127071823204,29.14
1989-01-25T12:00:00Z,-18.174997,147.42499,3.4696132596685083,29.44
1989-01-26T12:00:00Z,-18.174997,147.42499,3.447513812154696,29.11
1989-01-27T12:00:00Z,-18.174997,147.42499,3.425414364640884,28.99
1989-01-28T12:00:00Z,-18.174997,147.42499,3.403314917127072,28.97
1989-01-29T12:00:00Z,-18.174997,147.42499,3.3812154696132595,29.04
1989-01-30T12:00:00Z,-18.174997,147.42499,3.3591160220994474,29.01
1989-01-31T12:00:00Z,-18.174997,147.42499,3.3370165745856353,28.99
1989-02-01T12:00:00Z,-18.174997,147.42499,3.314917127071823,28.97
1989-02-02T12:00:00Z,-18.174997,147.42499,3.292817679558011,28.87
1989-02-03T12:00:00Z,-18.174997,147.42499,3.270718232044199,28.81
1989-02-04T12:00:00Z,-18.174997,147.42499,3.248618784530387,28.87
1989-02-05T12:00:00Z,-18.174997,147.42499,3.226519337016575,28.91
1989-02-06T12:00:00Z,-18.174997,147.42499,3.2044198895027622,28.88
1989-02-07T12:00:00Z,-18.174997,147.42499,3.18232044198895,28.84
1989-02-08T12:00:00Z,-18.174997,147.42499,3.160220994475138,28.63
1989-02-09T12:00:00Z,-18.174997,147.42499,3.138121546961326,28.8
1989-02-10T12:00:00Z,-18.174997,147.42499,3.116022099447514,29.03
1989-02-11T12:00:00Z,-18.174997,147.42499,3.0939226519337018,28.97
1989-02-12T12:00:00Z,-18.174997,147.42499,3.0718232044198897,28.59
1989-02-13T12:00:00Z,-18.174997,147.42499,3.0497237569060776,29.04
1989-02-14T12:00:00Z,-18.174997,147.42499,3.027624309392265,29.29
1989-02-15T12:00:00Z,-18.174997,147.42499,3.005524861878453,29.91
1989-02-16T12:00:00Z,-18.174997,147.42499,2.983425414364641,30.24
1989-02-17T12:00:00Z,-18.174997,147.42499,2.9613259668508287,29.98
1989-02-18T12:00:00Z,-18.174997,147.42499,2.9392265193370166,29.28
1989-02-19T12:00:00Z,-18.174997,147.42499,2.9171270718232045,28.75
1989-02-20T12:00:00Z,-18.174997,147.42499,2.8950276243093924,28.21
1989-02-21T12:00:00Z,-18.174997,147.42499,2.8729281767955803,27.66
1989-02-22T12:00:00Z,-18.174997,147.42499,2.850828729281768,27.91
1989-02-23T12:00:00Z,-18.174997,147.42499,2.8287292817679557,28.19
1989-02-24T12:00:00Z,-18.174997,147.42499,2.8066298342541436,28.3
1989-02-25T12:00:00Z,-18.174997,147.42499,2.7845303867403315,28.43
1989-02-26T12:00:00Z,-18.174997,147.42499,2.7624309392265194,28.26
1989-02-27T12:00:00Z,-18.174997,147.42499,2.7403314917127073,28.18
1989-02-28T12:00:00Z,-18.174997,147.42499,2.718232044198895,27.97
1989-03-01T12:00:00Z,-18.174997,147.42499,2.696132596685083,28.05
1989-03-02T12:00:00Z,-18.174997,147.42499,2.6740331491712706,27.44
1989-03-03T12:00:00Z,-18.174997,147.42499,2.6519337016574585,27.51
1989-03-04T12:00:00Z,-18.174997,147.42499,2.6298342541436464,27.12
1989-03-05T12:00:00Z,-18.174997,147.42499,2.6077348066298343,27.08
1989-03-06T12:00:00Z,-18.174997,147.42499,2.585635359116022,27.0
1989-03-07T12:00:00Z,-18.174997,147.42499,2.56353591160221,27.03
1989-03-08T12:00:00Z,-18.174997,147.42499,2.541436464088398,27.17
1989-03-09T12:00:00Z,-18.174997,147.42499,2.5193370165745854,27.19
1989-03-10T12:00:00Z,-18.174997,147.42499,2.4972375690607733,27.15
1989-03-11T12:00:00Z,-18.174997,147.42499,2.4751381215469612,26.88
1989-03-12T12:00:00Z,-18.174997,147.42499,2.453038674033149,26.89
1989-03-13T12:00:00Z,-18.174997,147.42499,2.430939226519337,27.31
1989-03-14T12:00:00Z,-18.174997,147.42499,2.408839779005525,27.68
1989-03-15T12:00:00Z,-18.174997,147.42499,2.386740331491713,28.01
1989-03-16T12:00:00Z,-18.174997,147.42499,2.3646408839779007,28.24
1989-03-17T12:00:00Z,-18.174997,147.42499,2.342541436464088,28.41
1989-03-18T12:00:00Z,-18.174997,147.42499,2.320441988950276,28.41
1989-03-19T12:00:00Z,-18.174997,147.42499,2.298342541436464,28.37
1989-03-20T12:00:00Z,-18.174997,147.42499,2.276243093922652,28.36
1989-03-21T12:00:00Z,-18.174997,147.42499,2.25414364640884,28.3
1989-03-22T12:00:00Z,-18.174997,147.42499,2.2320441988950277,27.69
1989-03-23T12:00:00Z,-18.174997,147.42499,2.2099447513812156,28.11
1989-03-24T12:00:00Z,-18.174997,147.42499,2.1878453038674035,28.19
1989-03-25T12:00:00Z,-18.174997,147.42499,2.165745856353591,28.48
1989-03-26T12:00:00Z,-18.174997,147.42499,2.143646408839779,27.95
1989-03-27T12:00:00Z,-18.174997,147.42499,2.1215469613259668,28.14
1989-03-28T12:00:00Z,-18.174997,147.42499,2.0994475138121547,28.4
1989-03-29T12:00:00Z,-18.174997,147.42499,2.0773480662983426,28.32
1989-03-30T12:00:00Z,-18.174997,147.42499,2.0552486187845305,27.98
1989-03-31T12:00:00Z,-18.174997,147.42499,2.0331491712707184,27.82
1989-04-01T12:00:00Z,-18.174997,147.42499,2.0110497237569063,27.69
1989-04-02T12:00:00Z,-18.174997,147.42499,1.988950276243094,27.58
1989-04-03T12:00:00Z,-18.174997,147.42499,1.9668508287292819,27.52
1989-04-04T12:00:00Z,-18.174997,147.42499,1.9447513812154695,27.47
1989-04-05T12:00:00Z,-18.174997,147.42499,1.9226519337016574,27.42
1989-04-06T12:00:00Z,-18.174997,147.42499,1.9005524861878453,27.43
1989-04-07T12:00:00Z,-18.174997,147.42499,1.8784530386740332,27.41
1989-04-08T12:00:00Z,-18.174997,147.42499,1.856353591160221,27.55
1989-04-09T12:00:00Z,-18.174997,147.42499,1.8342541436464088,27.2
1989-04-10T12:00:00Z,-18.174997,147.42499,1.8121546961325967,27.6
1989-04-11T12:00:00Z,-18.174997,147.42499,1.7900552486187846,27.53
1989-04-12T12:00:00Z,-18.174997,147.42499,1.7679558011049723,28.02
1989-04-13T12:00:00Z,-18.174997,147.42499,1.7458563535911602,27.97
1989-04-14T12:00:00Z,-18.174997,147.42499,1.723756906077348,27.78
1989-04-15T12:00:00Z,-18.174997,147.42499,1.701657458563536,27.22
1989-04-16T12:00:00Z,-18.174997,147.42499,1.6795580110497237,27.07
1989-04-17T12:00:00Z,-18.174997,147.42499,1.6574585635359116,27.08
1989-04-18T12:00:00Z,-18.174997,147.42499,1.6353591160220995,26.92
1989-04-19T12:00:00Z,-18.174997,147.42499,1.6132596685082874,26.99
1989-04-20T12:00:00Z,-18.174997,147.42499,1.591160220994475,26.99
1989-04-21T12:00:00Z,-18.174997,147.42499,1.569060773480663,26.94
1989-04-22T12:00:00Z,-18.174997,147.42499,1.5469613259668509,26.98
1989-04-23T12:00:00Z,-18.174997,147.42499,1.5248618784530388,27.23
1989-04-24T12:00:00Z,-18.174997,147.42499,1.5027624309392265,27.37
1989-04-25T12:00:00Z,-18.174997,147.42499,1.4806629834254144,27.39
1989-04-26T12:00:00Z,-18.174997,147.42499,1.4585635359116023,27.19
1989-04-27T12:00:00Z,-18.174997,147.42499,1.4364640883977902,27.2
1989-04-28T12:00:00Z,-18.174997,147.42499,1.4143646408839778,26.73
1989-04-29T12:00:00Z,-18.174997,147.42499,1.3922651933701657,26.08
1989-04-30T12:00:00Z,-18.174997,147.42499,1.3701657458563536,25.66
1989-05-01T12:00:00Z,-18.174997,147.42499,1.3480662983425415,25.63
1989-05-02T12:00:00Z,-18.174997,147.42499,1.3259668508287292,25.75
1989-05-03T12:00:00Z,-18.174997,147.42499,1.3038674033149171,25.54
1989-05-04T12:00:00Z,-18.174997,147.42499,1.281767955801105,25.9
1989-05-05T12:00:00Z,-18.174997,147.42499,1.2596685082872927,26.52
1989-05-06T12:00:00Z,-18.174997,147.42499,1.2375690607734806,26.67
1989-05-07T12:00:00Z,-18.174997,147.42499,1.2154696132596685,26.56
1989-05-08T12:00:00Z,-18.174997,147.42499,1.1933701657458564,26.44
1989-05-09T12:00:00Z,-18.174997,147.42499,1.171270718232044,26.33
1989-05-10T12:00:00Z,-18.174997,147.42499,1.149171270718232,26.22
1989-05-11T12:00:00Z,-18.174997,147.42499,1.12707182320442,26.42
1989-05-12T12:00:00Z,-18.174997,147.42499,1.1049723756906078,25.91
1989-05-13T12:00:00Z,-18.174997,147.42499,1.0828729281767955,25.2
1989-05-14T12:00:00Z,-18.174997,147.42499,1.0607734806629834,25.1
1989-05-15T12:00:00Z,-18.174997,147.42499,1.0386740331491713,25.43
1989-05-16T12:00:00Z,-18.174997,147.42499,1.0165745856353592,25.53
1989-05-17T12:00:00Z,-18.174997,147.42499,0.994475138121547,25.67
1989-05-18T12:00:00Z,-18.174997,147.42499,0.9723756906077348,25.34
1989-05-19T12:00:00Z,-18.174997,147.42499,0.9502762430939227,25.27
1989-05-20T12:00:00Z,-18.174997,147.42499,0.9281767955801105,25.02
1989-05-21T12:00:00Z,-18.174997,147.42499,0.9060773480662984,25.15
1989-05-22T12:00:00Z,-18.174997,147.42499,0.8839779005524862,25.24
1989-05-23T12:00:00Z,-18.174997,147.42499,0.861878453038674,25.22
1989-05-24T12:00:00Z,-18.174997,147.42499,0.8397790055248618,25.17
1989-05-25T12:00:00Z,-18.174997,147.42499,0.8176795580110497,25.06
1989-05-26T12:00:00Z,-18.174997,147.42499,0.7955801104972375,24.94
1989-05-27T12:00:00Z,-18.174997,147.42499,0.7734806629834254,24.92
1989-05-28T12:00:00Z,-18.174997,147.42499,0.7513812154696132,24.88
1989-05-29T12:00:00Z,-18.174997,147.42499,0.7292817679558011,24.89
1989-05-30T12:00:00Z,-18.174997,147.42499,0.7071823204419889,24.81
1989-05-31T12:00:00Z,-18.174997,147.42499,0.6850828729281768,24.55
1989-06-01T12:00:00Z,-18.174997,147.42499,0.6629834254143646,24.66
1989-06-02T12:00:00Z,-18.174997,147.42499,0.6408839779005525,24.81
1989-06-03T12:00:00Z,-18.174997,147.42499,0.6187845303867403,24.88
1989-06-04T12:00:00Z,-18.174997,147.42499,0.5966850828729282,24.84
1989-06-05T12:00:00Z,-18.174997,147.42499,0.574585635359116,24.76
1989-06-06T12:00:00Z,-18.174997,147.42499,0.5524861878453039,24.5
1989-06-07T12:00:00Z,-18.174997,147.42499,0.5303867403314917,24.67
1989-06-08T12:00:00Z,-18.174997,147.42499,0.5082872928176796,23.95
1989-06-09T12:00:00Z,-18.174997,147.42499,0.4861878453038674,23.74
1989-06-10T12:00:00Z,-18.174997,147.42499,0.46408839779005523,23.4
1989-06-11T12:00:00Z,-18.174997,147.42499,0.4419889502762431,24.56
1989-06-12T12:00:00Z,-18.174997,147.42499,0.4198895027624309,25.0
1989-06-13T12:00:00Z,-18.174997,147.42499,0.39779005524861877,25.32
1989-06-14T12:00:00Z,-18.174997,147.42499,0.3756906077348066,25.17
1989-06-15T12:00:00Z,-18.174997,147.42499,0.35359116022099446,25.19
1989-06-16T12:00:00Z,-18.174997,147.42499,0.3314917127071823,24.66
1989-06-17T12:00:00Z,-18.174997,147.42499,0.30939226519337015,24.63
1989-06-18T12:00:00Z,-18.174997,147.42499,0.287292817679558,25.04
1989-06-19T12:00:00Z,-18.174997,147.42499,0.26519337016574585,24.66
1989-06-20T12:00:00Z,-18.174997,147.42499,0.2430939226519337,24.34
1989-06-21T12:00:00Z,-18.174997,147.42499,0.22099447513812154,23.25
1989-06-22T12:00:00Z,-18.174997,147.42499,0.19889502762430938,23.38
1989-06-23T12:00:00Z,-18.174997,147.42499,0.17679558011049723,23.87
1989-06-24T12:00:00Z,-18.174997,147.42499,0.15469613259668508,24.09
1989-06-25T12:00:00Z,-18.174997,147.42499,0.13259668508287292,24.12
1989-06-26T12:00:00Z,-18.174997,147.42499,0.11049723756906077,24.07
1989-06-27T12:00:00Z,-18.174997,147.42499,0.08839779005524862,24.09
1989-06-28T12:00:00Z,-18.174997,147.42499,0.06629834254143646,24.11
1989-06-29T12:00:00Z,-18.174997,147.42499,0.04419889502762431,23.99
1989-06-30T12:00:00Z,-18.174997,147.42499,0.022099447513812154,23.62
1989-07-01T12:00:00Z,-18.174997,147.42499,0.0,23.14
1989-07-02T12:00:00Z,-18.174997,147.42499,0.0,22.95
1989-07-03T12:00:00Z,-18.174997,147.42499,0.022099447513812154,22.98
1989-07-04T12:00:00Z,-18.174997,147.42499,0.04419889502762431,23.24
1989-07-05T12:00:00Z,-18.174997,147.42499,0.06629834254143646,23.73
1989-07-06T12:00:00Z,-18.174997,147.42499,0.08839779005524862,23.83
1989-07-07T12:00:00Z,-18.174997,147.42499,0.11049723756906077,23.96
1989-07-08T12:00:00Z,-18.174997,147.42499,0.13259668508287292,24.02
1989-07-09T12:00:00Z,-18.174997,147.42499,0.15469613259668508,24.6
1989-07-10T12:00:00Z,-18.174997,147.42499,0.17679558011049723,24.64
1989-07-11T12:00:00Z,-18.174997,147.42499,0.19889502762430938,24.53
1989-07-12T12:00:00Z,-18.174997,147.42499,0.22099447513812154,24.38
1989-07-13T12:00:00Z,-18.174997,147.42499,0.2430939226519337,24.46
1989-07-14T12:00:00Z,-18.174997,147.42499,0.26519337016574585,24.45
1989-07-15T12:00:00Z,-18.174997,147.42499,0.287292817679558,24.39
1989-07-16T12:00:00Z,-18.174997,147.42499,0.30939226519337015,24.36
1989-07-17T12:00:00Z,-18.174997,147.42499,0.3314917127071823,24.56
1989-07-18T12:00:00Z,-18.174997,147.42499,0.35359116022099446,24.91
1989-07-19T12:00:00Z,-18.174997,147.42499,0.3756906077348066,24.88
1989-07-20T12:00:00Z,-18.174997,147.42499,0.39779005524861877,24.72
1989-07-21T12:00:00Z,-18.174997,147.42499,0.4198895027624309,24.44
1989-07-22T12:00:00Z,-18.174997,147.42499,0.4419889502762431,24.41
1989-07-23T12:00:00Z,-18.174997,147.42499,0.46408839779005523,24.27
1989-07-24T12:00:00Z,-18.174997,147.42499,0.4861878453038674,24.14
1989-07-25T12:00:00Z,-18.174997,147.42499,0.5082872928176796,23.52
1989-07-26T12:00:00Z,-18.174997,147.42499,0.5303867403314917,23.32
1989-07-27T12:00:00Z,-18.174997,147.42499,0.5524861878453039,23.31
1989-07-28T12:00:00Z,-18.174997,147.42499,0.574585635359116,23.3
1989-07-29T12:00:00Z,-18.174997,147.42499,0.5966850828729282,23.1
1989-07-30T12:00:00Z,-18.174997,147.42499,0.6187845303867403,24.11
1989-07-31T12:00:00Z,-18.174997,147.42499,0.6408839779005525,24.09
1989-08-01T12:00:00Z,-18.174997,147.42499,0.6629834254143646,24.05
1989-08-02T12:00:00Z,-18.174997,147.42499,0.6850828729281768,23.76
1989-08-03T12:00:00Z,-18.174997,147.42499,0.7071823204419889,23.38
1989-08-04T12:00:00Z,-18.174997,147.42499,0.7292817679558011,24.14
1989-08-05T12:00:00Z,-18.174997,147.42499,0.7513812154696132,23.67
1989-08-06T12:00:00Z,-18.174997,147.42499,0.7734806629834254,23.2
1989-08-07T12:00:00Z,-18.174997,147.42499,0.7955801104972375,23.49
1989-08-08T12:00:00Z,-18.174997,147.42499,0.8176795580110497,24.49
1989-08-09T12:00:00Z,-18.174997,147.42499,0.8397790055248618,24.14
1989-08-10T12:00:00Z,-18.174997,147.42499,0.861878453038674,24.05
1989-08-11T12:00:00Z,-18.174997,147.42499,0.8839779005524862,23.57
1989-08-12T12:00:00Z,-18.174997,147.42499,0.9060773480662984,23.67
1989-08-13T12:00:00Z,-18.174997,147.42499,0.9281767955801105,24.44
1989-08-14T12:00:00Z,-18.174997,147.42499,0.9502762430939227,24.29
1989-08-15T12:00:00Z,-18.174997,147.42499,0.9723756906077348,23.73
1989-08-16T12:00:00Z,-18.174997,147.42499,0.994475138121547,23.4
1989-08-17T12:00:00Z,-18.174997,147.42499,1.0165745856353592,24.08
1989-08-18T12:00:00Z,-18.174997,147.42499,1.0386740331491713,22.95
1989-08-19T12:00:00Z,-18.174997,147.42499,1.0607734806629834,23.22
1989-08-20T12:00:00Z,-18.174997,147.42499,1.0828729281767955,22.81
1989-08-21T12:00:00Z,-18.174997,147.42499,1.1049723756906078,22.86
1989-08-22T12:00:00Z,-18.174997,147.42499,1.12707182320442,22.9
1989-08-23T12:00:00Z,-18.174997,147.42499,1.149171270718232,23.07
1989-08-24T12:00:00Z,-18.174997,147.42499,1.171270718232044,23.26
1989-08-25T12:00:00Z,-18.174997,147.42499,1.1933701657458564,23.53
1989-08-26T12:00:00Z,-18.174997,147.42499,1.2154696132596685,23.12
1989-08-27T12:00:00Z,-18.174997,147.42499,1.2375690607734806,23.14
1989-08-28T12:00:00Z,-18.174997,147.42499,1.2596685082872927,23.55
1989-08-29T12:00:00Z,-18.174997,147.42499,1.281767955801105,23.6
1989-08-30T12:00:00Z,-18.174997,147.42499,1.3038674033149171,23.64
1989-08-31T12:00:00Z,-18.174997,147.42499,1.3259668508287292,23.6
1989-09-01T12:00:00Z,-18.174997,147.42499,1.3480662983425415,23.72
1989-09-02T12:00:00Z,-18.174997,147.42499,1.3701657458563536,24.15
1989-09-03T12:00:00Z,-18.174997,147.42499,1.3922651933701657,24.08
1989-09-04T12:00:00Z,-18.174997,147.42499,1.4143646408839778,24.87
1989-09-05T12:00:00Z,-18.174997,147.42499,1.4364640883977902,25.1
1989-09-06T12:00:00Z,-18.174997,147.42499,1.4585635359116023,25.14
1989-09-07T12:00:00Z,-18.174997,147.42499,1.4806629834254144,24.57
1989-09-08T12:00:00Z,-18.174997,147.42499,1.5027624309392265,24.36
1989-09-09T12:00:00Z,-18.174997,147.42499,1.5248618784530388,24.19
1989-09-10T12:00:00Z,-18.174997,147.42499,1.5469613259668509,24.22
1989-09-11T12:00:00Z,-18.174997,147.42499,1.569060773480663,23.82
1989-09-12T12:00:00Z,-18.174997,147.42499,1.591160220994475,24.69
1989-09-13T12:00:00Z,-18.174997,147.42499,1.6132596685082874,24.3
1989-09-14T12:00:00Z,-18.174997,147.42499,1.6353591160220995,24.58
1989-09-15T12:00:00Z,-18.174997,147.42499,1.6574585635359116,24.3
1989-09-16T12:00:00Z,-18.174997,147.42499,1.6795580110497237,24.28
1989-09-17T12:00:00Z,-18.174997,147.42499,1.701657458563536,24.5
1989-09-18T12:00:00Z,-18.174997,147.42499,1.723756906077348,24.57
1989-09-19T12:00:00Z,-18.174997,147.42499,1.7458563535911602,24.67
1989-09-20T12:00:00Z,-18.174997,147.42499,1.7679558011049723,24.82
1989-09-21T12:00:00Z,-18.174997,147.42499,1.7900552486187846,25.31
1989-09-22T12:00:00Z,-18.174997,147.42499,1.8121546961325967,24.75
1989-09-23T12:00:00Z,-18.174997,147.42499,1.8342541436464088,24.51
1989-09-24T12:00:00Z,-18.174997,147.42499,1.856353591160221,24.29
1989-09-25T12:00:00Z,-18.174997,147.42499,1.8784530386740332,25.02
1989-09-26T12:00:00Z,-18.174997,147.42499,1.9005524861878453,25.18
1989-09-27T12:00:00Z,-18.174997,147.42499,1.9226519337016574,25.3
1989-09-28T12:00:00Z,-18.174997,147.42499,1.9447513812154695,24.97
1989-09-29T12:00:00Z,-18.174997,147.42499,1.9668508287292819,24.86
1989-09-30T12:00:00Z,-18.174997,147.42499,1.988950276243094,25.61
1989-10-01T12:00:00Z,-18.174997,147.42499,2.0110497237569063,25.42
1989-10-02T12:00:00Z,-18.174997,147.42499,2.0331491712707184,25.59
1989-10-03T12:00:00Z,-18.174997,147.42499,2.0552486187845305,25.06
1989-10-04T12:00:00Z,-18.174997,147.42499,2.0773480662983426,24.82
1989-10-05T12:00:00Z,-18.174997,147.42499,2.0994475138121547,24.61
1989-10-06T12:00:00Z,-18.174997,147.42499,2.1215469613259668,25.16
1989-10-07T12:00:00Z,-18.174997,147.42499,2.143646408839779,25.56
1989-10-08T12:00:00Z,-18.174997,147.42499,2.165745856353591,26.11
1989-10-09T12:00:00Z,-18.174997,147.42499,2.1878453038674035,26.08
1989-10-10T12:00:00Z,-18.174997,147.42499,2.2099447513812156,25.91
1989-10-11T12:00:00Z,-18.174997,147.42499,2.2320441988950277,25.53
1989-10-12T12:00:00Z,-18.174997,147.42499,2.25414364640884,24.9
1989-10-13T12:00:00Z,-18.174997,147.42499,2.276243093922652,24.56
1989-10-14T12:00:00Z,-18.174997,147.42499,2.298342541436464,25.08
1989-10-15T12:00:00Z,-18.174997,147.42499,2.320441988950276,26.17
1989-10-16T12:00:00Z,-18.174997,147.42499,2.342541436464088,26.47
1989-10-17T12:00:00Z,-18.174997,147.42499,2.3646408839779007,26.71
1989-10-18T12:00:00Z,-18.174997,147.42499,2.386740331491713,26.62
1989-10-19T12:00:00Z,-18.174997,147.42499,2.408839779005525,26.02
1989-10-20T12:00:00Z,-18.174997,147.42499,2.430939226519337,26.81
1989-10-21T12:00:00Z,-18.174997,147.42499,2.453038674033149,26.69
1989-10-22T12:00:00Z,-18.174997,147.42499,2.4751381215469612,26.3
1989-10-23T12:00:00Z,-18.174997,147.42499,2.4972375690607733,25.96
1989-10-24T12:00:00Z,-18.174997,147.42499,2.5193370165745854,26.2
1989-10-25T12:00:00Z,-18.174997,147.42499,2.541436464088398,26.44
1989-10-26T12:00:00Z,-18.174997,147.42499,2.56353591160221,26.78
1989-10-27T12:00:00Z,-18.174997,147.42499,2.585635359116022,26.89
1989-10-28T12:00:00Z,-18.174997,147.42499,2.6077348066298343,26.8
1989-10-29T12:00:00Z,-18.174997,147.42499,2.6298342541436464,27.51
1989-10-30T12:00:00Z,-18.174997,147.42499,2.6519337016574585,27.64
1989-10-31T12:00:00Z,-18.174997,147.42499,2.6740331491712706,27.48
1989-11-01T12:00:00Z,-18.174997,147.42499,2.696132596685083,27.05
1989-11-02T12:00:00Z,-18.174997,147.42499,2.718232044198895,27.02
1989-11-03T12:00:00Z,-18.174997,147.42499,2.7403314917127073,27.34
1989-11-04T12:00:00Z,-18.174997,147.42499,2.7624309392265194,27.6
1989-11-05T12:00:00Z,-18.174997,147.42499,2.7845303867403315,27.45
1989-11-06T12:00:00Z,-18.174997,147.42499,2.8066298342541436,27.4
1989-11-07T12:00:00Z,-18.174997,147.42499,2.8287292817679557,27.51
1989-11-08T12:00:00Z,-18.174997,147.42499,2.850828729281768,27.46
1989-11-09T12:00:00Z,-18.174997,147.42499,2.8729281767955803,27.58
1989-11-10T12:00:00Z,-18.174997,147.42499,2.8950276243093924,27.89
1989-11-11T12:00:00Z,-18.174997,147.42499,2.9171270718232045,27.77
1989-11-12T12:00:00Z,-18.174997,147.42499,2.9392265193370166,27.65
1989-11-13T12:00:00Z,-18.174997,147.42499,2.9613259668508287,27.76
1989-11-14T12:00:00Z,-18.174997,147.42499,2.983425414364641,28.0
1989-11-15T12:00:00Z,-18.174997,147.42499,3.005524861878453,28.12
1989-11-16T12:00:00Z,-18.174997,147.42499,3.027624309392265,28.0
1989-11-17T12:00:00Z,-18.174997,147.42499,3.0497237569060776,27.92
1989-11-18T12:00:00Z,-18.174997,147.42499,3.0718232044198897,27.42
1989-11-19T12:00:00Z,-18.174997,147.42499,3.0939226519337018,26.86
1989-11-20T12:00:00Z,-18.174997,147.42499,3.116022099447514,26.75
1989-11-21T12:00:00Z,-18.174997,147.42499,3.138121546961326,26.66
1989-11-22T12:00:00Z,-18.174997,147.42499,3.160220994475138,26.61
1989-11-23T12:00:00Z,-18.174997,147.42499,3.18232044198895,26.58
1989-11-24T12:00:00Z,-18.174997,147.42499,3.2044198895027622,26.67
1989-11-25T12:00:00Z,-18.174997,147.42499,3.226519337016575,26.84
1989-11-26T12:00:00Z,-18.174997,147.42499,3.248618784530387,26.98
1989-11-27T12:00:00Z,-18.174997,147.42499,3.270718232044199,27.3
1989-11-28T12:00:00Z,-18.174997,147.42499,3.292817679558011,27.03
1989-11-29T12:00:00Z,-18.174997,147.42499,3.314917127071823,27.14
1989-11-30T12:00:00Z,-18.174997,147.42499,3.3370165745856353,26.95
1989-12-01T12:00:00Z,-18.174997,147.42499,3.3591160220994474,27.32
1989-12-02T12:00:00Z,-18.174997,147.42499,3.3812154696132595,27.91
1989-12-03T12:00:00Z,-18.174997,147.42499,3.403314917127072,28.21
1989-12-04T12:00:00Z,-18.174997,147.42499,3.425414364640884,28.08
1989-12-05T12:00:00Z,-18.174997,147.42499,3.447513812154696,28.05
1989-12-06T12:00:00Z,-18.174997,147.42499,3.4696132596685083,27.99
1989-12-07T12:00:00Z,-18.174997,147.42499,3.4917127071823204,28.62
1989-12-08T12:00:00Z,-18.174997,147.42499,3.5138121546961325,29.16
1989-12-09T12:00:00Z,-18.174997,147.42499,3.5359116022099446,29.51
1989-12-10T12:00:00Z,-18.174997,147.42499,3.5580110497237567,28.8
1989-12-11T12:00:00Z,-18.174997,147.42499,3.5801104972375692,28.59
1989-12-12T12:00:00Z,-18.174997,147.42499,3.6022099447513813,28.32
1989-12-13T12:00:00Z,-18.174997,147.42499,3.6243093922651934,28.44
1989-12-14T12:00:00Z,-18.174997,147.42499,3.6464088397790055,28.46
1989-12-15T12:00:00Z,-18.174997,147.42499,3.6685082872928176,28.4
1989-12-16T12:00:00Z,-18.174997,147.42499,3.6906077348066297,28.38
1989-12-17T12:00:00Z,-18.174997,147.42499,3.712707182320442,27.54
1989-12-18T12:00:00Z,-18.174997,147.42499,3.734806629834254,27.92
1989-12-19T12:00:00Z,-18.174997,147.42499,3.7569060773480665,28.51
1989-12-20T12:00:00Z,-18.174997,147.42499,3.7790055248618786,28.68
1989-12-21T12:00:00Z,-18.174997,147.42499,3.8011049723756907,28.71
1989-12-22T12:00:00Z,-18.174997,147.42499,3.8232044198895028,28.25
1989-12-23T12:00:00Z,-18.174997,147.42499,3.845303867403315,27.85
1989-12-24T12:00:00Z,-18.174997,147.42499,3.867403314917127,27.78
1989-12-25T12:00:00Z,-18.174997,147.42499,3.889502762430939,27.52
1989-12-26T12:00:00Z,-18.174997,147.42499,3.911602209944751,27.3
1989-12-27T12:00:00Z,-18.174997,147.42499,3.9337016574585637,27.59
1989-12-28T12:00:00Z,-18.174997,147.42499,3.955801104972376,27.97
1989-12-29T12:00:00Z,-18.174997,147.42499,3.977900552486188,27.51
1989-12-30T12:00:00Z,-18.174997,147.42499,4.0,27.44
1989-12-31T12:00:00Z,-18.174997,147.42499,4.0220994475138125,27.13
1990-01-01T12:00:00Z,-18.174997,147.42499,4.0,27.14
1990-01-02T12:00:00Z,-18.174997,147.42499,3.977900552486188,27.19
1990-01-03T12:00:00Z,-18.174997,147.42499,3.955801104972376,26.43
1990-01-04T12:00:00Z,-18.174997,147.42499,3.9337016574585637,26.33
1990-01-05T12:00:00Z,-18.174997,147.42499,3.911602209944751,27.03
1990-01-06T12:00:00Z,-18.174997,147.42499,3.889502762430939,27.25
1990-01-07T12:00:00Z,-18.174997,147.42499,3.867403314917127,27.65
1990-01-08T12:00:00Z,-18.174997,147.42499,3.845303867403315,27.57
1990-01-09T12:00:00Z,-18.174997,147.42499,3.8232044198895028,27.59
1990-01-10T12:00:00Z,-18.174997,147.42499,3.8011049723756907,27.71
1990-01-11T12:00:00Z,-18.174997,147.42499,3.7790055248618786,27.62
1990-01-12T12:00:00Z,-18.174997,147.42499,3.7569060773480665,27.45
1990-01-13T12:00:00Z,-18.174997,147.42499,3.734806629834254,28.21
1990-01-14T12:00:00Z,-18.174997,147.42499,3.712707182320442,27.82
1990-01-15T12:00:00Z,-18.174997,147.42499,3.6906077348066297,27.51
1990-01-16T12:00:00Z,-18.174997,147.42499,3.6685082872928176,26.85
1990-01-17T12:00:00Z,-18.174997,147.42499,3.6464088397790055,27.72
1990-01-18T12:00:00Z,-18.174997,147.42499,3.6243093922651934,28.07
1990-01-19T12:00:00Z,-18.174997,147.42499,3.6022099447513813,28.48
1990-01-20T12:00:00Z,-18.174997,147.42499,3.5801104972375692,29.01
1990-01-21T12:00:00Z,-18.174997,147.42499,3.5580110497237567,28.99
1990-01-22T12:00:00Z,-18.174997,147.42499,3.5359116022099446,29.92
1990-01-23T12:00:00Z,-18.174997,147.42499,3.5138121546961325,29.82
1990-01-24T12:00:00Z,-18.174997,147.42499,3.4917127071823204,29.61
1990-01-25T12:00:00Z,-18.174997,147.42499,3.4696132596685083,29.25
1990-01-26T12:00:00Z,-18.174997,147.42499,3.447513812154696,28.68
1990-01-27T12:00:00Z,-18.174997,147.42499,3.425414364640884,27.85
1990-01-28T12:00:00Z,-18.174997,147.42499,3.403314917127072,27.73
1990-01-29T12:00:00Z,-18.174997,147.42499,3.3812154696132595,28.07
1990-01-30T12:00:00Z,-18.174997,147.42499,3.3591160220994474,28.15
1990-01-31T12:00:00Z,-18.174997,147.42499,3.3370165745856353,28.43
1990-02-01T12:00:00Z,-18.174997,147.42499,3.314917127071823,28.06
1990-02-02T12:00:00Z,-18.174997,147.42499,3.292817679558011,27.71
1990-02-03T12:00:00Z,-18.174997,147.42499,3.270718232044199,28.13
1990-02-04T12:00:00Z,-18.174997,147.42499,3.248618784530387,28.57
1990-02-05T12:00:00Z,-18.174997,147.42499,3.226519337016575,28.8
1990-02-06T12:00:00Z,-18.174997,147.42499,3.2044198895027622,28.64
1990-02-07T12:00:00Z,-18.174997,147.42499,3.18232044198895,28.35
1990-02-08T12:00:00Z,-18.174997,147.42499,3.160220994475138,28.43
1990-02-09T12:00:00Z,-18.174997,147.42499,3.138121546961326,28.06
1990-02-10T12:00:00Z,-18.174997,147.42499,3.116022099447514,28.32
1990-02-11T12:00:00Z,-18.174997,147.42499,3.0939226519337018,29.09
1990-02-12T12:00:00Z,-18.174997,147.42499,3.0718232044198897,29.44
1990-02-13T12:00:00Z,-18.174997,147.42499,3.0497237569060776,29.38
1990-02-14T12:00:00Z,-18.174997,147.42499,3.027624309392265,29.12
1990-02-15T12:00:00Z,-18.174997,147.42499,3.005524861878453,28.95
1990-02-16T12:00:00Z,-18.174997,147.42499,2.983425414364641,28.97
1990-02-17T12:00:00Z,-18.174997,147.42499,2.9613259668508287,29.05
1990-02-18T12:00:00Z,-18.174997,147.42499,2.9392265193370166,28.94
1990-02-19T12:00:00Z,-18.174997,147.42499,2.9171270718232045,28.57
1990-02-20T12:00:00Z,-18.174997,147.42499,2.8950276243093924,28.28
1990-02-21T12:00:00Z,-18.174997,147.42499,2.8729281767955803,28.44
1990-02-22T12:00:00Z,-18.174997,147.42499,2.850828729281768,28.18
1990-02-23T12:00:00Z,-18.174997,147.42499,2.8287292817679557,27.94
1990-02-24T12:00:00Z,-18.174997,147.42499,2.8066298342541436,27.72
1990-02-25T12:00:00Z,-18.174997,147.42499,2.7845303867403315,27.66
1990-02-26T12:00:00Z,-18.174997,147.42499,2.7624309392265194,27.69
1990-02-27T12:00:00Z,-18.174997,147.42499,2.7403314917127073,27.66
1990-02-28T12:00:00Z,-18.174997,147.42499,2.718232044198895,27.57
1990-03-01T12:00:00Z,-18.174997,147.42499,2.696132596685083,27.39
1990-03-02T12:00:00Z,-18.174997,147.42499,2.6740331491712706,27.49
1990-03-03T12:00:00Z,-18.174997,147.42499,2.6519337016574585,27.53
1990-03-04T12:00:00Z,-18.174997,147.42499,2.6298342541436464,27.48
1990-03-05T12:00:00Z,-18.174997,147.42499,2.6077348066298343,27.42
1990-03-06T12:00:00Z,-18.174997,147.42499,2.585635359116022,27.45
1990-03-07T12:00:00Z,-18.174997,147.42499,2.56353591160221,27.39
1990-03-08T12:00:00Z,-18.174997,147.42499,2.541436464088398,27.53
1990-03-09T12:00:00Z,-18.174997,147.42499,2.5193370165745854,27.51
1990-03-10T12:00:00Z,-18.174997,147.42499,2.4972375690607733,28.12
1990-03-11T12:00:00Z,-18.174997,147.42499,2.4751381215469612,28.84
1990-03-12T12:00:00Z,-18.174997,147.42499,2.453038674033149,28.34
1990-03-13T12:00:00Z,-18.174997,147.42499,2.430939226519337,27.98
1990-03-14T12:00:00Z,-18.174997,147.42499,2.408839779005525,27.34
1990-03-15T12:00:00Z,-18.174997,147.42499,2.386740331491713,28.61
1990-03-16T12:00:00Z,-18.174997,147.42499,2.3646408839779007,29.26
1990-03-17T12:00:00Z,-18.174997,147.42499,2.342541436464088,29.6
1990-03-18T12:00:00Z,-18.174997,147.42499,2.320441988950276,29.37
1990-03-19T12:00:00Z,-18.174997,147.42499,2.298342541436464,29.05
1990-03-20T12:00:00Z,-18.174997,147.42499,2.276243093922652,28.73
1990-03-21T12:00:00Z,-18.174997,147.42499,2.25414364640884,28.41
1990-03-22T12:00:00Z,-18.174997,147.42499,2.2320441988950277,28.19
1990-03-23T12:00:00Z,-18.174997,147.42499,2.2099447513812156,27.98
1990-03-24T12:00:00Z,-18.174997,147.42499,2.1878453038674035,26.55
1990-03-25T12:00:00Z,-18.174997,147.42499,2.165745856353591,25.89
1990-03-26T12:00:00Z,-18.174997,147.42499,2.143646408839779,25.56
1990-03-27T12:00:00Z,-18.174997,147.42499,2.1215469613259668,25.71
1990-03-28T12:00:00Z,-18.174997,147.42499,2.0994475138121547,25.92
1990-03-29T12:00:00Z,-18.174997,147.42499,2.0773480662983426,25.99
1990-03-30T12:00:00Z,-18.174997,147.42499,2.0552486187845305,26.15
1990-03-31T12:00:00Z,-18.174997,147.42499,2.0331491712707184,26.77
1990-04-01T12:00:00Z,-18.174997,147.42499,2.0110497237569063,27.09
1990-04-02T12:00:00Z,-18.174997,147.42499,1.988950276243094,27.33
1990-04-03T12:00:00Z,-18.174997,147.42499,1.9668508287292819,27.71
1990-04-04T12:00:00Z,-18.174997,147.42499,1.9447513812154695,27.87
1990-04-05T12:00:00Z,-18.174997,147.42499,1.9226519337016574,27.57
1990-04-06T12:00:00Z,-18.174997,147.42499,1.9005524861878453,27.45
1990-04-07T12:00:00Z,-18.174997,147.42499,1.8784530386740332,27.06
1990-04-08T12:00:00Z,-18.174997,147.42499,1.856353591160221,27.32
1990-04-09T12:00:00Z,-18.174997,147.42499,1.8342541436464088,27.39
1990-04-10T12:00:00Z,-18.174997,147.42499,1.8121546961325967,27.4
1990-04-11T12:00:00Z,-18.174997,147.42499,1.7900552486187846,27.34
1990-04-12T12:00:00Z,-18.174997,147.42499,1.7679558011049723,27.6
1990-04-13T12:00:00Z,-18.174997,147.42499,1.7458563535911602,27.51
1990-04-14T12:00:00Z,-18.174997,147.42499,1.723756906077348,27.42
1990-04-15T12:00:00Z,-18.174997,147.42499,1.701657458563536,27.18
1990-04-16T12:00:00Z,-18.174997,147.42499,1.6795580110497237,26.56
1990-04-17T12:00:00Z,-18.174997,147.42499,1.6574585635359116,26.31
1990-04-18T12:00:00Z,-18.174997,147.42499,1.6353591160220995,26.35
1990-04-19T12:00:00Z,-18.174997,147.42499,1.6132596685082874,26.43
1990-04-20T12:00:00Z,-18.174997,147.42499,1.591160220994475,26.59
1990-04-21T12:00:00Z,-18.174997,147.42499,1.569060773480663,26.65
1990-04-22T12:00:00Z,-18.174997,147.42499,1.5469613259668509,26.84
1990-04-23T12:00:00Z,-18.174997,147.42499,1.5248618784530388,26.88
1990-04-24T12:00:00Z,-18.174997,147.42499,1.5027624309392265,26.92
1990-04-25T12:00:00Z,-18.174997,147.42499,1.4806629834254144,28.25
1990-04-26T12:00:00Z,-18.174997,147.42499,1.4585635359116023,28.52
1990-04-27T12:00:00Z,-18.174997,147.42499,1.4364640883977902,28.48
1990-04-28T12:00:00Z,-18.174997,147.42499,1.4143646408839778,27.8
1990-04-29T12:00:00Z,-18.174997,147.42499,1.3922651933701657,27.89
1990-04-30T12:00:00Z,-18.174997,147.42499,1.3701657458563536,27.92
1990-05-01T12:00:00Z,-18.174997,147.42499,1.3480662983425415,27.87
1990-05-02T12:00:00Z,-18.174997,147.42499,1.3259668508287292,27.54
1990-05-03T12:00:00Z,-18.174997,147.42499,1.3038674033149171,27.43
1990-05-04T12:00:00Z,-18.174997,147.42499,1.281767955801105,27.21
1990-05-05T12:00:00Z,-18.174997,147.42499,1.2596685082872927,26.81
1990-05-06T12:00:00Z,-18.174997,147.42499,1.2375690607734806,26.6
1990-05-07T12:00:00Z,-18.174997,147.42499,1.2154696132596685,26.57
1990-05-08T12:00:00Z,-18.174997,147.42499,1.1933701657458564,26.81
1990-05-09T12:00:00Z,-18.174997,147.42499,1.171270718232044,26.59
1990-05-10T12:00:00Z,-18.174997,147.42499,1.149171270718232,26.49
1990-05-11T12:00:00Z,-18.174997,147.42499,1.12707182320442,26.36
1990-05-12T12:00:00Z,-18.174997,147.42499,1.1049723756906078,26.39
1990-05-13T12:00:00Z,-18.174997,147.42499,1.0828729281767955,26.49
1990-05-14T12:00:00Z,-18.174997,147.42499,1.0607734806629834,26.56
1990-05-15T12:00:00Z,-18.174997,147.42499,1.0386740331491713,26.7
1990-05-16T12:00:00Z,-18.174997,147.42499,1.0165745856353592,25.88
1990-05-17T12:00:00Z,-18.174997,147.42499,0.994475138121547,25.72
1990-05-18T12:00:00Z,-18.174997,147.42499,0.9723756906077348,26.3
1990-05-19T12:00:00Z,-18.174997,147.42499,0.9502762430939227,26.6
1990-05-20T12:00:00Z,-18.174997,147.42499,0.9281767955801105,26.52
1990-05-21T12:00:00Z,-18.174997,147.42499,0.9060773480662984,26.31
1990-05-22T12:00:00Z,-18.174997,147.42499,0.8839779005524862,26.31
1990-05-23T12:00:00Z,-18.174997,147.42499,0.861878453038674,26.13
1990-05-24T12:00:00Z,-18.174997,147.42499,0.8397790055248618,26.04
1990-05-25T12:00:00Z,-18.174997,147.42499,0.8176795580110497,26.03
1990-05-26T12:00:00Z,-18.174997,147.42499,0.7955801104972375,25.9
1990-05-27T12:00:00Z,-18.174997,147.42499,0.7734806629834254,25.77
1990-05-28T12:00:00Z,-18.174997,147.42499,0.7513812154696132,25.41
1990-05-29T12:00:00Z,-18.174997,147.42499,0.7292817679558011,25.29
1990-05-30T12:00:00Z,-18.174997,147.42499,0.7071823204419889,25.15
1990-05-31T12:00:00Z,-18.174997,147.42499,0.6850828729281768,25.0
1990-06-01T12:00:00Z,-18.174997,147.42499,0.6629834254143646,25.98
1990-06-02T12:00:00Z,-18.174997,147.42499,0.6408839779005525,26.63
1990-06-03T12:00:00Z,-18.174997,147.42499,0.6187845303867403,26.26
1990-06-04T12:00:00Z,-18.174997,147.42499,0.5966850828729282,26.04
1990-06-05T12:00:00Z,-18.174997,147.42499,0.574585635359116,25.79
1990-06-06T12:00:00Z,-18.174997,147.42499,0.5524861878453039,25.62
1990-06-07T12:00:00Z,-18.174997,147.42499,0.5303867403314917,25.53
1990-06-08T12:00:00Z,-18.174997,147.42499,0.5082872928176796,25.47
1990-06-09T12:00:00Z,-18.174997,147.42499,0.4861878453038674,25.4
1990-06-10T12:00:00Z,-18.174997,147.42499,0.46408839779005523,24.77
1990-06-11T12:00:00Z,-18.174997,147.42499,0.4419889502762431,25.26
1990-06-12T12:00:00Z,-18.174997,147.42499,0.4198895027624309,25.3
1990-06-13T12:00:00Z,-18.174997,147.42499,0.39779005524861877,25.29
1990-06-14T12:00:00Z,-18.174997,147.42499,0.3756906077348066,25.25
1990-06-15T12:00:00Z,-18.174997,147.42499,0.35359116022099446,25.19
1990-06-16T12:00:00Z,-18.174997,147.42499,0.3314917127071823,25.03
1990-06-17T12:00:00Z,-18.174997,147.42499,0.30939226519337015,24.65
1990-06-18T12:00:00Z,-18.174997,147.42499,0.287292817679558,24.54
1990-06-19T12:00:00Z,-18.174997,147.42499,0.26519337016574585,24.12
1990-06-20T12:00:00Z,-18.174997,147.42499,0.2430939226519337,23.82
1990-06-21T12:00:00Z,-18.174997,147.42499,0.22099447513812154,23.91
1990-06-22T12:00:00Z,-18.174997,147.42499,0.19889502762430938,24.56
1990-06-23T12:00:00Z,-18.174997,147.42499,0.17679558011049723,24.96
1990-06-24T12:00:00Z,-18.174997,147.42499,0.15469613259668508,24.1
1990-06-25T12:00:00Z,-18.174997,147.42499,0.13259668508287292,23.02
1990-06-26T12:00:00Z,-18.174997,147.42499,0.11049723756906077,22.78
1990-06-27T12:00:00Z,-18.174997,147.42499,0.08839779005524862,23.02
1990-06-28T12:00:00Z,-18.174997,147.42499,0.06629834254143646,23.49
1990-06-29T12:00:00Z,-18.174997,147.42499,0.04419889502762431,23.58
1990-06-30T12:00:00Z,-18.174997,147.42499,0.022099447513812154,23.42
1990-07-01T12:00:00Z,-18.174997,147.42499,0.0,22.77
1990-07-02T12:00:00Z,-18.174997,147.42499,0.0,22.72
1990-07-03T12:00:00Z,-18.174997,147.42499,0.022099447513812154,22.39
1990-07-04T12:00:00Z,-18.174997,147.42499,0.04419889502762431,22.5
1990-07-05T12:00:00Z,-18.174997,147.42499,0.06629834254143646,22.43
1990-07-06T12:00:00Z,-18.174997,147.42499,0.08839779005524862,22.74
1990-07-07T12:00:00Z,-18.174997,147.42499,0.11049723756906077,23.06
1990-07-08T12:00:00Z,-18.174997,147.42499,0.13259668508287292,23.25
1990-07-09T12:00:00Z,-18.174997,147.42499,0.15469613259668508,23.27
1990-07-10T12:00:00Z,-18.174997,147.42499,0.17679558011049723,22.98
1990-07-11T12:00:00Z,-18.174997,147.42499,0.19889502762430938,23.32
1990-07-12T12:00:00Z,-18.174997,147.42499,0.22099447513812154,23.47
1990-07-13T12:00:00Z,-18.174997,147.42499,0.2430939226519337,23.63
1990-07-14T12:00:00Z,-18.174997,147.42499,0.26519337016574585,23.74
1990-07-15T12:00:00Z,-18.174997,147.42499,0.287292817679558,23.82
1990-07-16T12:00:00Z,-18.174997,147.42499,0.30939226519337015,24.08
1990-07-17T12:00:00Z,-18.174997,147.42499,0.3314917127071823,24.62
1990-07-18T12:00:00Z,-18.174997,147.42499,0.35359116022099446,24.71
1990-07-19T12:00:00Z,-18.174997,147.42499,0.3756906077348066,24.41
1990-07-20T12:00:00Z,-18.174997,147.42499,0.39779005524861877,24.34
1990-07-21T12:00:00Z,-18.174997,147.42499,0.4198895027624309,23.56
1990-07-22T12:00:00Z,-18.174997,147.42499,0.4419889502762431,24.21
1990-07-23T12:00:00Z,-18.174997,147.42499,0.46408839779005523,24.35
1990-07-24T12:00:00Z,-18.174997,147.42499,0.4861878453038674,24.22
1990-07-25T12:00:00Z,-18.174997,147.42499,0.5082872928176796,24.11
1990-07-26T12:00:00Z,-18.174997,147.42499,0.5303867403314917,24.88
1990-07-27T12:00:00Z,-18.174997,147.42499,0.5524861878453039,24.76
1990-07-28T12:00:00Z,-18.174997,147.42499,0.574585635359116,24.82
1990-07-29T12:00:00Z,-18.174997,147.42499,0.5966850828729282,24.66
1990-07-30T12:00:00Z,-18.174997,147.42499,0.6187845303867403,25.02
1990-07-31T12:00:00Z,-18.174997,147.42499,0.6408839779005525,25.1
1990-08-01T12:00:00Z,-18.174997,147.42499,0.6629834254143646,24.94
1990-08-02T12:00:00Z,-18.174997,147.42499,0.6850828729281768,24.67
1990-08-03T12:00:00Z,-18.174997,147.42499,0.7071823204419889,24.55
1990-08-04T12:00:00Z,-18.174997,147.42499,0.7292817679558011,24.15
1990-08-05T12:00:00Z,-18.174997,147.42499,0.7513812154696132,23.83
1990-08-06T12:00:00Z,-18.174997,147.42499,0.7734806629834254,24.1
1990-08-07T12:00:00Z,-18.174997,147.42499,0.7955801104972375,24.12
1990-08-08T12:00:00Z,-18.174997,147.42499,0.8176795580110497,24.42
1990-08-09T12:00:00Z,-18.174997,147.42499,0.8397790055248618,24.14
1990-08-10T12:00:00Z,-18.174997,147.42499,0.861878453038674,24.86
1990-08-11T12:00:00Z,-18.174997,147.42499,0.8839779005524862,24.74
1990-08-12T12:00:00Z,-18.174997,147.42499,0.9060773480662984,24.71
1990-08-13T12:00:00Z,-18.174997,147.42499,0.9281767955801105,23.98
1990-08-14T12:00:00Z,-18.174997,147.42499,0.9502762430939227,25.25
1990-08-15T12:00:00Z,-18.174997,147.42499,0.9723756906077348,24.26
1990-08-16T12:00:00Z,-18.174997,147.42499,0.994475138121547,24.09
1990-08-17T12:00:00Z,-18.174997,147.42499,1.0165745856353592,23.62
1990-08-18T12:00:00Z,-18.174997,147.42499,1.0386740331491713,23.69
1990-08-19T12:00:00Z,-18.174997,147.42499,1.0607734806629834,23.55
1990-08-20T12:00:00Z,-18.174997,147.42499,1.0828729281767955,23.45
1990-08-21T12:00:00Z,-18.174997,147.42499,1.1049723756906078,23.47
1990-08-22T12:00:00Z,-18.174997,147.42499,1.12707182320442,24.13
1990-08-23T12:00:00Z,-18.174997,147.42499,1.149171270718232,24.87
1990-08-24T12:00:00Z,-18.174997,147.42499,1.171270718232044,24.74
1990-08-25T12:00:00Z,-18.174997,147.42499,1.1933701657458564,24.74
1990-08-26T12:00:00Z,-18.174997,147.42499,1.2154696132596685,24.91
1990-08-27T12:00:00Z,-18.174997,147.42499,1.2375690607734806,25.24
1990-08-28T12:00:00Z,-18.174997,147.42499,1.2596685082872927,25.17
1990-08-29T12:00:00Z,-18.174997,147.42499,1.281767955801105,24.63
1990-08-30T12:00:00Z,-18.174997,147.42499,1.3038674033149171,24.23
1990-08-31T12:00:00Z,-18.174997,147.42499,1.3259668508287292,23.55
1990-09-01T12:00:00Z,-18.174997,147.42499,1.3480662983425415,23.88
1990-09-02T12:00:00Z,-18.174997,147.42499,1.3701657458563536,24.11
1990-09-03T12:00:00Z,-18.174997,147.42499,1.3922651933701657,23.77
1990-09-04T12:00:00Z,-18.174997,147.42499,1.4143646408839778,23.54
1990-09-05T12:00:00Z,-18.174997,147.42499,1.4364640883977902,23.49
1990-09-06T12:00:00Z,-18.174997,147.42499,1.4585635359116023,23.49
1990-09-07T12:00:00Z,-18.174997,147.42499,1.4806629834254144,23.59
1990-09-08T12:00:00Z,-18.174997,147.42499,1.5027624309392265,23.68
1990-09-09T12:00:00Z,-18.174997,147.42499,1.5248618784530388,23.93
1990-09-10T12:00:00Z,-18.174997,147.42499,1.5469613259668509,24.54
1990-09-11T12:00:00Z,-18.174997,147.42499,1.569060773480663,24.61
1990-09-12T12:00:00Z,-18.174997,147.42499,1.591160220994475,24.19
1990-09-13T12:00:00Z,-18.174997,147.42499,1.6132596685082874,24.28
1990-09-14T12:00:00Z,-18.174997,147.42499,1.6353591160220995,24.28
1990-09-15T12:00:00Z,-18.174997,147.42499,1.6574585635359116,24.14
1990-09-16T12:00:00Z,-18.174997,147.42499,1.6795580110497237,24.04
1990-09-17T12:00:00Z,-18.174997,147.42499,1.701657458563536,24.06
1990-09-18T12:00:00Z,-18.174997,147.42499,1.723756906077348,24.1
1990-09-19T12:00:00Z,-18.174997,147.42499,1.7458563535911602,24.01
1990-09-20T12:00:00Z,-18.174997,147.42499,1.7679558011049723,24.44
1990-09-21T12:00:00Z,-18.174997,147.42499,1.7900552486187846,24.86
1990-09-22T12:00:00Z,-18.174997,147.42499,1.8121546961325967,24.84
1990-09-23T12:00:00Z,-18.174997,147.42499,1.8342541436464088,24.5
1990-09-24T12:00:00Z,-18.174997,147.42499,1.856353591160221,24.62
1990-09-25T12:00:00Z,-18.174997,147.42499,1.8784530386740332,24.33
1990-09-26T12:00:00Z,-18.174997,147.42499,1.9005524861878453,24.22
1990-09-27T12:00:00Z,-18.174997,147.42499,1.9226519337016574,24.31
1990-09-28T12:00:00Z,-18.174997,147.42499,1.9447513812154695,23.77
1990-09-29T12:00:00Z,-18.174997,147.42499,1.9668508287292819,23.26
1990-09-30T12:00:00Z,-18.174997,147.42499,1.988950276243094,23.16
1990-10-01T12:00:00Z,-18.174997,147.42499,2.0110497237569063,23.65
1990-10-02T12:00:00Z,-18.174997,147.42499,2.0331491712707184,24.23
1990-10-03T12:00:00Z,-18.174997,147.42499,2.0552486187845305,24.58
1990-10-04T12:00:00Z,-18.174997,147.42499,2.0773480662983426,24.89
1990-10-05T12:00:00Z,-18.174997,147.42499,2.0994475138121547,24.14
1990-10-06T12:00:00Z,-18.174997,147.42499,2.1215469613259668,24.18
1990-10-07T12:00:00Z,-18.174997,147.42499,2.143646408839779,24.05
1990-10-08T12:00:00Z,-18.174997,147.42499,2.165745856353591,24.48
1990-10-09T12:00:00Z,-18.174997,147.42499,2.1878453038674035,24.79
1990-10-10T12:00:00Z,-18.174997,147.42499,2.2099447513812156,25.46
1990-10-11T12:00:00Z,-18.174997,147.42499,2.2320441988950277,25.52
1990-10-12T12:00:00Z,-18.174997,147.42499,2.25414364640884,25.51
1990-10-13T12:00:00Z,-18.174997,147.42499,2.276243093922652,25.55
1990-10-14T12:00:00Z,-18.174997,147.42499,2.298342541436464,25.55
1990-10-15T12:00:00Z,-18.174997,147.42499,2.320441988950276,25.51
1990-10-16T12:00:00Z,-18.174997,147.42499,2.342541436464088,25.07
1990-10-17T12:00:00Z,-18.174997,147.42499,2.3646408839779007,24.83
1990-10-18T12:00:00Z,-18.174997,147.42499,2.386740331491713,24.9
1990-10-19T12:00:00Z,-18.174997,147.42499,2.408839779005525,25.14
1990-10-20T12:00:00Z,-18.174997,147.42499,2.430939226519337,24.79
1990-10-21T12:00:00Z,-18.174997,147.42499,2.453038674033149,24.4
1990-10-22T12:00:00Z,-18.174997,147.42499,2.4751381215469612,24.52
1990-10-23T12:00:00Z,-18.174997,147.42499,2.4972375690607733,24.7
1990-10-24T12:00:00Z,-18.174997,147.42499,2.5193370165745854,25.11
1990-10-25T12:00:00Z,-18.174997,147.42499,2.541436464088398,25.26
1990-10-26T12:00:00Z,-18.174997,147.42499,2.56353591160221,25.3
1990-10-27T12:00:00Z,-18.174997,147.42499,2.585635359116022,25.15
1990-10-28T12:00:00Z,-18.174997,147.42499,2.6077348066298343,25.14
1990-10-29T12:00:00Z,-18.174997,147.42499,2.6298342541436464,25.02
1990-10-30T12:00:00Z,-18.174997,147.42499,2.6519337016574585,25.02
1990-10-31T12:00:00Z,-18.174997,147.42499,2.6740331491712706,25.39
1990-11-01T12:00:00Z,-18.174997,147.42499,2.696132596685083,25.52
1990-11-02T12:00:00Z,-18.174997,147.42499,2.718232044198895,25.58
1990-11-03T12:00:00Z,-18.174997,147.42499,2.7403314917127073,26.08
1990-11-04T12:00:00Z,-18.174997,147.42499,2.7624309392265194,26.53
1990-11-05T12:00:00Z,-18.174997,147.42499,2.7845303867403315,26.55
1990-11-06T12:00:00Z,-18.174997,147.42499,2.8066298342541436,26.5
1990-11-07T12:00:00Z,-18.174997,147.42499,2.8287292817679557,26.97
1990-11-08T12:00:00Z,-18.174997,147.42499,2.850828729281768,27.09
1990-11-09T12:00:00Z,-18.174997,147.42499,2.8729281767955803,27.22
1990-11-10T12:00:00Z,-18.174997,147.42499,2.8950276243093924,27.0
1990-11-11T12:00:00Z,-18.174997,147.42499,2.9171270718232045,27.12
1990-11-12T12:00:00Z,-18.174997,147.42499,2.9392265193370166,27.18
1990-11-13T12:00:00Z,-18.174997,147.42499,2.9613259668508287,27.02
1990-11-14T12:00:00Z,-18.174997,147.42499,2.983425414364641,26.86
1990-11-15T12:00:00Z,-18.174997,147.42499,3.005524861878453,26.49
1990-11-16T12:00:00Z,-18.174997,147.42499,3.027624309392265,26.86
1990-11-17T12:00:00Z,-18.174997,147.42499,3.0497237569060776,27.06
1990-11-18T12:00:00Z,-18.174997,147.42499,3.0718232044198897,26.88
1990-11-19T12:00:00Z,-18.174997,147.42499,3.0939226519337018,26.76
1990-11-20T12:00:00Z,-18.174997,147.42499,3.116022099447514,26.56
1990-11-21T12:00:00Z,-18.174997,147.42499,3.138121546961326,26.18
1990-11-22T12:00:00Z,-18.174997,147.42499,3.160220994475138,26.13
1990-11-23T12:00:00Z,-18.174997,147.42499,3.18232044198895,26.52
1990-11-24T12:00:00Z,-18.174997,147.42499,3.2044198895027622,26.59
1990-11-25T12:00:00Z,-18.174997,147.42499,3.226519337016575,26.52
1990-11-26T12:00:00Z,-18.174997,147.42499,3.248618784530387,26.67
1990-11-27T12:00:00Z,-18.174997,147.42499,3.270718232044199,27.03
1990-11-28T12:00:00Z,-18.174997,147.42499,3.292817679558011,27.06
1990-11-29T12:00:00Z,-18.174997,147.42499,3.314917127071823,27.13
1990-11-30T12:00:00Z,-18.174997,147.42499,3.3370165745856353,27.32
1990-12-01T12:00:00Z,-18.174997,147.42499,3.3591160220994474,27.28
1990-12-02T12:00:00Z,-18.174997,147.42499,3.3812154696132595,26.89
1990-12-03T12:00:00Z,-18.174997,147.42499,3.403314917127072,26.7
1990-12-04T12:00:00Z,-18.174997,147.42499,3.425414364640884,25.68
1990-12-05T12:00:00Z,-18.174997,147.42499,3.447513812154696,25.5
1990-12-06T12:00:00Z,-18.174997,147.42499,3.4696132596685083,25.46
1990-12-07T12:00:00Z,-18.174997,147.42499,3.4917127071823204,25.67
1990-12-08T12:00:00Z,-18.174997,147.42499,3.5138121546961325,25.88
1990-12-09T12:00:00Z,-18.174997,147.42499,3.5359116022099446,26.81
1990-12-10T12:00:00Z,-18.174997,147.42499,3.5580110497237567,27.0
1990-12-11T12:00:00Z,-18.174997,147.42499,3.5801104972375692,27.17
1990-12-12T12:00:00Z,-18.174997,147.42499,3.6022099447513813,27.67
1990-12-13T12:00:00Z,-18.174997,147.42499,3.6243093922651934,27.7
1990-12-14T12:00:00Z,-18.174997,147.42499,3.6464088397790055,27.61
1990-12-15T12:00:00Z,-18.174997,147.42499,3.6685082872928176,27.62
1990-12-16T12:00:00Z,-18.174997,147.42499,3.6906077348066297,27.72
1990-12-17T12:00:00Z,-18.174997,147.42499,3.712707182320442,27.78
1990-12-18T12:00:00Z,-18.174997,147.42499,3.734806629834254,27.22
1990-12-19T12:00:00Z,-18.174997,147.42499,3.7569060773480665,26.92
1990-12-20T12:00:00Z,-18.174997,147.42499,3.7790055248618786,26.82
1990-12-21T12:00:00Z,-18.174997,147.42499,3.8011049723756907,27.03
1990-12-22T12:00:00Z,-18.174997,147.42499,3.8232044198895028,27.14
1990-12-23T12:00:00Z,-18.174997,147.42499,3.845303867403315,27.19
1990-12-24T12:00:00Z,-18.174997,147.42499,3.867403314917127,27.22
1990-12-25T12:00:00Z,-18.174997,147.42499,3.889502762430939,27.23
1990-12-26T12:00:00Z,-18.174997,147.42499,3.911602209944751,27.27
1990-12-27T12:00:00Z,-18.174997,147.42499,3.9337016574585637,27.01
1990-12-28T12:00:00Z,-18.174997,147.42499,3.955801104972376,27.03
1990-12-29T12:00:00Z,-18.174997,147.42499,3.977900552486188,27.04
1990-12-30T12:00:00Z,-18.174997,147.42499,4.0,27.19
1990-12-31T12:00:00Z,-18.174997,147.42499,4.0220994475138125,27.19
1991-01-01T12:00:00Z,-18.174997,147.42499,4.0,27.21
1991-01-02T12:00:00Z,-18.174997,147.42499,3.977900552486188,27.22
1991-01-03T12:00:00Z,-18.174997,147.42499,3.955801104972376,27.26
1991-01-04T12:00:00Z,-18.174997,147.42499,3.9337016574585637,27.35
1991-01-05T12:00:00Z,-18.174997,147.42499,3.911602209944751,27.17
1991-01-06T12:00:00Z,-18.174997,147.42499,3.889502762430939,27.33
1991-01-07T12:00:00Z,-18.174997,147.42499,3.867403314917127,27.59
1991-01-08T12:00:00Z,-18.174997,147.42499,3.845303867403315,27.8
1991-01-09T12:00:00Z,-18.174997,147.42499,3.8232044198895028,27.94
1991-01-10T12:00:00Z,-18.174997,147.42499,3.8011049723756907,27.91
1991-01-11T12:00:00Z,-18.174997,147.42499,3.7790055248618786,27.91
1991-01-12T12:00:00Z,-18.174997,147.42499,3.7569060773480665,27.76
1991-01-13T12:00:00Z,-18.174997,147.42499,3.734806629834254,27.69
1991-01-14T12:00:00Z,-18.174997,147.42499,3.712707182320442,27.63
1991-01-15T12:00:00Z,-18.174997,147.42499,3.6906077348066297,27.63
1991-01-16T12:00:00Z,-18.174997,147.42499,3.6685082872928176,27.95
1991-01-17T12:00:00Z,-18.174997,147.42499,3.6464088397790055,28.24
1991-01-18T12:00:00Z,-18.174997,147.42499,3.6243093922651934,28.45
1991-01-19T12:00:00Z,-18.174997,147.42499,3.6022099447513813,28.6
1991-01-20T12:00:00Z,-18.174997,147.42499,3.5801104972375692,28.58
1991-01-21T12:00:00Z,-18.174997,147.42499,3.5580110497237567,28.6
1991-01-22T12:00:00Z,-18.174997,147.42499,3.5359116022099446,28.6
1991-01-23T12:00:00Z,-18.174997,147.42499,3.5138121546961325,28.61
1991-01-24T12:00:00Z,-18.174997,147.42499,3.4917127071823204,28.91
1991-01-25T12:00:00Z,-18.174997,147.42499,3.4696132596685083,28.64
1991-01-26T12:00:00Z,-18.174997,147.42499,3.447513812154696,28.87
1991-01-27T12:00:00Z,-18.174997,147.42499,3.425414364640884,28.48
1991-01-28T12:00:00Z,-18.174997,147.42499,3.403314917127072,28.6
1991-01-29T12:00:00Z,-18.174997,147.42499,3.3812154696132595,28.33
1991-01-30T12:00:00Z,-18.174997,147.42499,3.3591160220994474,28.49
1991-01-31T12:00:00Z,-18.174997,147.42499,3.3370165745856353,28.64
1991-02-01T12:00:00Z,-18.174997,147.42499,3.314917127071823,28.77
1991-02-02T12:00:00Z,-18.174997,147.42499,3.292817679558011,28.67
1991-02-03T12:00:00Z,-18.174997,147.42499,3.270718232044199,28.66
1991-02-04T12:00:00Z,-18.174997,147.42499,3.248618784530387,28.67
1991-02-05T12:00:00Z,-18.174997,147.42499,3.226519337016575,28.72
1991-02-06T12:00:00Z,-18.174997,147.42499,3.2044198895027622,28.7
1991-02-07T12:00:00Z,-18.174997,147.42499,3.18232044198895,28.73
1991-02-08T12:00:00Z,-18.174997,147.42499,3.160220994475138,28.68
1991-02-09T12:00:00Z,-18.174997,147.42499,3.138121546961326,28.72
1991-02-10T12:00:00Z,-18.174997,147.42499,3.116022099447514,28.73
1991-02-11T12:00:00Z,-18.174997,147.42499,3.0939226519337018,28.74
1991-02-12T12:00:00Z,-18.174997,147.42499,3.0718232044198897,29.43
1991-02-13T12:00:00Z,-18.174997,147.42499,3.0497237569060776,29.55
1991-02-14T12:00:00Z,-18.174997,147.42499,3.027624309392265,28.77
1991-02-15T12:00:00Z,-18.174997,147.42499,3.005524861878453,28.77
1991-02-16T12:00:00Z,-18.174997,147.42499,2.983425414364641,28.76
1991-02-17T12:00:00Z,-18.174997,147.42499,2.9613259668508287,28.73
1991-02-18T12:00:00Z,-18.174997,147.42499,2.9392265193370166,28.68
1991-02-19T12:00:00Z,-18.174997,147.42499,2.9171270718232045,28.48
1991-02-20T12:00:00Z,-18.174997,147.42499,2.8950276243093924,28.48
1991-02-21T12:00:00Z,-18.174997,147.42499,2.8729281767955803,27.64
1991-02-22T12:00:00Z,-18.174997,147.42499,2.850828729281768,27.74
1991-02-23T12:00:00Z,-18.174997,147.42499,2.8287292817679557,27.81
1991-02-24T12:00:00Z,-18.174997,147.42499,2.8066298342541436,27.98
1991-02-25T12:00:00Z,-18.174997,147.42499,2.7845303867403315,27.92
1991-02-26T12:00:00Z,-18.174997,147.42499,2.7624309392265194,27.75
1991-02-27T12:00:00Z,-18.174997,147.42499,2.7403314917127073,27.62
1991-02-28T12:00:00Z,-18.174997,147.42499,2.718232044198895,27.39
1991-03-01T12:00:00Z,-18.174997,147.42499,2.696132596685083,26.91
1991-03-02T12:00:00Z,-18.174997,147.42499,2.6740331491712706,26.84
1991-03-03T12:00:00Z,-18.174997,147.42499,2.6519337016574585,26.97
1991-03-04T12:00:00Z,-18.174997,147.42499,2.6298342541436464,26.89
1991-03-05T12:00:00Z,-18.174997,147.42499,2.6077348066298343,27.04
1991-03-06T12:00:00Z,-18.174997,147.42499,2.585635359116022,27.16
1991-03-07T12:00:00Z,-18.174997,147.42499,2.56353591160221,27.27
1991-03-08T12:00:00Z,-18.174997,147.42499,2.541436464088398,27.38
1991-03-09T12:00:00Z,-18.174997,147.42499,2.5193370165745854,27.03
1991-03-10T12:00:00Z,-18.174997,147.42499,2.4972375690607733,26.85
1991-03-11T12:00:00Z,-18.174997,147.42499,2.4751381215469612,26.64
1991-03-12T12:00:00Z,-18.174997,147.42499,2.453038674033149,26.63
1991-03-13T12:00:00Z,-18.174997,147.42499,2.430939226519337,27.07
1991-03-14T12:00:00Z,-18.174997,147.42499,2.408839779005525,26.93
1991-03-15T12:00:00Z,-18.174997,147.42499,2.386740331491713,26.86
1991-03-16T12:00:00Z,-18.174997,147.42499,2.3646408839779007,26.85
1991-03-17T12:00:00Z,-18.174997,147.42499,2.342541436464088,26.83
1991-03-18T12:00:00Z,-18.174997,147.42499,2.320441988950276,25.9
1991-03-19T12:00:00Z,-18.174997,147.42499,2.298342541436464,25.68
1991-03-20T12:00:00Z,-18.174997,147.42499,2.276243093922652,25.74
1991-03-21T12:00:00Z,-18.174997,147.42499,2.25414364640884,26.6
1991-03-22T12:00:00Z,-18.174997,147.42499,2.2320441988950277,26.29
1991-03-23T12:00:00Z,-18.174997,147.42499,2.2099447513812156,25.8
1991-03-24T12:00:00Z,-18.174997,147.42499,2.1878453038674035,25.91
1991-03-25T12:00:00Z,-18.174997,147.42499,2.165745856353591,26.1
1991-03-26T12:00:00Z,-18.174997,147.42499,2.143646408839779,25.53
1991-03-27T12:00:00Z,-18.174997,147.42499,2.1215469613259668,25.4
1991-03-28T12:00:00Z,-18.174997,147.42499,2.0994475138121547,25.25
1991-03-29T12:00:00Z,-18.174997,147.42499,2.0773480662983426,25.76
1991-03-30T12:00:00Z,-18.174997,147.42499,2.0552486187845305,26.18
1991-03-31T12:00:00Z,-18.174997,147.42499,2.0331491712707184,26.62
1991-04-01T12:00:00Z,-18.174997,147.42499,2.0110497237569063,26.12
1991-04-02T12:00:00Z,-18.174997,147.42499,1.988950276243094,26.2
1991-04-03T12:00:00Z,-18.174997,147.42499,1.9668508287292819,26.31
1991-04-04T12:00:00Z,-18.174997,147.42499,1.9447513812154695,26.73
1991-04-05T12:00:00Z,-18.174997,147.42499,1.9226519337016574,26.69
1991-04-06T12:00:00Z,-18.174997,147.42499,1.9005524861878453,26.9
1991-04-07T12:00:00Z,-18.174997,147.42499,1.8784530386740332,26.56
1991-04-08T12:00:00Z,-18.174997,147.42499,1.856353591160221,27.0
1991-04-09T12:00:00Z,-18.174997,147.42499,1.8342541436464088,26.69
1991-04-10T12:00:00Z,-18.174997,147.42499,1.8121546961325967,26.18
1991-04-11T12:00:00Z,-18.174997,147.42499,1.7900552486187846,25.36
1991-04-12T12:00:00Z,-18.174997,147.42499,1.7679558011049723,25.2
1991-04-13T12:00:00Z,-18.174997,147.42499,1.7458563535911602,25.16
1991-04-14T12:00:00Z,-18.174997,147.42499,1.723756906077348,25.68
1991-04-15T12:00:00Z,-18.174997,147.42499,1.701657458563536,25.52
1991-04-16T12:00:00Z,-18.174997,147.42499,1.6795580110497237,25.79
1991-04-17T12:00:00Z,-18.174997,147.42499,1.6574585635359116,25.98
1991-04-18T12:00:00Z,-18.174997,147.42499,1.6353591160220995,26.45
1991-04-19T12:00:00Z,-18.174997,147.42499,1.6132596685082874,26.31
1991-04-20T12:00:00Z,-18.174997,147.42499,1.591160220994475,26.25
1991-04-21T12:00:00Z,-18.174997,147.42499,1.569060773480663,26.19
1991-04-22T12:00:00Z,-18.174997,147.42499,1.5469613259668509,25.2
1991-04-23T12:00:00Z,-18.174997,147.42499,1.5248618784530388,24.84
1991-04-24T12:00:00Z,-18.174997,147.42499,1.5027624309392265,24.81
1991-04-25T12:00:00Z,-18.174997,147.42499,1.4806629834254144,25.35
1991-04-26T12:00:00Z,-18.174997,147.42499,1.4585635359116023,25.85
1991-04-27T12:00:00Z,-18.174997,147.42499,1.4364640883977902,26.06
1991-04-28T12:00:00Z,-18.174997,147.42499,1.4143646408839778,26.67
1991-04-29T12:00:00Z,-18.174997,147.42499,1.3922651933701657,26.61
1991-04-30T12:00:00Z,-18.174997,147.42499,1.3701657458563536,26.24
1991-05-01T12:00:00Z,-18.174997,147.42499,1.3480662983425415,25.79
1991-05-02T12:00:00Z,-18.174997,147.42499,1.3259668508287292,24.32
1991-05-03T12:00:00Z,-18.174997,147.42499,1.3038674033149171,24.13
1991-05-04T12:00:00Z,-18.174997,147.42499,1.281767955801105,24.7
1991-05-05T12:00:00Z,-18.174997,147.42499,1.2596685082872927,25.33
1991-05-06T12:00:00Z,-18.174997,147.42499,1.2375690607734806,25.71
1991-05-07T12:00:00Z,-18.174997,147.42499,1.2154696132596685,25.43
1991-05-08T12:00:00Z,-18.174997,147.42499,1.1933701657458564,25.31
1991-05-09T12:00:00Z,-18.174997,147.42499,1.171270718232044,24.71
1991-05-10T12:00:00Z,-18.174997,147.42499,1.149171270718232,25.02
1991-05-11T12:00:00Z,-18.174997,147.42499,1.12707182320442,24.0
1991-05-12T12:00:00Z,-18.174997,147.42499,1.1049723756906078,23.59
1991-05-13T12:00:00Z,-18.174997,147.42499,1.0828729281767955,23.57
1991-05-14T12:00:00Z,-18.174997,147.42499,1.0607734806629834,23.9
1991-05-15T12:00:00Z,-18.174997,147.42499,1.0386740331491713,24.1
1991-05-16T12:00:00Z,-18.174997,147.42499,1.0165745856353592,24.33
1991-05-17T12:00:00Z,-18.174997,147.42499,0.994475138121547,24.44
1991-05-18T12:00:00Z,-18.174997,147.42499,0.9723756906077348,24.26
1991-05-19T12:00:00Z,-18.174997,147.42499,0.9502762430939227,24.11
1991-05-20T12:00:00Z,-18.174997,147.42499,0.9281767955801105,23.87
1991-05-21T12:00:00Z,-18.174997,147.42499,0.9060773480662984,23.69
1991-05-22T12:00:00Z,-18.174997,147.42499,0.8839779005524862,23.84
1991-05-23T12:00:00Z,-18.174997,147.42499,0.861878453038674,23.75
1991-05-24T12:00:00Z,-18.174997,147.42499,0.8397790055248618,23.73
1991-05-25T12:00:00Z,-18.174997,147.42499,0.8176795580110497,23.61
1991-05-26T12:00:00Z,-18.174997,147.42499,0.7955801104972375,23.61
1991-05-27T12:00:00Z,-18.174997,147.42499,0.7734806629834254,24.93
1991-05-28T12:00:00Z,-18.174997,147.42499,0.7513812154696132,24.87
1991-05-29T12:00:00Z,-18.174997,147.42499,0.7292817679558011,25.34
1991-05-30T12:00:00Z,-18.174997,147.42499,0.7071823204419889,25.24
1991-05-31T12:00:00Z,-18.174997,147.42499,0.6850828729281768,24.92
1991-06-01T12:00:00Z,-18.174997,147.42499,0.6629834254143646,24.34
1991-06-02T12:00:00Z,-18.174997,147.42499,0.6408839779005525,24.37
1991-06-03T12:00:00Z,-18.174997,147.42499,0.6187845303867403,24.57
1991-06-04T12:00:00Z,-18.174997,147.42499,0.5966850828729282,24.7
1991-06-05T12:00:00Z,-18.174997,147.42499,0.574585635359116,24.4
1991-06-06T12:00:00Z,-18.174997,147.42499,0.5524861878453039,24.72
1991-06-07T12:00:00Z,-18.174997,147.42499,0.5303867403314917,25.08
1991-06-08T12:00:00Z,-18.174997,147.42499,0.5082872928176796,25.27
1991-06-09T12:00:00Z,-18.174997,147.42499,0.4861878453038674,24.15
1991-06-10T12:00:00Z,-18.174997,147.42499,0.46408839779005523,23.5
1991-06-11T12:00:00Z,-18.174997,147.42499,0.4419889502762431,23.27
1991-06-12T12:00:00Z,-18.174997,147.42499,0.4198895027624309,23.32
1991-06-13T12:00:00Z,-18.174997,147.42499,0.39779005524861877,24.42
1991-06-14T12:00:00Z,-18.174997,147.42499,0.3756906077348066,22.96
1991-06-15T12:00:00Z,-18.174997,147.42499,0.35359116022099446,22.7
1991-06-16T12:00:00Z,-18.174997,147.42499,0.3314917127071823,22.37
1991-06-17T12:00:00Z,-18.174997,147.42499,0.30939226519337015,22.53
1991-06-18T12:00:00Z,-18.174997,147.42499,0.287292817679558,22.44
1991-06-19T12:00:00Z,-18.174997,147.42499,0.26519337016574585,22.43
1991-06-20T12:00:00Z,-18.174997,147.42499,0.2430939226519337,23.03
1991-06-21T12:00:00Z,-18.174997,147.42499,0.22099447513812154,23.1
1991-06-22T12:00:00Z,-18.174997,147.42499,0.19889502762430938,23.75
1991-06-23T12:00:00Z,-18.174997,147.42499,0.17679558011049723,23.46
1991-06-24T12:00:00Z,-18.174997,147.42499,0.15469613259668508,23.05
1991-06-25T12:00:00Z,-18.174997,147.42499,0.13259668508287292,23.5
1991-06-26T12:00:00Z,-18.174997,147.42499,0.11049723756906077,23.35
1991-06-27T12:00:00Z,-18.174997,147.42499,0.08839779005524862,23.02
1991-06-28T12:00:00Z,-18.174997,147.42499,0.06629834254143646,22.98
1991-06-29T12:00:00Z,-18.174997,147.42499,0.04419889502762431,23.18
1991-06-30T12:00:00Z,-18.174997,147.42499,0.022099447513812154,23.16
1991-07-01T12:00:00Z,-18.174997,147.42499,0.0,23.81
1991-07-02T12:00:00Z,-18.174997,147.42499,0.0,23.64
1991-07-03T12:00:00Z,-18.174997,147.42499,0.022099447513812154,23.47
1991-07-04T12:00:00Z,-18.174997,147.42499,0.04419889502762431,23.5
1991-07-05T12:00:00Z,-18.174997,147.42499,0.06629834254143646,23.5
1991-07-06T12:00:00Z,-18.174997,147.42499,0.08839779005524862,23.66
1991-07-07T12:00:00Z,-18.174997,147.42499,0.11049723756906077,24.05
1991-07-08T12:00:00Z,-18.174997,147.42499,0.13259668508287292,24.37
1991-07-09T12:00:00Z,-18.174997,147.42499,0.15469613259668508,24.62
1991-07-10T12:00:00Z,-18.174997,147.42499,0.17679558011049723,25.27
1991-07-11T12:00:00Z,-18.174997,147.42499,0.19889502762430938,25.5
1991-07-12T12:00:00Z,-18.174997,147.42499,0.22099447513812154,25.44
1991-07-13T12:00:00Z,-18.174997,147.42499,0.2430939226519337,24.56
1991-07-14T12:00:00Z,-18.174997,147.42499,0.26519337016574585,24.15
1991-07-15T12:00:00Z,-18.174997,147.42499,0.287292817679558,23.93
1991-07-16T12:00:00Z,-18.174997,147.42499,0.30939226519337015,23.26
1991-07-17T12:00:00Z,-18.174997,147.42499,0.3314917127071823,23.1
1991-07-18T12:00:00Z,-18.174997,147.42499,0.35359116022099446,22.3
1991-07-19T12:00:00Z,-18.174997,147.42499,0.3756906077348066,22.37
1991-07-20T12:00:00Z,-18.174997,147.42499,0.39779005524861877,22.33
1991-07-21T12:00:00Z,-18.174997,147.42499,0.4198895027624309,21.35
1991-07-22T12:00:00Z,-18.174997,147.42499,0.4419889502762431,22.08
1991-07-23T12:00:00Z,-18.174997,147.42499,0.46408839779005523,22.22
1991-07-24T12:00:00Z,-18.174997,147.42499,0.4861878453038674,22.3
1991-07-25T12:00:00Z,-18.174997,147.42499,0.5082872928176796,22.28
1991-07-26T12:00:00Z,-18.174997,147.42499,0.5303867403314917,22.9
1991-07-27T12:00:00Z,-18.174997,147.42499,0.5524861878453039,23.72
1991-07-28T12:00:00Z,-18.174997,147.42499,0.574585635359116,24.29
1991-07-29T12:00:00Z,-18.174997,147.42499,0.5966850828729282,24.83
1991-07-30T12:00:00Z,-18.174997,147.42499,0.6187845303867403,25.07
1991-07-31T12:00:00Z,-18.174997,147.42499,0.6408839779005525,25.18
1991-08-01T12:00:00Z,-18.174997,147.42499,0.6629834254143646,25.09
1991-08-02T12:00:00Z,-18.174997,147.42499,0.6850828729281768,24.95
1991-08-03T12:00:00Z,-18.174997,147.42499,0.7071823204419889,24.85
1991-08-04T12:00:00Z,-18.174997,147.42499,0.7292817679558011,24.7
1991-08-05T12:00:00Z,-18.174997,147.42499,0.7513812154696132,24.37
1991-08-06T12:00:00Z,-18.174997,147.42499,0.7734806629834254,25.16
1991-08-07T12:00:00Z,-18.174997,147.42499,0.7955801104972375,24.0
1991-08-08T12:00:00Z,-18.174997,147.42499,0.8176795580110497,23.62
1991-08-09T12:00:00Z,-18.174997,147.42499,0.8397790055248618,23.27
1991-08-10T12:00:00Z,-18.174997,147.42499,0.861878453038674,23.22
1991-08-11T12:00:00Z,-18.174997,147.42499,0.8839779005524862,23.15
1991-08-12T12:00:00Z,-18.174997,147.42499,0.9060773480662984,23.27
1991-08-13T12:00:00Z,-18.174997,147.42499,0.9281767955801105,22.63
1991-08-14T12:00:00Z,-18.174997,147.42499,0.9502762430939227,22.81
1991-08-15T12:00:00Z,-18.174997,147.42499,0.9723756906077348,23.47
1991-08-16T12:00:00Z,-18.174997,147.42499,0.994475138121547,23.69
1991-08-17T12:00:00Z,-18.174997,147.42499,1.0165745856353592,23.76
1991-08-18T12:00:00Z,-18.174997,147.42499,1.0386740331491713,23.87
1991-08-19T12:00:00Z,-18.174997,147.42499,1.0607734806629834,23.02
1991-08-20T12:00:00Z,-18.174997,147.42499,1.0828729281767955,23.04
1991-08-21T12:00:00Z,-18.174997,147.42499,1.1049723756906078,22.77
1991-08-22T12:00:00Z,-18.174997,147.42499,1.12707182320442,23.09
1991-08-23T12:00:00Z,-18.174997,147.42499,1.149171270718232,23.46
1991-08-24T12:00:00Z,-18.174997,147.42499,1.171270718232044,23.37
1991-08-25T12:00:00Z,-18.174997,147.42499,1.1933701657458564,23.16
1991-08-26T12:00:00Z,-18.174997,147.42499,1.2154696132596685,23.98
1991-08-27T12:00:00Z,-18.174997,147.42499,1.2375690607734806,24.07
1991-08-28T12:00:00Z,-18.174997,147.42499,1.2596685082872927,24.46
1991-08-29T12:00:00Z,-18.174997,147.42499,1.281767955801105,24.68
1991-08-30T12:00:00Z,-18.174997,147.42499,1.3038674033149171,24.88
1991-08-31T12:00:00Z,-18.174997,147.42499,1.3259668508287292,24.13
1991-09-01T12:00:00Z,-18.174997,147.42499,1.3480662983425415,23.27
1991-09-02T12:00:00Z,-18.174997,147.42499,1.3701657458563536,23.7
1991-09-03T12:00:00Z,-18.174997,147.42499,1.3922651933701657,23.99
1991-09-04T12:00:00Z,-18.174997,147.42499,1.4143646408839778,23.88
1991-09-05T12:00:00Z,-18.174997,147.42499,1.4364640883977902,23.72
1991-09-06T12:00:00Z,-18.174997,147.42499,1.4585635359116023,23.23
1991-09-07T12:00:00Z,-18.174997,147.42499,1.4806629834254144,23.58
1991-09-08T12:00:00Z,-18.174997,147.42499,1.5027624309392265,23.47
1991-09-09T12:00:00Z,-18.174997,147.42499,1.5248618784530388,24.58
1991-09-10T12:00:00Z,-18.174997,147.42499,1.5469613259668509,24.73
1991-09-11T12:00:00Z,-18.174997,147.42499,1.569060773480663,24.84
1991-09-12T12:00:00Z,-18.174997,147.42499,1.591160220994475,24.48
1991-09-13T12:00:00Z,-18.174997,147.42499,1.6132596685082874,23.83
1991-09-14T12:00:00Z,-18.174997,147.42499,1.6353591160220995,23.58
1991-09-15T12:00:00Z,-18.174997,147.42499,1.6574585635359116,24.96
1991-09-16T12:00:00Z,-18.174997,147.42499,1.6795580110497237,25.04
1991-09-17T12:00:00Z,-18.174997,147.42499,1.701657458563536,25.23
1991-09-18T12:00:00Z,-18.174997,147.42499,1.723756906077348,24.95
1991-09-19T12:00:00Z,-18.174997,147.42499,1.7458563535911602,25.14
1991-09-20T12:00:00Z,-18.174997,147.42499,1.7679558011049723,25.22
1991-09-21T12:00:00Z,-18.174997,147.42499,1.7900552486187846,25.57
1991-09-22T12:00:00Z,-18.174997,147.42499,1.8121546961325967,25.89
1991-09-23T12:00:00Z,-18.174997,147.42499,1.8342541436464088,25.66
1991-09-24T12:00:00Z,-18.174997,147.42499,1.856353591160221,24.66
1991-09-25T12:00:00Z,-18.174997,147.42499,1.8784530386740332,25.05
1991-09-26T12:00:00Z,-18.174997,147.42499,1.9005524861878453,25.1
1991-09-27T12:00:00Z,-18.174997,147.42499,1.9226519337016574,24.77
1991-09-28T12:00:00Z,-18.174997,147.42499,1.9447513812154695,25.87
1991-09-29T12:00:00Z,-18.174997,147.42499,1.9668508287292819,26.22
1991-09-30T12:00:00Z,-18.174997,147.42499,1.988950276243094,26.21
1991-10-01T12:00:00Z,-18.174997,147.42499,2.0110497237569063,26.45
1991-10-02T12:00:00Z,-18.174997,147.42499,2.0331491712707184,26.49
1991-10-03T12:00:00Z,-18.174997,147.42499,2.0552486187845305,25.81
1991-10-04T12:00:00Z,-18.174997,147.42499,2.0773480662983426,25.25
1991-10-05T12:00:00Z,-18.174997,147.42499,2.0994475138121547,25.63
1991-10-06T12:00:00Z,-18.174997,147.42499,2.1215469613259668,25.28
1991-10-07T12:00:00Z,-18.174997,147.42499,2.143646408839779,25.85
1991-10-08T12:00:00Z,-18.174997,147.42499,2.165745856353591,25.83
1991-10-09T12:00:00Z,-18.174997,147.42499,2.1878453038674035,25.83
1991-10-10T12:00:00Z,-18.174997,147.42499,2.2099447513812156,25.69
1991-10-11T12:00:00Z,-18.174997,147.42499,2.2320441988950277,25.8
1991-10-12T12:00:00Z,-18.174997,147.42499,2.25414364640884,25.84
1991-10-13T12:00:00Z,-18.174997,147.42499,2.276243093922652,25.82
1991-10-14T12:00:00Z,-18.174997,147.42499,2.298342541436464,25.68
1991-10-15T12:00:00Z,-18.174997,147.42499,2.320441988950276,25.87
1991-10-16T12:00:00Z,-18.174997,147.42499,2.342541436464088,25.88
1991-10-17T12:00:00Z,-18.174997,147.42499,2.3646408839779007,25.86
1991-10-18T12:00:00Z,-18.174997,147.42499,2.386740331491713,25.67
1991-10-19T12:00:00Z,-18.174997,147.42499,2.408839779005525,25.64
1991-10-20T12:00:00Z,-18.174997,147.42499,2.430939226519337,25.56
1991-10-21T12:00:00Z,-18.174997,147.42499,2.453038674033149,25.56
1991-10-22T12:00:00Z,-18.174997,147.42499,2.4751381215469612,25.65
1991-10-23T12:00:00Z,-18.174997,147.42499,2.4972375690607733,25.47
1991-10-24T12:00:00Z,-18.174997,147.42499,2.5193370165745854,25.25
1991-10-25T12:00:00Z,-18.174997,147.42499,2.541436464088398,25.15
1991-10-26T12:00:00Z,-18.174997,147.42499,2.56353591160221,25.26
1991-10-27T12:00:00Z,-18.174997,147.42499,2.585635359116022,26.15
1991-10-28T12:00:00Z,-18.174997,147.42499,2.6077348066298343,26.13
1991-10-29T12:00:00Z,-18.174997,147.42499,2.6298342541436464,26.37
1991-10-30T12:00:00Z,-18.174997,147.42499,2.6519337016574585,26.34
1991-10-31T12:00:00Z,-18.174997,147.42499,2.6740331491712706,26.06
1991-11-01T12:00:00Z,-18.174997,147.42499,2.696132596685083,26.13
1991-11-02T12:00:00Z,-18.174997,147.42499,2.718232044198895,26.47
1991-11-03T12:00:00Z,-18.174997,147.42499,2.7403314917127073,26.16
1991-11-04T12:00:00Z,-18.174997,147.42499,2.7624309392265194,25.98
1991-11-05T12:00:00Z,-18.174997,147.42499,2.7845303867403315,25.73
1991-11-06T12:00:00Z,-18.174997,147.42499,2.8066298342541436,26.46
1991-11-07T12:00:00Z,-18.174997,147.42499,2.8287292817679557,26.57
1991-11-08T12:00:00Z,-18.174997,147.42499,2.850828729281768,26.7
1991-11-09T12:00:00Z,-18.174997,147.42499,2.8729281767955803,26.77
1991-11-10T12:00:00Z,-18.174997,147.42499,2.8950276243093924,26.94
1991-11-11T12:00:00Z,-18.174997,147.42499,2.9171270718232045,26.71
1991-11-12T12:00:00Z,-18.174997,147.42499,2.9392265193370166,26.58
1991-11-13T12:00:00Z,-18.174997,147.42499,2.9613259668508287,26.68
1991-11-14T12:00:00Z,-18.174997,147.42499,2.983425414364641,26.77
1991-11-15T12:00:00Z,-18.174997,147.42499,3.005524861878453,26.85
1991-11-16T12:00:00Z,-18.174997,147.42499,3.027624309392265,26.75
1991-11-17T12:00:00Z,-18.174997,147.42499,3.0497237569060776,26.78
1991-11-18T12:00:00Z,-18.174997,147.42499,3.0718232044198897,27.26
1991-11-19T12:00:00Z,-18.174997,147.42499,3.0939226519337018,26.93
1991-11-20T12:00:00Z,-18.174997,147.42499,3.116022099447514,27.1
1991-11-21T12:00:00Z,-18.174997,147.42499,3.138121546961326,26.25
1991-11-22T12:00:00Z,-18.174997,147.42499,3.160220994475138,26.0
1991-11-23T12:00:00Z,-18.174997,147.42499,3.18232044198895,26.74
1991-11-24T12:00:00Z,-18.174997,147.42499,3.2044198895027622,26.49
1991-11-25T12:00:00Z,-18.174997,147.42499,3.226519337016575,26.56
1991-11-26T12:00:00Z,-18.174997,147.42499,3.248618784530387,26.82
1991-11-27T12:00:00Z,-18.174997,147.42499,3.270718232044199,26.82
1991-11-28T12:00:00Z,-18.174997,147.42499,3.292817679558011,26.7
1991-11-29T12:00:00Z,-18.174997,147.42499,3.314917127071823,26.67
1991-11-30T12:00:00Z,-18.174997,147.42499,3.3370165745856353,26.61
1991-12-01T12:00:00Z,-18.174997,147.42499,3.3591160220994474,26.63
1991-12-02T12:00:00Z,-18.174997,147.42499,3.3812154696132595,26.75
1991-12-03T12:00:00Z,-18.174997,147.42499,3.403314917127072,27.24
1991-12-04T12:00:00Z,-18.174997,147.42499,3.425414364640884,27.16
1991-12-05T12:00:00Z,-18.174997,147.42499,3.447513812154696,26.93
1991-12-06T12:00:00Z,-18.174997,147.42499,3.4696132596685083,27.08
1991-12-07T12:00:00Z,-18.174997,147.42499,3.4917127071823204,27.44
1991-12-08T12:00:00Z,-18.174997,147.42499,3.5138121546961325,27.6
1991-12-09T12:00:00Z,-18.174997,147.42499,3.5359116022099446,27.68
1991-12-10T12:00:00Z,-18.174997,147.42499,3.5580110497237567,27.7
1991-12-11T12:00:00Z,-18.174997,147.42499,3.5801104972375692,27.7
1991-12-12T12:00:00Z,-18.174997,147.42499,3.6022099447513813,27.72
1991-12-13T12:00:00Z,-18.174997,147.42499,3.6243093922651934,27.9
1991-12-14T12:00:00Z,-18.174997,147.42499,3.6464088397790055,27.67
1991-12-15T12:00:00Z,-18.174997,147.42499,3.6685082872928176,27.48
1991-12-16T12:00:00Z,-18.174997,147.42499,3.6906077348066297,27.73
1991-12-17T12:00:00Z,-18.174997,147.42499,3.712707182320442,28.13
1991-12-18T12:00:00Z,-18.174997,147.42499,3.734806629834254,28.22
1991-12-19T12:00:00Z,-18.174997,147.42499,3.7569060773480665,28.09
1991-12-20T12:00:00Z,-18.174997,147.42499,3.7790055248618786,28.69
1991-12-21T12:00:00Z,-18.174997,147.42499,3.8011049723756907,28.68
1991-12-22T12:00:00Z,-18.174997,147.42499,3.8232044198895028,28.22
1991-12-23T12:00:00Z,-18.174997,147.42499,3.845303867403315,27.88
1991-12-24T12:00:00Z,-18.174997,147.42499,3.867403314917127,27.92
1991-12-25T12:00:00Z,-18.174997,147.42499,3.889502762430939,27.6
1991-12-26T12:00:00Z,-18.174997,147.42499,3.911602209944751,27.52
1991-12-27T12:00:00Z,-18.174997,147.42499,3.9337016574585637,27.46
1991-12-28T12:00:00Z,-18.174997,147.42499,3.955801104972376,27.92
1991-12-29T12:00:00Z,-18.174997,147.42499,3.977900552486188,27.58
1991-12-30T12:00:00Z,-18.174997,147.42499,4.0,27.38
1991-12-31T12:00:00Z,-18.174997,147.42499,4.0220994475138125,28.0
1992-01-01T12:00:00Z,-18.174997,147.42499,4.0,28.43
1992-01-02T12:00:00Z,-18.174997,147.42499,3.977900552486188,28.28
1992-01-03T12:00:00Z,-18.174997,147.42499,3.955801104972376,28.19
1992-01-04T12:00:00Z,-18.174997,147.42499,3.9337016574585637,28.02
1992-01-05T12:00:00Z,-18.174997,147.42499,3.911602209944751,27.82
1992-01-06T12:00:00Z,-18.174997,147.42499,3.889502762430939,27.33
1992-01-07T12:00:00Z,-18.174997,147.42499,3.867403314917127,27.21
1992-01-08T12:00:00Z,-18.174997,147.42499,3.845303867403315,27.37
1992-01-09T12:00:00Z,-18.174997,147.42499,3.8232044198895028,26.98
1992-01-10T12:00:00Z,-18.174997,147.42499,3.8011049723756907,27.03
1992-01-11T12:00:00Z,-18.174997,147.42499,3.7790055248618786,27.11
1992-01-12T12:00:00Z,-18.174997,147.42499,3.7569060773480665,27.27
1992-01-13T12:00:00Z,-18.174997,147.42499,3.734806629834254,27.34
1992-01-14T12:00:00Z,-18.174997,147.42499,3.712707182320442,28.33
1992-01-15T12:00:00Z,-18.174997,147.42499,3.6906077348066297,28.45
1992-01-16T12:00:00Z,-18.174997,147.42499,3.6685082872928176,28.98
1992-01-17T12:00:00Z,-18.174997,147.42499,3.6464088397790055,28.86
1992-01-18T12:00:00Z,-18.174997,147.42499,3.6243093922651934,28.84
1992-01-19T12:00:00Z,-18.174997,147.42499,3.6022099447513813,28.41
1992-01-20T12:00:00Z,-18.174997,147.42499,3.5801104972375692,28.44
1992-01-21T12:00:00Z,-18.174997,147.42499,3.5580110497237567,28.14
1992-01-22T12:00:00Z,-18.174997,147.42499,3.5359116022099446,27.98
1992-01-23T12:00:00Z,-18.174997,147.42499,3.5138121546961325,27.64
1992-01-24T12:00:00Z,-18.174997,147.42499,3.4917127071823204,27.73
1992-01-25T12:00:00Z,-18.174997,147.42499,3.4696132596685083,27.69
1992-01-26T12:00:00Z,-18.174997,147.42499,3.447513812154696,27.78
1992-01-27T12:00:00Z,-18.174997,147.42499,3.425414364640884,27.64
1992-01-28T12:00:00Z,-18.174997,147.42499,3.403314917127072,27.83
1992-01-29T12:00:00Z,-18.174997,147.42499,3.3812154696132595,28.0
1992-01-30T12:00:00Z,-18.174997,147.42499,3.3591160220994474,28.13
1992-01-31T12:00:00Z,-18.174997,147.42499,3.3370165745856353,28.3
1992-02-01T12:00:00Z,-18.174997,147.42499,3.314917127071823,27.02
1992-02-02T12:00:00Z,-18.174997,147.42499,3.292817679558011,27.36
1992-02-03T12:00:00Z,-18.174997,147.42499,3.270718232044199,27.81
1992-02-04T12:00:00Z,-18.174997,147.42499,3.248618784530387,27.76
1992-02-05T12:00:00Z,-18.174997,147.42499,3.226519337016575,27.87
1992-02-06T12:00:00Z,-18.174997,147.42499,3.2044198895027622,28.08
1992-02-07T12:00:00Z,-18.174997,147.42499,3.18232044198895,28.09
1992-02-08T12:00:00Z,-18.174997,147.42499,3.160220994475138,28.08
1992-02-09T12:00:00Z,-18.174997,147.42499,3.138121546961326,28.05
1992-02-10T12:00:00Z,-18.174997,147.42499,3.116022099447514,27.58
1992-02-11T12:00:00Z,-18.174997,147.42499,3.0939226519337018,27.4
1992-02-12T12:00:00Z,-18.174997,147.42499,3.0718232044198897,28.56
1992-02-13T12:00:00Z,-18.174997,147.42499,3.0497237569060776,28.46
1992-02-14T12:00:00Z,-18.174997,147.42499,3.027624309392265,27.88
1992-02-15T12:00:00Z,-18.174997,147.42499,3.005524861878453,28.14
1992-02-16T12:00:00Z,-18.174997,147.42499,2.983425414364641,28.13
1992-02-17T12:00:00Z,-18.174997,147.42499,2.9613259668508287,27.88
1992-02-18T12:00:00Z,-18.174997,147.42499,2.9392265193370166,27.53
1992-02-19T12:00:00Z,-18.174997,147.42499,2.9171270718232045,27.22
1992-02-20T12:00:00Z,-18.174997,147.42499,2.8950276243093924,27.63
1992-02-21T12:00:00Z,-18.174997,147.42499,2.8729281767955803,28.28
1992-02-22T12:00:00Z,-18.174997,147.42499,2.850828729281768,28.67
1992-02-23T12:00:00Z,-18.174997,147.42499,2.8287292817679557,28.92
1992-02-24T12:00:00Z,-18.174997,147.42499,2.8066298342541436,28.92
1992-02-25T12:00:00Z,-18.174997,147.42499,2.7845303867403315,28.77
1992-02-26T12:00:00Z,-18.174997,147.42499,2.7624309392265194,28.9
1992-02-27T12:00:00Z,-18.174997,147.42499,2.7403314917127073,28.36
1992-02-28T12:00:00Z,-18.174997,147.42499,2.718232044198895,28.47
1992-02-29T12:00:00Z,-18.174997,147.42499,2.696132596685083,28.51
1992-03-01T12:00:00Z,-18.174997,147.42499,2.6740331491712706,28.11
1992-03-02T12:00:00Z,-18.174997,147.42499,2.6519337016574585,28.15
1992-03-03T12:00:00Z,-18.174997,147.42499,2.6298342541436464,28.17
1992-03-04T12:00:00Z,-18.174997,147.42499,2.6077348066298343,28.36
1992-03-05T12:00:00Z,-18.174997,147.42499,2.585635359116022,29.43
1992-03-06T12:00:00Z,-18.174997,147.42499,2.56353591160221,29.22
1992-03-07T12:00:00Z,-18.174997,147.42499,2.541436464088398,28.96
1992-03-08T12:00:00Z,-18.174997,147.42499,2.5193370165745854,28.95
1992-03-09T12:00:00Z,-18.174997,147.42499,2.4972375690607733,29.2
1992-03-10T12:00:00Z,-18.174997,147.42499,2.4751381215469612,29.16
1992-03-11T12:00:00Z,-18.174997,147.42499,2.453038674033149,29.31
1992-03-12T12:00:00Z,-18.174997,147.42499,2.430939226519337,29.06
1992-03-13T12:00:00Z,-18.174997,147.42499,2.408839779005525,28.65
1992-03-14T12:00:00Z,-18.174997,147.42499,2.386740331491713,28.43
1992-03-15T12:00:00Z,-18.174997,147.42499,2.3646408839779007,28.82
1992-03-16T12:00:00Z,-18.174997,147.42499,2.342541436464088,29.52
1992-03-17T12:00:00Z,-18.174997,147.42499,2.320441988950276,29.23
1992-03-18T12:00:00Z,-18.174997,147.42499,2.298342541436464,28.96
1992-03-19T12:00:00Z,-18.174997,147.42499,2.276243093922652,28.55
1992-03-20T12:00:00Z,-18.174997,147.42499,2.25414364640884,28.03
1992-03-21T12:00:00Z,-18.174997,147.42499,2.2320441988950277,28.62
1992-03-22T12:00:00Z,-18.174997,147.42499,2.2099447513812156,29.03
1992-03-23T12:00:00Z,-18.174997,147.42499,2.1878453038674035,28.78
1992-03-24T12:00:00Z,-18.174997,147.42499,2.165745856353591,28.72
1992-03-25T12:00:00Z,-18.174997,147.42499,2.143646408839779,28.64
1992-03-26T12:00:00Z,-18.174997,147.42499,2.1215469613259668,28.55
1992-03-27T12:00:00Z,-18.174997,147.42499,2.0994475138121547,28.13
1992-03-28T12:00:00Z,-18.174997,147.42499,2.0773480662983426,28.18
1992-03-29T12:00:00Z,-18.174997,147.42499,2.0552486187845305,28.11
1992-03-30T12:00:00Z,-18.174997,147.42499,2.0331491712707184,28.3
1992-03-31T12:00:00Z,-18.174997,147.42499,2.0110497237569063,28.3
1992-04-01T12:00:00Z,-18.174997,147.42499,1.988950276243094,28.32
1992-04-02T12:00:00Z,-18.174997,147.42499,1.9668508287292819,28.75
1992-04-03T12:00:00Z,-18.174997,147.42499,1.9447513812154695,28.78
1992-04-04T12:00:00Z,-18.174997,147.42499,1.9226519337016574,28.69
1992-04-05T12:00:00Z,-18.174997,147.42499,1.9005524861878453,28.45
1992-04-06T12:00:00Z,-18.174997,147.42499,1.8784530386740332,28.19
1992-04-07T12:00:00Z,-18.174997,147.42499,1.856353591160221,27.9
1992-04-08T12:00:00Z,-18.174997,147.42499,1.8342541436464088,28.15
1992-04-09T12:00:00Z,-18.174997,147.42499,1.8121546961325967,28.21
1992-04-10T12:00:00Z,-18.174997,147.42499,1.7900552486187846,28.18
1992-04-11T12:00:00Z,-18.174997,147.42499,1.7679558011049723,28.01
1992-04-12T12:00:00Z,-18.174997,147.42499,1.7458563535911602,27.75
1992-04-13T12:00:00Z,-18.174997,147.42499,1.723756906077348,27.55
1992-04-14T12:00:00Z,-18.174997,147.42499,1.701657458563536,27.49
1992-04-15T12:00:00Z,-18.174997,147.42499,1.6795580110497237,27.33
1992-04-16T12:00:00Z,-18.174997,147.42499,1.6574585635359116,27.18
1992-04-17T12:00:00Z,-18.174997,147.42499,1.6353591160220995,27.82
1992-04-18T12:00:00Z,-18.174997,147.42499,1.6132596685082874,27.85
1992-04-19T12:00:00Z,-18.174997,147.42499,1.591160220994475,27.69
1992-04-20T12:00:00Z,-18.174997,147.42499,1.569060773480663,27.47
1992-04-21T12:00:00Z,-18.174997,147.42499,1.5469613259668509,27.54
1992-04-22T12:00:00Z,-18.174997,147.42499,1.5248618784530388,27.72
1992-04-23T12:00:00Z,-18.174997,147.42499,1.5027624309392265,26.98
1992-04-24T12:00:00Z,-18.174997,147.42499,1.4806629834254144,27.26
1992-04-25T12:00:00Z,-18.174997,147.42499,1.4585635359116023,27.33
1992-04-26T12:00:00Z,-18.174997,147.42499,1.4364640883977902,27.48
1992-04-27T12:00:00Z,-18.174997,147.42499,1.4143646408839778,27.47
1992-04-28T12:00:00Z,-18.174997,147.42499,1.3922651933701657,27.3
1992-04-29T12:00:00Z,-18.174997,147.42499,1.3701657458563536,27.25
1992-04-30T12:00:00Z,-18.174997,147.42499,1.3480662983425415,27.17
1992-05-01T12:00:00Z,-18.174997,147.42499,1.3259668508287292,27.2
1992-05-02T12:00:00Z,-18.174997,147.42499,1.3038674033149171,27.05
1992-05-03T12:00:00Z,-18.174997,147.42499,1.281767955801105,26.81
1992-05-04T12:00:00Z,-18.174997,147.42499,1.2596685082872927,26.79
1992-05-05T12:00:00Z,-18.174997,147.42499,1.2375690607734806,26.69
1992-05-06T12:00:00Z,-18.174997,147.42499,1.2154696132596685,26.42
1992-05-07T12:00:00Z,-18.174997,147.42499,1.1933701657458564,26.27
1992-05-08T12:00:00Z,-18.174997,147.42499,1.171270718232044,26.04
1992-05-09T12:00:00Z,-18.174997,147.42499,1.149171270718232,26.35
1992-05-10T12:00:00Z,-18.174997,147.42499,1.12707182320442,26.35
1992-05-11T12:00:00Z,-18.174997,147.42499,1.1049723756906078,26.18
1992-05-12T12:00:00Z,-18.174997,147.42499,1.0828729281767955,26.18
1992-05-13T12:00:00Z,-18.174997,147.42499,1.0607734806629834,26.58
1992-05-14T12:00:00Z,-18.174997,147.42499,1.0386740331491713,26.83
1992-05-15T12:00:00Z,-18.174997,147.42499,1.0165745856353592,24.93
1992-05-16T12:00:00Z,-18.174997,147.42499,0.994475138121547,24.51
1992-05-17T12:00:00Z,-18.174997,147.42499,0.9723756906077348,24.93
1992-05-18T12:00:00Z,-18.174997,147.42499,0.9502762430939227,25.09
1992-05-19T12:00:00Z,-18.174997,147.42499,0.9281767955801105,26.0
1992-05-20T12:00:00Z,-18.174997,147.42499,0.9060773480662984,26.56
1992-05-21T12:00:00Z,-18.174997,147.42499,0.8839779005524862,26.4
1992-05-22T12:00:00Z,-18.174997,147.42499,0.861878453038674,26.84
1992-05-23T12:00:00Z,-18.174997,147.42499,0.8397790055248618,26.08
1992-05-24T12:00:00Z,-18.174997,147.42499,0.8176795580110497,24.93
1992-05-25T12:00:00Z,-18.174997,147.42499,0.7955801104972375,24.45
1992-05-26T12:00:00Z,-18.174997,147.42499,0.7734806629834254,24.47
1992-05-27T12:00:00Z,-18.174997,147.42499,0.7513812154696132,24.52
1992-05-28T12:00:00Z,-18.174997,147.42499,0.7292817679558011,25.62
1992-05-29T12:00:00Z,-18.174997,147.42499,0.7071823204419889,25.42
1992-05-30T12:00:00Z,-18.174997,147.42499,0.6850828729281768,25.67
1992-05-31T12:00:00Z,-18.174997,147.42499,0.6629834254143646,25.85
1992-06-01T12:00:00Z,-18.174997,147.42499,0.6408839779005525,26.17
1992-06-02T12:00:00Z,-18.174997,147.42499,0.6187845303867403,26.12
1992-06-03T12:00:00Z,-18.174997,147.42499,0.5966850828729282,25.27
1992-06-04T12:00:00Z,-18.174997,147.42499,0.574585635359116,25.15
1992-06-05T12:00:00Z,-18.174997,147.42499,0.5524861878453039,24.99
1992-06-06T12:00:00Z,-18.174997,147.42499,0.5303867403314917,24.84
1992-06-07T12:00:00Z,-18.174997,147.42499,0.5082872928176796,24.35
1992-06-08T12:00:00Z,-18.174997,147.42499,0.4861878453038674,24.18
1992-06-09T12:00:00Z,-18.174997,147.42499,0.46408839779005523,24.89
1992-06-10T12:00:00Z,-18.174997,147.42499,0.4419889502762431,25.12
1992-06-11T12:00:00Z,-18.174997,147.42499,0.4198895027624309,25.19
1992-06-12T12:00:00Z,-18.174997,147.42499,0.39779005524861877,24.99
1992-06-13T12:00:00Z,-18.174997,147.42499,0.3756906077348066,24.88
1992-06-14T12:00:00Z,-18.174997,147.42499,0.35359116022099446,24.64
1992-06-15T12:00:00Z,-18.174997,147.42499,0.3314917127071823,24.32
1992-06-16T12:00:00Z,-18.174997,147.42499,0.30939226519337015,24.53
1992-06-17T12:00:00Z,-18.174997,147.42499,0.287292817679558,24.96
1992-06-18T12:00:00Z,-18.174997,147.42499,0.26519337016574585,25.26
1992-06-19T12:00:00Z,-18.174997,147.42499,0.2430939226519337,25.1
1992-06-20T12:00:00Z,-18.174997,147.42499,0.22099447513812154,24.91
1992-06-21T12:00:00Z,-18.174997,147.42499,0.19889502762430938,24.9
1992-06-22T12:00:00Z,-18.174997,147.42499,0.17679558011049723,23.28
1992-06-23T12:00:00Z,-18.174997,147.42499,0.15469613259668508,22.7
1992-06-24T12:00:00Z,-18.174997,147.42499,0.13259668508287292,23.12
1992-06-25T12:00:00Z,-18.174997,147.42499,0.11049723756906077,23.7
1992-06-26T12:00:00Z,-18.174997,147.42499,0.08839779005524862,23.62
1992-06-27T12:00:00Z,-18.174997,147.42499,0.06629834254143646,23.52
1992-06-28T12:00:00Z,-18.174997,147.42499,0.04419889502762431,23.27
1992-06-29T12:00:00Z,-18.174997,147.42499,0.022099447513812154,23.37
1992-06-30T12:00:00Z,-18.174997,147.42499,0.0,24.47
1992-07-01T12:00:00Z,-18.174997,147.42499,-0.022099447513812154,25.03
1992-07-02T12:00:00Z,-18.174997,147.42499,0.0,24.84
1992-07-03T12:00:00Z,-18.174997,147.42499,0.022099447513812154,24.62
1992-07-04T12:00:00Z,-18.174997,147.42499,0.04419889502762431,24.28
1992-07-05T12:00:00Z,-18.174997,147.42499,0.06629834254143646,24.49
1992-07-06T12:00:00Z,-18.174997,147.42499,0.08839779005524862,24.77
1992-07-07T12:00:00Z,-18.174997,147.42499,0.11049723756906077,25.0
1992-07-08T12:00:00Z,-18.174997,147.42499,0.13259668508287292,24.73
1992-07-09T12:00:00Z,-18.174997,147.42499,0.15469613259668508,23.95
1992-07-10T12:00:00Z,-18.174997,147.42499,0.17679558011049723,23.61
1992-07-11T12:00:00Z,-18.174997,147.42499,0.19889502762430938,23.89
1992-07-12T12:00:00Z,-18.174997,147.42499,0.22099447513812154,23.99
1992-07-13T12:00:00Z,-18.174997,147.42499,0.2430939226519337,24.38
1992-07-14T12:00:00Z,-18.174997,147.42499,0.26519337016574585,24.36
1992-07-15T12:00:00Z,-18.174997,147.42499,0.287292817679558,24.07
1992-07-16T12:00:00Z,-18.174997,147.42499,0.30939226519337015,23.84
1992-07-17T12:00:00Z,-18.174997,147.42499,0.3314917127071823,23.81
1992-07-18T12:00:00Z,-18.174997,147.42499,0.35359116022099446,23.98
1992-07-19T12:00:00Z,-18.174997,147.42499,0.3756906077348066,23.92
1992-07-20T12:00:00Z,-18.174997,147.42499,0.39779005524861877,24.19
1992-07-21T12:00:00Z,-18.174997,147.42499,0.4198895027624309,24.17
1992-07-22T12:00:00Z,-18.174997,147.42499,0.4419889502762431,24.07
1992-07-23T12:00:00Z,-18.174997,147.42499,0.46408839779005523,23.89
1992-07-24T12:00:00Z,-18.174997,147.42499,0.4861878453038674,23.5
1992-07-25T12:00:00Z,-18.174997,147.42499,0.5082872928176796,23.37
1992-07-26T12:00:00Z,-18.174997,147.42499,0.5303867403314917,22.99
1992-07-27T12:00:00Z,-18.174997,147.42499,0.5524861878453039,23.09
1992-07-28T12:00:00Z,-18.174997,147.42499,0.574585635359116,23.21
1992-07-29T12:00:00Z,-18.174997,147.42499,0.5966850828729282,23.53
1992-07-30T12:00:00Z,-18.174997,147.42499,0.6187845303867403,23.94
1992-07-31T12:00:00Z,-18.174997,147.42499,0.6408839779005525,23.9
1992-08-01T12:00:00Z,-18.174997,147.42499,0.6629834254143646,23.91
1992-08-02T12:00:00Z,-18.174997,147.42499,0.6850828729281768,23.97
1992-08-03T12:00:00Z,-18.174997,147.42499,0.7071823204419889,24.08
1992-08-04T12:00:00Z,-18.174997,147.42499,0.7292817679558011,24.21
1992-08-05T12:00:00Z,-18.174997,147.42499,0.7513812154696132,23.91
1992-08-06T12:00:00Z,-18.174997,147.42499,0.7734806629834254,23.93
1992-08-07T12:00:00Z,-18.174997,147.42499,0.7955801104972375,23.81
1992-08-08T12:00:00Z,-18.174997,147.42499,0.8176795580110497,23.41
1992-08-09T12:00:00Z,-18.174997,147.42499,0.8397790055248618,23.32
1992-08-10T12:00:00Z,-18.174997,147.42499,0.861878453038674,23.11
1992-08-11T12:00:00Z,-18.174997,147.42499,0.8839779005524862,23.66
1992-08-12T12:00:00Z,-18.174997,147.42499,0.9060773480662984,24.02
1992-08-13T12:00:00Z,-18.174997,147.42499,0.9281767955801105,23.99
1992-08-14T12:00:00Z,-18.174997,147.42499,0.9502762430939227,23.88
1992-08-15T12:00:00Z,-18.174997,147.42499,0.9723756906077348,23.1
1992-08-16T12:00:00Z,-18.174997,147.42499,0.994475138121547,22.88
1992-08-17T12:00:00Z,-18.174997,147.42499,1.0165745856353592,23.46
1992-08-18T12:00:00Z,-18.174997,147.42499,1.0386740331491713,23.67
1992-08-19T12:00:00Z,-18.174997,147.42499,1.0607734806629834,23.86
1992-08-20T12:00:00Z,-18.174997,147.42499,1.0828729281767955,23.79
1992-08-21T12:00:00Z,-18.174997,147.42499,1.1049723756906078,23.8
1992-08-22T12:00:00Z,-18.174997,147.42499,1.12707182320442,23.74
1992-08-23T12:00:00Z,-18.174997,147.42499,1.149171270718232,23.73
1992-08-24T12:00:00Z,-18.174997,147.42499,1.171270718232044,23.51
1992-08-25T12:00:00Z,-18.174997,147.42499,1.1933701657458564,23.85
1992-08-26T12:00:00Z,-18.174997,147.42499,1.2154696132596685,24.14
1992-08-27T12:00:00Z,-18.174997,147.42499,1.2375690607734806,24.42
1992-08-28T12:00:00Z,-18.174997,147.42499,1.2596685082872927,24.54
1992-08-29T12:00:00Z,-18.174997,147.42499,1.281767955801105,24.8
1992-08-30T12:00:00Z,-18.174997,147.42499,1.3038674033149171,24.65
1992-08-31T12:00:00Z,-18.174997,147.42499,1.3259668508287292,25.2
1992-09-01T12:00:00Z,-18.174997,147.42499,1.3480662983425415,25.09
1992-09-02T12:00:00Z,-18.174997,147.42499,1.3701657458563536,24.68
1992-09-03T12:00:00Z,-18.174997,147.42499,1.3922651933701657,24.31
1992-09-04T12:00:00Z,-18.174997,147.42499,1.4143646408839778,24.5
1992-09-05T12:00:00Z,-18.174997,147.42499,1.4364640883977902,24.6
1992-09-06T12:00:00Z,-18.174997,147.42499,1.4585635359116023,24.57
1992-09-07T12:00:00Z,-18.174997,147.42499,1.4806629834254144,24.8
1992-09-08T12:00:00Z,-18.174997,147.42499,1.5027624309392265,24.96
1992-09-09T12:00:00Z,-18.174997,147.42499,1.5248618784530388,25.07
1992-09-10T12:00:00Z,-18.174997,147.42499,1.5469613259668509,25.16
1992-09-11T12:00:00Z,-18.174997,147.42499,1.569060773480663,25.22
1992-09-12T12:00:00Z,-18.174997,147.42499,1.591160220994475,25.28
1992-09-13T12:00:00Z,-18.174997,147.42499,1.6132596685082874,25.04
1992-09-14T12:00:00Z,-18.174997,147.42499,1.6353591160220995,25.3
1992-09-15T12:00:00Z,-18.174997,147.42499,1.6574585635359116,25.43
1992-09-16T12:00:00Z,-18.174997,147.42499,1.6795580110497237,25.73
1992-09-17T12:00:00Z,-18.174997,147.42499,1.701657458563536,25.96
1992-09-18T12:00:00Z,-18.174997,147.42499,1.723756906077348,25.89
1992-09-19T12:00:00Z,-18.174997,147.42499,1.7458563535911602,25.67
1992-09-20T12:00:00Z,-18.174997,147.42499,1.7679558011049723,26.41
1992-09-21T12:00:00Z,-18.174997,147.42499,1.7900552486187846,26.72
1992-09-22T12:00:00Z,-18.174997,147.42499,1.8121546961325967,26.1
1992-09-23T12:00:00Z,-18.174997,147.42499,1.8342541436464088,26.05
1992-09-24T12:00:00Z,-18.174997,147.42499,1.856353591160221,25.71
1992-09-25T12:00:00Z,-18.174997,147.42499,1.8784530386740332,24.75
1992-09-26T12:00:00Z,-18.174997,147.42499,1.9005524861878453,24.35
1992-09-27T12:00:00Z,-18.174997,147.42499,1.9226519337016574,24.47
1992-09-28T12:00:00Z,-18.174997,147.42499,1.9447513812154695,25.13
1992-09-29T12:00:00Z,-18.174997,147.42499,1.9668508287292819,25.38
1992-09-30T12:00:00Z,-18.174997,147.42499,1.988950276243094,25.4
1992-10-01T12:00:00Z,-18.174997,147.42499,2.0110497237569063,25.52
1992-10-02T12:00:00Z,-18.174997,147.42499,2.0331491712707184,25.75
1992-10-03T12:00:00Z,-18.174997,147.42499,2.0552486187845305,25.95
1992-10-04T12:00:00Z,-18.174997,147.42499,2.0773480662983426,25.71
1992-10-05T12:00:00Z,-18.174997,147.42499,2.0994475138121547,25.68
1992-10-06T12:00:00Z,-18.174997,147.42499,2.1215469613259668,25.65
1992-10-07T12:00:00Z,-18.174997,147.42499,2.143646408839779,25.62
1992-10-08T12:00:00Z,-18.174997,147.42499,2.165745856353591,25.31
1992-10-09T12:00:00Z,-18.174997,147.42499,2.1878453038674035,25.2
1992-10-10T12:00:00Z,-18.174997,147.42499,2.2099447513812156,25.07
1992-10-11T12:00:00Z,-18.174997,147.42499,2.2320441988950277,25.43
1992-10-12T12:00:00Z,-18.174997,147.42499,2.25414364640884,25.45
1992-10-13T12:00:00Z,-18.174997,147.42499,2.276243093922652,25.1
1992-10-14T12:00:00Z,-18.174997,147.42499,2.298342541436464,24.98
1992-10-15T12:00:00Z,-18.174997,147.42499,2.320441988950276,25.05
1992-10-16T12:00:00Z,-18.174997,147.42499,2.342541436464088,24.98
1992-10-17T12:00:00Z,-18.174997,147.42499,2.3646408839779007,24.84
1992-10-18T12:00:00Z,-18.174997,147.42499,2.386740331491713,24.87
1992-10-19T12:00:00Z,-18.174997,147.42499,2.408839779005525,24.66
1992-10-20T12:00:00Z,-18.174997,147.42499,2.430939226519337,24.69
1992-10-21T12:00:00Z,-18.174997,147.42499,2.453038674033149,24.9
1992-10-22T12:00:00Z,-18.174997,147.42499,2.4751381215469612,25.09
1992-10-23T12:00:00Z,-18.174997,147.42499,2.4972375690607733,25.03
1992-10-24T12:00:00Z,-18.174997,147.42499,2.5193370165745854,24.9
1992-10-25T12:00:00Z,-18.174997,147.42499,2.541436464088398,25.09
1992-10-26T12:00:00Z,-18.174997,147.42499,2.56353591160221,25.11
1992-10-27T12:00:00Z,-18.174997,147.42499,2.585635359116022,25.23
1992-10-28T12:00:00Z,-18.174997,147.42499,2.6077348066298343,25.26
1992-10-29T12:00:00Z,-18.174997,147.42499,2.6298342541436464,25.29
1992-10-30T12:00:00Z,-18.174997,147.42499,2.6519337016574585,25.23
1992-10-31T12:00:00Z,-18.174997,147.42499,2.6740331491712706,25.2
1992-11-01T12:00:00Z,-18.174997,147.42499,2.696132596685083,25.88
1992-11-02T12:00:00Z,-18.174997,147.42499,2.718232044198895,26.21
1992-11-03T12:00:00Z,-18.174997,147.42499,2.7403314917127073,26.24
1992-11-04T12:00:00Z,-18.174997,147.42499,2.7624309392265194,26.18
1992-11-05T12:00:00Z,-18.174997,147.42499,2.7845303867403315,25.85
1992-11-06T12:00:00Z,-18.174997,147.42499,2.8066298342541436,26.05
1992-11-07T12:00:00Z,-18.174997,147.42499,2.8287292817679557,25.46
1992-11-08T12:00:00Z,-18.174997,147.42499,2.850828729281768,25.36
1992-11-09T12:00:00Z,-18.174997,147.42499,2.8729281767955803,25.4
1992-11-10T12:00:00Z,-18.174997,147.42499,2.8950276243093924,25.05
1992-11-11T12:00:00Z,-18.174997,147.42499,2.9171270718232045,25.37
1992-11-12T12:00:00Z,-18.174997,147.42499,2.9392265193370166,25.98
1992-11-13T12:00:00Z,-18.174997,147.42499,2.9613259668508287,25.88
1992-11-14T12:00:00Z,-18.174997,147.42499,2.983425414364641,25.75
1992-11-15T12:00:00Z,-18.174997,147.42499,3.005524861878453,25.68
1992-11-16T12:00:00Z,-18.174997,147.42499,3.027624309392265,25.82
1992-11-17T12:00:00Z,-18.174997,147.42499,3.0497237569060776,25.93
1992-11-18T12:00:00Z,-18.174997,147.42499,3.0718232044198897,26.04
1992-11-19T12:00:00Z,-18.174997,147.42499,3.0939226519337018,26.43
1992-11-20T12:00:00Z,-18.174997,147.42499,3.116022099447514,26.56
1992-11-21T12:00:00Z,-18.174997,147.42499,3.138121546961326,26.65
1992-11-22T12:00:00Z,-18.174997,147.42499,3.160220994475138,27.26
1992-11-23T12:00:00Z,-18.174997,147.42499,3.18232044198895,27.35
1992-11-24T12:00:00Z,-18.174997,147.42499,3.2044198895027622,27.39
1992-11-25T12:00:00Z,-18.174997,147.42499,3.226519337016575,27.6
1992-11-26T12:00:00Z,-18.174997,147.42499,3.248618784530387,27.35
1992-11-27T12:00:00Z,-18.174997,147.42499,3.270718232044199,27.21
1992-11-28T12:00:00Z,-18.174997,147.42499,3.292817679558011,27.19
1992-11-29T12:00:00Z,-18.174997,147.42499,3.314917127071823,27.27
1992-11-30T12:00:00Z,-18.174997,147.42499,3.3370165745856353,27.51
1992-12-01T12:00:00Z,-18.174997,147.42499,3.3591160220994474,27.86
1992-12-02T12:00:00Z,-18.174997,147.42499,3.3812154696132595,27.72
1992-12-03T12:00:00Z,-18.174997,147.42499,3.403314917127072,27.63
1992-12-04T12:00:00Z,-18.174997,147.42499,3.425414364640884,27.68
1992-12-05T12:00:00Z,-18.174997,147.42499,3.447513812154696,27.36
1992-12-06T12:00:00Z,-18.174997,147.42499,3.4696132596685083,27.17
1992-12-07T12:00:00Z,-18.174997,147.42499,3.4917127071823204,27.53
1992-12-08T12:00:00Z,-18.174997,147.42499,3.5138121546961325,28.02
1992-12-09T12:00:00Z,-18.174997,147.42499,3.5359116022099446,28.04
1992-12-10T12:00:00Z,-18.174997,147.42499,3.5580110497237567,27.82
1992-12-11T12:00:00Z,-18.174997,147.42499,3.5801104972375692,28.09
1992-12-12T12:00:00Z,-18.174997,147.42499,3.6022099447513813,27.77
1992-12-13T12:00:00Z,-18.174997,147.42499,3.6243093922651934,27.9
1992-12-14T12:00:00Z,-18.174997,147.42499,3.6464088397790055,28.43
1992-12-15T12:00:00Z,-18.174997,147.42499,3.6685082872928176,28.49
1992-12-16T12:00:00Z,-18.174997,147.42499,3.6906077348066297,28.53
1992-12-17T12:00:00Z,-18.174997,147.42499,3.712707182320442,28.66
1992-12-18T12:00:00Z,-18.174997,147.42499,3.734806629834254,28.72
1992-12-19T12:00:00Z,-18.174997,147.42499,3.7569060773480665,28.66
1992-12-20T12:00:00Z,-18.174997,147.42499,3.7790055248618786,28.45
1992-12-21T12:00:00Z,-18.174997,147.42499,3.8011049723756907,27.88
1992-12-22T12:00:00Z,-18.174997,147.42499,3.8232044198895028,27.69
1992-12-23T12:00:00Z,-18.174997,147.42499,3.845303867403315,27.53
1992-12-24T12:00:00Z,-18.174997,147.42499,3.867403314917127,27.37
1992-12-25T12:00:00Z,-18.174997,147.42499,3.889502762430939,27.26
1992-12-26T12:00:00Z,-18.174997,147.42499,3.911602209944751,27.29
1992-12-27T12:00:00Z,-18.174997,147.42499,3.9337016574585637,27.33
1992-12-28T12:00:00Z,-18.174997,147.42499,3.955801104972376,27.4
1992-12-29T12:00:00Z,-18.174997,147.42499,3.977900552486188,27.55
1992-12-30T12:00:00Z,-18.174997,147.42499,4.0,27.82
1992-12-31T12:00:00Z,-18.174997,147.42499,4.0220994475138125,27.97
1993-01-01T12:00:00Z,-18.174997,147.42499,4.0,27.7
1993-01-02T12:00:00Z,-18.174997,147.42499,3.977900552486188,27.61
1993-01-03T12:00:00Z,-18.174997,147.42499,3.955801104972376,27.51
1993-01-04T12:00:00Z,-18.174997,147.42499,3.9337016574585637,28.12
1993-01-05T12:00:00Z,-18.174997,147.42499,3.911602209944751,28.28
1993-01-06T12:00:00Z,-18.174997,147.42499,3.889502762430939,28.77
1993-01-07T12:00:00Z,-18.174997,147.42499,3.867403314917127,28.61
1993-01-08T12:00:00Z,-18.174997,147.42499,3.845303867403315,28.44
1993-01-09T12:00:00Z,-18.174997,147.42499,3.8232044198895028,28.35
1993-01-10T12:00:00Z,-18.174997,147.42499,3.8011049723756907,28.25
1993-01-11T12:00:00Z,-18.174997,147.42499,3.7790055248618786,28.19
1993-01-12T12:00:00Z,-18.174997,147.42499,3.7569060773480665,27.77
1993-01-13T12:00:00Z,-18.174997,147.42499,3.734806629834254,27.6
1993-01-14T12:00:00Z,-18.174997,147.42499,3.712707182320442,27.92
1993-01-15T12:00:00Z,-18.174997,147.42499,3.6906077348066297,28.1
1993-01-16T12:00:00Z,-18.174997,147.42499,3.6685082872928176,27.81
1993-01-17T12:00:00Z,-18.174997,147.42499,3.6464088397790055,27.49
1993-01-18T12:00:00Z,-18.174997,147.42499,3.6243093922651934,27.29
1993-01-19T12:00:00Z,-18.174997,147.42499,3.6022099447513813,27.27
1993-01-20T12:00:00Z,-18.174997,147.42499,3.5801104972375692,27.39
1993-01-21T12:00:00Z,-18.174997,147.42499,3.5580110497237567,27.13
1993-01-22T12:00:00Z,-18.174997,147.42499,3.5359116022099446,28.05
1993-01-23T12:00:00Z,-18.174997,147.42499,3.5138121546961325,27.64
1993-01-24T12:00:00Z,-18.174997,147.42499,3.4917127071823204,27.61
1993-01-25T12:00:00Z,-18.174997,147.42499,3.4696132596685083,27.45
1993-01-26T12:00:00Z,-18.174997,147.42499,3.447513812154696,27.57
1993-01-27T12:00:00Z,-18.174997,147.42499,3.425414364640884,27.76
1993-01-28T12:00:00Z,-18.174997,147.42499,3.403314917127072,27.66
1993-01-29T12:00:00Z,-18.174997,147.42499,3.3812154696132595,27.8
1993-01-30T12:00:00Z,-18.174997,147.42499,3.3591160220994474,27.95
1993-01-31T12:00:00Z,-18.174997,147.42499,3.3370165745856353,28.08
1993-02-01T12:00:00Z,-18.174997,147.42499,3.314917127071823,27.27
1993-02-02T12:00:00Z,-18.174997,147.42499,3.292817679558011,27.21
1993-02-03T12:00:00Z,-18.174997,147.42499,3.270718232044199,27.93
1993-02-04T12:00:00Z,-18.174997,147.42499,3.248618784530387,27.6
1993-02-05T12:00:00Z,-18.174997,147.42499,3.226519337016575,27.48
1993-02-06T12:00:00Z,-18.174997,147.42499,3.2044198895027622,27.22
1993-02-07T12:00:00Z,-18.174997,147.42499,3.18232044198895,27.24
1993-02-08T12:00:00Z,-18.174997,147.42499,3.160220994475138,26.94
1993-02-09T12:00:00Z,-18.174997,147.42499,3.138121546961326,26.47
1993-02-10T12:00:00Z,-18.174997,147.42499,3.116022099447514,26.59
1993-02-11T12:00:00Z,-18.174997,147.42499,3.0939226519337018,26.86
1993-02-12T12:00:00Z,-18.174997,147.42499,3.0718232044198897,27.78
1993-02-13T12:00:00Z,-18.174997,147.42499,3.0497237569060776,28.01
1993-02-14T12:00:00Z,-18.174997,147.42499,3.027624309392265,28.31
1993-02-15T12:00:00Z,-18.174997,147.42499,3.005524861878453,28.34
1993-02-16T12:00:00Z,-18.174997,147.42499,2.983425414364641,28.22
1993-02-17T12:00:00Z,-18.174997,147.42499,2.9613259668508287,28.13
1993-02-18T12:00:00Z,-18.174997,147.42499,2.9392265193370166,27.98
1993-02-19T12:00:00Z,-18.174997,147.42499,2.9171270718232045,27.25
1993-02-20T12:00:00Z,-18.174997,147.42499,2.8950276243093924,27.23
1993-02-21T12:00:00Z,-18.174997,147.42499,2.8729281767955803,27.18
1993-02-22T12:00:00Z,-18.174997,147.42499,2.850828729281768,27.21
1993-02-23T12:00:00Z,-18.174997,147.42499,2.8287292817679557,27.55
1993-02-24T12:00:00Z,-18.174997,147.42499,2.8066298342541436,28.34
1993-02-25T12:00:00Z,-18.174997,147.42499,2.7845303867403315,28.51
1993-02-26T12:00:00Z,-18.174997,147.42499,2.7624309392265194,27.91
1993-02-27T12:00:00Z,-18.174997,147.42499,2.7403314917127073,27.24
1993-02-28T12:00:00Z,-18.174997,147.42499,2.718232044198895,27.19
1993-03-01T12:00:00Z,-18.174997,147.42499,2.696132596685083,27.38
1993-03-02T12:00:00Z,-18.174997,147.42499,2.6740331491712706,27.82
1993-03-03T12:00:00Z,-18.174997,147.42499,2.6519337016574585,28.09
1993-03-04T12:00:00Z,-18.174997,147.42499,2.6298342541436464,27.93
1993-03-05T12:00:00Z,-18.174997,147.42499,2.6077348066298343,27.39
1993-03-06T12:00:00Z,-18.174997,147.42499,2.585635359116022,27.38
1993-03-07T12:00:00Z,-18.174997,147.42499,2.56353591160221,27.51
1993-03-08T12:00:00Z,-18.174997,147.42499,2.541436464088398,27.55
1993-03-09T12:00:00Z,-18.174997,147.42499,2.5193370165745854,27.31
1993-03-10T12:00:00Z,-18.174997,147.42499,2.4972375690607733,27.04
1993-03-11T12:00:00Z,-18.174997,147.42499,2.4751381215469612,26.93
1993-03-12T12:00:00Z,-18.174997,147.42499,2.453038674033149,27.02
1993-03-13T12:00:00Z,-18.174997,147.42499,2.430939226519337,26.88
1993-03-14T12:00:00Z,-18.174997,147.42499,2.408839779005525,26.89
1993-03-15T12:00:00Z,-18.174997,147.42499,2.386740331491713,27.51
1993-03-16T12:00:00Z,-18.174997,147.42499,2.3646408839779007,27.87
1993-03-17T12:00:00Z,-18.174997,147.42499,2.342541436464088,28.15
1993-03-18T12:00:00Z,-18.174997,147.42499,2.320441988950276,28.57
1993-03-19T12:00:00Z,-18.174997,147.42499,2.298342541436464,28.86
1993-03-20T12:00:00Z,-18.174997,147.42499,2.276243093922652,28.46
1993-03-21T12:00:00Z,-18.174997,147.42499,2.25414364640884,27.83
1993-03-22T12:00:00Z,-18.174997,147.42499,2.2320441988950277,27.56
1993-03-23T12:00:00Z,-18.174997,147.42499,2.2099447513812156,27.52
1993-03-24T12:00:00Z,-18.174997,147.42499,2.1878453038674035,27.51
1993-03-25T12:00:00Z,-18.174997,147.42499,2.165745856353591,27.68
1993-03-26T12:00:00Z,-18.174997,147.42499,2.143646408839779,27.31
1993-03-27T12:00:00Z,-18.174997,147.42499,2.1215469613259668,27.32
1993-03-28T12:00:00Z,-18.174997,147.42499,2.0994475138121547,27.31
1993-03-29T12:00:00Z,-18.174997,147.42499,2.0773480662983426,27.25
1993-03-30T12:00:00Z,-18.174997,147.42499,2.0552486187845305,27.57
1993-03-31T12:00:00Z,-18.174997,147.42499,2.0331491712707184,27.83
1993-04-01T12:00:00Z,-18.174997,147.42499,2.0110497237569063,27.42
1993-04-02T12:00:00Z,-18.174997,147.42499,1.988950276243094,27.26
1993-04-03T12:00:00Z,-18.174997,147.42499,1.9668508287292819,27.04
1993-04-04T12:00:00Z,-18.174997,147.42499,1.9447513812154695,27.23
1993-04-05T12:00:00Z,-18.174997,147.42499,1.9226519337016574,27.29
1993-04-06T12:00:00Z,-18.174997,147.42499,1.9005524861878453,26.78
1993-04-07T12:00:00Z,-18.174997,147.42499,1.8784530386740332,26.97
1993-04-08T12:00:00Z,-18.174997,147.42499,1.856353591160221,26.74
1993-04-09T12:00:00Z,-18.174997,147.42499,1.8342541436464088,26.47
1993-04-10T12:00:00Z,-18.174997,147.42499,1.8121546961325967,26.85
1993-04-11T12:00:00Z,-18.174997,147.42499,1.7900552486187846,26.73
1993-04-12T12:00:00Z,-18.174997,147.42499,1.7679558011049723,26.76
1993-04-13T12:00:00Z,-18.174997,147.42499,1.7458563535911602,26.97
1993-04-14T12:00:00Z,-18.174997,147.42499,1.723756906077348,27.02
1993-04-15T12:00:00Z,-18.174997,147.42499,1.701657458563536,27.06
1993-04-16T12:00:00Z,-18.174997,147.42499,1.6795580110497237,27.0
1993-04-17T12:00:00Z,-18.174997,147.42499,1.6574585635359116,27.28
1993-04-18T12:00:00Z,-18.174997,147.42499,1.6353591160220995,27.46
1993-04-19T12:00:00Z,-18.174997,147.42499,1.6132596685082874,27.33
1993-04-20T12:00:00Z,-18.174997,147.42499,1.591160220994475,26.9
1993-04-21T12:00:00Z,-18.174997,147.42499,1.569060773480663,26.41
1993-04-22T12:00:00Z,-18.174997,147.42499,1.5469613259668509,26.64
1993-04-23T12:00:00Z,-18.174997,147.42499,1.5248618784530388,27.0
1993-04-24T12:00:00Z,-18.174997,147.42499,1.5027624309392265,26.96
1993-04-25T12:00:00Z,-18.174997,147.42499,1.4806629834254144,27.01
1993-04-26T12:00:00Z,-18.174997,147.42499,1.4585635359116023,26.96
1993-04-27T12:00:00Z,-18.174997,147.42499,1.4364640883977902,27.26
1993-04-28T12:00:00Z,-18.174997,147.42499,1.4143646408839778,27.06
1993-04-29T12:00:00Z,-18.174997,147.42499,1.3922651933701657,26.97
1993-04-30T12:00:00Z,-18.174997,147.42499,1.3701657458563536,26.89
1993-05-01T12:00:00Z,-18.174997,147.42499,1.3480662983425415,26.93
1993-05-02T12:00:00Z,-18.174997,147.42499,1.3259668508287292,26.77
1993-05-03T12:00:00Z,-18.174997,147.42499,1.3038674033149171,26.65
1993-05-04T12:00:00Z,-18.174997,147.42499,1.281767955801105,26.74
1993-05-05T12:00:00Z,-18.174997,147.42499,1.2596685082872927,26.72
1993-05-06T12:00:00Z,-18.174997,147.42499,1.2375690607734806,26.65
1993-05-07T12:00:00Z,-18.174997,147.42499,1.2154696132596685,26.36
1993-05-08T12:00:00Z,-18.174997,147.42499,1.1933701657458564,26.36
1993-05-09T12:00:00Z,-18.174997,147.42499,1.171270718232044,25.59
1993-05-10T12:00:00Z,-18.174997,147.42499,1.149171270718232,25.24
1993-05-11T12:00:00Z,-18.174997,147.42499,1.12707182320442,25.99
1993-05-12T12:00:00Z,-18.174997,147.42499,1.1049723756906078,26.42
1993-05-13T12:00:00Z,-18.174997,147.42499,1.0828729281767955,26.6
1993-05-14T12:00:00Z,-18.174997,147.42499,1.0607734806629834,26.48
1993-05-15T12:00:00Z,-18.174997,147.42499,1.0386740331491713,26.13
1993-05-16T12:00:00Z,-18.174997,147.42499,1.0165745856353592,25.06
1993-05-17T12:00:00Z,-18.174997,147.42499,0.994475138121547,24.86
1993-05-18T12:00:00Z,-18.174997,147.42499,0.9723756906077348,25.13
1993-05-19T12:00:00Z,-18.174997,147.42499,0.9502762430939227,24.66
1993-05-20T12:00:00Z,-18.174997,147.42499,0.9281767955801105,24.7
1993-05-21T12:00:00Z,-18.174997,147.42499,0.9060773480662984,24.93
1993-05-22T12:00:00Z,-18.174997,147.42499,0.8839779005524862,25.27
1993-05-23T12:00:00Z,-18.174997,147.42499,0.861878453038674,25.1
1993-05-24T12:00:00Z,-18.174997,147.42499,0.8397790055248618,25.16
1993-05-25T12:00:00Z,-18.174997,147.42499,0.8176795580110497,24.95
1993-05-26T12:00:00Z,-18.174997,147.42499,0.7955801104972375,24.97
1993-05-27T12:00:00Z,-18.174997,147.42499,0.7734806629834254,25.13
1993-05-28T12:00:00Z,-18.174997,147.42499,0.7513812154696132,24.7
1993-05-29T12:00:00Z,-18.174997,147.42499,0.7292817679558011,24.4
1993-05-30T12:00:00Z,-18.174997,147.42499,0.7071823204419889,24.07
1993-05-31T12:00:00Z,-18.174997,147.42499,0.6850828729281768,24.05
1993-06-01T12:00:00Z,-18.174997,147.42499,0.6629834254143646,23.93
1993-06-02T12:00:00Z,-18.174997,147.42499,0.6408839779005525,24.62
1993-06-03T12:00:00Z,-18.174997,147.42499,0.6187845303867403,24.46
1993-06-04T12:00:00Z,-18.174997,147.42499,0.5966850828729282,24.32
1993-06-05T12:00:00Z,-18.174997,147.42499,0.574585635359116,23.77
1993-06-06T12:00:00Z,-18.174997,147.42499,0.5524861878453039,24.03
1993-06-07T12:00:00Z,-18.174997,147.42499,0.5303867403314917,24.54
1993-06-08T12:00:00Z,-18.174997,147.42499,0.5082872928176796,24.75
1993-06-09T12:00:00Z,-18.174997,147.42499,0.4861878453038674,24.99
1993-06-10T12:00:00Z,-18.174997,147.42499,0.46408839779005523,24.95
1993-06-11T12:00:00Z,-18.174997,147.42499,0.4419889502762431,24.95
1993-06-12T12:00:00Z,-18.174997,147.42499,0.4198895027624309,24.69
1993-06-13T12:00:00Z,-18.174997,147.42499,0.39779005524861877,24.45
1993-06-14T12:00:00Z,-18.174997,147.42499,0.3756906077348066,24.28
1993-06-15T12:00:00Z,-18.174997,147.42499,0.35359116022099446,24.8
1993-06-16T12:00:00Z,-18.174997,147.42499,0.3314917127071823,25.01
1993-06-17T12:00:00Z,-18.174997,147.42499,0.30939226519337015,24.64
1993-06-18T12:00:00Z,-18.174997,147.42499,0.287292817679558,24.44
1993-06-19T12:00:00Z,-18.174997,147.42499,0.26519337016574585,24.47
1993-06-20T12:00:00Z,-18.174997,147.42499,0.2430939226519337,24.48
1993-06-21T12:00:00Z,-18.174997,147.42499,0.22099447513812154,24.31
1993-06-22T12:00:00Z,-18.174997,147.42499,0.19889502762430938,24.3
1993-06-23T12:00:00Z,-18.174997,147.42499,0.17679558011049723,24.2
1993-06-24T12:00:00Z,-18.174997,147.42499,0.15469613259668508,24.42
1993-06-25T12:00:00Z,-18.174997,147.42499,0.13259668508287292,24.54
1993-06-26T12:00:00Z,-18.174997,147.42499,0.11049723756906077,24.29
1993-06-27T12:00:00Z,-18.174997,147.42499,0.08839779005524862,24.12
1993-06-28T12:00:00Z,-18.174997,147.42499,0.06629834254143646,23.8
1993-06-29T12:00:00Z,-18.174997,147.42499,0.04419889502762431,23.77
1993-06-30T12:00:00Z,-18.174997,147.42499,0.022099447513812154,23.83
1993-07-01T12:00:00Z,-18.174997,147.42499,0.0,24.26
1993-07-02T12:00:00Z,-18.174997,147.42499,0.0,24.42
1993-07-03T12:00:00Z,-18.174997,147.42499,0.022099447513812154,24.11
1993-07-04T12:00:00Z,-18.174997,147.42499,0.04419889502762431,24.06
1993-07-05T12:00:00Z,-18.174997,147.42499,0.06629834254143646,24.38
1993-07-06T12:00:00Z,-18.174997,147.42499,0.08839779005524862,24.47
1993-07-07T12:00:00Z,-18.174997,147.42499,0.11049723756906077,24.32
1993-07-08T12:00:00Z,-18.174997,147.42499,0.13259668508287292,24.33
1993-07-09T12:00:00Z,-18.174997,147.42499,0.15469613259668508,24.27
1993-07-10T12:00:00Z,-18.174997,147.42499,0.17679558011049723,24.28
1993-07-11T12:00:00Z,-18.174997,147.42499,0.19889502762430938,24.33
1993-07-12T12:00:00Z,-18.174997,147.42499,0.22099447513812154,23.31
1993-07-13T12:00:00Z,-18.174997,147.42499,0.2430939226519337,23.81
1993-07-14T12:00:00Z,-18.174997,147.42499,0.26519337016574585,23.77
1993-07-15T12:00:00Z,-18.174997,147.42499,0.287292817679558,23.84
1993-07-16T12:00:00Z,-18.174997,147.42499,0.30939226519337015,24.14
1993-07-17T12:00:00Z,-18.174997,147.42499,0.3314917127071823,24.16
1993-07-18T12:00:00Z,-18.174997,147.42499,0.35359116022099446,24.12
1993-07-19T12:00:00Z,-18.174997,147.42499,0.3756906077348066,24.12
1993-07-20T12:00:00Z,-18.174997,147.42499,0.39779005524861877,24.2
1993-07-21T12:00:00Z,-18.174997,147.42499,0.4198895027624309,24.3
1993-07-22T12:00:00Z,-18.174997,147.42499,0.4419889502762431,24.51
1993-07-23T12:00:00Z,-18.174997,147.42499,0.46408839779005523,24.26
1993-07-24T12:00:00Z,-18.174997,147.42499,0.4861878453038674,24.3
1993-07-25T12:00:00Z,-18.174997,147.42499,0.5082872928176796,24.44
1993-07-26T12:00:00Z,-18.174997,147.42499,0.5303867403314917,24.67
1993-07-27T12:00:00Z,-18.174997,147.42499,0.5524861878453039,24.9
1993-07-28T12:00:00Z,-18.174997,147.42499,0.574585635359116,25.05
1993-07-29T12:00:00Z,-18.174997,147.42499,0.5966850828729282,25.26
1993-07-30T12:00:00Z,-18.174997,147.42499,0.6187845303867403,25.22
1993-07-31T12:00:00Z,-18.174997,147.42499,0.6408839779005525,25.24
1993-08-01T12:00:00Z,-18.174997,147.42499,0.6629834254143646,24.95
1993-08-02T12:00:00Z,-18.174997,147.42499,0.6850828729281768,24.77
1993-08-03T12:00:00Z,-18.174997,147.42499,0.7071823204419889,24.74
1993-08-04T12:00:00Z,-18.174997,147.42499,0.7292817679558011,24.94
1993-08-05T12:00:00Z,-18.174997,147.42499,0.7513812154696132,24.78
1993-08-06T12:00:00Z,-18.174997,147.42499,0.7734806629834254,24.82
1993-08-07T12:00:00Z,-18.174997,147.42499,0.7955801104972375,24.92
1993-08-08T12:00:00Z,-18.174997,147.42499,0.8176795580110497,24.45
1993-08-09T12:00:00Z,-18.174997,147.42499,0.8397790055248618,24.55
1993-08-10T12:00:00Z,-18.174997,147.42499,0.861878453038674,24.75
1993-08-11T12:00:00Z,-18.174997,147.42499,0.8839779005524862,25.05
1993-08-12T12:00:00Z,-18.174997,147.42499,0.9060773480662984,25.14
1993-08-13T12:00:00Z,-18.174997,147.42499,0.9281767955801105,24.68
1993-08-14T12:00:00Z,-18.174997,147.42499,0.9502762430939227,24.59
1993-08-15T12:00:00Z,-18.174997,147.42499,0.9723756906077348,24.4
1993-08-16T12:00:00Z,-18.174997,147.42499,0.994475138121547,25.11
1993-08-17T12:00:00Z,-18.174997,147.42499,1.0165745856353592,25.25
1993-08-18T12:00:00Z,-18.174997,147.42499,1.0386740331491713,25.49
1993-08-19T12:00:00Z,-18.174997,147.42499,1.0607734806629834,25.55
1993-08-20T12:00:00Z,-18.174997,147.42499,1.0828729281767955,25.16
1993-08-21T12:00:00Z,-18.174997,147.42499,1.1049723756906078,25.08
1993-08-22T12:00:00Z,-18.174997,147.42499,1.12707182320442,24.97
1993-08-23T12:00:00Z,-18.174997,147.42499,1.149171270718232,24.63
1993-08-24T12:00:00Z,-18.174997,147.42499,1.171270718232044,24.4
1993-08-25T12:00:00Z,-18.174997,147.42499,1.1933701657458564,24.34
1993-08-26T12:00:00Z,-18.174997,147.42499,1.2154696132596685,24.55
1993-08-27T12:00:00Z,-18.174997,147.42499,1.2375690607734806,24.82
1993-08-28T12:00:00Z,-18.174997,147.42499,1.2596685082872927,24.91
1993-08-29T12:00:00Z,-18.174997,147.42499,1.281767955801105,24.84
1993-08-30T12:00:00Z,-18.174997,147.42499,1.3038674033149171,24.6
1993-08-31T12:00:00Z,-18.174997,147.42499,1.3259668508287292,24.15
1993-09-01T12:00:00Z,-18.174997,147.42499,1.3480662983425415,24.05
1993-09-02T12:00:00Z,-18.174997,147.42499,1.3701657458563536,23.85
1993-09-03T12:00:00Z,-18.174997,147.42499,1.3922651933701657,23.91
1993-09-04T12:00:00Z,-18.174997,147.42499,1.4143646408839778,24.21
1993-09-05T12:00:00Z,-18.174997,147.42499,1.4364640883977902,24.14
1993-09-06T12:00:00Z,-18.174997,147.42499,1.4585635359116023,24.23
1993-09-07T12:00:00Z,-18.174997,147.42499,1.4806629834254144,24.09
1993-09-08T12:00:00Z,-18.174997,147.42499,1.5027624309392265,24.37
1993-09-09T12:00:00Z,-18.174997,147.42499,1.5248618784530388,24.34
1993-09-10T12:00:00Z,-18.174997,147.42499,1.5469613259668509,24.28
1993-09-11T12:00:00Z,-18.174997,147.42499,1.569060773480663,24.34
1993-09-12T12:00:00Z,-18.174997,147.42499,1.591160220994475,24.47
1993-09-13T12:00:00Z,-18.174997,147.42499,1.6132596685082874,24.8
1993-09-14T12:00:00Z,-18.174997,147.42499,1.6353591160220995,24.72
1993-09-15T12:00:00Z,-18.174997,147.42499,1.6574585635359116,24.6
1993-09-16T12:00:00Z,-18.174997,147.42499,1.6795580110497237,24.41
1993-09-17T12:00:00Z,-18.174997,147.42499,1.701657458563536,24.72
1993-09-18T12:00:00Z,-18.174997,147.42499,1.723756906077348,24.73
1993-09-19T12:00:00Z,-18.174997,147.42499,1.7458563535911602,24.83
1993-09-20T12:00:00Z,-18.174997,147.42499,1.7679558011049723,25.51
1993-09-21T12:00:00Z,-18.174997,147.42499,1.7900552486187846,25.39
1993-09-22T12:00:00Z,-18.174997,147.42499,1.8121546961325967,25.18
1993-09-23T12:00:00Z,-18.174997,147.42499,1.8342541436464088,25.26
1993-09-24T12:00:00Z,-18.174997,147.42499,1.856353591160221,25.05
1993-09-25T12:00:00Z,-18.174997,147.42499,1.8784530386740332,24.86
1993-09-26T12:00:00Z,-18.174997,147.42499,1.9005524861878453,24.78
1993-09-27T12:00:00Z,-18.174997,147.42499,1.9226519337016574,25.13
1993-09-28T12:00:00Z,-18.174997,147.42499,1.9447513812154695,25.25
1993-09-29T12:00:00Z,-18.174997,147.42499,1.9668508287292819,24.76
1993-09-30T12:00:00Z,-18.174997,147.42499,1.988950276243094,24.35
1993-10-01T12:00:00Z,-18.174997,147.42499,2.0110497237569063,24.44
1993-10-02T12:00:00Z,-18.174997,147.42499,2.0331491712707184,24.52
1993-10-03T12:00:00Z,-18.174997,147.42499,2.0552486187845305,23.81
1993-10-04T12:00:00Z,-18.174997,147.42499,2.0773480662983426,23.09
1993-10-05T12:00:00Z,-18.174997,147.42499,2.0994475138121547,23.13
1993-10-06T12:00:00Z,-18.174997,147.42499,2.1215469613259668,23.89
1993-10-07T12:00:00Z,-18.174997,147.42499,2.143646408839779,24.0
1993-10-08T12:00:00Z,-18.174997,147.42499,2.165745856353591,24.2
1993-10-09T12:00:00Z,-18.174997,147.42499,2.1878453038674035,24.59
1993-10-10T12:00:00Z,-18.174997,147.42499,2.2099447513812156,24.57
1993-10-11T12:00:00Z,-18.174997,147.42499,2.2320441988950277,24.69
1993-10-12T12:00:00Z,-18.174997,147.42499,2.25414364640884,25.47
1993-10-13T12:00:00Z,-18.174997,147.42499,2.276243093922652,25.55
1993-10-14T12:00:00Z,-18.174997,147.42499,2.298342541436464,25.68
1993-10-15T12:00:00Z,-18.174997,147.42499,2.320441988950276,25.5
1993-10-16T12:00:00Z,-18.174997,147.42499,2.342541436464088,25.74
1993-10-17T12:00:00Z,-18.174997,147.42499,2.3646408839779007,25.65
1993-10-18T12:00:00Z,-18.174997,147.42499,2.386740331491713,25.71
1993-10-19T12:00:00Z,-18.174997,147.42499,2.408839779005525,26.13
1993-10-20T12:00:00Z,-18.174997,147.42499,2.430939226519337,25.84
1993-10-21T12:00:00Z,-18.174997,147.42499,2.453038674033149,26.06
1993-10-22T12:00:00Z,-18.174997,147.42499,2.4751381215469612,25.98
1993-10-23T12:00:00Z,-18.174997,147.42499,2.4972375690607733,26.29
1993-10-24T12:00:00Z,-18.174997,147.42499,2.5193370165745854,26.69
1993-10-25T12:00:00Z,-18.174997,147.42499,2.541436464088398,26.98
1993-10-26T12:00:00Z,-18.174997,147.42499,2.56353591160221,26.08
1993-10-27T12:00:00Z,-18.174997,147.42499,2.585635359116022,26.19
1993-10-28T12:00:00Z,-18.174997,147.42499,2.6077348066298343,27.33
1993-10-29T12:00:00Z,-18.174997,147.42499,2.6298342541436464,26.96
1993-10-30T12:00:00Z,-18.174997,147.42499,2.6519337016574585,26.8
1993-10-31T12:00:00Z,-18.174997,147.42499,2.6740331491712706,27.01
1993-11-01T12:00:00Z,-18.174997,147.42499,2.696132596685083,26.99
1993-11-02T12:00:00Z,-18.174997,147.42499,2.718232044198895,26.81
1993-11-03T12:00:00Z,-18.174997,147.42499,2.7403314917127073,26.81
1993-11-04T12:00:00Z,-18.174997,147.42499,2.7624309392265194,27.05
1993-11-05T12:00:00Z,-18.174997,147.42499,2.7845303867403315,26.68
1993-11-06T12:00:00Z,-18.174997,147.42499,2.8066298342541436,26.13
1993-11-07T12:00:00Z,-18.174997,147.42499,2.8287292817679557,25.68
1993-11-08T12:00:00Z,-18.174997,147.42499,2.850828729281768,25.87
1993-11-09T12:00:00Z,-18.174997,147.42499,2.8729281767955803,26.06
1993-11-10T12:00:00Z,-18.174997,147.42499,2.8950276243093924,26.33
1993-11-11T12:00:00Z,-18.174997,147.42499,2.9171270718232045,26.3
1993-11-12T12:00:00Z,-18.174997,147.42499,2.9392265193370166,26.4
1993-11-13T12:00:00Z,-18.174997,147.42499,2.9613259668508287,28.07
1993-11-14T12:00:00Z,-18.174997,147.42499,2.983425414364641,27.62
1993-11-15T12:00:00Z,-18.174997,147.42499,3.005524861878453,28.12
1993-11-16T12:00:00Z,-18.174997,147.42499,3.027624309392265,28.06
1993-11-17T12:00:00Z,-18.174997,147.42499,3.0497237569060776,28.34
1993-11-18T12:00:00Z,-18.174997,147.42499,3.0718232044198897,28.39
1993-11-19T12:00:00Z,-18.174997,147.42499,3.0939226519337018,28.02
1993-11-20T12:00:00Z,-18.174997,147.42499,3.116022099447514,28.28
1993-11-21T12:00:00Z,-18.174997,147.42499,3.138121546961326,28.59
1993-11-22T12:00:00Z,-18.174997,147.42499,3.160220994475138,28.31
1993-11-23T12:00:00Z,-18.174997,147.42499,3.18232044198895,27.95
1993-11-24T12:00:00Z,-18.174997,147.42499,3.2044198895027622,27.13
1993-11-25T12:00:00Z,-18.174997,147.42499,3.226519337016575,26.81
1993-11-26T12:00:00Z,-18.174997,147.42499,3.248618784530387,26.23
1993-11-27T12:00:00Z,-18.174997,147.42499,3.270718232044199,26.77
1993-11-28T12:00:00Z,-18.174997,147.42499,3.292817679558011,26.92
1993-11-29T12:00:00Z,-18.174997,147.42499,3.314917127071823,26.72
1993-11-30T12:00:00Z,-18.174997,147.42499,3.3370165745856353,26.85
1993-12-01T12:00:00Z,-18.174997,147.42499,3.3591160220994474,26.87
1993-12-02T12:00:00Z,-18.174997,147.42499,3.3812154696132595,27.2
1993-12-03T12:00:00Z,-18.174997,147.42499,3.403314917127072,26.8
1993-12-04T12:00:00Z,-18.174997,147.42499,3.425414364640884,26.63
1993-12-05T12:00:00Z,-18.174997,147.42499,3.447513812154696,26.8
1993-12-06T12:00:00Z,-18.174997,147.42499,3.4696132596685083,27.01
1993-12-07T12:00:00Z,-18.174997,147.42499,3.4917127071823204,26.74
1993-12-08T12:00:00Z,-18.174997,147.42499,3.5138121546961325,26.89
1993-12-09T12:00:00Z,-18.174997,147.42499,3.5359116022099446,27.6
1993-12-10T12:00:00Z,-18.174997,147.42499,3.5580110497237567,28.19
1993-12-11T12:00:00Z,-18.174997,147.42499,3.5801104972375692,28.53
1993-12-12T12:00:00Z,-18.174997,147.42499,3.6022099447513813,27.34
1993-12-13T12:00:00Z,-18.174997,147.42499,3.6243093922651934,27.0
1993-12-14T12:00:00Z,-18.174997,147.42499,3.6464088397790055,26.47
1993-12-15T12:00:00Z,-18.174997,147.42499,3.6685082872928176,26.88
1993-12-16T12:00:00Z,-18.174997,147.42499,3.6906077348066297,26.64
1993-12-17T12:00:00Z,-18.174997,147.42499,3.712707182320442,26.52
1993-12-18T12:00:00Z,-18.174997,147.42499,3.734806629834254,26.68
1993-12-19T12:00:00Z,-18.174997,147.42499,3.7569060773480665,26.9
1993-12-20T12:00:00Z,-18.174997,147.42499,3.7790055248618786,26.99
1993-12-21T12:00:00Z,-18.174997,147.42499,3.8011049723756907,27.39
1993-12-22T12:00:00Z,-18.174997,147.42499,3.8232044198895028,27.2
1993-12-23T12:00:00Z,-18.174997,147.42499,3.845303867403315,27.32
1993-12-24T12:00:00Z,-18.174997,147.42499,3.867403314917127,28.75
1993-12-25T12:00:00Z,-18.174997,147.42499,3.889502762430939,28.61
1993-12-26T12:00:00Z,-18.174997,147.42499,3.911602209944751,28.52
1993-12-27T12:00:00Z,-18.174997,147.42499,3.9337016574585637,28.41
1993-12-28T12:00:00Z,-18.174997,147.42499,3.955801104972376,29.24
1993-12-29T12:00:00Z,-18.174997,147.42499,3.977900552486188,29.31
1993-12-30T12:00:00Z,-18.174997,147.42499,4.0,29.19
1993-12-31T12:00:00Z,-18.174997,147.42499,4.0220994475138125,29.21
1994-01-01T12:00:00Z,-18.174997,147.42499,4.0,28.68
1994-01-02T12:00:00Z,-18.174997,147.42499,3.977900552486188,28.31
1994-01-03T12:00:00Z,-18.174997,147.42499,3.955801104972376,28.27
1994-01-04T12:00:00Z,-18.174997,147.42499,3.9337016574585637,29.01
1994-01-05T12:00:00Z,-18.174997,147.42499,3.911602209944751,28.87
1994-01-06T12:00:00Z,-18.174997,147.42499,3.889502762430939,28.76
1994-01-07T12:00:00Z,-18.174997,147.42499,3.867403314917127,28.97
1994-01-08T12:00:00Z,-18.174997,147.42499,3.845303867403315,29.14
1994-01-09T12:00:00Z,-18.174997,147.42499,3.8232044198895028,29.22
1994-01-10T12:00:00Z,-18.174997,147.42499,3.8011049723756907,29.08
1994-01-11T12:00:00Z,-18.174997,147.42499,3.7790055248618786,28.93
1994-01-12T12:00:00Z,-18.174997,147.42499,3.7569060773480665,29.83
1994-01-13T12:00:00Z,-18.174997,147.42499,3.734806629834254,29.93
1994-01-14T12:00:00Z,-18.174997,147.42499,3.712707182320442,29.82
1994-01-15T12:00:00Z,-18.174997,147.42499,3.6906077348066297,29.88
1994-01-16T12:00:00Z,-18.174997,147.42499,3.6685082872928176,30.41
1994-01-17T12:00:00Z,-18.174997,147.42499,3.6464088397790055,30.67
1994-01-18T12:00:00Z,-18.174997,147.42499,3.6243093922651934,30.48
1994-01-19T12:00:00Z,-18.174997,147.42499,3.6022099447513813,29.53
1994-01-20T12:00:00Z,-18.174997,147.42499,3.5801104972375692,29.29
1994-01-21T12:00:00Z,-18.174997,147.42499,3.5580110497237567,29.24
1994-01-22T12:00:00Z,-18.174997,147.42499,3.5359116022099446,29.38
1994-01-23T12:00:00Z,-18.174997,147.42499,3.5138121546961325,29.39
1994-01-24T12:00:00Z,-18.174997,147.42499,3.4917127071823204,28.94
1994-01-25T12:00:00Z,-18.174997,147.42499,3.4696132596685083,28.88
1994-01-26T12:00:00Z,-18.174997,147.42499,3.447513812154696,28.97
1994-01-27T12:00:00Z,-18.174997,147.42499,3.425414364640884,29.06
1994-01-28T12:00:00Z,-18.174997,147.42499,3.403314917127072,28.86
1994-01-29T12:00:00Z,-18.174997,147.42499,3.3812154696132595,28.78
1994-01-30T12:00:00Z,-18.174997,147.42499,3.3591160220994474,29.2
1994-01-31T12:00:00Z,-18.174997,147.42499,3.3370165745856353,29.08
1994-02-01T12:00:00Z,-18.174997,147.42499,3.314917127071823,29.05
1994-02-02T12:00:00Z,-18.174997,147.42499,3.292817679558011,29.04
1994-02-03T12:00:00Z,-18.174997,147.42499,3.270718232044199,28.78
1994-02-04T12:00:00Z,-18.174997,147.42499,3.248618784530387,28.91
1994-02-05T12:00:00Z,-18.174997,147.42499,3.226519337016575,28.78
1994-02-06T12:00:00Z,-18.174997,147.42499,3.2044198895027622,28.8
1994-02-07T12:00:00Z,-18.174997,147.42499,3.18232044198895,28.57
1994-02-08T12:00:00Z,-18.174997,147.42499,3.160220994475138,28.59
1994-02-09T12:00:00Z,-18.174997,147.42499,3.138121546961326,28.51
1994-02-10T12:00:00Z,-18.174997,147.42499,3.116022099447514,28.54
1994-02-11T12:00:00Z,-18.174997,147.42499,3.0939226519337018,28.57
1994-02-12T12:00:00Z,-18.174997,147.42499,3.0718232044198897,28.5
1994-02-13T12:00:00Z,-18.174997,147.42499,3.0497237569060776,28.5
1994-02-14T12:00:00Z,-18.174997,147.42499,3.027624309392265,28.59
1994-02-15T12:00:00Z,-18.174997,147.42499,3.005524861878453,28.56
1994-02-16T12:00:00Z,-18.174997,147.42499,2.983425414364641,28.39
1994-02-17T12:00:00Z,-18.174997,147.42499,2.9613259668508287,28.63
1994-02-18T12:00:00Z,-18.174997,147.42499,2.9392265193370166,27.91
1994-02-19T12:00:00Z,-18.174997,147.42499,2.9171270718232045,28.98
1994-02-20T12:00:00Z,-18.174997,147.42499,2.8950276243093924,29.44
1994-02-21T12:00:00Z,-18.174997,147.42499,2.8729281767955803,29.35
1994-02-22T12:00:00Z,-18.174997,147.42499,2.850828729281768,29.3
1994-02-23T12:00:00Z,-18.174997,147.42499,2.8287292817679557,29.12
1994-02-24T12:00:00Z,-18.174997,147.42499,2.8066298342541436,28.99
1994-02-25T12:00:00Z,-18.174997,147.42499,2.7845303867403315,28.84
1994-02-26T12:00:00Z,-18.174997,147.42499,2.7624309392265194,29.26
1994-02-27T12:00:00Z,-18.174997,147.42499,2.7403314917127073,28.85
1994-02-28T12:00:00Z,-18.174997,147.42499,2.718232044198895,29.14
1994-03-01T12:00:00Z,-18.174997,147.42499,2.696132596685083,28.78
1994-03-02T12:00:00Z,-18.174997,147.42499,2.6740331491712706,28.78
1994-03-03T12:00:00Z,-18.174997,147.42499,2.6519337016574585,28.82
1994-03-04T12:00:00Z,-18.174997,147.42499,2.6298342541436464,28.92
1994-03-05T12:00:00Z,-18.174997,147.42499,2.6077348066298343,29.05
1994-03-06T12:00:00Z,-18.174997,147.42499,2.585635359116022,28.97
1994-03-07T12:00:00Z,-18.174997,147.42499,2.56353591160221,28.91
1994-03-08T12:00:00Z,-18.174997,147.42499,2.541436464088398,28.76
1994-03-09T12:00:00Z,-18.174997,147.42499,2.5193370165745854,28.72
1994-03-10T12:00:00Z,-18.174997,147.42499,2.4972375690607733,28.38
1994-03-11T12:00:00Z,-18.174997,147.42499,2.4751381215469612,28.58
1994-03-12T12:00:00Z,-18.174997,147.42499,2.453038674033149,28.68
1994-03-13T12:00:00Z,-18.174997,147.42499,2.430939226519337,28.91
1994-03-14T12:00:00Z,-18.174997,147.42499,2.408839779005525,28.82
1994-03-15T12:00:00Z,-18.174997,147.42499,2.386740331491713,28.58
1994-03-16T12:00:00Z,-18.174997,147.42499,2.3646408839779007,28.43
1994-03-17T12:00:00Z,-18.174997,147.42499,2.342541436464088,29.09
1994-03-18T12:00:00Z,-18.174997,147.42499,2.320441988950276,29.36
1994-03-19T12:00:00Z,-18.174997,147.42499,2.298342541436464,28.94
1994-03-20T12:00:00Z,-18.174997,147.42499,2.276243093922652,28.76
1994-03-21T12:00:00Z,-18.174997,147.42499,2.25414364640884,28.62
1994-03-22T12:00:00Z,-18.174997,147.42499,2.2320441988950277,28.02
1994-03-23T12:00:00Z,-18.174997,147.42499,2.2099447513812156,27.35
1994-03-24T12:00:00Z,-18.174997,147.42499,2.1878453038674035,26.88
1994-03-25T12:00:00Z,-18.174997,147.42499,2.165745856353591,27.37
1994-03-26T12:00:00Z,-18.174997,147.42499,2.143646408839779,27.04
1994-03-27T12:00:00Z,-18.174997,147.42499,2.1215469613259668,27.13
1994-03-28T12:00:00Z,-18.174997,147.42499,2.0994475138121547,27.12
1994-03-29T12:00:00Z,-18.174997,147.42499,2.0773480662983426,27.12
1994-03-30T12:00:00Z,-18.174997,147.42499,2.0552486187845305,26.71
1994-03-31T12:00:00Z,-18.174997,147.42499,2.0331491712707184,26.57
1994-04-01T12:00:00Z,-18.174997,147.42499,2.0110497237569063,26.86
1994-04-02T12:00:00Z,-18.174997,147.42499,1.988950276243094,27.13
1994-04-03T12:00:00Z,-18.174997,147.42499,1.9668508287292819,27.41
1994-04-04T12:00:00Z,-18.174997,147.42499,1.9447513812154695,27.59
1994-04-05T12:00:00Z,-18.174997,147.42499,1.9226519337016574,27.98
1994-04-06T12:00:00Z,-18.174997,147.42499,1.9005524861878453,28.34
1994-04-07T12:00:00Z,-18.174997,147.42499,1.8784530386740332,29.26
1994-04-08T12:00:00Z,-18.174997,147.42499,1.856353591160221,28.87
1994-04-09T12:00:00Z,-18.174997,147.42499,1.8342541436464088,29.11
1994-04-10T12:00:00Z,-18.174997,147.42499,1.8121546961325967,29.26
1994-04-11T12:00:00Z,-18.174997,147.42499,1.7900552486187846,28.65
1994-04-12T12:00:00Z,-18.174997,147.42499,1.7679558011049723,27.92
1994-04-13T12:00:00Z,-18.174997,147.42499,1.7458563535911602,27.52
1994-04-14T12:00:00Z,-18.174997,147.42499,1.723756906077348,27.28
1994-04-15T12:00:00Z,-18.174997,147.42499,1.701657458563536,26.98
1994-04-16T12:00:00Z,-18.174997,147.42499,1.6795580110497237,26.7
1994-04-17T12:00:00Z,-18.174997,147.42499,1.6574585635359116,26.32
1994-04-18T12:00:00Z,-18.174997,147.42499,1.6353591160220995,26.38
1994-04-19T12:00:00Z,-18.174997,147.42499,1.6132596685082874,26.57
1994-04-20T12:00:00Z,-18.174997,147.42499,1.591160220994475,26.58
1994-04-21T12:00:00Z,-18.174997,147.42499,1.569060773480663,26.39
1994-04-22T12:00:00Z,-18.174997,147.42499,1.5469613259668509,26.26
1994-04-23T12:00:00Z,-18.174997,147.42499,1.5248618784530388,26.47
1994-04-24T12:00:00Z,-18.174997,147.42499,1.5027624309392265,26.35
1994-04-25T12:00:00Z,-18.174997,147.42499,1.4806629834254144,26.41
1994-04-26T12:00:00Z,-18.174997,147.42499,1.4585635359116023,26.52
1994-04-27T12:00:00Z,-18.174997,147.42499,1.4364640883977902,26.45
1994-04-28T12:00:00Z,-18.174997,147.42499,1.4143646408839778,26.12
1994-04-29T12:00:00Z,-18.174997,147.42499,1.3922651933701657,26.23
1994-04-30T12:00:00Z,-18.174997,147.42499,1.3701657458563536,26.32
1994-05-01T12:00:00Z,-18.174997,147.42499,1.3480662983425415,26.25
1994-05-02T12:00:00Z,-18.174997,147.42499,1.3259668508287292,25.95
1994-05-03T12:00:00Z,-18.174997,147.42499,1.3038674033149171,25.93
1994-05-04T12:00:00Z,-18.174997,147.42499,1.281767955801105,25.87
1994-05-05T12:00:00Z,-18.174997,147.42499,1.2596685082872927,25.76
1994-05-06T12:00:00Z,-18.174997,147.42499,1.2375690607734806,25.83
1994-05-07T12:00:00Z,-18.174997,147.42499,1.2154696132596685,26.22
1994-05-08T12:00:00Z,-18.174997,147.42499,1.1933701657458564,25.38
1994-05-09T12:00:00Z,-18.174997,147.42499,1.171270718232044,25.39
1994-05-10T12:00:00Z,-18.174997,147.42499,1.149171270718232,25.49
1994-05-11T12:00:00Z,-18.174997,147.42499,1.12707182320442,25.6
1994-05-12T12:00:00Z,-18.174997,147.42499,1.1049723756906078,25.68
1994-05-13T12:00:00Z,-18.174997,147.42499,1.0828729281767955,25.69
1994-05-14T12:00:00Z,-18.174997,147.42499,1.0607734806629834,25.74
1994-05-15T12:00:00Z,-18.174997,147.42499,1.0386740331491713,25.85
1994-05-16T12:00:00Z,-18.174997,147.42499,1.0165745856353592,25.97
1994-05-17T12:00:00Z,-18.174997,147.42499,0.994475138121547,26.03
1994-05-18T12:00:00Z,-18.174997,147.42499,0.9723756906077348,25.86
1994-05-19T12:00:00Z,-18.174997,147.42499,0.9502762430939227,25.5
1994-05-20T12:00:00Z,-18.174997,147.42499,0.9281767955801105,25.24
1994-05-21T12:00:00Z,-18.174997,147.42499,0.9060773480662984,25.4
1994-05-22T12:00:00Z,-18.174997,147.42499,0.8839779005524862,25.09
1994-05-23T12:00:00Z,-18.174997,147.42499,0.861878453038674,25.33
1994-05-24T12:00:00Z,-18.174997,147.42499,0.8397790055248618,25.38
1994-05-25T12:00:00Z,-18.174997,147.42499,0.8176795580110497,25.1
1994-05-26T12:00:00Z,-18.174997,147.42499,0.7955801104972375,25.22
1994-05-27T12:00:00Z,-18.174997,147.42499,0.7734806629834254,25.37
1994-05-28T12:00:00Z,-18.174997,147.42499,0.7513812154696132,25.36
1994-05-29T12:00:00Z,-18.174997,147.42499,0.7292817679558011,25.54
1994-05-30T12:00:00Z,-18.174997,147.42499,0.7071823204419889,25.06
1994-05-31T12:00:00Z,-18.174997,147.42499,0.6850828729281768,24.66
1994-06-01T12:00:00Z,-18.174997,147.42499,0.6629834254143646,24.52
1994-06-02T12:00:00Z,-18.174997,147.42499,0.6408839779005525,24.5
1994-06-03T12:00:00Z,-18.174997,147.42499,0.6187845303867403,24.57
1994-06-04T12:00:00Z,-18.174997,147.42499,0.5966850828729282,24.58
1994-06-05T12:00:00Z,-18.174997,147.42499,0.574585635359116,24.67
1994-06-06T12:00:00Z,-18.174997,147.42499,0.5524861878453039,24.46
1994-06-07T12:00:00Z,-18.174997,147.42499,0.5303867403314917,24.38
1994-06-08T12:00:00Z,-18.174997,147.42499,0.5082872928176796,24.12
1994-06-09T12:00:00Z,-18.174997,147.42499,0.4861878453038674,24.04
1994-06-10T12:00:00Z,-18.174997,147.42499,0.46408839779005523,22.85
1994-06-11T12:00:00Z,-18.174997,147.42499,0.4419889502762431,22.74
1994-06-12T12:00:00Z,-18.174997,147.42499,0.4198895027624309,22.57
1994-06-13T12:00:00Z,-18.174997,147.42499,0.39779005524861877,24.32
1994-06-14T12:00:00Z,-18.174997,147.42499,0.3756906077348066,24.34
1994-06-15T12:00:00Z,-18.174997,147.42499,0.35359116022099446,24.12
1994-06-16T12:00:00Z,-18.174997,147.42499,0.3314917127071823,24.24
1994-06-17T12:00:00Z,-18.174997,147.42499,0.30939226519337015,24.26
1994-06-18T12:00:00Z,-18.174997,147.42499,0.287292817679558,24.26
1994-06-19T12:00:00Z,-18.174997,147.42499,0.26519337016574585,23.92
1994-06-20T12:00:00Z,-18.174997,147.42499,0.2430939226519337,24.22
1994-06-21T12:00:00Z,-18.174997,147.42499,0.22099447513812154,23.83
1994-06-22T12:00:00Z,-18.174997,147.42499,0.19889502762430938,23.73
1994-06-23T12:00:00Z,-18.174997,147.42499,0.17679558011049723,23.94
1994-06-24T12:00:00Z,-18.174997,147.42499,0.15469613259668508,24.18
1994-06-25T12:00:00Z,-18.174997,147.42499,0.13259668508287292,23.88
1994-06-26T12:00:00Z,-18.174997,147.42499,0.11049723756906077,23.54
1994-06-27T12:00:00Z,-18.174997,147.42499,0.08839779005524862,24.96
1994-06-28T12:00:00Z,-18.174997,147.42499,0.06629834254143646,25.13
1994-06-29T12:00:00Z,-18.174997,147.42499,0.04419889502762431,24.63
1994-06-30T12:00:00Z,-18.174997,147.42499,0.022099447513812154,24.43
1994-07-01T12:00:00Z,-18.174997,147.42499,0.0,24.75
1994-07-02T12:00:00Z,-18.174997,147.42499,0.0,24.53
1994-07-03T12:00:00Z,-18.174997,147.42499,0.022099447513812154,24.51
1994-07-04T12:00:00Z,-18.174997,147.42499,0.04419889502762431,24.51
1994-07-05T12:00:00Z,-18.174997,147.42499,0.06629834254143646,25.05
1994-07-06T12:00:00Z,-18.174997,147.42499,0.08839779005524862,25.15
1994-07-07T12:00:00Z,-18.174997,147.42499,0.11049723756906077,24.9
1994-07-08T12:00:00Z,-18.174997,147.42499,0.13259668508287292,24.49
1994-07-09T12:00:00Z,-18.174997,147.42499,0.15469613259668508,24.29
1994-07-10T12:00:00Z,-18.174997,147.42499,0.17679558011049723,24.29
1994-07-11T12:00:00Z,-18.174997,147.42499,0.19889502762430938,24.47
1994-07-12T12:00:00Z,-18.174997,147.42499,0.22099447513812154,24.49
1994-07-13T12:00:00Z,-18.174997,147.42499,0.2430939226519337,24.75
1994-07-14T12:00:00Z,-18.174997,147.42499,0.26519337016574585,24.54
1994-07-15T12:00:00Z,-18.174997,147.42499,0.287292817679558,23.96
1994-07-16T12:00:00Z,-18.174997,147.42499,0.30939226519337015,23.65
1994-07-17T12:00:00Z,-18.174997,147.42499,0.3314917127071823,24.67
1994-07-18T12:00:00Z,-18.174997,147.42499,0.35359116022099446,24.84
1994-07-19T12:00:00Z,-18.174997,147.42499,0.3756906077348066,24.96
1994-07-20T12:00:00Z,-18.174997,147.42499,0.39779005524861877,24.64
1994-07-21T12:00:00Z,-18.174997,147.42499,0.4198895027624309,24.62
1994-07-22T12:00:00Z,-18.174997,147.42499,0.4419889502762431,23.87
1994-07-23T12:00:00Z,-18.174997,147.42499,0.46408839779005523,24.03
1994-07-24T12:00:00Z,-18.174997,147.42499,0.4861878453038674,24.06
1994-07-25T12:00:00Z,-18.174997,147.42499,0.5082872928176796,24.03
1994-07-26T12:00:00Z,-18.174997,147.42499,0.5303867403314917,24.46
1994-07-27T12:00:00Z,-18.174997,147.42499,0.5524861878453039,24.35
1994-07-28T12:00:00Z,-18.174997,147.42499,0.574585635359116,24.4
1994-07-29T12:00:00Z,-18.174997,147.42499,0.5966850828729282,24.36
1994-07-30T12:00:00Z,-18.174997,147.42499,0.6187845303867403,24.19
1994-07-31T12:00:00Z,-18.174997,147.42499,0.6408839779005525,24.13
1994-08-01T12:00:00Z,-18.174997,147.42499,0.6629834254143646,23.62
1994-08-02T12:00:00Z,-18.174997,147.42499,0.6850828729281768,23.28
1994-08-03T12:00:00Z,-18.174997,147.42499,0.7071823204419889,24.03
1994-08-04T12:00:00Z,-18.174997,147.42499,0.7292817679558011,23.97
1994-08-05T12:00:00Z,-18.174997,147.42499,0.7513812154696132,23.98
1994-08-06T12:00:00Z,-18.174997,147.42499,0.7734806629834254,23.88
1994-08-07T12:00:00Z,-18.174997,147.42499,0.7955801104972375,23.46
1994-08-08T12:00:00Z,-18.174997,147.42499,0.8176795580110497,23.55
1994-08-09T12:00:00Z,-18.174997,147.42499,0.8397790055248618,23.35
1994-08-10T12:00:00Z,-18.174997,147.42499,0.861878453038674,23.23
1994-08-11T12:00:00Z,-18.174997,147.42499,0.8839779005524862,23.38
1994-08-12T12:00:00Z,-18.174997,147.42499,0.9060773480662984,23.24
1994-08-13T12:00:00Z,-18.174997,147.42499,0.9281767955801105,23.16
1994-08-14T12:00:00Z,-18.174997,147.42499,0.9502762430939227,23.0
1994-08-15T12:00:00Z,-18.174997,147.42499,0.9723756906077348,22.98
1994-08-16T12:00:00Z,-18.174997,147.42499,0.994475138121547,23.11
1994-08-17T12:00:00Z,-18.174997,147.42499,1.0165745856353592,23.18
1994-08-18T12:00:00Z,-18.174997,147.42499,1.0386740331491713,23.32
1994-08-19T12:00:00Z,-18.174997,147.42499,1.0607734806629834,23.59
1994-08-20T12:00:00Z,-18.174997,147.42499,1.0828729281767955,24.07
1994-08-21T12:00:00Z,-18.174997,147.42499,1.1049723756906078,24.29
1994-08-22T12:00:00Z,-18.174997,147.42499,1.12707182320442,24.32
1994-08-23T12:00:00Z,-18.174997,147.42499,1.149171270718232,23.98
1994-08-24T12:00:00Z,-18.174997,147.42499,1.171270718232044,23.54
1994-08-25T12:00:00Z,-18.174997,147.42499,1.1933701657458564,23.18
1994-08-26T12:00:00Z,-18.174997,147.42499,1.2154696132596685,22.76
1994-08-27T12:00:00Z,-18.174997,147.42499,1.2375690607734806,22.8
1994-08-28T12:00:00Z,-18.174997,147.42499,1.2596685082872927,22.83
1994-08-29T12:00:00Z,-18.174997,147.42499,1.281767955801105,22.95
1994-08-30T12:00:00Z,-18.174997,147.42499,1.3038674033149171,23.1
1994-08-31T12:00:00Z,-18.174997,147.42499,1.3259668508287292,23.93
1994-09-01T12:00:00Z,-18.174997,147.42499,1.3480662983425415,23.52
1994-09-02T12:00:00Z,-18.174997,147.42499,1.3701657458563536,23.26
1994-09-03T12:00:00Z,-18.174997,147.42499,1.3922651933701657,23.38
1994-09-04T12:00:00Z,-18.174997,147.42499,1.4143646408839778,23.74
1994-09-05T12:00:00Z,-18.174997,147.42499,1.4364640883977902,23.65
1994-09-06T12:00:00Z,-18.174997,147.42499,1.4585635359116023,23.77
1994-09-07T12:00:00Z,-18.174997,147.42499,1.4806629834254144,23.51
1994-09-08T12:00:00Z,-18.174997,147.42499,1.5027624309392265,23.65
1994-09-09T12:00:00Z,-18.174997,147.42499,1.5248618784530388,23.65
1994-09-10T12:00:00Z,-18.174997,147.42499,1.5469613259668509,23.96
1994-09-11T12:00:00Z,-18.174997,147.42499,1.569060773480663,24.05
1994-09-12T12:00:00Z,-18.174997,147.42499,1.591160220994475,24.16
1994-09-13T12:00:00Z,-18.174997,147.42499,1.6132596685082874,23.37
1994-09-14T12:00:00Z,-18.174997,147.42499,1.6353591160220995,22.92
1994-09-15T12:00:00Z,-18.174997,147.42499,1.6574585635359116,23.29
1994-09-16T12:00:00Z,-18.174997,147.42499,1.6795580110497237,24.03
1994-09-17T12:00:00Z,-18.174997,147.42499,1.701657458563536,24.32
1994-09-18T12:00:00Z,-18.174997,147.42499,1.723756906077348,24.4
1994-09-19T12:00:00Z,-18.174997,147.42499,1.7458563535911602,24.37
1994-09-20T12:00:00Z,-18.174997,147.42499,1.7679558011049723,24.97
1994-09-21T12:00:00Z,-18.174997,147.42499,1.7900552486187846,24.33
1994-09-22T12:00:00Z,-18.174997,147.42499,1.8121546961325967,24.13
1994-09-23T12:00:00Z,-18.174997,147.42499,1.8342541436464088,24.55
1994-09-24T12:00:00Z,-18.174997,147.42499,1.856353591160221,24.08
1994-09-25T12:00:00Z,-18.174997,147.42499,1.8784530386740332,24.04
1994-09-26T12:00:00Z,-18.174997,147.42499,1.9005524861878453,23.66
1994-09-27T12:00:00Z,-18.174997,147.42499,1.9226519337016574,24.27
1994-09-28T12:00:00Z,-18.174997,147.42499,1.9447513812154695,24.91
1994-09-29T12:00:00Z,-18.174997,147.42499,1.9668508287292819,24.75
1994-09-30T12:00:00Z,-18.174997,147.42499,1.988950276243094,24.73
1994-10-01T12:00:00Z,-18.174997,147.42499,2.0110497237569063,25.05
1994-10-02T12:00:00Z,-18.174997,147.42499,2.0331491712707184,25.44
1994-10-03T12:00:00Z,-18.174997,147.42499,2.0552486187845305,25.49
1994-10-04T12:00:00Z,-18.174997,147.42499,2.0773480662983426,25.3
1994-10-05T12:00:00Z,-18.174997,147.42499,2.0994475138121547,25.75
1994-10-06T12:00:00Z,-18.174997,147.42499,2.1215469613259668,25.42
1994-10-07T12:00:00Z,-18.174997,147.42499,2.143646408839779,25.43
1994-10-08T12:00:00Z,-18.174997,147.42499,2.165745856353591,25.03
1994-10-09T12:00:00Z,-18.174997,147.42499,2.1878453038674035,24.96
1994-10-10T12:00:00Z,-18.174997,147.42499,2.2099447513812156,24.86
1994-10-11T12:00:00Z,-18.174997,147.42499,2.2320441988950277,25.31
1994-10-12T12:00:00Z,-18.174997,147.42499,2.25414364640884,25.48
1994-10-13T12:00:00Z,-18.174997,147.42499,2.276243093922652,25.55
1994-10-14T12:00:00Z,-18.174997,147.42499,2.298342541436464,25.54
1994-10-15T12:00:00Z,-18.174997,147.42499,2.320441988950276,25.55
1994-10-16T12:00:00Z,-18.174997,147.42499,2.342541436464088,25.28
1994-10-17T12:00:00Z,-18.174997,147.42499,2.3646408839779007,24.96
1994-10-18T12:00:00Z,-18.174997,147.42499,2.386740331491713,24.96
1994-10-19T12:00:00Z,-18.174997,147.42499,2.408839779005525,25.19
1994-10-20T12:00:00Z,-18.174997,147.42499,2.430939226519337,25.19
1994-10-21T12:00:00Z,-18.174997,147.42499,2.453038674033149,25.84
1994-10-22T12:00:00Z,-18.174997,147.42499,2.4751381215469612,25.3
1994-10-23T12:00:00Z,-18.174997,147.42499,2.4972375690607733,25.14
1994-10-24T12:00:00Z,-18.174997,147.42499,2.5193370165745854,25.19
1994-10-25T12:00:00Z,-18.174997,147.42499,2.541436464088398,25.31
1994-10-26T12:00:00Z,-18.174997,147.42499,2.56353591160221,25.38
1994-10-27T12:00:00Z,-18.174997,147.42499,2.585635359116022,25.24
1994-10-28T12:00:00Z,-18.174997,147.42499,2.6077348066298343,25.4
1994-10-29T12:00:00Z,-18.174997,147.42499,2.6298342541436464,25.32
1994-10-30T12:00:00Z,-18.174997,147.42499,2.6519337016574585,24.93
1994-10-31T12:00:00Z,-18.174997,147.42499,2.6740331491712706,25.37
1994-11-01T12:00:00Z,-18.174997,147.42499,2.696132596685083,26.26
1994-11-02T12:00:00Z,-18.174997,147.42499,2.718232044198895,26.33
1994-11-03T12:00:00Z,-18.174997,147.42499,2.7403314917127073,25.59
1994-11-04T12:00:00Z,-18.174997,147.42499,2.7624309392265194,25.15
1994-11-05T12:00:00Z,-18.174997,147.42499,2.7845303867403315,25.7
1994-11-06T12:00:00Z,-18.174997,147.42499,2.8066298342541436,25.65
1994-11-07T12:00:00Z,-18.174997,147.42499,2.8287292817679557,26.09
1994-11-08T12:00:00Z,-18.174997,147.42499,2.850828729281768,26.46
1994-11-09T12:00:00Z,-18.174997,147.42499,2.8729281767955803,26.42
1994-11-10T12:00:00Z,-18.174997,147.42499,2.8950276243093924,26.43
1994-11-11T12:00:00Z,-18.174997,147.42499,2.9171270718232045,26.6
1994-11-12T12:00:00Z,-18.174997,147.42499,2.9392265193370166,26.6
1994-11-13T12:00:00Z,-18.174997,147.42499,2.9613259668508287,26.51
1994-11-14T12:00:00Z,-18.174997,147.42499,2.983425414364641,27.65
1994-11-15T12:00:00Z,-18.174997,147.42499,3.005524861878453,27.48
1994-11-16T12:00:00Z,-18.174997,147.42499,3.027624309392265,27.09
1994-11-17T12:00:00Z,-18.174997,147.42499,3.0497237569060776,27.11
1994-11-18T12:00:00Z,-18.174997,147.42499,3.0718232044198897,27.43
1994-11-19T12:00:00Z,-18.174997,147.42499,3.0939226519337018,27.53
1994-11-20T12:00:00Z,-18.174997,147.42499,3.116022099447514,27.48
1994-11-21T12:00:00Z,-18.174997,147.42499,3.138121546961326,27.42
1994-11-22T12:00:00Z,-18.174997,147.42499,3.160220994475138,27.51
1994-11-23T12:00:00Z,-18.174997,147.42499,3.18232044198895,26.89
1994-11-24T12:00:00Z,-18.174997,147.42499,3.2044198895027622,26.75
1994-11-25T12:00:00Z,-18.174997,147.42499,3.226519337016575,26.64
1994-11-26T12:00:00Z,-18.174997,147.42499,3.248618784530387,26.68
1994-11-27T12:00:00Z,-18.174997,147.42499,3.270718232044199,26.48
1994-11-28T12:00:00Z,-18.174997,147.42499,3.292817679558011,27.76
1994-11-29T12:00:00Z,-18.174997,147.42499,3.314917127071823,28.15
1994-11-30T12:00:00Z,-18.174997,147.42499,3.3370165745856353,27.98
1994-12-01T12:00:00Z,-18.174997,147.42499,3.3591160220994474,27.15
1994-12-02T12:00:00Z,-18.174997,147.42499,3.3812154696132595,27.11
1994-12-03T12:00:00Z,-18.174997,147.42499,3.403314917127072,26.85
1994-12-04T12:00:00Z,-18.174997,147.42499,3.425414364640884,27.01
1994-12-05T12:00:00Z,-18.174997,147.42499,3.447513812154696,27.13
1994-12-06T12:00:00Z,-18.174997,147.42499,3.4696132596685083,27.64
1994-12-07T12:00:00Z,-18.174997,147.42499,3.4917127071823204,27.17
1994-12-08T12:00:00Z,-18.174997,147.42499,3.5138121546961325,27.38
1994-12-09T12:00:00Z,-18.174997,147.42499,3.5359116022099446,27.45
1994-12-10T12:00:00Z,-18.174997,147.42499,3.5580110497237567,27.59
1994-12-11T12:00:00Z,-18.174997,147.42499,3.5801104972375692,27.81
1994-12-12T12:00:00Z,-18.174997,147.42499,3.6022099447513813,27.99
1994-12-13T12:00:00Z,-18.174997,147.42499,3.6243093922651934,27.89
1994-12-14T12:00:00Z,-18.174997,147.42499,3.6464088397790055,27.77
1994-12-15T12:00:00Z,-18.174997,147.42499,3.6685082872928176,27.52
1994-12-16T12:00:00Z,-18.174997,147.42499,3.6906077348066297,26.68
1994-12-17T12:00:00Z,-18.174997,147.42499,3.712707182320442,26.72
1994-12-18T12:00:00Z,-18.174997,147.42499,3.734806629834254,26.89
1994-12-19T12:00:00Z,-18.174997,147.42499,3.7569060773480665,27.24
1994-12-20T12:00:00Z,-18.174997,147.42499,3.7790055248618786,27.23
1994-12-21T12:00:00Z,-18.174997,147.42499,3.8011049723756907,27.09
1994-12-22T12:00:00Z,-18.174997,147.42499,3.8232044198895028,26.81
1994-12-23T12:00:00Z,-18.174997,147.42499,3.845303867403315,26.69
1994-12-24T12:00:00Z,-18.174997,147.42499,3.867403314917127,26.95
1994-12-25T12:00:00Z,-18.174997,147.42499,3.889502762430939,26.93
1994-12-26T12:00:00Z,-18.174997,147.42499,3.911602209944751,26.65
1994-12-27T12:00:00Z,-18.174997,147.42499,3.9337016574585637,26.59
1994-12-28T12:00:00Z,-18.174997,147.42499,3.955801104972376,26.7
1994-12-29T12:00:00Z,-18.174997,147.42499,3.977900552486188,26.74
1994-12-30T12:00:00Z,-18.174997,147.42499,4.0,27.11
1994-12-31T12:00:00Z,-18.174997,147.42499,4.0220994475138125,27.14
1995-01-01T12:00:00Z,-18.174997,147.42499,4.0,27.28
1995-01-02T12:00:00Z,-18.174997,147.42499,3.977900552486188,27.54
1995-01-03T12:00:00Z,-18.174997,147.42499,3.955801104972376,27.81
1995-01-04T12:00:00Z,-18.174997,147.42499,3.9337016574585637,28.34
1995-01-05T12:00:00Z,-18.174997,147.42499,3.911602209944751,29.27
1995-01-06T12:00:00Z,-18.174997,147.42499,3.889502762430939,29.57
1995-01-07T12:00:00Z,-18.174997,147.42499,3.867403314917127,27.73
1995-01-08T12:00:00Z,-18.174997,147.42499,3.845303867403315,28.15
1995-01-09T12:00:00Z,-18.174997,147.42499,3.8232044198895028,28.36
1995-01-10T12:00:00Z,-18.174997,147.42499,3.8011049723756907,28.53
1995-01-11T12:00:00Z,-18.174997,147.42499,3.7790055248618786,28.55
1995-01-12T12:00:00Z,-18.174997,147.42499,3.7569060773480665,28.95
1995-01-13T12:00:00Z,-18.174997,147.42499,3.734806629834254,28.37
1995-01-14T12:00:00Z,-18.174997,147.42499,3.712707182320442,28.2
1995-01-15T12:00:00Z,-18.174997,147.42499,3.6906077348066297,28.06
1995-01-16T12:00:00Z,-18.174997,147.42499,3.6685082872928176,28.4
1995-01-17T12:00:00Z,-18.174997,147.42499,3.6464088397790055,28.44
1995-01-18T12:00:00Z,-18.174997,147.42499,3.6243093922651934,28.86
1995-01-19T12:00:00Z,-18.174997,147.42499,3.6022099447513813,28.71
1995-01-20T12:00:00Z,-18.174997,147.42499,3.5801104972375692,28.66
1995-01-21T12:00:00Z,-18.174997,147.42499,3.5580110497237567,28.72
1995-01-22T12:00:00Z,-18.174997,147.42499,3.5359116022099446,28.71
1995-01-23T12:00:00Z,-18.174997,147.42499,3.5138121546961325,28.59
1995-01-24T12:00:00Z,-18.174997,147.42499,3.4917127071823204,27.62
1995-01-25T12:00:00Z,-18.174997,147.42499,3.4696132596685083,28.39
1995-01-26T12:00:00Z,-18.174997,147.42499,3.447513812154696,28.64
1995-01-27T12:00:00Z,-18.174997,147.42499,3.425414364640884,28.67
1995-01-28T12:00:00Z,-18.174997,147.42499,3.403314917127072,28.8
1995-01-29T12:00:00Z,-18.174997,147.42499,3.3812154696132595,28.74
1995-01-30T12:00:00Z,-18.174997,147.42499,3.3591160220994474,29.05
1995-01-31T12:00:00Z,-18.174997,147.42499,3.3370165745856353,29.28
1995-02-01T12:00:00Z,-18.174997,147.42499,3.314917127071823,29.2
1995-02-02T12:00:00Z,-18.174997,147.42499,3.292817679558011,29.06
1995-02-03T12:00:00Z,-18.174997,147.42499,3.270718232044199,28.68
1995-02-04T12:00:00Z,-18.174997,147.42499,3.248618784530387,28.16
1995-02-05T12:00:00Z,-18.174997,147.42499,3.226519337016575,28.63
1995-02-06T12:00:00Z,-18.174997,147.42499,3.2044198895027622,28.89
1995-02-07T12:00:00Z,-18.174997,147.42499,3.18232044198895,29.27
1995-02-08T12:00:00Z,-18.174997,147.42499,3.160220994475138,30.0
1995-02-09T12:00:00Z,-18.174997,147.42499,3.138121546961326,30.31
1995-02-10T12:00:00Z,-18.174997,147.42499,3.116022099447514,29.92
1995-02-11T12:00:00Z,-18.174997,147.42499,3.0939226519337018,29.8
1995-02-12T12:00:00Z,-18.174997,147.42499,3.0718232044198897,29.71
1995-02-13T12:00:00Z,-18.174997,147.42499,3.0497237569060776,28.76
1995-02-14T12:00:00Z,-18.174997,147.42499,3.027624309392265,28.5
1995-02-15T12:00:00Z,-18.174997,147.42499,3.005524861878453,28.47
1995-02-16T12:00:00Z,-18.174997,147.42499,2.983425414364641,28.34
1995-02-17T12:00:00Z,-18.174997,147.42499,2.9613259668508287,29.03
1995-02-18T12:00:00Z,-18.174997,147.42499,2.9392265193370166,28.81
1995-02-19T12:00:00Z,-18.174997,147.42499,2.9171270718232045,29.29
1995-02-20T12:00:00Z,-18.174997,147.42499,2.8950276243093924,29.35
1995-02-21T12:00:00Z,-18.174997,147.42499,2.8729281767955803,29.87
1995-02-22T12:00:00Z,-18.174997,147.42499,2.850828729281768,29.51
1995-02-23T12:00:00Z,-18.174997,147.42499,2.8287292817679557,29.47
1995-02-24T12:00:00Z,-18.174997,147.42499,2.8066298342541436,29.25
1995-02-25T12:00:00Z,-18.174997,147.42499,2.7845303867403315,29.0
1995-02-26T12:00:00Z,-18.174997,147.42499,2.7624309392265194,28.78
1995-02-27T12:00:00Z,-18.174997,147.42499,2.7403314917127073,28.34
1995-02-28T12:00:00Z,-18.174997,147.42499,2.718232044198895,28.16
1995-03-01T12:00:00Z,-18.174997,147.42499,2.696132596685083,28.06
1995-03-02T12:00:00Z,-18.174997,147.42499,2.6740331491712706,28.15
1995-03-03T12:00:00Z,-18.174997,147.42499,2.6519337016574585,28.22
1995-03-04T12:00:00Z,-18.174997,147.42499,2.6298342541436464,27.95
1995-03-05T12:00:00Z,-18.174997,147.42499,2.6077348066298343,27.35
1995-03-06T12:00:00Z,-18.174997,147.42499,2.585635359116022,26.87
1995-03-07T12:00:00Z,-18.174997,147.42499,2.56353591160221,26.68
1995-03-08T12:00:00Z,-18.174997,147.42499,2.541436464088398,26.56
1995-03-09T12:00:00Z,-18.174997,147.42499,2.5193370165745854,26.68
1995-03-10T12:00:00Z,-18.174997,147.42499,2.4972375690607733,26.82
1995-03-11T12:00:00Z,-18.174997,147.42499,2.4751381215469612,26.79
1995-03-12T12:00:00Z,-18.174997,147.42499,2.453038674033149,26.95
1995-03-13T12:00:00Z,-18.174997,147.42499,2.430939226519337,26.9
1995-03-14T12:00:00Z,-18.174997,147.42499,2.408839779005525,26.96
1995-03-15T12:00:00Z,-18.174997,147.42499,2.386740331491713,26.94
1995-03-16T12:00:00Z,-18.174997,147.42499,2.3646408839779007,27.35
1995-03-17T12:00:00Z,-18.174997,147.42499,2.342541436464088,27.51
1995-03-18T12:00:00Z,-18.174997,147.42499,2.320441988950276,27.63
1995-03-19T12:00:00Z,-18.174997,147.42499,2.298342541436464,27.52
1995-03-20T12:00:00Z,-18.174997,147.42499,2.276243093922652,27.68
1995-03-21T12:00:00Z,-18.174997,147.42499,2.25414364640884,27.65
1995-03-22T12:00:00Z,-18.174997,147.42499,2.2320441988950277,27.72
1995-03-23T12:00:00Z,-18.174997,147.42499,2.2099447513812156,27.97
1995-03-24T12:00:00Z,-18.174997,147.42499,2.1878453038674035,27.97
1995-03-25T12:00:00Z,-18.174997,147.42499,2.165745856353591,27.52
1995-03-26T12:00:00Z,-18.174997,147.42499,2.143646408839779,27.87
1995-03-27T12:00:00Z,-18.174997,147.42499,2.1215469613259668,27.87
1995-03-28T12:00:00Z,-18.174997,147.42499,2.0994475138121547,27.82
1995-03-29T12:00:00Z,-18.174997,147.42499,2.0773480662983426,27.87
1995-03-30T12:00:00Z,-18.174997,147.42499,2.0552486187845305,28.68
1995-03-31T12:00:00Z,-18.174997,147.42499,2.0331491712707184,28.61
1995-04-01T12:00:00Z,-18.174997,147.42499,2.0110497237569063,28.19
1995-04-02T12:00:00Z,-18.174997,147.42499,1.988950276243094,28.0
1995-04-03T12:00:00Z,-18.174997,147.42499,1.9668508287292819,28.52
1995-04-04T12:00:00Z,-18.174997,147.42499,1.9447513812154695,28.8
1995-04-05T12:00:00Z,-18.174997,147.42499,1.9226519337016574,28.77
1995-04-06T12:00:00Z,-18.174997,147.42499,1.9005524861878453,28.27
1995-04-07T12:00:00Z,-18.174997,147.42499,1.8784530386740332,27.65
1995-04-08T12:00:00Z,-18.174997,147.42499,1.856353591160221,27.29
1995-04-09T12:00:00Z,-18.174997,147.42499,1.8342541436464088,27.91
1995-04-10T12:00:00Z,-18.174997,147.42499,1.8121546961325967,28.3
1995-04-11T12:00:00Z,-18.174997,147.42499,1.7900552486187846,28.41
1995-04-12T12:00:00Z,-18.174997,147.42499,1.7679558011049723,28.34
1995-04-13T12:00:00Z,-18.174997,147.42499,1.7458563535911602,28.23
1995-04-14T12:00:00Z,-18.174997,147.42499,1.723756906077348,28.11
1995-04-15T12:00:00Z,-18.174997,147.42499,1.701657458563536,28.01
1995-04-16T12:00:00Z,-18.174997,147.42499,1.6795580110497237,27.93
1995-04-17T12:00:00Z,-18.174997,147.42499,1.6574585635359116,27.71
1995-04-18T12:00:00Z,-18.174997,147.42499,1.6353591160220995,27.47
1995-04-19T12:00:00Z,-18.174997,147.42499,1.6132596685082874,27.39
1995-04-20T12:00:00Z,-18.174997,147.42499,1.591160220994475,27.15
1995-04-21T12:00:00Z,-18.174997,147.42499,1.569060773480663,27.17
1995-04-22T12:00:00Z,-18.174997,147.42499,1.5469613259668509,27.26
1995-04-23T12:00:00Z,-18.174997,147.42499,1.5248618784530388,27.53
1995-04-24T12:00:00Z,-18.174997,147.42499,1.5027624309392265,27.58
1995-04-25T12:00:00Z,-18.174997,147.42499,1.4806629834254144,27.54
1995-04-26T12:00:00Z,-18.174997,147.42499,1.4585635359116023,27.36
1995-04-27T12:00:00Z,-18.174997,147.42499,1.4364640883977902,27.11
1995-04-28T12:00:00Z,-18.174997,147.42499,1.4143646408839778,27.05
1995-04-29T12:00:00Z,-18.174997,147.42499,1.3922651933701657,26.88
1995-04-30T12:00:00Z,-18.174997,147.42499,1.3701657458563536,27.08
1995-05-01T12:00:00Z,-18.174997,147.42499,1.3480662983425415,27.52
1995-05-02T12:00:00Z,-18.174997,147.42499,1.3259668508287292,27.46
1995-05-03T12:00:00Z,-18.174997,147.42499,1.3038674033149171,27.23
1995-05-04T12:00:00Z,-18.174997,147.42499,1.281767955801105,26.98
1995-05-05T12:00:00Z,-18.174997,147.42499,1.2596685082872927,26.96
1995-05-06T12:00:00Z,-18.174997,147.42499,1.2375690607734806,26.84
1995-05-07T12:00:00Z,-18.174997,147.42499,1.2154696132596685,26.71
1995-05-08T12:00:00Z,-18.174997,147.42499,1.1933701657458564,26.78
1995-05-09T12:00:00Z,-18.174997,147.42499,1.171270718232044,26.63
1995-05-10T12:00:00Z,-18.174997,147.42499,1.149171270718232,26.52
1995-05-11T12:00:00Z,-18.174997,147.42499,1.12707182320442,26.44
1995-05-12T12:00:00Z,-18.174997,147.42499,1.1049723756906078,27.67
1995-05-13T12:00:00Z,-18.174997,147.42499,1.0828729281767955,27.66
1995-05-14T12:00:00Z,-18.174997,147.42499,1.0607734806629834,27.73
1995-05-15T12:00:00Z,-18.174997,147.42499,1.0386740331491713,27.7
1995-05-16T12:00:00Z,-18.174997,147.42499,1.0165745856353592,27.15
1995-05-17T12:00:00Z,-18.174997,147.42499,0.994475138121547,27.24
1995-05-18T12:00:00Z,-18.174997,147.42499,0.9723756906077348,26.81
1995-05-19T12:00:00Z,-18.174997,147.42499,0.9502762430939227,26.94
1995-05-20T12:00:00Z,-18.174997,147.42499,0.9281767955801105,26.39
1995-05-21T12:00:00Z,-18.174997,147.42499,0.9060773480662984,26.14
1995-05-22T12:00:00Z,-18.174997,147.42499,0.8839779005524862,25.64
1995-05-23T12:00:00Z,-18.174997,147.42499,0.861878453038674,25.97
1995-05-24T12:00:00Z,-18.174997,147.42499,0.8397790055248618,25.89
1995-05-25T12:00:00Z,-18.174997,147.42499,0.8176795580110497,26.94
1995-05-26T12:00:00Z,-18.174997,147.42499,0.7955801104972375,26.74
1995-05-27T12:00:00Z,-18.174997,147.42499,0.7734806629834254,26.42
1995-05-28T12:00:00Z,-18.174997,147.42499,0.7513812154696132,26.02
1995-05-29T12:00:00Z,-18.174997,147.42499,0.7292817679558011,26.04
1995-05-30T12:00:00Z,-18.174997,147.42499,0.7071823204419889,26.01
1995-05-31T12:00:00Z,-18.174997,147.42499,0.6850828729281768,25.63
1995-06-01T12:00:00Z,-18.174997,147.42499,0.6629834254143646,25.68
1995-06-02T12:00:00Z,-18.174997,147.42499,0.6408839779005525,25.7
1995-06-03T12:00:00Z,-18.174997,147.42499,0.6187845303867403,25.7
1995-06-04T12:00:00Z,-18.174997,147.42499,0.5966850828729282,25.44
1995-06-05T12:00:00Z,-18.174997,147.42499,0.574585635359116,25.44
1995-06-06T12:00:00Z,-18.174997,147.42499,0.5524861878453039,25.5
1995-06-07T12:00:00Z,-18.174997,147.42499,0.5303867403314917,25.54
1995-06-08T12:00:00Z,-18.174997,147.42499,0.5082872928176796,25.39
1995-06-09T12:00:00Z,-18.174997,147.42499,0.4861878453038674,25.24
1995-06-10T12:00:00Z,-18.174997,147.42499,0.46408839779005523,25.0
1995-06-11T12:00:00Z,-18.174997,147.42499,0.4419889502762431,25.22
1995-06-12T12:00:00Z,-18.174997,147.42499,0.4198895027624309,25.2
1995-06-13T12:00:00Z,-18.174997,147.42499,0.39779005524861877,25.26
1995-06-14T12:00:00Z,-18.174997,147.42499,0.3756906077348066,25.34
1995-06-15T12:00:00Z,-18.174997,147.42499,0.35359116022099446,25.33
1995-06-16T12:00:00Z,-18.174997,147.42499,0.3314917127071823,25.65
1995-06-17T12:00:00Z,-18.174997,147.42499,0.30939226519337015,25.25
1995-06-18T12:00:00Z,-18.174997,147.42499,0.287292817679558,25.29
1995-06-19T12:00:00Z,-18.174997,147.42499,0.26519337016574585,25.32
1995-06-20T12:00:00Z,-18.174997,147.42499,0.2430939226519337,24.62
1995-06-21T12:00:00Z,-18.174997,147.42499,0.22099447513812154,24.62
1995-06-22T12:00:00Z,-18.174997,147.42499,0.19889502762430938,24.63
1995-06-23T12:00:00Z,-18.174997,147.42499,0.17679558011049723,24.25
1995-06-24T12:00:00Z,-18.174997,147.42499,0.15469613259668508,24.3
1995-06-25T12:00:00Z,-18.174997,147.42499,0.13259668508287292,24.24
1995-06-26T12:00:00Z,-18.174997,147.42499,0.11049723756906077,23.95
1995-06-27T12:00:00Z,-18.174997,147.42499,0.08839779005524862,23.94
1995-06-28T12:00:00Z,-18.174997,147.42499,0.06629834254143646,23.62
1995-06-29T12:00:00Z,-18.174997,147.42499,0.04419889502762431,23.72
1995-06-30T12:00:00Z,-18.174997,147.42499,0.022099447513812154,24.08
1995-07-01T12:00:00Z,-18.174997,147.42499,0.0,24.11
1995-07-02T12:00:00Z,-18.174997,147.42499,0.0,24.05
1995-07-03T12:00:00Z,-18.174997,147.42499,0.022099447513812154,24.03
1995-07-04T12:00:00Z,-18.174997,147.42499,0.04419889502762431,23.84
1995-07-05T12:00:00Z,-18.174997,147.42499,0.06629834254143646,23.66
1995-07-06T12:00:00Z,-18.174997,147.42499,0.08839779005524862,23.75
1995-07-07T12:00:00Z,-18.174997,147.42499,0.11049723756906077,23.77
1995-07-08T12:00:00Z,-18.174997,147.42499,0.13259668508287292,23.74
1995-07-09T12:00:00Z,-18.174997,147.42499,0.15469613259668508,24.18
1995-07-10T12:00:00Z,-18.174997,147.42499,0.17679558011049723,24.24
1995-07-11T12:00:00Z,-18.174997,147.42499,0.19889502762430938,24.08
1995-07-12T12:00:00Z,-18.174997,147.42499,0.22099447513812154,23.81
1995-07-13T12:00:00Z,-18.174997,147.42499,0.2430939226519337,24.01
1995-07-14T12:00:00Z,-18.174997,147.42499,0.26519337016574585,24.27
1995-07-15T12:00:00Z,-18.174997,147.42499,0.287292817679558,24.35
1995-07-16T12:00:00Z,-18.174997,147.42499,0.30939226519337015,23.74
1995-07-17T12:00:00Z,-18.174997,147.42499,0.3314917127071823,23.79
1995-07-18T12:00:00Z,-18.174997,147.42499,0.35359116022099446,23.13
1995-07-19T12:00:00Z,-18.174997,147.42499,0.3756906077348066,24.33
1995-07-20T12:00:00Z,-18.174997,147.42499,0.39779005524861877,24.47
1995-07-21T12:00:00Z,-18.174997,147.42499,0.4198895027624309,24.5
1995-07-22T12:00:00Z,-18.174997,147.42499,0.4419889502762431,24.5
1995-07-23T12:00:00Z,-18.174997,147.42499,0.46408839779005523,24.38
1995-07-24T12:00:00Z,-18.174997,147.42499,0.4861878453038674,24.4
1995-07-25T12:00:00Z,-18.174997,147.42499,0.5082872928176796,24.14
1995-07-26T12:00:00Z,-18.174997,147.42499,0.5303867403314917,24.54
1995-07-27T12:00:00Z,-18.174997,147.42499,0.5524861878453039,24.49
1995-07-28T12:00:00Z,-18.174997,147.42499,0.574585635359116,24.29
1995-07-29T12:00:00Z,-18.174997,147.42499,0.5966850828729282,24.25
1995-07-30T12:00:00Z,-18.174997,147.42499,0.6187845303867403,23.85
1995-07-31T12:00:00Z,-18.174997,147.42499,0.6408839779005525,23.62
1995-08-01T12:00:00Z,-18.174997,147.42499,0.6629834254143646,23.82
1995-08-02T12:00:00Z,-18.174997,147.42499,0.6850828729281768,23.87
1995-08-03T12:00:00Z,-18.174997,147.42499,0.7071823204419889,23.89
1995-08-04T12:00:00Z,-18.174997,147.42499,0.7292817679558011,23.71
1995-08-05T12:00:00Z,-18.174997,147.42499,0.7513812154696132,23.59
1995-08-06T12:00:00Z,-18.174997,147.42499,0.7734806629834254,23.67
1995-08-07T12:00:00Z,-18.174997,147.42499,0.7955801104972375,23.57
1995-08-08T12:00:00Z,-18.174997,147.42499,0.8176795580110497,23.58
1995-08-09T12:00:00Z,-18.174997,147.42499,0.8397790055248618,23.57
1995-08-10T12:00:00Z,-18.174997,147.42499,0.861878453038674,23.81
1995-08-11T12:00:00Z,-18.174997,147.42499,0.8839779005524862,23.72
1995-08-12T12:00:00Z,-18.174997,147.42499,0.9060773480662984,23.07
1995-08-13T12:00:00Z,-18.174997,147.42499,0.9281767955801105,22.85
1995-08-14T12:00:00Z,-18.174997,147.42499,0.9502762430939227,23.06
1995-08-15T12:00:00Z,-18.174997,147.42499,0.9723756906077348,23.01
1995-08-16T12:00:00Z,-18.174997,147.42499,0.994475138121547,22.98
1995-08-17T12:00:00Z,-18.174997,147.42499,1.0165745856353592,23.01
1995-08-18T12:00:00Z,-18.174997,147.42499,1.0386740331491713,22.87
1995-08-19T12:00:00Z,-18.174997,147.42499,1.0607734806629834,22.82
1995-08-20T12:00:00Z,-18.174997,147.42499,1.0828729281767955,22.89
1995-08-21T12:00:00Z,-18.174997,147.42499,1.1049723756906078,22.99
1995-08-22T12:00:00Z,-18.174997,147.42499,1.12707182320442,23.0
1995-08-23T12:00:00Z,-18.174997,147.42499,1.149171270718232,23.33
1995-08-24T12:00:00Z,-18.174997,147.42499,1.171270718232044,23.34
1995-08-25T12:00:00Z,-18.174997,147.42499,1.1933701657458564,23.35
1995-08-26T12:00:00Z,-18.174997,147.42499,1.2154696132596685,23.32
1995-08-27T12:00:00Z,-18.174997,147.42499,1.2375690607734806,23.26
1995-08-28T12:00:00Z,-18.174997,147.42499,1.2596685082872927,23.19
1995-08-29T12:00:00Z,-18.174997,147.42499,1.281767955801105,23.37
1995-08-30T12:00:00Z,-18.174997,147.42499,1.3038674033149171,23.47
1995-08-31T12:00:00Z,-18.174997,147.42499,1.3259668508287292,23.56
1995-09-01T12:00:00Z,-18.174997,147.42499,1.3480662983425415,23.6
1995-09-02T12:00:00Z,-18.174997,147.42499,1.3701657458563536,23.52
1995-09-03T12:00:00Z,-18.174997,147.42499,1.3922651933701657,23.63
1995-09-04T12:00:00Z,-18.174997,147.42499,1.4143646408839778,23.67
1995-09-05T12:00:00Z,-18.174997,147.42499,1.4364640883977902,23.29
1995-09-06T12:00:00Z,-18.174997,147.42499,1.4585635359116023,23.27
1995-09-07T12:00:00Z,-18.174997,147.42499,1.4806629834254144,23.2
1995-09-08T12:00:00Z,-18.174997,147.42499,1.5027624309392265,23.73
1995-09-09T12:00:00Z,-18.174997,147.42499,1.5248618784530388,23.79
1995-09-10T12:00:00Z,-18.174997,147.42499,1.5469613259668509,23.81
1995-09-11T12:00:00Z,-18.174997,147.42499,1.569060773480663,23.81
1995-09-12T12:00:00Z,-18.174997,147.42499,1.591160220994475,23.86
1995-09-13T12:00:00Z,-18.174997,147.42499,1.6132596685082874,23.94
1995-09-14T12:00:00Z,-18.174997,147.42499,1.6353591160220995,24.0
1995-09-15T12:00:00Z,-18.174997,147.42499,1.6574585635359116,24.08
1995-09-16T12:00:00Z,-18.174997,147.42499,1.6795580110497237,24.24
1995-09-17T12:00:00Z,-18.174997,147.42499,1.701657458563536,24.32
1995-09-18T12:00:00Z,-18.174997,147.42499,1.723756906077348,24.2
1995-09-19T12:00:00Z,-18.174997,147.42499,1.7458563535911602,24.06
1995-09-20T12:00:00Z,-18.174997,147.42499,1.7679558011049723,23.8
1995-09-21T12:00:00Z,-18.174997,147.42499,1.7900552486187846,23.56
1995-09-22T12:00:00Z,-18.174997,147.42499,1.8121546961325967,23.91
1995-09-23T12:00:00Z,-18.174997,147.42499,1.8342541436464088,24.27
1995-09-24T12:00:00Z,-18.174997,147.42499,1.856353591160221,24.39
1995-09-25T12:00:00Z,-18.174997,147.42499,1.8784530386740332,24.41
1995-09-26T12:00:00Z,-18.174997,147.42499,1.9005524861878453,24.41
1995-09-27T12:00:00Z,-18.174997,147.42499,1.9226519337016574,24.39
1995-09-28T12:00:00Z,-18.174997,147.42499,1.9447513812154695,24.47
1995-09-29T12:00:00Z,-18.174997,147.42499,1.9668508287292819,24.54
1995-09-30T12:00:00Z,-18.174997,147.42499,1.988950276243094,24.68
1995-10-01T12:00:00Z,-18.174997,147.42499,2.0110497237569063,24.7
1995-10-02T12:00:00Z,-18.174997,147.42499,2.0331491712707184,24.49
1995-10-03T12:00:00Z,-18.174997,147.42499,2.0552486187845305,24.8
1995-10-04T12:00:00Z,-18.174997,147.42499,2.0773480662983426,24.77
1995-10-05T12:00:00Z,-18.174997,147.42499,2.0994475138121547,24.85
1995-10-06T12:00:00Z,-18.174997,147.42499,2.1215469613259668,24.95
1995-10-07T12:00:00Z,-18.174997,147.42499,2.143646408839779,25.33
1995-10-08T12:00:00Z,-18.174997,147.42499,2.165745856353591,25.24
1995-10-09T12:00:00Z,-18.174997,147.42499,2.1878453038674035,25.39
1995-10-10T12:00:00Z,-18.174997,147.42499,2.2099447513812156,25.27
1995-10-11T12:00:00Z,-18.174997,147.42499,2.2320441988950277,24.67
1995-10-12T12:00:00Z,-18.174997,147.42499,2.25414364640884,24.49
1995-10-13T12:00:00Z,-18.174997,147.42499,2.276243093922652,25.17
1995-10-14T12:00:00Z,-18.174997,147.42499,2.298342541436464,25.19
1995-10-15T12:00:00Z,-18.174997,147.42499,2.320441988950276,25.26
1995-10-16T12:00:00Z,-18.174997,147.42499,2.342541436464088,25.2
1995-10-17T12:00:00Z,-18.174997,147.42499,2.3646408839779007,25.08
1995-10-18T12:00:00Z,-18.174997,147.42499,2.386740331491713,24.92
1995-10-19T12:00:00Z,-18.174997,147.42499,2.408839779005525,24.85
1995-10-20T12:00:00Z,-18.174997,147.42499,2.430939226519337,24.84
1995-10-21T12:00:00Z,-18.174997,147.42499,2.453038674033149,24.84
1995-10-22T12:00:00Z,-18.174997,147.42499,2.4751381215469612,25.43
1995-10-23T12:00:00Z,-18.174997,147.42499,2.4972375690607733,25.59
1995-10-24T12:00:00Z,-18.174997,147.42499,2.5193370165745854,25.56
1995-10-25T12:00:00Z,-18.174997,147.42499,2.541436464088398,25.64
1995-10-26T12:00:00Z,-18.174997,147.42499,2.56353591160221,25.67
1995-10-27T12:00:00Z,-18.174997,147.42499,2.585635359116022,25.64
1995-10-28T12:00:00Z,-18.174997,147.42499,2.6077348066298343,25.71
1995-10-29T12:00:00Z,-18.174997,147.42499,2.6298342541436464,25.95
1995-10-30T12:00:00Z,-18.174997,147.42499,2.6519337016574585,25.98
1995-10-31T12:00:00Z,-18.174997,147.42499,2.6740331491712706,26.28
1995-11-01T12:00:00Z,-18.174997,147.42499,2.696132596685083,26.48
1995-11-02T12:00:00Z,-18.174997,147.42499,2.718232044198895,26.43
1995-11-03T12:00:00Z,-18.174997,147.42499,2.7403314917127073,26.42
1995-11-04T12:00:00Z,-18.174997,147.42499,2.7624309392265194,26.72
1995-11-05T12:00:00Z,-18.174997,147.42499,2.7845303867403315,26.78
1995-11-06T12:00:00Z,-18.174997,147.42499,2.8066298342541436,26.78
1995-11-07T12:00:00Z,-18.174997,147.42499,2.8287292817679557,27.1
1995-11-08T12:00:00Z,-18.174997,147.42499,2.850828729281768,27.01
1995-11-09T12:00:00Z,-18.174997,147.42499,2.8729281767955803,26.95
1995-11-10T12:00:00Z,-18.174997,147.42499,2.8950276243093924,26.97
1995-11-11T12:00:00Z,-18.174997,147.42499,2.9171270718232045,27.19
1995-11-12T12:00:00Z,-18.174997,147.42499,2.9392265193370166,27.27
1995-11-13T12:00:00Z,-18.174997,147.42499,2.9613259668508287,27.36
1995-11-14T12:00:00Z,-18.174997,147.42499,2.983425414364641,27.22
1995-11-15T12:00:00Z,-18.174997,147.42499,3.005524861878453,27.26
1995-11-16T12:00:00Z,-18.174997,147.42499,3.027624309392265,27.25
1995-11-17T12:00:00Z,-18.174997,147.42499,3.0497237569060776,27.14
1995-11-18T12:00:00Z,-18.174997,147.42499,3.0718232044198897,27.13
1995-11-19T12:00:00Z,-18.174997,147.42499,3.0939226519337018,27.14
1995-11-20T12:00:00Z,-18.174997,147.42499,3.116022099447514,27.09
1995-11-21T12:00:00Z,-18.174997,147.42499,3.138121546961326,27.16
1995-11-22T12:00:00Z,-18.174997,147.42499,3.160220994475138,28.09
1995-11-23T12:00:00Z,-18.174997,147.42499,3.18232044198895,28.25
1995-11-24T12:00:00Z,-18.174997,147.42499,3.2044198895027622,28.16
1995-11-25T12:00:00Z,-18.174997,147.42499,3.226519337016575,28.15
1995-11-26T12:00:00Z,-18.174997,147.42499,3.248618784530387,28.19
1995-11-27T12:00:00Z,-18.174997,147.42499,3.270718232044199,28.18
1995-11-28T12:00:00Z,-18.174997,147.42499,3.292817679558011,28.15
1995-11-29T12:00:00Z,-18.174997,147.42499,3.314917127071823,28.2
1995-11-30T12:00:00Z,-18.174997,147.42499,3.3370165745856353,28.29
1995-12-01T12:00:00Z,-18.174997,147.42499,3.3591160220994474,28.26
1995-12-02T12:00:00Z,-18.174997,147.42499,3.3812154696132595,28.26
1995-12-03T12:00:00Z,-18.174997,147.42499,3.403314917127072,28.33
1995-12-04T12:00:00Z,-18.174997,147.42499,3.425414364640884,28.35
1995-12-05T12:00:00Z,-18.174997,147.42499,3.447513812154696,28.36
1995-12-06T12:00:00Z,-18.174997,147.42499,3.4696132596685083,28.71
1995-12-07T12:00:00Z,-18.174997,147.42499,3.4917127071823204,28.39
1995-12-08T12:00:00Z,-18.174997,147.42499,3.5138121546961325,28.24
1995-12-09T12:00:00Z,-18.174997,147.42499,3.5359116022099446,28.53
1995-12-10T12:00:00Z,-18.174997,147.42499,3.5580110497237567,28.71
1995-12-11T12:00:00Z,-18.174997,147.42499,3.5801104972375692,28.74
1995-12-12T12:00:00Z,-18.174997,147.42499,3.6022099447513813,29.01
1995-12-13T12:00:00Z,-18.174997,147.42499,3.6243093922651934,28.54
1995-12-14T12:00:00Z,-18.174997,147.42499,3.6464088397790055,28.51
1995-12-15T12:00:00Z,-18.174997,147.42499,3.6685082872928176,28.35
1995-12-16T12:00:00Z,-18.174997,147.42499,3.6906077348066297,28.58
1995-12-17T12:00:00Z,-18.174997,147.42499,3.712707182320442,28.66
1995-12-18T12:00:00Z,-18.174997,147.42499,3.734806629834254,28.49
1995-12-19T12:00:00Z,-18.174997,147.42499,3.7569060773480665,28.35
1995-12-20T12:00:00Z,-18.174997,147.42499,3.7790055248618786,28.61
1995-12-21T12:00:00Z,-18.174997,147.42499,3.8011049723756907,28.78
1995-12-22T12:00:00Z,-18.174997,147.42499,3.8232044198895028,28.78
1995-12-23T12:00:00Z,-18.174997,147.42499,3.845303867403315,28.78
1995-12-24T12:00:00Z,-18.174997,147.42499,3.867403314917127,28.44
1995-12-25T12:00:00Z,-18.174997,147.42499,3.889502762430939,28.12
1995-12-26T12:00:00Z,-18.174997,147.42499,3.911602209944751,26.91
1995-12-27T12:00:00Z,-18.174997,147.42499,3.9337016574585637,26.33
1995-12-28T12:00:00Z,-18.174997,147.42499,3.955801104972376,26.97
1995-12-29T12:00:00Z,-18.174997,147.42499,3.977900552486188,28.18
1995-12-30T12:00:00Z,-18.174997,147.42499,4.0,28.62
1995-12-31T12:00:00Z,-18.174997,147.42499,4.0220994475138125,28.39
1996-01-01T12:00:00Z,-18.174997,147.42499,4.0,28.38
1996-01-02T12:00:00Z,-18.174997,147.42499,3.977900552486188,28.38
1996-01-03T12:00:00Z,-18.174997,147.42499,3.955801104972376,28.38
1996-01-04T12:00:00Z,-18.174997,147.42499,3.9337016574585637,28.43
1996-01-05T12:00:00Z,-18.174997,147.42499,3.911602209944751,28.0
1996-01-06T12:00:00Z,-18.174997,147.42499,3.889502762430939,27.75
1996-01-07T12:00:00Z,-18.174997,147.42499,3.867403314917127,27.88
1996-01-08T12:00:00Z,-18.174997,147.42499,3.845303867403315,27.56
1996-01-09T12:00:00Z,-18.174997,147.42499,3.8232044198895028,28.11
1996-01-10T12:00:00Z,-18.174997,147.42499,3.8011049723756907,28.2
1996-01-11T12:00:00Z,-18.174997,147.42499,3.7790055248618786,28.38
1996-01-12T12:00:00Z,-18.174997,147.42499,3.7569060773480665,28.63
1996-01-13T12:00:00Z,-18.174997,147.42499,3.734806629834254,28.47
1996-01-14T12:00:00Z,-18.174997,147.42499,3.712707182320442,28.12
1996-01-15T12:00:00Z,-18.174997,147.42499,3.6906077348066297,27.6
1996-01-16T12:00:00Z,-18.174997,147.42499,3.6685082872928176,27.61
1996-01-17T12:00:00Z,-18.174997,147.42499,3.6464088397790055,27.84
1996-01-18T12:00:00Z,-18.174997,147.42499,3.6243093922651934,28.49
1996-01-19T12:00:00Z,-18.174997,147.42499,3.6022099447513813,28.44
1996-01-20T12:00:00Z,-18.174997,147.42499,3.5801104972375692,28.45
1996-01-21T12:00:00Z,-18.174997,147.42499,3.5580110497237567,28.26
1996-01-22T12:00:00Z,-18.174997,147.42499,3.5359116022099446,27.99
1996-01-23T12:00:00Z,-18.174997,147.42499,3.5138121546961325,27.91
1996-01-24T12:00:00Z,-18.174997,147.42499,3.4917127071823204,27.92
1996-01-25T12:00:00Z,-18.174997,147.42499,3.4696132596685083,27.86
1996-01-26T12:00:00Z,-18.174997,147.42499,3.447513812154696,28.01
1996-01-27T12:00:00Z,-18.174997,147.42499,3.425414364640884,28.26
1996-01-28T12:00:00Z,-18.174997,147.42499,3.403314917127072,28.45
1996-01-29T12:00:00Z,-18.174997,147.42499,3.3812154696132595,28.57
1996-01-30T12:00:00Z,-18.174997,147.42499,3.3591160220994474,28.89
1996-01-31T12:00:00Z,-18.174997,147.42499,3.3370165745856353,29.31
1996-02-01T12:00:00Z,-18.174997,147.42499,3.314917127071823,29.36
1996-02-02T12:00:00Z,-18.174997,147.42499,3.292817679558011,29.47
1996-02-03T12:00:00Z,-18.174997,147.42499,3.270718232044199,29.6
1996-02-04T12:00:00Z,-18.174997,147.42499,3.248618784530387,29.9
1996-02-05T12:00:00Z,-18.174997,147.42499,3.226519337016575,29.48
1996-02-06T12:00:00Z,-18.174997,147.42499,3.2044198895027622,28.57
1996-02-07T12:00:00Z,-18.174997,147.42499,3.18232044198895,28.54
1996-02-08T12:00:00Z,-18.174997,147.42499,3.160220994475138,28.52
1996-02-09T12:00:00Z,-18.174997,147.42499,3.138121546961326,28.53
1996-02-10T12:00:00Z,-18.174997,147.42499,3.116022099447514,28.38
1996-02-11T12:00:00Z,-18.174997,147.42499,3.0939226519337018,28.41
1996-02-12T12:00:00Z,-18.174997,147.42499,3.0718232044198897,29.08
1996-02-13T12:00:00Z,-18.174997,147.42499,3.0497237569060776,28.95
1996-02-14T12:00:00Z,-18.174997,147.42499,3.027624309392265,28.65
1996-02-15T12:00:00Z,-18.174997,147.42499,3.005524861878453,28.56
1996-02-16T12:00:00Z,-18.174997,147.42499,2.983425414364641,28.29
1996-02-17T12:00:00Z,-18.174997,147.42499,2.9613259668508287,28.39
1996-02-18T12:00:00Z,-18.174997,147.42499,2.9392265193370166,28.37
1996-02-19T12:00:00Z,-18.174997,147.42499,2.9171270718232045,27.72
1996-02-20T12:00:00Z,-18.174997,147.42499,2.8950276243093924,28.75
1996-02-21T12:00:00Z,-18.174997,147.42499,2.8729281767955803,28.73
1996-02-22T12:00:00Z,-18.174997,147.42499,2.850828729281768,28.83
1996-02-23T12:00:00Z,-18.174997,147.42499,2.8287292817679557,29.09
1996-02-24T12:00:00Z,-18.174997,147.42499,2.8066298342541436,28.98
1996-02-25T12:00:00Z,-18.174997,147.42499,2.7845303867403315,28.73
1996-02-26T12:00:00Z,-18.174997,147.42499,2.7624309392265194,28.58
1996-02-27T12:00:00Z,-18.174997,147.42499,2.7403314917127073,28.56
1996-02-28T12:00:00Z,-18.174997,147.42499,2.718232044198895,29.06
1996-02-29T12:00:00Z,-18.174997,147.42499,2.696132596685083,29.17
1996-03-01T12:00:00Z,-18.174997,147.42499,2.6740331491712706,28.84
1996-03-02T12:00:00Z,-18.174997,147.42499,2.6519337016574585,28.31
1996-03-03T12:00:00Z,-18.174997,147.42499,2.6298342541436464,28.24
1996-03-04T12:00:00Z,-18.174997,147.42499,2.6077348066298343,28.28
1996-03-05T12:00:00Z,-18.174997,147.42499,2.585635359116022,28.37
1996-03-06T12:00:00Z,-18.174997,147.42499,2.56353591160221,28.46
1996-03-07T12:00:00Z,-18.174997,147.42499,2.541436464088398,28.54
1996-03-08T12:00:00Z,-18.174997,147.42499,2.5193370165745854,27.97
1996-03-09T12:00:00Z,-18.174997,147.42499,2.4972375690607733,28.3
1996-03-10T12:00:00Z,-18.174997,147.42499,2.4751381215469612,28.55
1996-03-11T12:00:00Z,-18.174997,147.42499,2.453038674033149,28.66
1996-03-12T12:00:00Z,-18.174997,147.42499,2.430939226519337,27.45
1996-03-13T12:00:00Z,-18.174997,147.42499,2.408839779005525,27.33
1996-03-14T12:00:00Z,-18.174997,147.42499,2.386740331491713,27.01
1996-03-15T12:00:00Z,-18.174997,147.42499,2.3646408839779007,27.03
1996-03-16T12:00:00Z,-18.174997,147.42499,2.342541436464088,27.19
1996-03-17T12:00:00Z,-18.174997,147.42499,2.320441988950276,27.29
1996-03-18T12:00:00Z,-18.174997,147.42499,2.298342541436464,28.32
1996-03-19T12:00:00Z,-18.174997,147.42499,2.276243093922652,28.26
1996-03-20T12:00:00Z,-18.174997,147.42499,2.25414364640884,28.59
1996-03-21T12:00:00Z,-18.174997,147.42499,2.2320441988950277,28.38
1996-03-22T12:00:00Z,-18.174997,147.42499,2.2099447513812156,28.36
1996-03-23T12:00:00Z,-18.174997,147.42499,2.1878453038674035,28.04
1996-03-24T12:00:00Z,-18.174997,147.42499,2.165745856353591,28.67
1996-03-25T12:00:00Z,-18.174997,147.42499,2.143646408839779,28.56
1996-03-26T12:00:00Z,-18.174997,147.42499,2.1215469613259668,28.57
1996-03-27T12:00:00Z,-18.174997,147.42499,2.0994475138121547,28.39
1996-03-28T12:00:00Z,-18.174997,147.42499,2.0773480662983426,28.18
1996-03-29T12:00:00Z,-18.174997,147.42499,2.0552486187845305,28.03
1996-03-30T12:00:00Z,-18.174997,147.42499,2.0331491712707184,27.77
1996-03-31T12:00:00Z,-18.174997,147.42499,2.0110497237569063,27.86
1996-04-01T12:00:00Z,-18.174997,147.42499,1.988950276243094,27.94
1996-04-02T12:00:00Z,-18.174997,147.42499,1.9668508287292819,28.12
1996-04-03T12:00:00Z,-18.174997,147.42499,1.9447513812154695,28.01
1996-04-04T12:00:00Z,-18.174997,147.42499,1.9226519337016574,27.94
1996-04-05T12:00:00Z,-18.174997,147.42499,1.9005524861878453,27.84
1996-04-06T12:00:00Z,-18.174997,147.42499,1.8784530386740332,27.99
1996-04-07T12:00:00Z,-18.174997,147.42499,1.856353591160221,28.63
1996-04-08T12:00:00Z,-18.174997,147.42499,1.8342541436464088,28.4
1996-04-09T12:00:00Z,-18.174997,147.42499,1.8121546961325967,28.3
1996-04-10T12:00:00Z,-18.174997,147.42499,1.7900552486187846,27.47
1996-04-11T12:00:00Z,-18.174997,147.42499,1.7679558011049723,27.37
1996-04-12T12:00:00Z,-18.174997,147.42499,1.7458563535911602,27.36
1996-04-13T12:00:00Z,-18.174997,147.42499,1.723756906077348,27.1
1996-04-14T12:00:00Z,-18.174997,147.42499,1.701657458563536,28.05
1996-04-15T12:00:00Z,-18.174997,147.42499,1.6795580110497237,27.59
1996-04-16T12:00:00Z,-18.174997,147.42499,1.6574585635359116,27.38
1996-04-17T12:00:00Z,-18.174997,147.42499,1.6353591160220995,27.75
1996-04-18T12:00:00Z,-18.174997,147.42499,1.6132596685082874,27.93
1996-04-19T12:00:00Z,-18.174997,147.42499,1.591160220994475,27.9
1996-04-20T12:00:00Z,-18.174997,147.42499,1.569060773480663,27.81
1996-04-21T12:00:00Z,-18.174997,147.42499,1.5469613259668509,27.82
1996-04-22T12:00:00Z,-18.174997,147.42499,1.5248618784530388,27.5
1996-04-23T12:00:00Z,-18.174997,147.42499,1.5027624309392265,27.2
1996-04-24T12:00:00Z,-18.174997,147.42499,1.4806629834254144,27.55
1996-04-25T12:00:00Z,-18.174997,147.42499,1.4585635359116023,27.87
1996-04-26T12:00:00Z,-18.174997,147.42499,1.4364640883977902,27.95
1996-04-27T12:00:00Z,-18.174997,147.42499,1.4143646408839778,27.8
1996-04-28T12:00:00Z,-18.174997,147.42499,1.3922651933701657,27.7
1996-04-29T12:00:00Z,-18.174997,147.42499,1.3701657458563536,27.59
1996-04-30T12:00:00Z,-18.174997,147.42499,1.3480662983425415,27.31
1996-05-01T12:00:00Z,-18.174997,147.42499,1.3259668508287292,27.7
1996-05-02T12:00:00Z,-18.174997,147.42499,1.3038674033149171,28.51
1996-05-03T12:00:00Z,-18.174997,147.42499,1.281767955801105,27.53
1996-05-04T12:00:00Z,-18.174997,147.42499,1.2596685082872927,27.41
1996-05-05T12:00:00Z,-18.174997,147.42499,1.2375690607734806,27.31
1996-05-06T12:00:00Z,-18.174997,147.42499,1.2154696132596685,27.24
1996-05-07T12:00:00Z,-18.174997,147.42499,1.1933701657458564,27.05
1996-05-08T12:00:00Z,-18.174997,147.42499,1.171270718232044,26.85
1996-05-09T12:00:00Z,-18.174997,147.42499,1.149171270718232,26.67
1996-05-10T12:00:00Z,-18.174997,147.42499,1.12707182320442,26.62
1996-05-11T12:00:00Z,-18.174997,147.42499,1.1049723756906078,26.47
1996-05-12T12:00:00Z,-18.174997,147.42499,1.0828729281767955,26.37
1996-05-13T12:00:00Z,-18.174997,147.42499,1.0607734806629834,26.67
1996-05-14T12:00:00Z,-18.174997,147.42499,1.0386740331491713,27.3
1996-05-15T12:00:00Z,-18.174997,147.42499,1.0165745856353592,27.58
1996-05-16T12:00:00Z,-18.174997,147.42499,0.994475138121547,27.87
1996-05-17T12:00:00Z,-18.174997,147.42499,0.9723756906077348,27.77
1996-05-18T12:00:00Z,-18.174997,147.42499,0.9502762430939227,27.62
1996-05-19T12:00:00Z,-18.174997,147.42499,0.9281767955801105,27.47
1996-05-20T12:00:00Z,-18.174997,147.42499,0.9060773480662984,27.35
1996-05-21T12:00:00Z,-18.174997,147.42499,0.8839779005524862,27.33
1996-05-22T12:00:00Z,-18.174997,147.42499,0.861878453038674,27.19
1996-05-23T12:00:00Z,-18.174997,147.42499,0.8397790055248618,27.03
1996-05-24T12:00:00Z,-18.174997,147.42499,0.8176795580110497,26.81
1996-05-25T12:00:00Z,-18.174997,147.42499,0.7955801104972375,26.64
1996-05-26T12:00:00Z,-18.174997,147.42499,0.7734806629834254,26.47
1996-05-27T12:00:00Z,-18.174997,147.42499,0.7513812154696132,26.33
1996-05-28T12:00:00Z,-18.174997,147.42499,0.7292817679558011,26.19
1996-05-29T12:00:00Z,-18.174997,147.42499,0.7071823204419889,26.06
1996-05-30T12:00:00Z,-18.174997,147.42499,0.6850828729281768,25.89
1996-05-31T12:00:00Z,-18.174997,147.42499,0.6629834254143646,25.82
1996-06-01T12:00:00Z,-18.174997,147.42499,0.6408839779005525,25.5
1996-06-02T12:00:00Z,-18.174997,147.42499,0.6187845303867403,25.87
1996-06-03T12:00:00Z,-18.174997,147.42499,0.5966850828729282,25.98
1996-06-04T12:00:00Z,-18.174997,147.42499,0.574585635359116,26.06
1996-06-05T12:00:00Z,-18.174997,147.42499,0.5524861878453039,25.93
1996-06-06T12:00:00Z,-18.174997,147.42499,0.5303867403314917,25.91
1996-06-07T12:00:00Z,-18.174997,147.42499,0.5082872928176796,25.81
1996-06-08T12:00:00Z,-18.174997,147.42499,0.4861878453038674,25.73
1996-06-09T12:00:00Z,-18.174997,147.42499,0.46408839779005523,25.27
1996-06-10T12:00:00Z,-18.174997,147.42499,0.4419889502762431,25.13
1996-06-11T12:00:00Z,-18.174997,147.42499,0.4198895027624309,25.34
1996-06-12T12:00:00Z,-18.174997,147.42499,0.39779005524861877,25.45
1996-06-13T12:00:00Z,-18.174997,147.42499,0.3756906077348066,25.74
1996-06-14T12:00:00Z,-18.174997,147.42499,0.35359116022099446,25.17
1996-06-15T12:00:00Z,-18.174997,147.42499,0.3314917127071823,25.06
1996-06-16T12:00:00Z,-18.174997,147.42499,0.30939226519337015,24.96
1996-06-17T12:00:00Z,-18.174997,147.42499,0.287292817679558,25.29
1996-06-18T12:00:00Z,-18.174997,147.42499,0.26519337016574585,25.3
1996-06-19T12:00:00Z,-18.174997,147.42499,0.2430939226519337,25.44
1996-06-20T12:00:00Z,-18.174997,147.42499,0.22099447513812154,25.28
1996-06-21T12:00:00Z,-18.174997,147.42499,0.19889502762430938,25.2
1996-06-22T12:00:00Z,-18.174997,147.42499,0.17679558011049723,25.45
1996-06-23T12:00:00Z,-18.174997,147.42499,0.15469613259668508,25.26
1996-06-24T12:00:00Z,-18.174997,147.42499,0.13259668508287292,25.24
1996-06-25T12:00:00Z,-18.174997,147.42499,0.11049723756906077,25.34
1996-06-26T12:00:00Z,-18.174997,147.42499,0.08839779005524862,25.46
1996-06-27T12:00:00Z,-18.174997,147.42499,0.06629834254143646,25.29
1996-06-28T12:00:00Z,-18.174997,147.42499,0.04419889502762431,25.21
1996-06-29T12:00:00Z,-18.174997,147.42499,0.022099447513812154,25.36
1996-06-30T12:00:00Z,-18.174997,147.42499,0.0,25.25
1996-07-01T12:00:00Z,-18.174997,147.42499,-0.022099447513812154,25.24
1996-07-02T12:00:00Z,-18.174997,147.42499,0.0,25.23
1996-07-03T12:00:00Z,-18.174997,147.42499,0.022099447513812154,25.31
1996-07-04T12:00:00Z,-18.174997,147.42499,0.04419889502762431,25.19
1996-07-05T12:00:00Z,-18.174997,147.42499,0.06629834254143646,25.18
1996-07-06T12:00:00Z,-18.174997,147.42499,0.08839779005524862,25.13
1996-07-07T12:00:00Z,-18.174997,147.42499,0.11049723756906077,25.08
1996-07-08T12:00:00Z,-18.174997,147.42499,0.13259668508287292,24.67
1996-07-09T12:00:00Z,-18.174997,147.42499,0.15469613259668508,24.78
1996-07-10T12:00:00Z,-18.174997,147.42499,0.17679558011049723,24.78
1996-07-11T12:00:00Z,-18.174997,147.42499,0.19889502762430938,24.77
1996-07-12T12:00:00Z,-18.174997,147.42499,0.22099447513812154,24.59
1996-07-13T12:00:00Z,-18.174997,147.42499,0.2430939226519337,24.46
1996-07-14T12:00:00Z,-18.174997,147.42499,0.26519337016574585,24.52
1996-07-15T12:00:00Z,-18.174997,147.42499,0.287292817679558,23.99
1996-07-16T12:00:00Z,-18.174997,147.42499,0.30939226519337015,24.24
1996-07-17T12:00:00Z,-18.174997,147.42499,0.3314917127071823,24.35
1996-07-18T12:00:00Z,-18.174997,147.42499,0.35359116022099446,24.27
1996-07-19T12:00:00Z,-18.174997,147.42499,0.3756906077348066,24.43
1996-07-20T12:00:00Z,-18.174997,147.42499,0.39779005524861877,24.39
1996-07-21T12:00:00Z,-18.174997,147.42499,0.4198895027624309,24.5
1996-07-22T12:00:00Z,-18.174997,147.42499,0.4419889502762431,24.54
1996-07-23T12:00:00Z,-18.174997,147.42499,0.46408839779005523,24.49
1996-07-24T12:00:00Z,-18.174997,147.42499,0.4861878453038674,24.53
1996-07-25T12:00:00Z,-18.174997,147.42499,0.5082872928176796,24.71
1996-07-26T12:00:00Z,-18.174997,147.42499,0.5303867403314917,24.76
1996-07-27T12:00:00Z,-18.174997,147.42499,0.5524861878453039,24.52
1996-07-28T12:00:00Z,-18.174997,147.42499,0.574585635359116,24.54
1996-07-29T12:00:00Z,-18.174997,147.42499,0.5966850828729282,24.48
1996-07-30T12:00:00Z,-18.174997,147.42499,0.6187845303867403,24.51
1996-07-31T12:00:00Z,-18.174997,147.42499,0.6408839779005525,24.49
1996-08-01T12:00:00Z,-18.174997,147.42499,0.6629834254143646,24.45
1996-08-02T12:00:00Z,-18.174997,147.42499,0.6850828729281768,23.38
1996-08-03T12:00:00Z,-18.174997,147.42499,0.7071823204419889,23.65
1996-08-04T12:00:00Z,-18.174997,147.42499,0.7292817679558011,24.22
1996-08-05T12:00:00Z,-18.174997,147.42499,0.7513812154696132,24.56
1996-08-06T12:00:00Z,-18.174997,147.42499,0.7734806629834254,24.86
1996-08-07T12:00:00Z,-18.174997,147.42499,0.7955801104972375,24.93
1996-08-08T12:00:00Z,-18.174997,147.42499,0.8176795580110497,25.15
1996-08-09T12:00:00Z,-18.174997,147.42499,0.8397790055248618,25.05
1996-08-10T12:00:00Z,-18.174997,147.42499,0.861878453038674,24.57
1996-08-11T12:00:00Z,-18.174997,147.42499,0.8839779005524862,24.41
1996-08-12T12:00:00Z,-18.174997,147.42499,0.9060773480662984,24.17
1996-08-13T12:00:00Z,-18.174997,147.42499,0.9281767955801105,24.43
1996-08-14T12:00:00Z,-18.174997,147.42499,0.9502762430939227,24.59
1996-08-15T12:00:00Z,-18.174997,147.42499,0.9723756906077348,24.53
1996-08-16T12:00:00Z,-18.174997,147.42499,0.994475138121547,24.43
1996-08-17T12:00:00Z,-18.174997,147.42499,1.0165745856353592,24.19
1996-08-18T12:00:00Z,-18.174997,147.42499,1.0386740331491713,23.99
1996-08-19T12:00:00Z,-18.174997,147.42499,1.0607734806629834,24.07
1996-08-20T12:00:00Z,-18.174997,147.42499,1.0828729281767955,24.23
1996-08-21T12:00:00Z,-18.174997,147.42499,1.1049723756906078,24.25
1996-08-22T12:00:00Z,-18.174997,147.42499,1.12707182320442,24.18
1996-08-23T12:00:00Z,-18.174997,147.42499,1.149171270718232,24.15
1996-08-24T12:00:00Z,-18.174997,147.42499,1.171270718232044,24.19
1996-08-25T12:00:00Z,-18.174997,147.42499,1.1933701657458564,24.19
1996-08-26T12:00:00Z,-18.174997,147.42499,1.2154696132596685,24.46
1996-08-27T12:00:00Z,-18.174997,147.42499,1.2375690607734806,24.24
1996-08-28T12:00:00Z,-18.174997,147.42499,1.2596685082872927,24.17
1996-08-29T12:00:00Z,-18.174997,147.42499,1.281767955801105,24.12
1996-08-30T12:00:00Z,-18.174997,147.42499,1.3038674033149171,24.05
1996-08-31T12:00:00Z,-18.174997,147.42499,1.3259668508287292,24.12
1996-09-01T12:00:00Z,-18.174997,147.42499,1.3480662983425415,24.06
1996-09-02T12:00:00Z,-18.174997,147.42499,1.3701657458563536,23.99
1996-09-03T12:00:00Z,-18.174997,147.42499,1.3922651933701657,23.97
1996-09-04T12:00:00Z,-18.174997,147.42499,1.4143646408839778,23.91
1996-09-05T12:00:00Z,-18.174997,147.42499,1.4364640883977902,24.08
1996-09-06T12:00:00Z,-18.174997,147.42499,1.4585635359116023,24.44
1996-09-07T12:00:00Z,-18.174997,147.42499,1.4806629834254144,24.45
1996-09-08T12:00:00Z,-18.174997,147.42499,1.5027624309392265,24.42
1996-09-09T12:00:00Z,-18.174997,147.42499,1.5248618784530388,24.36
1996-09-10T12:00:00Z,-18.174997,147.42499,1.5469613259668509,24.54
1996-09-11T12:00:00Z,-18.174997,147.42499,1.569060773480663,24.52
1996-09-12T12:00:00Z,-18.174997,147.42499,1.591160220994475,24.53
1996-09-13T12:00:00Z,-18.174997,147.42499,1.6132596685082874,24.64
1996-09-14T12:00:00Z,-18.174997,147.42499,1.6353591160220995,24.71
1996-09-15T12:00:00Z,-18.174997,147.42499,1.6574585635359116,24.78
1996-09-16T12:00:00Z,-18.174997,147.42499,1.6795580110497237,24.49
1996-09-17T12:00:00Z,-18.174997,147.42499,1.701657458563536,24.96
1996-09-18T12:00:00Z,-18.174997,147.42499,1.723756906077348,24.94
1996-09-19T12:00:00Z,-18.174997,147.42499,1.7458563535911602,24.92
1996-09-20T12:00:00Z,-18.174997,147.42499,1.7679558011049723,24.87
1996-09-21T12:00:00Z,-18.174997,147.42499,1.7900552486187846,24.92
1996-09-22T12:00:00Z,-18.174997,147.42499,1.8121546961325967,24.9
1996-09-23T12:00:00Z,-18.174997,147.42499,1.8342541436464088,24.92
1996-09-24T12:00:00Z,-18.174997,147.42499,1.856353591160221,24.84
1996-09-25T12:00:00Z,-18.174997,147.42499,1.8784530386740332,24.82
1996-09-26T12:00:00Z,-18.174997,147.42499,1.9005524861878453,24.85
1996-09-27T12:00:00Z,-18.174997,147.42499,1.9226519337016574,24.84
1996-09-28T12:00:00Z,-18.174997,147.42499,1.9447513812154695,24.93
1996-09-29T12:00:00Z,-18.174997,147.42499,1.9668508287292819,25.1
1996-09-30T12:00:00Z,-18.174997,147.42499,1.988950276243094,25.27
1996-10-01T12:00:00Z,-18.174997,147.42499,2.0110497237569063,25.32
1996-10-02T12:00:00Z,-18.174997,147.42499,2.0331491712707184,25.28
1996-10-03T12:00:00Z,-18.174997,147.42499,2.0552486187845305,25.77
1996-10-04T12:00:00Z,-18.174997,147.42499,2.0773480662983426,25.82
1996-10-05T12:00:00Z,-18.174997,147.42499,2.0994475138121547,25.9
1996-10-06T12:00:00Z,-18.174997,147.42499,2.1215469613259668,26.08
1996-10-07T12:00:00Z,-18.174997,147.42499,2.143646408839779,26.01
1996-10-08T12:00:00Z,-18.174997,147.42499,2.165745856353591,25.95
1996-10-09T12:00:00Z,-18.174997,147.42499,2.1878453038674035,26.03
1996-10-10T12:00:00Z,-18.174997,147.42499,2.2099447513812156,25.86
1996-10-11T12:00:00Z,-18.174997,147.42499,2.2320441988950277,25.8
1996-10-12T12:00:00Z,-18.174997,147.42499,2.25414364640884,25.78
1996-10-13T12:00:00Z,-18.174997,147.42499,2.276243093922652,25.84
1996-10-14T12:00:00Z,-18.174997,147.42499,2.298342541436464,25.83
1996-10-15T12:00:00Z,-18.174997,147.42499,2.320441988950276,25.78
1996-10-16T12:00:00Z,-18.174997,147.42499,2.342541436464088,25.8
1996-10-17T12:00:00Z,-18.174997,147.42499,2.3646408839779007,25.86
1996-10-18T12:00:00Z,-18.174997,147.42499,2.386740331491713,25.89
1996-10-19T12:00:00Z,-18.174997,147.42499,2.408839779005525,26.12
1996-10-20T12:00:00Z,-18.174997,147.42499,2.430939226519337,26.01
1996-10-21T12:00:00Z,-18.174997,147.42499,2.453038674033149,26.0
1996-10-22T12:00:00Z,-18.174997,147.42499,2.4751381215469612,25.47
1996-10-23T12:00:00Z,-18.174997,147.42499,2.4972375690607733,25.48
1996-10-24T12:00:00Z,-18.174997,147.42499,2.5193370165745854,25.31
1996-10-25T12:00:00Z,-18.174997,147.42499,2.541436464088398,25.45
1996-10-26T12:00:00Z,-18.174997,147.42499,2.56353591160221,25.66
1996-10-27T12:00:00Z,-18.174997,147.42499,2.585635359116022,25.73
1996-10-28T12:00:00Z,-18.174997,147.42499,2.6077348066298343,25.78
1996-10-29T12:00:00Z,-18.174997,147.42499,2.6298342541436464,25.88
1996-10-30T12:00:00Z,-18.174997,147.42499,2.6519337016574585,25.75
1996-10-31T12:00:00Z,-18.174997,147.42499,2.6740331491712706,25.84
1996-11-01T12:00:00Z,-18.174997,147.42499,2.696132596685083,25.91
1996-11-02T12:00:00Z,-18.174997,147.42499,2.718232044198895,26.04
1996-11-03T12:00:00Z,-18.174997,147.42499,2.7403314917127073,25.92
1996-11-04T12:00:00Z,-18.174997,147.42499,2.7624309392265194,25.97
1996-11-05T12:00:00Z,-18.174997,147.42499,2.7845303867403315,25.95
1996-11-06T12:00:00Z,-18.174997,147.42499,2.8066298342541436,25.89
1996-11-07T12:00:00Z,-18.174997,147.42499,2.8287292817679557,26.17
1996-11-08T12:00:00Z,-18.174997,147.42499,2.850828729281768,26.12
1996-11-09T12:00:00Z,-18.174997,147.42499,2.8729281767955803,26.26
1996-11-10T12:00:00Z,-18.174997,147.42499,2.8950276243093924,26.57
1996-11-11T12:00:00Z,-18.174997,147.42499,2.9171270718232045,26.42
1996-11-12T12:00:00Z,-18.174997,147.42499,2.9392265193370166,26.34
1996-11-13T12:00:00Z,-18.174997,147.42499,2.9613259668508287,26.21
1996-11-14T12:00:00Z,-18.174997,147.42499,2.983425414364641,26.26
1996-11-15T12:00:00Z,-18.174997,147.42499,3.005524861878453,26.6
1996-11-16T12:00:00Z,-18.174997,147.42499,3.027624309392265,26.57
1996-11-17T12:00:00Z,-18.174997,147.42499,3.0497237569060776,26.84
1996-11-18T12:00:00Z,-18.174997,147.42499,3.0718232044198897,26.72
1996-11-19T12:00:00Z,-18.174997,147.42499,3.0939226519337018,26.77
1996-11-20T12:00:00Z,-18.174997,147.42499,3.116022099447514,27.23
1996-11-21T12:00:00Z,-18.174997,147.42499,3.138121546961326,27.58
1996-11-22T12:00:00Z,-18.174997,147.42499,3.160220994475138,27.46
1996-11-23T12:00:00Z,-18.174997,147.42499,3.18232044198895,27.38
1996-11-24T12:00:00Z,-18.174997,147.42499,3.2044198895027622,27.4
1996-11-25T12:00:00Z,-18.174997,147.42499,3.226519337016575,27.63
1996-11-26T12:00:00Z,-18.174997,147.42499,3.248618784530387,27.53
1996-11-27T12:00:00Z,-18.174997,147.42499,3.270718232044199,28.18
1996-11-28T12:00:00Z,-18.174997,147.42499,3.292817679558011,28.11
1996-11-29T12:00:00Z,-18.174997,147.42499,3.314917127071823,27.63
1996-11-30T12:00:00Z,-18.174997,147.42499,3.3370165745856353,27.27
1996-12-01T12:00:00Z,-18.174997,147.42499,3.3591160220994474,27.27
1996-12-02T12:00:00Z,-18.174997,147.42499,3.3812154696132595,27.09
1996-12-03T12:00:00Z,-18.174997,147.42499,3.403314917127072,27.6
1996-12-04T12:00:00Z,-18.174997,147.42499,3.425414364640884,27.89
1996-12-05T12:00:00Z,-18.174997,147.42499,3.447513812154696,28.08
1996-12-06T12:00:00Z,-18.174997,147.42499,3.4696132596685083,28.25
1996-12-07T12:00:00Z,-18.174997,147.42499,3.4917127071823204,28.27
1996-12-08T12:00:00Z,-18.174997,147.42499,3.5138121546961325,28.31
1996-12-09T12:00:00Z,-18.174997,147.42499,3.5359116022099446,28.55
1996-12-10T12:00:00Z,-18.174997,147.42499,3.5580110497237567,28.51
1996-12-11T12:00:00Z,-18.174997,147.42499,3.5801104972375692,28.3
1996-12-12T12:00:00Z,-18.174997,147.42499,3.6022099447513813,28.33
1996-12-13T12:00:00Z,-18.174997,147.42499,3.6243093922651934,28.45
1996-12-14T12:00:00Z,-18.174997,147.42499,3.6464088397790055,28.69
1996-12-15T12:00:00Z,-18.174997,147.42499,3.6685082872928176,28.47
1996-12-16T12:00:00Z,-18.174997,147.42499,3.6906077348066297,28.44
1996-12-17T12:00:00Z,-18.174997,147.42499,3.712707182320442,28.43
1996-12-18T12:00:00Z,-18.174997,147.42499,3.734806629834254,28.43
1996-12-19T12:00:00Z,-18.174997,147.42499,3.7569060773480665,28.93
1996-12-20T12:00:00Z,-18.174997,147.42499,3.7790055248618786,29.36
1996-12-21T12:00:00Z,-18.174997,147.42499,3.8011049723756907,29.08
1996-12-22T12:00:00Z,-18.174997,147.42499,3.8232044198895028,28.63
1996-12-23T12:00:00Z,-18.174997,147.42499,3.845303867403315,28.41
1996-12-24T12:00:00Z,-18.174997,147.42499,3.867403314917127,28.3
1996-12-25T12:00:00Z,-18.174997,147.42499,3.889502762430939,28.24
1996-12-26T12:00:00Z,-18.174997,147.42499,3.911602209944751,28.21
1996-12-27T12:00:00Z,-18.174997,147.42499,3.9337016574585637,28.2
1996-12-28T12:00:00Z,-18.174997,147.42499,3.955801104972376,28.33
1996-12-29T12:00:00Z,-18.174997,147.42499,3.977900552486188,28.06
1996-12-30T12:00:00Z,-18.174997,147.42499,4.0,28.03
1996-12-31T12:00:00Z,-18.174997,147.42499,4.0220994475138125,27.36
1997-01-01T12:00:00Z,-18.174997,147.42499,4.0,27.51
1997-01-02T12:00:00Z,-18.174997,147.42499,3.977900552486188,27.71
1997-01-03T12:00:00Z,-18.174997,147.42499,3.955801104972376,27.92
1997-01-04T12:00:00Z,-18.174997,147.42499,3.9337016574585637,27.94
1997-01-05T12:00:00Z,-18.174997,147.42499,3.911602209944751,27.32
1997-01-06T12:00:00Z,-18.174997,147.42499,3.889502762430939,27.04
1997-01-07T12:00:00Z,-18.174997,147.42499,3.867403314917127,27.58
1997-01-08T12:00:00Z,-18.174997,147.42499,3.845303867403315,28.3
1997-01-09T12:00:00Z,-18.174997,147.42499,3.8232044198895028,28.44
1997-01-10T12:00:00Z,-18.174997,147.42499,3.8011049723756907,28.59
1997-01-11T12:00:00Z,-18.174997,147.42499,3.7790055248618786,28.6
1997-01-12T12:00:00Z,-18.174997,147.42499,3.7569060773480665,28.32
1997-01-13T12:00:00Z,-18.174997,147.42499,3.734806629834254,28.37
1997-01-14T12:00:00Z,-18.174997,147.42499,3.712707182320442,28.46
1997-01-15T12:00:00Z,-18.174997,147.42499,3.6906077348066297,28.5
1997-01-16T12:00:00Z,-18.174997,147.42499,3.6685082872928176,28.52
1997-01-17T12:00:00Z,-18.174997,147.42499,3.6464088397790055,28.44
1997-01-18T12:00:00Z,-18.174997,147.42499,3.6243093922651934,28.41
1997-01-19T12:00:00Z,-18.174997,147.42499,3.6022099447513813,28.29
1997-01-20T12:00:00Z,-18.174997,147.42499,3.5801104972375692,28.41
1997-01-21T12:00:00Z,-18.174997,147.42499,3.5580110497237567,28.51
1997-01-22T12:00:00Z,-18.174997,147.42499,3.5359116022099446,28.48
1997-01-23T12:00:00Z,-18.174997,147.42499,3.5138121546961325,28.21
1997-01-24T12:00:00Z,-18.174997,147.42499,3.4917127071823204,28.34
1997-01-25T12:00:00Z,-18.174997,147.42499,3.4696132596685083,28.74
1997-01-26T12:00:00Z,-18.174997,147.42499,3.447513812154696,28.66
1997-01-27T12:00:00Z,-18.174997,147.42499,3.425414364640884,28.59
1997-01-28T12:00:00Z,-18.174997,147.42499,3.403314917127072,28.49
1997-01-29T12:00:00Z,-18.174997,147.42499,3.3812154696132595,28.67
1997-01-30T12:00:00Z,-18.174997,147.42499,3.3591160220994474,28.78
1997-01-31T12:00:00Z,-18.174997,147.42499,3.3370165745856353,28.81
1997-02-01T12:00:00Z,-18.174997,147.42499,3.314917127071823,29.17
1997-02-02T12:00:00Z,-18.174997,147.42499,3.292817679558011,29.05
1997-02-03T12:00:00Z,-18.174997,147.42499,3.270718232044199,29.13
1997-02-04T12:00:00Z,-18.174997,147.42499,3.248618784530387,28.8
1997-02-05T12:00:00Z,-18.174997,147.42499,3.226519337016575,28.58
1997-02-06T12:00:00Z,-18.174997,147.42499,3.2044198895027622,28.51
1997-02-07T12:00:00Z,-18.174997,147.42499,3.18232044198895,28.48
1997-02-08T12:00:00Z,-18.174997,147.42499,3.160220994475138,28.48
1997-02-09T12:00:00Z,-18.174997,147.42499,3.138121546961326,28.27
1997-02-10T12:00:00Z,-18.174997,147.42499,3.116022099447514,28.34
1997-02-11T12:00:00Z,-18.174997,147.42499,3.0939226519337018,28.44
1997-02-12T12:00:00Z,-18.174997,147.42499,3.0718232044198897,28.18
1997-02-13T12:00:00Z,-18.174997,147.42499,3.0497237569060776,28.18
1997-02-14T12:00:00Z,-18.174997,147.42499,3.027624309392265,28.78
1997-02-15T12:00:00Z,-18.174997,147.42499,3.005524861878453,28.48
1997-02-16T12:00:00Z,-18.174997,147.42499,2.983425414364641,28.49
1997-02-17T12:00:00Z,-18.174997,147.42499,2.9613259668508287,28.18
1997-02-18T12:00:00Z,-18.174997,147.42499,2.9392265193370166,28.4
1997-02-19T12:00:00Z,-18.174997,147.42499,2.9171270718232045,28.6
1997-02-20T12:00:00Z,-18.174997,147.42499,2.8950276243093924,28.49
1997-02-21T12:00:00Z,-18.174997,147.42499,2.8729281767955803,28.51
1997-02-22T12:00:00Z,-18.174997,147.42499,2.850828729281768,28.52
1997-02-23T12:00:00Z,-18.174997,147.42499,2.8287292817679557,28.42
1997-02-24T12:00:00Z,-18.174997,147.42499,2.8066298342541436,28.45
1997-02-25T12:00:00Z,-18.174997,147.42499,2.7845303867403315,27.87
1997-02-26T12:00:00Z,-18.174997,147.42499,2.7624309392265194,27.77
1997-02-27T12:00:00Z,-18.174997,147.42499,2.7403314917127073,27.65
1997-02-28T12:00:00Z,-18.174997,147.42499,2.718232044198895,27.66
1997-03-01T12:00:00Z,-18.174997,147.42499,2.696132596685083,27.61
1997-03-02T12:00:00Z,-18.174997,147.42499,2.6740331491712706,27.87
1997-03-03T12:00:00Z,-18.174997,147.42499,2.6519337016574585,27.91
1997-03-04T12:00:00Z,-18.174997,147.42499,2.6298342541436464,27.97
1997-03-05T12:00:00Z,-18.174997,147.42499,2.6077348066298343,27.96
1997-03-06T12:00:00Z,-18.174997,147.42499,2.585635359116022,27.97
1997-03-07T12:00:00Z,-18.174997,147.42499,2.56353591160221,28.0
1997-03-08T12:00:00Z,-18.174997,147.42499,2.541436464088398,28.04
1997-03-09T12:00:00Z,-18.174997,147.42499,2.5193370165745854,27.98
1997-03-10T12:00:00Z,-18.174997,147.42499,2.4972375690607733,27.93
1997-03-11T12:00:00Z,-18.174997,147.42499,2.4751381215469612,27.88
1997-03-12T12:00:00Z,-18.174997,147.42499,2.453038674033149,27.82
1997-03-13T12:00:00Z,-18.174997,147.42499,2.430939226519337,27.54
1997-03-14T12:00:00Z,-18.174997,147.42499,2.408839779005525,26.66
1997-03-15T12:00:00Z,-18.174997,147.42499,2.386740331491713,27.13
1997-03-16T12:00:00Z,-18.174997,147.42499,2.3646408839779007,27.15
1997-03-17T12:00:00Z,-18.174997,147.42499,2.342541436464088,27.36
1997-03-18T12:00:00Z,-18.174997,147.42499,2.320441988950276,27.35
1997-03-19T12:00:00Z,-18.174997,147.42499,2.298342541436464,27.38
1997-03-20T12:00:00Z,-18.174997,147.42499,2.276243093922652,27.26
1997-03-21T12:00:00Z,-18.174997,147.42499,2.25414364640884,27.14
1997-03-22T12:00:00Z,-18.174997,147.42499,2.2320441988950277,27.11
1997-03-23T12:00:00Z,-18.174997,147.42499,2.2099447513812156,27.07
1997-03-24T12:00:00Z,-18.174997,147.42499,2.1878453038674035,26.42
1997-03-25T12:00:00Z,-18.174997,147.42499,2.165745856353591,26.42
1997-03-26T12:00:00Z,-18.174997,147.42499,2.143646408839779,26.43
1997-03-27T12:00:00Z,-18.174997,147.42499,2.1215469613259668,26.0
1997-03-28T12:00:00Z,-18.174997,147.42499,2.0994475138121547,25.92
1997-03-29T12:00:00Z,-18.174997,147.42499,2.0773480662983426,25.9
1997-03-30T12:00:00Z,-18.174997,147.42499,2.0552486187845305,25.81
1997-03-31T12:00:00Z,-18.174997,147.42499,2.0331491712707184,25.78
1997-04-01T12:00:00Z,-18.174997,147.42499,2.0110497237569063,25.79
1997-04-02T12:00:00Z,-18.174997,147.42499,1.988950276243094,25.69
1997-04-03T12:00:00Z,-18.174997,147.42499,1.9668508287292819,25.74
1997-04-04T12:00:00Z,-18.174997,147.42499,1.9447513812154695,25.72
1997-04-05T12:00:00Z,-18.174997,147.42499,1.9226519337016574,25.8
1997-04-06T12:00:00Z,-18.174997,147.42499,1.9005524861878453,25.76
1997-04-07T12:00:00Z,-18.174997,147.42499,1.8784530386740332,25.92
1997-04-08T12:00:00Z,-18.174997,147.42499,1.856353591160221,25.74
1997-04-09T12:00:00Z,-18.174997,147.42499,1.8342541436464088,25.77
1997-04-10T12:00:00Z,-18.174997,147.42499,1.8121546961325967,25.78
1997-04-11T12:00:00Z,-18.174997,147.42499,1.7900552486187846,25.89
1997-04-12T12:00:00Z,-18.174997,147.42499,1.7679558011049723,25.77
1997-04-13T12:00:00Z,-18.174997,147.42499,1.7458563535911602,25.81
1997-04-14T12:00:00Z,-18.174997,147.42499,1.723756906077348,25.89
1997-04-15T12:00:00Z,-18.174997,147.42499,1.701657458563536,25.58
1997-04-16T12:00:00Z,-18.174997,147.42499,1.6795580110497237,25.55
1997-04-17T12:00:00Z,-18.174997,147.42499,1.6574585635359116,25.47
1997-04-18T12:00:00Z,-18.174997,147.42499,1.6353591160220995,25.51
1997-04-19T12:00:00Z,-18.174997,147.42499,1.6132596685082874,25.53
1997-04-20T12:00:00Z,-18.174997,147.42499,1.591160220994475,25.59
1997-04-21T12:00:00Z,-18.174997,147.42499,1.569060773480663,25.49
1997-04-22T12:00:00Z,-18.174997,147.42499,1.5469613259668509,25.33
1997-04-23T12:00:00Z,-18.174997,147.42499,1.5248618784530388,25.33
1997-04-24T12:00:00Z,-18.174997,147.42499,1.5027624309392265,25.29
1997-04-25T12:00:00Z,-18.174997,147.42499,1.4806629834254144,25.18
1997-04-26T12:00:00Z,-18.174997,147.42499,1.4585635359116023,25.25
1997-04-27T12:00:00Z,-18.174997,147.42499,1.4364640883977902,25.24
1997-04-28T12:00:00Z,-18.174997,147.42499,1.4143646408839778,25.2
1997-04-29T12:00:00Z,-18.174997,147.42499,1.3922651933701657,25.23
1997-04-30T12:00:00Z,-18.174997,147.42499,1.3701657458563536,25.19
1997-05-01T12:00:00Z,-18.174997,147.42499,1.3480662983425415,25.38
1997-05-02T12:00:00Z,-18.174997,147.42499,1.3259668508287292,25.46
1997-05-03T12:00:00Z,-18.174997,147.42499,1.3038674033149171,25.48
1997-05-04T12:00:00Z,-18.174997,147.42499,1.281767955801105,25.37
1997-05-05T12:00:00Z,-18.174997,147.42499,1.2596685082872927,25.32
1997-05-06T12:00:00Z,-18.174997,147.42499,1.2375690607734806,25.28
1997-05-07T12:00:00Z,-18.174997,147.42499,1.2154696132596685,25.49
1997-05-08T12:00:00Z,-18.174997,147.42499,1.1933701657458564,25.67
1997-05-09T12:00:00Z,-18.174997,147.42499,1.171270718232044,25.58
1997-05-10T12:00:00Z,-18.174997,147.42499,1.149171270718232,25.61
1997-05-11T12:00:00Z,-18.174997,147.42499,1.12707182320442,25.25
1997-05-12T12:00:00Z,-18.174997,147.42499,1.1049723756906078,25.28
1997-05-13T12:00:00Z,-18.174997,147.42499,1.0828729281767955,25.25
1997-05-14T12:00:00Z,-18.174997,147.42499,1.0607734806629834,25.35
1997-05-15T12:00:00Z,-18.174997,147.42499,1.0386740331491713,25.31
1997-05-16T12:00:00Z,-18.174997,147.42499,1.0165745856353592,25.36
1997-05-17T12:00:00Z,-18.174997,147.42499,0.994475138121547,24.85
1997-05-18T12:00:00Z,-18.174997,147.42499,0.9723756906077348,24.91
1997-05-19T12:00:00Z,-18.174997,147.42499,0.9502762430939227,24.9
1997-05-20T12:00:00Z,-18.174997,147.42499,0.9281767955801105,25.07
1997-05-21T12:00:00Z,-18.174997,147.42499,0.9060773480662984,25.1
1997-05-22T12:00:00Z,-18.174997,147.42499,0.8839779005524862,25.11
1997-05-23T12:00:00Z,-18.174997,147.42499,0.861878453038674,25.11
1997-05-24T12:00:00Z,-18.174997,147.42499,0.8397790055248618,25.06
1997-05-25T12:00:00Z,-18.174997,147.42499,0.8176795580110497,25.02
1997-05-26T12:00:00Z,-18.174997,147.42499,0.7955801104972375,24.89
1997-05-27T12:00:00Z,-18.174997,147.42499,0.7734806629834254,24.89
1997-05-28T12:00:00Z,-18.174997,147.42499,0.7513812154696132,24.88
1997-05-29T12:00:00Z,-18.174997,147.42499,0.7292817679558011,24.79
1997-05-30T12:00:00Z,-18.174997,147.42499,0.7071823204419889,24.83
1997-05-31T12:00:00Z,-18.174997,147.42499,0.6850828729281768,24.83
1997-06-01T12:00:00Z,-18.174997,147.42499,0.6629834254143646,24.82
1997-06-02T12:00:00Z,-18.174997,147.42499,0.6408839779005525,24.75
1997-06-03T12:00:00Z,-18.174997,147.42499,0.6187845303867403,24.74
1997-06-04T12:00:00Z,-18.174997,147.42499,0.5966850828729282,24.67
1997-06-05T12:00:00Z,-18.174997,147.42499,0.574585635359116,24.67
1997-06-06T12:00:00Z,-18.174997,147.42499,0.5524861878453039,24.76
1997-06-07T12:00:00Z,-18.174997,147.42499,0.5303867403314917,24.8
1997-06-08T12:00:00Z,-18.174997,147.42499,0.5082872928176796,24.81
1997-06-09T12:00:00Z,-18.174997,147.42499,0.4861878453038674,24.59
1997-06-10T12:00:00Z,-18.174997,147.42499,0.46408839779005523,24.58
1997-06-11T12:00:00Z,-18.174997,147.42499,0.4419889502762431,24.6
1997-06-12T12:00:00Z,-18.174997,147.42499,0.4198895027624309,24.56
1997-06-13T12:00:00Z,-18.174997,147.42499,0.39779005524861877,24.55
1997-06-14T12:00:00Z,-18.174997,147.42499,0.3756906077348066,24.5
1997-06-15T12:00:00Z,-18.174997,147.42499,0.35359116022099446,24.49
1997-06-16T12:00:00Z,-18.174997,147.42499,0.3314917127071823,24.48
1997-06-17T12:00:00Z,-18.174997,147.42499,0.30939226519337015,24.45
1997-06-18T12:00:00Z,-18.174997,147.42499,0.287292817679558,24.38
1997-06-19T12:00:00Z,-18.174997,147.42499,0.26519337016574585,24.34
1997-06-20T12:00:00Z,-18.174997,147.42499,0.2430939226519337,24.36
1997-06-21T12:00:00Z,-18.174997,147.42499,0.22099447513812154,23.78
1997-06-22T12:00:00Z,-18.174997,147.42499,0.19889502762430938,23.82
1997-06-23T12:00:00Z,-18.174997,147.42499,0.17679558011049723,23.87
1997-06-24T12:00:00Z,-18.174997,147.42499,0.15469613259668508,23.91
1997-06-25T12:00:00Z,-18.174997,147.42499,0.13259668508287292,23.9
1997-06-26T12:00:00Z,-18.174997,147.42499,0.11049723756906077,23.97
1997-06-27T12:00:00Z,-18.174997,147.42499,0.08839779005524862,23.66
1997-06-28T12:00:00Z,-18.174997,147.42499,0.06629834254143646,23.69
1997-06-29T12:00:00Z,-18.174997,147.42499,0.04419889502762431,23.22
1997-06-30T12:00:00Z,-18.174997,147.42499,0.022099447513812154,23.14
1997-07-01T12:00:00Z,-18.174997,147.42499,0.0,22.72
1997-07-02T12:00:00Z,-18.174997,147.42499,0.0,22.7
1997-07-03T12:00:00Z,-18.174997,147.42499,0.022099447513812154,22.43
1997-07-04T12:00:00Z,-18.174997,147.42499,0.04419889502762431,22.56
1997-07-05T12:00:00Z,-18.174997,147.42499,0.06629834254143646,22.66
1997-07-06T12:00:00Z,-18.174997,147.42499,0.08839779005524862,22.8
1997-07-07T12:00:00Z,-18.174997,147.42499,0.11049723756906077,23.51
1997-07-08T12:00:00Z,-18.174997,147.42499,0.13259668508287292,23.51
1997-07-09T12:00:00Z,-18.174997,147.42499,0.15469613259668508,23.49
1997-07-10T12:00:00Z,-18.174997,147.42499,0.17679558011049723,23.34
1997-07-11T12:00:00Z,-18.174997,147.42499,0.19889502762430938,23.26
1997-07-12T12:00:00Z,-18.174997,147.42499,0.22099447513812154,23.36
1997-07-13T12:00:00Z,-18.174997,147.42499,0.2430939226519337,23.43
1997-07-14T12:00:00Z,-18.174997,147.42499,0.26519337016574585,23.42
1997-07-15T12:00:00Z,-18.174997,147.42499,0.287292817679558,23.47
1997-07-16T12:00:00Z,-18.174997,147.42499,0.30939226519337015,24.11
1997-07-17T12:00:00Z,-18.174997,147.42499,0.3314917127071823,23.88
1997-07-18T12:00:00Z,-18.174997,147.42499,0.35359116022099446,23.86
1997-07-19T12:00:00Z,-18.174997,147.42499,0.3756906077348066,23.6
1997-07-20T12:00:00Z,-18.174997,147.42499,0.39779005524861877,23.42
1997-07-21T12:00:00Z,-18.174997,147.42499,0.4198895027624309,23.49
1997-07-22T12:00:00Z,-18.174997,147.42499,0.4419889502762431,23.53
1997-07-23T12:00:00Z,-18.174997,147.42499,0.46408839779005523,23.53
1997-07-24T12:00:00Z,-18.174997,147.42499,0.4861878453038674,23.5
1997-07-25T12:00:00Z,-18.174997,147.42499,0.5082872928176796,23.34
1997-07-26T12:00:00Z,-18.174997,147.42499,0.5303867403314917,23.47
1997-07-27T12:00:00Z,-18.174997,147.42499,0.5524861878453039,23.5
1997-07-28T12:00:00Z,-18.174997,147.42499,0.574585635359116,23.44
1997-07-29T12:00:00Z,-18.174997,147.42499,0.5966850828729282,23.32
1997-07-30T12:00:00Z,-18.174997,147.42499,0.6187845303867403,23.23
1997-07-31T12:00:00Z,-18.174997,147.42499,0.6408839779005525,23.24
1997-08-01T12:00:00Z,-18.174997,147.42499,0.6629834254143646,22.78
1997-08-02T12:00:00Z,-18.174997,147.42499,0.6850828729281768,22.87
1997-08-03T12:00:00Z,-18.174997,147.42499,0.7071823204419889,23.05
1997-08-04T12:00:00Z,-18.174997,147.42499,0.7292817679558011,22.93
1997-08-05T12:00:00Z,-18.174997,147.42499,0.7513812154696132,23.04
1997-08-06T12:00:00Z,-18.174997,147.42499,0.7734806629834254,23.17
1997-08-07T12:00:00Z,-18.174997,147.42499,0.7955801104972375,23.57
1997-08-08T12:00:00Z,-18.174997,147.42499,0.8176795580110497,23.85
1997-08-09T12:00:00Z,-18.174997,147.42499,0.8397790055248618,23.92
1997-08-10T12:00:00Z,-18.174997,147.42499,0.861878453038674,23.91
1997-08-11T12:00:00Z,-18.174997,147.42499,0.8839779005524862,24.13
1997-08-12T12:00:00Z,-18.174997,147.42499,0.9060773480662984,24.07
1997-08-13T12:00:00Z,-18.174997,147.42499,0.9281767955801105,23.97
1997-08-14T12:00:00Z,-18.174997,147.42499,0.9502762430939227,24.0
1997-08-15T12:00:00Z,-18.174997,147.42499,0.9723756906077348,24.04
1997-08-16T12:00:00Z,-18.174997,147.42499,0.994475138121547,24.14
1997-08-17T12:00:00Z,-18.174997,147.42499,1.0165745856353592,24.24
1997-08-18T12:00:00Z,-18.174997,147.42499,1.0386740331491713,24.29
1997-08-19T12:00:00Z,-18.174997,147.42499,1.0607734806629834,24.29
1997-08-20T12:00:00Z,-18.174997,147.42499,1.0828729281767955,24.2
1997-08-21T12:00:00Z,-18.174997,147.42499,1.1049723756906078,24.1
1997-08-22T12:00:00Z,-18.174997,147.42499,1.12707182320442,23.89
1997-08-23T12:00:00Z,-18.174997,147.42499,1.149171270718232,23.03
1997-08-24T12:00:00Z,-18.174997,147.42499,1.171270718232044,22.65
1997-08-25T12:00:00Z,-18.174997,147.42499,1.1933701657458564,22.55
1997-08-26T12:00:00Z,-18.174997,147.42499,1.2154696132596685,24.11
1997-08-27T12:00:00Z,-18.174997,147.42499,1.2375690607734806,24.05
1997-08-28T12:00:00Z,-18.174997,147.42499,1.2596685082872927,24.07
1997-08-29T12:00:00Z,-18.174997,147.42499,1.281767955801105,24.1
1997-08-30T12:00:00Z,-18.174997,147.42499,1.3038674033149171,23.96
1997-08-31T12:00:00Z,-18.174997,147.42499,1.3259668508287292,23.96
1997-09-01T12:00:00Z,-18.174997,147.42499,1.3480662983425415,23.77
1997-09-02T12:00:00Z,-18.174997,147.42499,1.3701657458563536,23.71
1997-09-03T12:00:00Z,-18.174997,147.42499,1.3922651933701657,23.69
1997-09-04T12:00:00Z,-18.174997,147.42499,1.4143646408839778,23.9
1997-09-05T12:00:00Z,-18.174997,147.42499,1.4364640883977902,23.75
1997-09-06T12:00:00Z,-18.174997,147.42499,1.4585635359116023,23.68
1997-09-07T12:00:00Z,-18.174997,147.42499,1.4806629834254144,23.44
1997-09-08T12:00:00Z,-18.174997,147.42499,1.5027624309392265,23.59
1997-09-09T12:00:00Z,-18.174997,147.42499,1.5248618784530388,23.82
1997-09-10T12:00:00Z,-18.174997,147.42499,1.5469613259668509,24.11
1997-09-11T12:00:00Z,-18.174997,147.42499,1.569060773480663,24.17
1997-09-12T12:00:00Z,-18.174997,147.42499,1.591160220994475,24.22
1997-09-13T12:00:00Z,-18.174997,147.42499,1.6132596685082874,24.21
1997-09-14T12:00:00Z,-18.174997,147.42499,1.6353591160220995,24.26
1997-09-15T12:00:00Z,-18.174997,147.42499,1.6574585635359116,24.28
1997-09-16T12:00:00Z,-18.174997,147.42499,1.6795580110497237,24.23
1997-09-17T12:00:00Z,-18.174997,147.42499,1.701657458563536,24.19
1997-09-18T12:00:00Z,-18.174997,147.42499,1.723756906077348,24.27
1997-09-19T12:00:00Z,-18.174997,147.42499,1.7458563535911602,24.38
1997-09-20T12:00:00Z,-18.174997,147.42499,1.7679558011049723,24.46
1997-09-21T12:00:00Z,-18.174997,147.42499,1.7900552486187846,24.74
1997-09-22T12:00:00Z,-18.174997,147.42499,1.8121546961325967,24.59
1997-09-23T12:00:00Z,-18.174997,147.42499,1.8342541436464088,24.45
1997-09-24T12:00:00Z,-18.174997,147.42499,1.856353591160221,24.19
1997-09-25T12:00:00Z,-18.174997,147.42499,1.8784530386740332,24.26
1997-09-26T12:00:00Z,-18.174997,147.42499,1.9005524861878453,24.37
1997-09-27T12:00:00Z,-18.174997,147.42499,1.9226519337016574,24.76
1997-09-28T12:00:00Z,-18.174997,147.42499,1.9447513812154695,25.0
1997-09-29T12:00:00Z,-18.174997,147.42499,1.9668508287292819,24.72
1997-09-30T12:00:00Z,-18.174997,147.42499,1.988950276243094,24.6
1997-10-01T12:00:00Z,-18.174997,147.42499,2.0110497237569063,24.96
1997-10-02T12:00:00Z,-18.174997,147.42499,2.0331491712707184,25.1
1997-10-03T12:00:00Z,-18.174997,147.42499,2.0552486187845305,25.22
1997-10-04T12:00:00Z,-18.174997,147.42499,2.0773480662983426,25.28
1997-10-05T12:00:00Z,-18.174997,147.42499,2.0994475138121547,25.17
1997-10-06T12:00:00Z,-18.174997,147.42499,2.1215469613259668,25.65
1997-10-07T12:00:00Z,-18.174997,147.42499,2.143646408839779,25.49
1997-10-08T12:00:00Z,-18.174997,147.42499,2.165745856353591,25.44
1997-10-09T12:00:00Z,-18.174997,147.42499,2.1878453038674035,25.35
1997-10-10T12:00:00Z,-18.174997,147.42499,2.2099447513812156,25.38
1997-10-11T12:00:00Z,-18.174997,147.42499,2.2320441988950277,25.35
1997-10-12T12:00:00Z,-18.174997,147.42499,2.25414364640884,25.26
1997-10-13T12:00:00Z,-18.174997,147.42499,2.276243093922652,25.1
1997-10-14T12:00:00Z,-18.174997,147.42499,2.298342541436464,25.16
1997-10-15T12:00:00Z,-18.174997,147.42499,2.320441988950276,25.58
1997-10-16T12:00:00Z,-18.174997,147.42499,2.342541436464088,25.45
1997-10-17T12:00:00Z,-18.174997,147.42499,2.3646408839779007,25.45
1997-10-18T12:00:00Z,-18.174997,147.42499,2.386740331491713,25.39
1997-10-19T12:00:00Z,-18.174997,147.42499,2.408839779005525,25.54
1997-10-20T12:00:00Z,-18.174997,147.42499,2.430939226519337,25.6
1997-10-21T12:00:00Z,-18.174997,147.42499,2.453038674033149,25.85
1997-10-22T12:00:00Z,-18.174997,147.42499,2.4751381215469612,25.65
1997-10-23T12:00:00Z,-18.174997,147.42499,2.4972375690607733,25.24
1997-10-24T12:00:00Z,-18.174997,147.42499,2.5193370165745854,25.27
1997-10-25T12:00:00Z,-18.174997,147.42499,2.541436464088398,25.23
1997-10-26T12:00:00Z,-18.174997,147.42499,2.56353591160221,25.09
1997-10-27T12:00:00Z,-18.174997,147.42499,2.585635359116022,25.05
1997-10-28T12:00:00Z,-18.174997,147.42499,2.6077348066298343,25.04
1997-10-29T12:00:00Z,-18.174997,147.42499,2.6298342541436464,25.13
1997-10-30T12:00:00Z,-18.174997,147.42499,2.6519337016574585,25.09
1997-10-31T12:00:00Z,-18.174997,147.42499,2.6740331491712706,25.15
1997-11-01T12:00:00Z,-18.174997,147.42499,2.696132596685083,25.14
1997-11-02T12:00:00Z,-18.174997,147.42499,2.718232044198895,25.63
1997-11-03T12:00:00Z,-18.174997,147.42499,2.7403314917127073,25.73
1997-11-04T12:00:00Z,-18.174997,147.42499,2.7624309392265194,25.59
1997-11-05T12:00:00Z,-18.174997,147.42499,2.7845303867403315,25.75
1997-11-06T12:00:00Z,-18.174997,147.42499,2.8066298342541436,25.74
1997-11-07T12:00:00Z,-18.174997,147.42499,2.8287292817679557,25.79
1997-11-08T12:00:00Z,-18.174997,147.42499,2.850828729281768,25.97
1997-11-09T12:00:00Z,-18.174997,147.42499,2.8729281767955803,26.11
1997-11-10T12:00:00Z,-18.174997,147.42499,2.8950276243093924,26.14
1997-11-11T12:00:00Z,-18.174997,147.42499,2.9171270718232045,26.6
1997-11-12T12:00:00Z,-18.174997,147.42499,2.9392265193370166,26.55
1997-11-13T12:00:00Z,-18.174997,147.42499,2.9613259668508287,26.54
1997-11-14T12:00:00Z,-18.174997,147.42499,2.983425414364641,26.23
1997-11-15T12:00:00Z,-18.174997,147.42499,3.005524861878453,26.46
1997-11-16T12:00:00Z,-18.174997,147.42499,3.027624309392265,26.71
1997-11-17T12:00:00Z,-18.174997,147.42499,3.0497237569060776,27.0
1997-11-18T12:00:00Z,-18.174997,147.42499,3.0718232044198897,27.03
1997-11-19T12:00:00Z,-18.174997,147.42499,3.0939226519337018,27.26
1997-11-20T12:00:00Z,-18.174997,147.42499,3.116022099447514,27.07
1997-11-21T12:00:00Z,-18.174997,147.42499,3.138121546961326,26.7
1997-11-22T12:00:00Z,-18.174997,147.42499,3.160220994475138,26.65
1997-11-23T12:00:00Z,-18.174997,147.42499,3.18232044198895,26.54
1997-11-24T12:00:00Z,-18.174997,147.42499,3.2044198895027622,26.31
1997-11-25T12:00:00Z,-18.174997,147.42499,3.226519337016575,26.37
1997-11-26T12:00:00Z,-18.174997,147.42499,3.248618784530387,26.75
1997-11-27T12:00:00Z,-18.174997,147.42499,3.270718232044199,26.91
1997-11-28T12:00:00Z,-18.174997,147.42499,3.292817679558011,26.94
1997-11-29T12:00:00Z,-18.174997,147.42499,3.314917127071823,26.98
1997-11-30T12:00:00Z,-18.174997,147.42499,3.3370165745856353,27.58
1997-12-01T12:00:00Z,-18.174997,147.42499,3.3591160220994474,27.65
1997-12-02T12:00:00Z,-18.174997,147.42499,3.3812154696132595,27.71
1997-12-03T12:00:00Z,-18.174997,147.42499,3.403314917127072,27.85
1997-12-04T12:00:00Z,-18.174997,147.42499,3.425414364640884,27.87
1997-12-05T12:00:00Z,-18.174997,147.42499,3.447513812154696,27.91
1997-12-06T12:00:00Z,-18.174997,147.42499,3.4696132596685083,27.95
1997-12-07T12:00:00Z,-18.174997,147.42499,3.4917127071823204,27.92
1997-12-08T12:00:00Z,-18.174997,147.42499,3.5138121546961325,28.03
1997-12-09T12:00:00Z,-18.174997,147.42499,3.5359116022099446,28.28
1997-12-10T12:00:00Z,-18.174997,147.42499,3.5580110497237567,28.23
1997-12-11T12:00:00Z,-18.174997,147.42499,3.5801104972375692,28.22
1997-12-12T12:00:00Z,-18.174997,147.42499,3.6022099447513813,28.15
1997-12-13T12:00:00Z,-18.174997,147.42499,3.6243093922651934,28.02
1997-12-14T12:00:00Z,-18.174997,147.42499,3.6464088397790055,28.01
1997-12-15T12:00:00Z,-18.174997,147.42499,3.6685082872928176,28.08
1997-12-16T12:00:00Z,-18.174997,147.42499,3.6906077348066297,28.81
1997-12-17T12:00:00Z,-18.174997,147.42499,3.712707182320442,28.86
1997-12-18T12:00:00Z,-18.174997,147.42499,3.734806629834254,28.91
1997-12-19T12:00:00Z,-18.174997,147.42499,3.7569060773480665,28.79
1997-12-20T12:00:00Z,-18.174997,147.42499,3.7790055248618786,28.92
1997-12-21T12:00:00Z,-18.174997,147.42499,3.8011049723756907,28.94
1997-12-22T12:00:00Z,-18.174997,147.42499,3.8232044198895028,28.81
1997-12-23T12:00:00Z,-18.174997,147.42499,3.845303867403315,28.8
1997-12-24T12:00:00Z,-18.174997,147.42499,3.867403314917127,28.76
1997-12-25T12:00:00Z,-18.174997,147.42499,3.889502762430939,28.69
1997-12-26T12:00:00Z,-18.174997,147.42499,3.911602209944751,28.66
1997-12-27T12:00:00Z,-18.174997,147.42499,3.9337016574585637,28.61
1997-12-28T12:00:00Z,-18.174997,147.42499,3.955801104972376,28.61
1997-12-29T12:00:00Z,-18.174997,147.42499,3.977900552486188,28.59
1997-12-30T12:00:00Z,-18.174997,147.42499,4.0,28.57
1997-12-31T12:00:00Z,-18.174997,147.42499,4.0220994475138125,28.54
1998-01-01T12:00:00Z,-18.174997,147.42499,4.0,28.49
1998-01-02T12:00:00Z,-18.174997,147.42499,3.977900552486188,28.47
1998-01-03T12:00:00Z,-18.174997,147.42499,3.955801104972376,28.46
1998-01-04T12:00:00Z,-18.174997,147.42499,3.9337016574585637,28.48
1998-01-05T12:00:00Z,-18.174997,147.42499,3.911602209944751,28.55
1998-01-06T12:00:00Z,-18.174997,147.42499,3.889502762430939,27.92
1998-01-07T12:00:00Z,-18.174997,147.42499,3.867403314917127,27.88
1998-01-08T12:00:00Z,-18.174997,147.42499,3.845303867403315,27.79
1998-01-09T12:00:00Z,-18.174997,147.42499,3.8232044198895028,27.73
1998-01-10T12:00:00Z,-18.174997,147.42499,3.8011049723756907,27.46
1998-01-11T12:00:00Z,-18.174997,147.42499,3.7790055248618786,27.46
1998-01-12T12:00:00Z,-18.174997,147.42499,3.7569060773480665,27.41
1998-01-13T12:00:00Z,-18.174997,147.42499,3.734806629834254,27.43
1998-01-14T12:00:00Z,-18.174997,147.42499,3.712707182320442,27.71
1998-01-15T12:00:00Z,-18.174997,147.42499,3.6906077348066297,27.8
1998-01-16T12:00:00Z,-18.174997,147.42499,3.6685082872928176,27.87
1998-01-17T12:00:00Z,-18.174997,147.42499,3.6464088397790055,27.86
1998-01-18T12:00:00Z,-18.174997,147.42499,3.6243093922651934,27.85
1998-01-19T12:00:00Z,-18.174997,147.42499,3.6022099447513813,28.04
1998-01-20T12:00:00Z,-18.174997,147.42499,3.5801104972375692,28.25
1998-01-21T12:00:00Z,-18.174997,147.42499,3.5580110497237567,28.13
1998-01-22T12:00:00Z,-18.174997,147.42499,3.5359116022099446,28.39
1998-01-23T12:00:00Z,-18.174997,147.42499,3.5138121546961325,28.64
1998-01-24T12:00:00Z,-18.174997,147.42499,3.4917127071823204,28.39
1998-01-25T12:00:00Z,-18.174997,147.42499,3.4696132596685083,28.54
1998-01-26T12:00:00Z,-18.174997,147.42499,3.447513812154696,28.56
1998-01-27T12:00:00Z,-18.174997,147.42499,3.425414364640884,28.61
1998-01-28T12:00:00Z,-18.174997,147.42499,3.403314917127072,28.66
1998-01-29T12:00:00Z,-18.174997,147.42499,3.3812154696132595,28.64
1998-01-30T12:00:00Z,-18.174997,147.42499,3.3591160220994474,29.27
1998-01-31T12:00:00Z,-18.174997,147.42499,3.3370165745856353,29.31
1998-02-01T12:00:00Z,-18.174997,147.42499,3.314917127071823,29.24
1998-02-02T12:00:00Z,-18.174997,147.42499,3.292817679558011,29.53
1998-02-03T12:00:00Z,-18.174997,147.42499,3.270718232044199,29.53
1998-02-04T12:00:00Z,-18.174997,147.42499,3.248618784530387,29.61
1998-02-05T12:00:00Z,-18.174997,147.42499,3.226519337016575,29.38
1998-02-06T12:00:00Z,-18.174997,147.42499,3.2044198895027622,29.26
1998-02-07T12:00:00Z,-18.174997,147.42499,3.18232044198895,29.27
1998-02-08T12:00:00Z,-18.174997,147.42499,3.160220994475138,29.12
1998-02-09T12:00:00Z,-18.174997,147.42499,3.138121546961326,29.11
1998-02-10T12:00:00Z,-18.174997,147.42499,3.116022099447514,29.1
1998-02-11T12:00:00Z,-18.174997,147.42499,3.0939226519337018,29.11
1998-02-12T12:00:00Z,-18.174997,147.42499,3.0718232044198897,29.19
1998-02-13T12:00:00Z,-18.174997,147.42499,3.0497237569060776,29.35
1998-02-14T12:00:00Z,-18.174997,147.42499,3.027624309392265,29.12
1998-02-15T12:00:00Z,-18.174997,147.42499,3.005524861878453,29.17
1998-02-16T12:00:00Z,-18.174997,147.42499,2.983425414364641,29.11
1998-02-17T12:00:00Z,-18.174997,147.42499,2.9613259668508287,28.99
1998-02-18T12:00:00Z,-18.174997,147.42499,2.9392265193370166,29.24
1998-02-19T12:00:00Z,-18.174997,147.42499,2.9171270718232045,29.02
1998-02-20T12:00:00Z,-18.174997,147.42499,2.8950276243093924,28.94
1998-02-21T12:00:00Z,-18.174997,147.42499,2.8729281767955803,29.02
1998-02-22T12:00:00Z,-18.174997,147.42499,2.850828729281768,29.18
1998-02-23T12:00:00Z,-18.174997,147.42499,2.8287292817679557,29.25
1998-02-24T12:00:00Z,-18.174997,147.42499,2.8066298342541436,28.97
1998-02-25T12:00:00Z,-18.174997,147.42499,2.7845303867403315,28.81
1998-02-26T12:00:00Z,-18.174997,147.42499,2.7624309392265194,28.7
1998-02-27T12:00:00Z,-18.174997,147.42499,2.7403314917127073,28.53
1998-02-28T12:00:00Z,-18.174997,147.42499,2.718232044198895,28.45
1998-03-01T12:00:00Z,-18.174997,147.42499,2.696132596685083,28.36
1998-03-02T12:00:00Z,-18.174997,147.42499,2.6740331491712706,28.37
1998-03-03T12:00:00Z,-18.174997,147.42499,2.6519337016574585,28.43
1998-03-04T12:00:00Z,-18.174997,147.42499,2.6298342541436464,28.55
1998-03-05T12:00:00Z,-18.174997,147.42499,2.6077348066298343,28.59
1998-03-06T12:00:00Z,-18.174997,147.42499,2.585635359116022,28.4
1998-03-07T12:00:00Z,-18.174997,147.42499,2.56353591160221,28.42
1998-03-08T12:00:00Z,-18.174997,147.42499,2.541436464088398,28.42
1998-03-09T12:00:00Z,-18.174997,147.42499,2.5193370165745854,28.57
1998-03-10T12:00:00Z,-18.174997,147.42499,2.4972375690607733,28.18
1998-03-11T12:00:00Z,-18.174997,147.42499,2.4751381215469612,27.86
1998-03-12T12:00:00Z,-18.174997,147.42499,2.453038674033149,28.14
1998-03-13T12:00:00Z,-18.174997,147.42499,2.430939226519337,28.21
1998-03-14T12:00:00Z,-18.174997,147.42499,2.408839779005525,28.2
1998-03-15T12:00:00Z,-18.174997,147.42499,2.386740331491713,28.27
1998-03-16T12:00:00Z,-18.174997,147.42499,2.3646408839779007,28.27
1998-03-17T12:00:00Z,-18.174997,147.42499,2.342541436464088,28.28
1998-03-18T12:00:00Z,-18.174997,147.42499,2.320441988950276,28.3
1998-03-19T12:00:00Z,-18.174997,147.42499,2.298342541436464,28.0
1998-03-20T12:00:00Z,-18.174997,147.42499,2.276243093922652,28.0
1998-03-21T12:00:00Z,-18.174997,147.42499,2.25414364640884,28.03
1998-03-22T12:00:00Z,-18.174997,147.42499,2.2320441988950277,27.93
1998-03-23T12:00:00Z,-18.174997,147.42499,2.2099447513812156,27.95
1998-03-24T12:00:00Z,-18.174997,147.42499,2.1878453038674035,27.89
1998-03-25T12:00:00Z,-18.174997,147.42499,2.165745856353591,28.18
1998-03-26T12:00:00Z,-18.174997,147.42499,2.143646408839779,28.16
1998-03-27T12:00:00Z,-18.174997,147.42499,2.1215469613259668,28.15
1998-03-28T12:00:00Z,-18.174997,147.42499,2.0994475138121547,28.19
1998-03-29T12:00:00Z,-18.174997,147.42499,2.0773480662983426,28.19
1998-03-30T12:00:00Z,-18.174997,147.42499,2.0552486187845305,28.17
1998-03-31T12:00:00Z,-18.174997,147.42499,2.0331491712707184,28.43
1998-04-01T12:00:00Z,-18.174997,147.42499,2.0110497237569063,28.42
1998-04-02T12:00:00Z,-18.174997,147.42499,1.988950276243094,28.49
1998-04-03T12:00:00Z,-18.174997,147.42499,1.9668508287292819,28.06
1998-04-04T12:00:00Z,-18.174997,147.42499,1.9447513812154695,28.05
1998-04-05T12:00:00Z,-18.174997,147.42499,1.9226519337016574,28.09
1998-04-06T12:00:00Z,-18.174997,147.42499,1.9005524861878453,28.29
1998-04-07T12:00:00Z,-18.174997,147.42499,1.8784530386740332,28.12
1998-04-08T12:00:00Z,-18.174997,147.42499,1.856353591160221,28.2
1998-04-09T12:00:00Z,-18.174997,147.42499,1.8342541436464088,28.15
1998-04-10T12:00:00Z,-18.174997,147.42499,1.8121546961325967,28.03
1998-04-11T12:00:00Z,-18.174997,147.42499,1.7900552486187846,28.01
1998-04-12T12:00:00Z,-18.174997,147.42499,1.7679558011049723,28.03
1998-04-13T12:00:00Z,-18.174997,147.42499,1.7458563535911602,28.22
1998-04-14T12:00:00Z,-18.174997,147.42499,1.723756906077348,28.19
1998-04-15T12:00:00Z,-18.174997,147.42499,1.701657458563536,28.16
1998-04-16T12:00:00Z,-18.174997,147.42499,1.6795580110497237,28.17
1998-04-17T12:00:00Z,-18.174997,147.42499,1.6574585635359116,28.25
1998-04-18T12:00:00Z,-18.174997,147.42499,1.6353591160220995,28.18
1998-04-19T12:00:00Z,-18.174997,147.42499,1.6132596685082874,27.5
1998-04-20T12:00:00Z,-18.174997,147.42499,1.591160220994475,27.36
1998-04-21T12:00:00Z,-18.174997,147.42499,1.569060773480663,27.35
1998-04-22T12:00:00Z,-18.174997,147.42499,1.5469613259668509,27.55
1998-04-23T12:00:00Z,-18.174997,147.42499,1.5248618784530388,27.48
1998-04-24T12:00:00Z,-18.174997,147.42499,1.5027624309392265,27.21
1998-04-25T12:00:00Z,-18.174997,147.42499,1.4806629834254144,27.68
1998-04-26T12:00:00Z,-18.174997,147.42499,1.4585635359116023,27.77
1998-04-27T12:00:00Z,-18.174997,147.42499,1.4364640883977902,27.83
1998-04-28T12:00:00Z,-18.174997,147.42499,1.4143646408839778,28.07
1998-04-29T12:00:00Z,-18.174997,147.42499,1.3922651933701657,27.99
1998-04-30T12:00:00Z,-18.174997,147.42499,1.3701657458563536,27.96
1998-05-01T12:00:00Z,-18.174997,147.42499,1.3480662983425415,27.81
1998-05-02T12:00:00Z,-18.174997,147.42499,1.3259668508287292,27.97
1998-05-03T12:00:00Z,-18.174997,147.42499,1.3038674033149171,27.91
1998-05-04T12:00:00Z,-18.174997,147.42499,1.281767955801105,27.9
1998-05-05T12:00:00Z,-18.174997,147.42499,1.2596685082872927,27.7
1998-05-06T12:00:00Z,-18.174997,147.42499,1.2375690607734806,27.48
1998-05-07T12:00:00Z,-18.174997,147.42499,1.2154696132596685,27.38
1998-05-08T12:00:00Z,-18.174997,147.42499,1.1933701657458564,27.37
1998-05-09T12:00:00Z,-18.174997,147.42499,1.171270718232044,27.29
1998-05-10T12:00:00Z,-18.174997,147.42499,1.149171270718232,27.2
1998-05-11T12:00:00Z,-18.174997,147.42499,1.12707182320442,27.27
1998-05-12T12:00:00Z,-18.174997,147.42499,1.1049723756906078,26.68
1998-05-13T12:00:00Z,-18.174997,147.42499,1.0828729281767955,26.47
1998-05-14T12:00:00Z,-18.174997,147.42499,1.0607734806629834,26.27
1998-05-15T12:00:00Z,-18.174997,147.42499,1.0386740331491713,26.23
1998-05-16T12:00:00Z,-18.174997,147.42499,1.0165745856353592,26.35
1998-05-17T12:00:00Z,-18.174997,147.42499,0.994475138121547,26.48
1998-05-18T12:00:00Z,-18.174997,147.42499,0.9723756906077348,27.11
1998-05-19T12:00:00Z,-18.174997,147.42499,0.9502762430939227,27.16
1998-05-20T12:00:00Z,-18.174997,147.42499,0.9281767955801105,27.18
1998-05-21T12:00:00Z,-18.174997,147.42499,0.9060773480662984,27.02
1998-05-22T12:00:00Z,-18.174997,147.42499,0.8839779005524862,27.02
1998-05-23T12:00:00Z,-18.174997,147.42499,0.861878453038674,26.95
1998-05-24T12:00:00Z,-18.174997,147.42499,0.8397790055248618,26.92
1998-05-25T12:00:00Z,-18.174997,147.42499,0.8176795580110497,26.88
1998-05-26T12:00:00Z,-18.174997,147.42499,0.7955801104972375,26.94
1998-05-27T12:00:00Z,-18.174997,147.42499,0.7734806629834254,26.67
1998-05-28T12:00:00Z,-18.174997,147.42499,0.7513812154696132,26.45
1998-05-29T12:00:00Z,-18.174997,147.42499,0.7292817679558011,26.29
1998-05-30T12:00:00Z,-18.174997,147.42499,0.7071823204419889,25.73
1998-05-31T12:00:00Z,-18.174997,147.42499,0.6850828729281768,25.92
1998-06-01T12:00:00Z,-18.174997,147.42499,0.6629834254143646,25.9
1998-06-02T12:00:00Z,-18.174997,147.42499,0.6408839779005525,26.0
1998-06-03T12:00:00Z,-18.174997,147.42499,0.6187845303867403,26.65
1998-06-04T12:00:00Z,-18.174997,147.42499,0.5966850828729282,27.31
1998-06-05T12:00:00Z,-18.174997,147.42499,0.574585635359116,27.98
1998-06-06T12:00:00Z,-18.174997,147.42499,0.5524861878453039,27.68
1998-06-07T12:00:00Z,-18.174997,147.42499,0.5303867403314917,27.51
1998-06-08T12:00:00Z,-18.174997,147.42499,0.5082872928176796,25.95
1998-06-09T12:00:00Z,-18.174997,147.42499,0.4861878453038674,26.02
1998-06-10T12:00:00Z,-18.174997,147.42499,0.46408839779005523,25.94
1998-06-11T12:00:00Z,-18.174997,147.42499,0.4419889502762431,25.9
1998-06-12T12:00:00Z,-18.174997,147.42499,0.4198895027624309,25.61
1998-06-13T12:00:00Z,-18.174997,147.42499,0.39779005524861877,25.77
1998-06-14T12:00:00Z,-18.174997,147.42499,0.3756906077348066,25.91
1998-06-15T12:00:00Z,-18.174997,147.42499,0.35359116022099446,25.99
1998-06-16T12:00:00Z,-18.174997,147.42499,0.3314917127071823,25.81
1998-06-17T12:00:00Z,-18.174997,147.42499,0.30939226519337015,25.14
1998-06-18T12:00:00Z,-18.174997,147.42499,0.287292817679558,25.12
1998-06-19T12:00:00Z,-18.174997,147.42499,0.26519337016574585,25.17
1998-06-20T12:00:00Z,-18.174997,147.42499,0.2430939226519337,25.26
1998-06-21T12:00:00Z,-18.174997,147.42499,0.22099447513812154,25.36
1998-06-22T12:00:00Z,-18.174997,147.42499,0.19889502762430938,25.36
1998-06-23T12:00:00Z,-18.174997,147.42499,0.17679558011049723,25.28
1998-06-24T12:00:00Z,-18.174997,147.42499,0.15469613259668508,25.22
1998-06-25T12:00:00Z,-18.174997,147.42499,0.13259668508287292,24.98
1998-06-26T12:00:00Z,-18.174997,147.42499,0.11049723756906077,24.93
1998-06-27T12:00:00Z,-18.174997,147.42499,0.08839779005524862,24.95
1998-06-28T12:00:00Z,-18.174997,147.42499,0.06629834254143646,24.7
1998-06-29T12:00:00Z,-18.174997,147.42499,0.04419889502762431,24.73
1998-06-30T12:00:00Z,-18.174997,147.42499,0.022099447513812154,25.18
1998-07-01T12:00:00Z,-18.174997,147.42499,0.0,25.51
1998-07-02T12:00:00Z,-18.174997,147.42499,0.0,25.43
1998-07-03T12:00:00Z,-18.174997,147.42499,0.022099447513812154,25.64
1998-07-04T12:00:00Z,-18.174997,147.42499,0.04419889502762431,25.47
1998-07-05T12:00:00Z,-18.174997,147.42499,0.06629834254143646,24.98
1998-07-06T12:00:00Z,-18.174997,147.42499,0.08839779005524862,24.82
1998-07-07T12:00:00Z,-18.174997,147.42499,0.11049723756906077,24.77
1998-07-08T12:00:00Z,-18.174997,147.42499,0.13259668508287292,24.71
1998-07-09T12:00:00Z,-18.174997,147.42499,0.15469613259668508,24.62
1998-07-10T12:00:00Z,-18.174997,147.42499,0.17679558011049723,24.59
1998-07-11T12:00:00Z,-18.174997,147.42499,0.19889502762430938,24.2
1998-07-12T12:00:00Z,-18.174997,147.42499,0.22099447513812154,24.3
1998-07-13T12:00:00Z,-18.174997,147.42499,0.2430939226519337,24.34
1998-07-14T12:00:00Z,-18.174997,147.42499,0.26519337016574585,24.84
1998-07-15T12:00:00Z,-18.174997,147.42499,0.287292817679558,24.74
1998-07-16T12:00:00Z,-18.174997,147.42499,0.30939226519337015,24.73
1998-07-17T12:00:00Z,-18.174997,147.42499,0.3314917127071823,24.52
1998-07-18T12:00:00Z,-18.174997,147.42499,0.35359116022099446,24.5
1998-07-19T12:00:00Z,-18.174997,147.42499,0.3756906077348066,24.59
1998-07-20T12:00:00Z,-18.174997,147.42499,0.39779005524861877,24.5
1998-07-21T12:00:00Z,-18.174997,147.42499,0.4198895027624309,24.61
1998-07-22T12:00:00Z,-18.174997,147.42499,0.4419889502762431,24.69
1998-07-23T12:00:00Z,-18.174997,147.42499,0.46408839779005523,24.73
1998-07-24T12:00:00Z,-18.174997,147.42499,0.4861878453038674,25.15
1998-07-25T12:00:00Z,-18.174997,147.42499,0.5082872928176796,25.35
1998-07-26T12:00:00Z,-18.174997,147.42499,0.5303867403314917,25.46
1998-07-27T12:00:00Z,-18.174997,147.42499,0.5524861878453039,25.62
1998-07-28T12:00:00Z,-18.174997,147.42499,0.574585635359116,25.56
1998-07-29T12:00:00Z,-18.174997,147.42499,0.5966850828729282,25.57
1998-07-30T12:00:00Z,-18.174997,147.42499,0.6187845303867403,24.7
1998-07-31T12:00:00Z,-18.174997,147.42499,0.6408839779005525,24.51
1998-08-01T12:00:00Z,-18.174997,147.42499,0.6629834254143646,24.49
1998-08-02T12:00:00Z,-18.174997,147.42499,0.6850828729281768,24.73
1998-08-03T12:00:00Z,-18.174997,147.42499,0.7071823204419889,24.67
1998-08-04T12:00:00Z,-18.174997,147.42499,0.7292817679558011,24.68
1998-08-05T12:00:00Z,-18.174997,147.42499,0.7513812154696132,24.85
1998-08-06T12:00:00Z,-18.174997,147.42499,0.7734806629834254,24.89
1998-08-07T12:00:00Z,-18.174997,147.42499,0.7955801104972375,24.83
1998-08-08T12:00:00Z,-18.174997,147.42499,0.8176795580110497,24.83
1998-08-09T12:00:00Z,-18.174997,147.42499,0.8397790055248618,24.82
1998-08-10T12:00:00Z,-18.174997,147.42499,0.861878453038674,24.76
1998-08-11T12:00:00Z,-18.174997,147.42499,0.8839779005524862,24.81
1998-08-12T12:00:00Z,-18.174997,147.42499,0.9060773480662984,24.85
1998-08-13T12:00:00Z,-18.174997,147.42499,0.9281767955801105,24.89
1998-08-14T12:00:00Z,-18.174997,147.42499,0.9502762430939227,24.95
1998-08-15T12:00:00Z,-18.174997,147.42499,0.9723756906077348,25.27
1998-08-16T12:00:00Z,-18.174997,147.42499,0.994475138121547,25.33
1998-08-17T12:00:00Z,-18.174997,147.42499,1.0165745856353592,25.37
1998-08-18T12:00:00Z,-18.174997,147.42499,1.0386740331491713,25.67
1998-08-19T12:00:00Z,-18.174997,147.42499,1.0607734806629834,25.73
1998-08-20T12:00:00Z,-18.174997,147.42499,1.0828729281767955,25.67
1998-08-21T12:00:00Z,-18.174997,147.42499,1.1049723756906078,25.47
1998-08-22T12:00:00Z,-18.174997,147.42499,1.12707182320442,25.39
1998-08-23T12:00:00Z,-18.174997,147.42499,1.149171270718232,25.62
1998-08-24T12:00:00Z,-18.174997,147.42499,1.171270718232044,25.6
1998-08-25T12:00:00Z,-18.174997,147.42499,1.1933701657458564,25.6
1998-08-26T12:00:00Z,-18.174997,147.42499,1.2154696132596685,25.31
1998-08-27T12:00:00Z,-18.174997,147.42499,1.2375690607734806,25.18
1998-08-28T12:00:00Z,-18.174997,147.42499,1.2596685082872927,25.31
1998-08-29T12:00:00Z,-18.174997,147.42499,1.281767955801105,25.37
1998-08-30T12:00:00Z,-18.174997,147.42499,1.3038674033149171,25.38
1998-08-31T12:00:00Z,-18.174997,147.42499,1.3259668508287292,25.55
1998-09-01T12:00:00Z,-18.174997,147.42499,1.3480662983425415,25.36
1998-09-02T12:00:00Z,-18.174997,147.42499,1.3701657458563536,25.34
1998-09-03T12:00:00Z,-18.174997,147.42499,1.3922651933701657,25.87
1998-09-04T12:00:00Z,-18.174997,147.42499,1.4143646408839778,25.94
1998-09-05T12:00:00Z,-18.174997,147.42499,1.4364640883977902,26.0
1998-09-06T12:00:00Z,-18.174997,147.42499,1.4585635359116023,25.76
1998-09-07T12:00:00Z,-18.174997,147.42499,1.4806629834254144,25.69
1998-09-08T12:00:00Z,-18.174997,147.42499,1.5027624309392265,25.7
1998-09-09T12:00:00Z,-18.174997,147.42499,1.5248618784530388,25.67
1998-09-10T12:00:00Z,-18.174997,147.42499,1.5469613259668509,25.71
1998-09-11T12:00:00Z,-18.174997,147.42499,1.569060773480663,26.18
1998-09-12T12:00:00Z,-18.174997,147.42499,1.591160220994475,26.34
1998-09-13T12:00:00Z,-18.174997,147.42499,1.6132596685082874,26.35
1998-09-14T12:00:00Z,-18.174997,147.42499,1.6353591160220995,26.39
1998-09-15T12:00:00Z,-18.174997,147.42499,1.6574585635359116,26.45
1998-09-16T12:00:00Z,-18.174997,147.42499,1.6795580110497237,26.47
1998-09-17T12:00:00Z,-18.174997,147.42499,1.701657458563536,26.45
1998-09-18T12:00:00Z,-18.174997,147.42499,1.723756906077348,26.34
1998-09-19T12:00:00Z,-18.174997,147.42499,1.7458563535911602,26.07
1998-09-20T12:00:00Z,-18.174997,147.42499,1.7679558011049723,25.96
1998-09-21T12:00:00Z,-18.174997,147.42499,1.7900552486187846,25.89
1998-09-22T12:00:00Z,-18.174997,147.42499,1.8121546961325967,26.15
1998-09-23T12:00:00Z,-18.174997,147.42499,1.8342541436464088,26.21
1998-09-24T12:00:00Z,-18.174997,147.42499,1.856353591160221,26.27
1998-09-25T12:00:00Z,-18.174997,147.42499,1.8784530386740332,26.0
1998-09-26T12:00:00Z,-18.174997,147.42499,1.9005524861878453,26.07
1998-09-27T12:00:00Z,-18.174997,147.42499,1.9226519337016574,26.07
1998-09-28T12:00:00Z,-18.174997,147.42499,1.9447513812154695,26.33
1998-09-29T12:00:00Z,-18.174997,147.42499,1.9668508287292819,26.18
1998-09-30T12:00:00Z,-18.174997,147.42499,1.988950276243094,26.21
1998-10-01T12:00:00Z,-18.174997,147.42499,2.0110497237569063,26.07
1998-10-02T12:00:00Z,-18.174997,147.42499,2.0331491712707184,26.13
1998-10-03T12:00:00Z,-18.174997,147.42499,2.0552486187845305,26.19
1998-10-04T12:00:00Z,-18.174997,147.42499,2.0773480662983426,26.2
1998-10-05T12:00:00Z,-18.174997,147.42499,2.0994475138121547,26.41
1998-10-06T12:00:00Z,-18.174997,147.42499,2.1215469613259668,26.4
1998-10-07T12:00:00Z,-18.174997,147.42499,2.143646408839779,26.41
1998-10-08T12:00:00Z,-18.174997,147.42499,2.165745856353591,26.52
1998-10-09T12:00:00Z,-18.174997,147.42499,2.1878453038674035,26.53
1998-10-10T12:00:00Z,-18.174997,147.42499,2.2099447513812156,26.43
1998-10-11T12:00:00Z,-18.174997,147.42499,2.2320441988950277,26.34
1998-10-12T12:00:00Z,-18.174997,147.42499,2.25414364640884,26.36
1998-10-13T12:00:00Z,-18.174997,147.42499,2.276243093922652,26.46
1998-10-14T12:00:00Z,-18.174997,147.42499,2.298342541436464,26.42
1998-10-15T12:00:00Z,-18.174997,147.42499,2.320441988950276,26.51
1998-10-16T12:00:00Z,-18.174997,147.42499,2.342541436464088,26.79
1998-10-17T12:00:00Z,-18.174997,147.42499,2.3646408839779007,26.84
1998-10-18T12:00:00Z,-18.174997,147.42499,2.386740331491713,26.94
1998-10-19T12:00:00Z,-18.174997,147.42499,2.408839779005525,27.04
1998-10-20T12:00:00Z,-18.174997,147.42499,2.430939226519337,27.06
1998-10-21T12:00:00Z,-18.174997,147.42499,2.453038674033149,27.24
1998-10-22T12:00:00Z,-18.174997,147.42499,2.4751381215469612,27.18
1998-10-23T12:00:00Z,-18.174997,147.42499,2.4972375690607733,26.95
1998-10-24T12:00:00Z,-18.174997,147.42499,2.5193370165745854,27.37
1998-10-25T12:00:00Z,-18.174997,147.42499,2.541436464088398,27.36
1998-10-26T12:00:00Z,-18.174997,147.42499,2.56353591160221,27.47
1998-10-27T12:00:00Z,-18.174997,147.42499,2.585635359116022,28.03
1998-10-28T12:00:00Z,-18.174997,147.42499,2.6077348066298343,28.01
1998-10-29T12:00:00Z,-18.174997,147.42499,2.6298342541436464,28.05
1998-10-30T12:00:00Z,-18.174997,147.42499,2.6519337016574585,27.6
1998-10-31T12:00:00Z,-18.174997,147.42499,2.6740331491712706,27.29
1998-11-01T12:00:00Z,-18.174997,147.42499,2.696132596685083,27.0
1998-11-02T12:00:00Z,-18.174997,147.42499,2.718232044198895,26.63
1998-11-03T12:00:00Z,-18.174997,147.42499,2.7403314917127073,27.08
1998-11-04T12:00:00Z,-18.174997,147.42499,2.7624309392265194,27.27
1998-11-05T12:00:00Z,-18.174997,147.42499,2.7845303867403315,27.28
1998-11-06T12:00:00Z,-18.174997,147.42499,2.8066298342541436,27.39
1998-11-07T12:00:00Z,-18.174997,147.42499,2.8287292817679557,27.4
1998-11-08T12:00:00Z,-18.174997,147.42499,2.850828729281768,27.43
1998-11-09T12:00:00Z,-18.174997,147.42499,2.8729281767955803,27.37
1998-11-10T12:00:00Z,-18.174997,147.42499,2.8950276243093924,27.46
1998-11-11T12:00:00Z,-18.174997,147.42499,2.9171270718232045,27.53
1998-11-12T12:00:00Z,-18.174997,147.42499,2.9392265193370166,27.68
1998-11-13T12:00:00Z,-18.174997,147.42499,2.9613259668508287,27.64
1998-11-14T12:00:00Z,-18.174997,147.42499,2.983425414364641,27.63
1998-11-15T12:00:00Z,-18.174997,147.42499,3.005524861878453,28.5
1998-11-16T12:00:00Z,-18.174997,147.42499,3.027624309392265,28.55
1998-11-17T12:00:00Z,-18.174997,147.42499,3.0497237569060776,28.56
1998-11-18T12:00:00Z,-18.174997,147.42499,3.0718232044198897,28.49
1998-11-19T12:00:00Z,-18.174997,147.42499,3.0939226519337018,28.38
1998-11-20T12:00:00Z,-18.174997,147.42499,3.116022099447514,28.13
1998-11-21T12:00:00Z,-18.174997,147.42499,3.138121546961326,28.11
1998-11-22T12:00:00Z,-18.174997,147.42499,3.160220994475138,28.56
1998-11-23T12:00:00Z,-18.174997,147.42499,3.18232044198895,28.59
1998-11-24T12:00:00Z,-18.174997,147.42499,3.2044198895027622,28.59
1998-11-25T12:00:00Z,-18.174997,147.42499,3.226519337016575,28.29
1998-11-26T12:00:00Z,-18.174997,147.42499,3.248618784530387,27.77
1998-11-27T12:00:00Z,-18.174997,147.42499,3.270718232044199,27.65
1998-11-28T12:00:00Z,-18.174997,147.42499,3.292817679558011,27.89
1998-11-29T12:00:00Z,-18.174997,147.42499,3.314917127071823,27.8
1998-11-30T12:00:00Z,-18.174997,147.42499,3.3370165745856353,29.4
1998-12-01T12:00:00Z,-18.174997,147.42499,3.3591160220994474,28.89
1998-12-02T12:00:00Z,-18.174997,147.42499,3.3812154696132595,28.88
1998-12-03T12:00:00Z,-18.174997,147.42499,3.403314917127072,28.71
1998-12-04T12:00:00Z,-18.174997,147.42499,3.425414364640884,28.6
1998-12-05T12:00:00Z,-18.174997,147.42499,3.447513812154696,29.51
1998-12-06T12:00:00Z,-18.174997,147.42499,3.4696132596685083,29.28
1998-12-07T12:00:00Z,-18.174997,147.42499,3.4917127071823204,28.9
1998-12-08T12:00:00Z,-18.174997,147.42499,3.5138121546961325,28.42
1998-12-09T12:00:00Z,-18.174997,147.42499,3.5359116022099446,27.97
1998-12-10T12:00:00Z,-18.174997,147.42499,3.5580110497237567,28.07
1998-12-11T12:00:00Z,-18.174997,147.42499,3.5801104972375692,27.98
1998-12-12T12:00:00Z,-18.174997,147.42499,3.6022099447513813,28.0
1998-12-13T12:00:00Z,-18.174997,147.42499,3.6243093922651934,27.9
1998-12-14T12:00:00Z,-18.174997,147.42499,3.6464088397790055,27.95
1998-12-15T12:00:00Z,-18.174997,147.42499,3.6685082872928176,27.98
1998-12-16T12:00:00Z,-18.174997,147.42499,3.6906077348066297,28.11
1998-12-17T12:00:00Z,-18.174997,147.42499,3.712707182320442,28.82
1998-12-18T12:00:00Z,-18.174997,147.42499,3.734806629834254,28.94
1998-12-19T12:00:00Z,-18.174997,147.42499,3.7569060773480665,28.95
1998-12-20T12:00:00Z,-18.174997,147.42499,3.7790055248618786,29.66
1998-12-21T12:00:00Z,-18.174997,147.42499,3.8011049723756907,29.62
1998-12-22T12:00:00Z,-18.174997,147.42499,3.8232044198895028,29.51
1998-12-23T12:00:00Z,-18.174997,147.42499,3.845303867403315,28.92
1998-12-24T12:00:00Z,-18.174997,147.42499,3.867403314917127,28.82
1998-12-25T12:00:00Z,-18.174997,147.42499,3.889502762430939,28.7
1998-12-26T12:00:00Z,-18.174997,147.42499,3.911602209944751,28.8
1998-12-27T12:00:00Z,-18.174997,147.42499,3.9337016574585637,28.54
1998-12-28T12:00:00Z,-18.174997,147.42499,3.955801104972376,28.58
1998-12-29T12:00:00Z,-18.174997,147.42499,3.977900552486188,28.68
1998-12-30T12:00:00Z,-18.174997,147.42499,4.0,28.65
1998-12-31T12:00:00Z,-18.174997,147.42499,4.0220994475138125,28.64
1999-01-01T12:00:00Z,-18.174997,147.42499,4.0,28.53
1999-01-02T12:00:00Z,-18.174997,147.42499,3.977900552486188,28.03
1999-01-03T12:00:00Z,-18.174997,147.42499,3.955801104972376,28.11
1999-01-04T12:00:00Z,-18.174997,147.42499,3.9337016574585637,28.24
1999-01-05T12:00:00Z,-18.174997,147.42499,3.911602209944751,29.18
1999-01-06T12:00:00Z,-18.174997,147.42499,3.889502762430939,29.24
1999-01-07T12:00:00Z,-18.174997,147.42499,3.867403314917127,29.25
1999-01-08T12:00:00Z,-18.174997,147.42499,3.845303867403315,29.27
1999-01-09T12:00:00Z,-18.174997,147.42499,3.8232044198895028,29.28
1999-01-10T12:00:00Z,-18.174997,147.42499,3.8011049723756907,28.52
1999-01-11T12:00:00Z,-18.174997,147.42499,3.7790055248618786,28.77
1999-01-12T12:00:00Z,-18.174997,147.42499,3.7569060773480665,29.28
1999-01-13T12:00:00Z,-18.174997,147.42499,3.734806629834254,29.66
1999-01-14T12:00:00Z,-18.174997,147.42499,3.712707182320442,29.79
1999-01-15T12:00:00Z,-18.174997,147.42499,3.6906077348066297,29.61
1999-01-16T12:00:00Z,-18.174997,147.42499,3.6685082872928176,29.42
1999-01-17T12:00:00Z,-18.174997,147.42499,3.6464088397790055,29.25
1999-01-18T12:00:00Z,-18.174997,147.42499,3.6243093922651934,28.91
1999-01-19T12:00:00Z,-18.174997,147.42499,3.6022099447513813,28.84
1999-01-20T12:00:00Z,-18.174997,147.42499,3.5801104972375692,28.83
1999-01-21T12:00:00Z,-18.174997,147.42499,3.5580110497237567,28.63
1999-01-22T12:00:00Z,-18.174997,147.42499,3.5359116022099446,28.02
1999-01-23T12:00:00Z,-18.174997,147.42499,3.5138121546961325,28.12
1999-01-24T12:00:00Z,-18.174997,147.42499,3.4917127071823204,28.09
1999-01-25T12:00:00Z,-18.174997,147.42499,3.4696132596685083,28.1
1999-01-26T12:00:00Z,-18.174997,147.42499,3.447513812154696,28.43
1999-01-27T12:00:00Z,-18.174997,147.42499,3.425414364640884,28.55
1999-01-28T12:00:00Z,-18.174997,147.42499,3.403314917127072,28.17
1999-01-29T12:00:00Z,-18.174997,147.42499,3.3812154696132595,28.15
1999-01-30T12:00:00Z,-18.174997,147.42499,3.3591160220994474,28.49
1999-01-31T12:00:00Z,-18.174997,147.42499,3.3370165745856353,28.73
1999-02-01T12:00:00Z,-18.174997,147.42499,3.314917127071823,28.7
1999-02-02T12:00:00Z,-18.174997,147.42499,3.292817679558011,28.47
1999-02-03T12:00:00Z,-18.174997,147.42499,3.270718232044199,28.69
1999-02-04T12:00:00Z,-18.174997,147.42499,3.248618784530387,28.76
1999-02-05T12:00:00Z,-18.174997,147.42499,3.226519337016575,28.81
1999-02-06T12:00:00Z,-18.174997,147.42499,3.2044198895027622,29.03
1999-02-07T12:00:00Z,-18.174997,147.42499,3.18232044198895,29.07
1999-02-08T12:00:00Z,-18.174997,147.42499,3.160220994475138,29.15
1999-02-09T12:00:00Z,-18.174997,147.42499,3.138121546961326,28.74
1999-02-10T12:00:00Z,-18.174997,147.42499,3.116022099447514,28.5
1999-02-11T12:00:00Z,-18.174997,147.42499,3.0939226519337018,28.49
1999-02-12T12:00:00Z,-18.174997,147.42499,3.0718232044198897,28.48
1999-02-13T12:00:00Z,-18.174997,147.42499,3.0497237569060776,28.5
1999-02-14T12:00:00Z,-18.174997,147.42499,3.027624309392265,28.45
1999-02-15T12:00:00Z,-18.174997,147.42499,3.005524861878453,28.43
1999-02-16T12:00:00Z,-18.174997,147.42499,2.983425414364641,28.14
1999-02-17T12:00:00Z,-18.174997,147.42499,2.9613259668508287,28.13
1999-02-18T12:00:00Z,-18.174997,147.42499,2.9392265193370166,28.34
1999-02-19T12:00:00Z,-18.174997,147.42499,2.9171270718232045,28.7
1999-02-20T12:00:00Z,-18.174997,147.42499,2.8950276243093924,28.78
1999-02-21T12:00:00Z,-18.174997,147.42499,2.8729281767955803,28.8
1999-02-22T12:00:00Z,-18.174997,147.42499,2.850828729281768,28.93
1999-02-23T12:00:00Z,-18.174997,147.42499,2.8287292817679557,28.96
1999-02-24T12:00:00Z,-18.174997,147.42499,2.8066298342541436,28.98
1999-02-25T12:00:00Z,-18.174997,147.42499,2.7845303867403315,29.07
1999-02-26T12:00:00Z,-18.174997,147.42499,2.7624309392265194,28.9
1999-02-27T12:00:00Z,-18.174997,147.42499,2.7403314917127073,28.48
1999-02-28T12:00:00Z,-18.174997,147.42499,2.718232044198895,28.54
1999-03-01T12:00:00Z,-18.174997,147.42499,2.696132596685083,28.53
1999-03-02T12:00:00Z,-18.174997,147.42499,2.6740331491712706,28.6
1999-03-03T12:00:00Z,-18.174997,147.42499,2.6519337016574585,28.72
1999-03-04T12:00:00Z,-18.174997,147.42499,2.6298342541436464,28.8
1999-03-05T12:00:00Z,-18.174997,147.42499,2.6077348066298343,28.52
1999-03-06T12:00:00Z,-18.174997,147.42499,2.585635359116022,28.29
1999-03-07T12:00:00Z,-18.174997,147.42499,2.56353591160221,28.34
1999-03-08T12:00:00Z,-18.174997,147.42499,2.541436464088398,28.42
1999-03-09T12:00:00Z,-18.174997,147.42499,2.5193370165745854,28.45
1999-03-10T12:00:00Z,-18.174997,147.42499,2.4972375690607733,28.35
1999-03-11T12:00:00Z,-18.174997,147.42499,2.4751381215469612,28.31
1999-03-12T12:00:00Z,-18.174997,147.42499,2.453038674033149,28.26
1999-03-13T12:00:00Z,-18.174997,147.42499,2.430939226519337,28.04
1999-03-14T12:00:00Z,-18.174997,147.42499,2.408839779005525,27.95
1999-03-15T12:00:00Z,-18.174997,147.42499,2.386740331491713,27.87
1999-03-16T12:00:00Z,-18.174997,147.42499,2.3646408839779007,27.81
1999-03-17T12:00:00Z,-18.174997,147.42499,2.342541436464088,27.75
1999-03-18T12:00:00Z,-18.174997,147.42499,2.320441988950276,27.74
1999-03-19T12:00:00Z,-18.174997,147.42499,2.298342541436464,27.73
1999-03-20T12:00:00Z,-18.174997,147.42499,2.276243093922652,27.78
1999-03-21T12:00:00Z,-18.174997,147.42499,2.25414364640884,27.63
1999-03-22T12:00:00Z,-18.174997,147.42499,2.2320441988950277,27.64
1999-03-23T12:00:00Z,-18.174997,147.42499,2.2099447513812156,27.84
1999-03-24T12:00:00Z,-18.174997,147.42499,2.1878453038674035,27.64
1999-03-25T12:00:00Z,-18.174997,147.42499,2.165745856353591,27.51
1999-03-26T12:00:00Z,-18.174997,147.42499,2.143646408839779,27.33
1999-03-27T12:00:00Z,-18.174997,147.42499,2.1215469613259668,27.27
1999-03-28T12:00:00Z,-18.174997,147.42499,2.0994475138121547,27.23
1999-03-29T12:00:00Z,-18.174997,147.42499,2.0773480662983426,27.67
1999-03-30T12:00:00Z,-18.174997,147.42499,2.0552486187845305,27.81
1999-03-31T12:00:00Z,-18.174997,147.42499,2.0331491712707184,27.87
1999-04-01T12:00:00Z,-18.174997,147.42499,2.0110497237569063,27.9
1999-04-02T12:00:00Z,-18.174997,147.42499,1.988950276243094,28.12
1999-04-03T12:00:00Z,-18.174997,147.42499,1.9668508287292819,28.18
1999-04-04T12:00:00Z,-18.174997,147.42499,1.9447513812154695,28.03
1999-04-05T12:00:00Z,-18.174997,147.42499,1.9226519337016574,27.93
1999-04-06T12:00:00Z,-18.174997,147.42499,1.9005524861878453,27.92
1999-04-07T12:00:00Z,-18.174997,147.42499,1.8784530386740332,27.9
1999-04-08T12:00:00Z,-18.174997,147.42499,1.856353591160221,27.47
1999-04-09T12:00:00Z,-18.174997,147.42499,1.8342541436464088,27.33
1999-04-10T12:00:00Z,-18.174997,147.42499,1.8121546961325967,27.25
1999-04-11T12:00:00Z,-18.174997,147.42499,1.7900552486187846,27.37
1999-04-12T12:00:00Z,-18.174997,147.42499,1.7679558011049723,27.35
1999-04-13T12:00:00Z,-18.174997,147.42499,1.7458563535911602,27.38
1999-04-14T12:00:00Z,-18.174997,147.42499,1.723756906077348,27.09
1999-04-15T12:00:00Z,-18.174997,147.42499,1.701657458563536,27.15
1999-04-16T12:00:00Z,-18.174997,147.42499,1.6795580110497237,27.16
1999-04-17T12:00:00Z,-18.174997,147.42499,1.6574585635359116,27.09
1999-04-18T12:00:00Z,-18.174997,147.42499,1.6353591160220995,27.01
1999-04-19T12:00:00Z,-18.174997,147.42499,1.6132596685082874,26.8
1999-04-20T12:00:00Z,-18.174997,147.42499,1.591160220994475,26.78
1999-04-21T12:00:00Z,-18.174997,147.42499,1.569060773480663,26.87
1999-04-22T12:00:00Z,-18.174997,147.42499,1.5469613259668509,26.74
1999-04-23T12:00:00Z,-18.174997,147.42499,1.5248618784530388,26.75
1999-04-24T12:00:00Z,-18.174997,147.42499,1.5027624309392265,26.45
1999-04-25T12:00:00Z,-18.174997,147.42499,1.4806629834254144,26.41
1999-04-26T12:00:00Z,-18.174997,147.42499,1.4585635359116023,25.86
1999-04-27T12:00:00Z,-18.174997,147.42499,1.4364640883977902,26.57
1999-04-28T12:00:00Z,-18.174997,147.42499,1.4143646408839778,26.56
1999-04-29T12:00:00Z,-18.174997,147.42499,1.3922651933701657,26.51
1999-04-30T12:00:00Z,-18.174997,147.42499,1.3701657458563536,26.41
1999-05-01T12:00:00Z,-18.174997,147.42499,1.3480662983425415,25.93
1999-05-02T12:00:00Z,-18.174997,147.42499,1.3259668508287292,26.04
1999-05-03T12:00:00Z,-18.174997,147.42499,1.3038674033149171,26.2
1999-05-04T12:00:00Z,-18.174997,147.42499,1.281767955801105,26.16
1999-05-05T12:00:00Z,-18.174997,147.42499,1.2596685082872927,26.09
1999-05-06T12:00:00Z,-18.174997,147.42499,1.2375690607734806,25.85
1999-05-07T12:00:00Z,-18.174997,147.42499,1.2154696132596685,25.77
1999-05-08T12:00:00Z,-18.174997,147.42499,1.1933701657458564,25.7
1999-05-09T12:00:00Z,-18.174997,147.42499,1.171270718232044,25.65
1999-05-10T12:00:00Z,-18.174997,147.42499,1.149171270718232,25.54
1999-05-11T12:00:00Z,-18.174997,147.42499,1.12707182320442,25.57
1999-05-12T12:00:00Z,-18.174997,147.42499,1.1049723756906078,25.23
1999-05-13T12:00:00Z,-18.174997,147.42499,1.0828729281767955,25.41
1999-05-14T12:00:00Z,-18.174997,147.42499,1.0607734806629834,25.7
1999-05-15T12:00:00Z,-18.174997,147.42499,1.0386740331491713,25.44
1999-05-16T12:00:00Z,-18.174997,147.42499,1.0165745856353592,25.36
1999-05-17T12:00:00Z,-18.174997,147.42499,0.994475138121547,25.36
1999-05-18T12:00:00Z,-18.174997,147.42499,0.9723756906077348,25.52
1999-05-19T12:00:00Z,-18.174997,147.42499,0.9502762430939227,25.72
1999-05-20T12:00:00Z,-18.174997,147.42499,0.9281767955801105,25.84
1999-05-21T12:00:00Z,-18.174997,147.42499,0.9060773480662984,25.87
1999-05-22T12:00:00Z,-18.174997,147.42499,0.8839779005524862,25.64
1999-05-23T12:00:00Z,-18.174997,147.42499,0.861878453038674,25.43
1999-05-24T12:00:00Z,-18.174997,147.42499,0.8397790055248618,25.33
1999-05-25T12:00:00Z,-18.174997,147.42499,0.8176795580110497,25.51
1999-05-26T12:00:00Z,-18.174997,147.42499,0.7955801104972375,25.56
1999-05-27T12:00:00Z,-18.174997,147.42499,0.7734806629834254,25.79
1999-05-28T12:00:00Z,-18.174997,147.42499,0.7513812154696132,25.78
1999-05-29T12:00:00Z,-18.174997,147.42499,0.7292817679558011,26.2
1999-05-30T12:00:00Z,-18.174997,147.42499,0.7071823204419889,25.89
1999-05-31T12:00:00Z,-18.174997,147.42499,0.6850828729281768,25.73
1999-06-01T12:00:00Z,-18.174997,147.42499,0.6629834254143646,25.74
1999-06-02T12:00:00Z,-18.174997,147.42499,0.6408839779005525,25.62
1999-06-03T12:00:00Z,-18.174997,147.42499,0.6187845303867403,25.43
1999-06-04T12:00:00Z,-18.174997,147.42499,0.5966850828729282,25.49
1999-06-05T12:00:00Z,-18.174997,147.42499,0.574585635359116,25.49
1999-06-06T12:00:00Z,-18.174997,147.42499,0.5524861878453039,25.55
1999-06-07T12:00:00Z,-18.174997,147.42499,0.5303867403314917,25.39
1999-06-08T12:00:00Z,-18.174997,147.42499,0.5082872928176796,25.19
1999-06-09T12:00:00Z,-18.174997,147.42499,0.4861878453038674,24.89
1999-06-10T12:00:00Z,-18.174997,147.42499,0.46408839779005523,25.41
1999-06-11T12:00:00Z,-18.174997,147.42499,0.4419889502762431,25.38
1999-06-12T12:00:00Z,-18.174997,147.42499,0.4198895027624309,25.31
1999-06-13T12:00:00Z,-18.174997,147.42499,0.39779005524861877,25.21
1999-06-14T12:00:00Z,-18.174997,147.42499,0.3756906077348066,25.37
1999-06-15T12:00:00Z,-18.174997,147.42499,0.35359116022099446,25.39
1999-06-16T12:00:00Z,-18.174997,147.42499,0.3314917127071823,25.6
1999-06-17T12:00:00Z,-18.174997,147.42499,0.30939226519337015,25.58
1999-06-18T12:00:00Z,-18.174997,147.42499,0.287292817679558,25.01
1999-06-19T12:00:00Z,-18.174997,147.42499,0.26519337016574585,24.73
1999-06-20T12:00:00Z,-18.174997,147.42499,0.2430939226519337,24.85
1999-06-21T12:00:00Z,-18.174997,147.42499,0.22099447513812154,24.92
1999-06-22T12:00:00Z,-18.174997,147.42499,0.19889502762430938,24.93
1999-06-23T12:00:00Z,-18.174997,147.42499,0.17679558011049723,24.87
1999-06-24T12:00:00Z,-18.174997,147.42499,0.15469613259668508,24.92
1999-06-25T12:00:00Z,-18.174997,147.42499,0.13259668508287292,24.94
1999-06-26T12:00:00Z,-18.174997,147.42499,0.11049723756906077,24.84
1999-06-27T12:00:00Z,-18.174997,147.42499,0.08839779005524862,24.75
1999-06-28T12:00:00Z,-18.174997,147.42499,0.06629834254143646,24.77
1999-06-29T12:00:00Z,-18.174997,147.42499,0.04419889502762431,24.71
1999-06-30T12:00:00Z,-18.174997,147.42499,0.022099447513812154,24.7
1999-07-01T12:00:00Z,-18.174997,147.42499,0.0,24.66
1999-07-02T12:00:00Z,-18.174997,147.42499,0.0,24.52
1999-07-03T12:00:00Z,-18.174997,147.42499,0.022099447513812154,24.59
1999-07-04T12:00:00Z,-18.174997,147.42499,0.04419889502762431,24.54
1999-07-05T12:00:00Z,-18.174997,147.42499,0.06629834254143646,24.44
1999-07-06T12:00:00Z,-18.174997,147.42499,0.08839779005524862,24.16
1999-07-07T12:00:00Z,-18.174997,147.42499,0.11049723756906077,24.13
1999-07-08T12:00:00Z,-18.174997,147.42499,0.13259668508287292,24.03
1999-07-09T12:00:00Z,-18.174997,147.42499,0.15469613259668508,24.1
1999-07-10T12:00:00Z,-18.174997,147.42499,0.17679558011049723,24.28
1999-07-11T12:00:00Z,-18.174997,147.42499,0.19889502762430938,24.43
1999-07-12T12:00:00Z,-18.174997,147.42499,0.22099447513812154,24.3
1999-07-13T12:00:00Z,-18.174997,147.42499,0.2430939226519337,24.2
1999-07-14T12:00:00Z,-18.174997,147.42499,0.26519337016574585,24.12
1999-07-15T12:00:00Z,-18.174997,147.42499,0.287292817679558,23.91
1999-07-16T12:00:00Z,-18.174997,147.42499,0.30939226519337015,23.92
1999-07-17T12:00:00Z,-18.174997,147.42499,0.3314917127071823,23.94
1999-07-18T12:00:00Z,-18.174997,147.42499,0.35359116022099446,24.08
1999-07-19T12:00:00Z,-18.174997,147.42499,0.3756906077348066,24.16
1999-07-20T12:00:00Z,-18.174997,147.42499,0.39779005524861877,24.21
1999-07-21T12:00:00Z,-18.174997,147.42499,0.4198895027624309,24.29
1999-07-22T12:00:00Z,-18.174997,147.42499,0.4419889502762431,24.29
1999-07-23T12:00:00Z,-18.174997,147.42499,0.46408839779005523,24.29
1999-07-24T12:00:00Z,-18.174997,147.42499,0.4861878453038674,23.86
1999-07-25T12:00:00Z,-18.174997,147.42499,0.5082872928176796,23.88
1999-07-26T12:00:00Z,-18.174997,147.42499,0.5303867403314917,23.99
1999-07-27T12:00:00Z,-18.174997,147.42499,0.5524861878453039,23.87
1999-07-28T12:00:00Z,-18.174997,147.42499,0.574585635359116,23.64
1999-07-29T12:00:00Z,-18.174997,147.42499,0.5966850828729282,23.63
1999-07-30T12:00:00Z,-18.174997,147.42499,0.6187845303867403,23.67
1999-07-31T12:00:00Z,-18.174997,147.42499,0.6408839779005525,23.73
1999-08-01T12:00:00Z,-18.174997,147.42499,0.6629834254143646,23.7
1999-08-02T12:00:00Z,-18.174997,147.42499,0.6850828729281768,23.66
1999-08-03T12:00:00Z,-18.174997,147.42499,0.7071823204419889,23.31
1999-08-04T12:00:00Z,-18.174997,147.42499,0.7292817679558011,23.28
1999-08-05T12:00:00Z,-18.174997,147.42499,0.7513812154696132,23.11
1999-08-06T12:00:00Z,-18.174997,147.42499,0.7734806629834254,23.05
1999-08-07T12:00:00Z,-18.174997,147.42499,0.7955801104972375,23.12
1999-08-08T12:00:00Z,-18.174997,147.42499,0.8176795580110497,23.13
1999-08-09T12:00:00Z,-18.174997,147.42499,0.8397790055248618,23.16
1999-08-10T12:00:00Z,-18.174997,147.42499,0.861878453038674,23.35
1999-08-11T12:00:00Z,-18.174997,147.42499,0.8839779005524862,23.39
1999-08-12T12:00:00Z,-18.174997,147.42499,0.9060773480662984,23.36
1999-08-13T12:00:00Z,-18.174997,147.42499,0.9281767955801105,23.34
1999-08-14T12:00:00Z,-18.174997,147.42499,0.9502762430939227,23.34
1999-08-15T12:00:00Z,-18.174997,147.42499,0.9723756906077348,23.36
1999-08-16T12:00:00Z,-18.174997,147.42499,0.994475138121547,23.21
1999-08-17T12:00:00Z,-18.174997,147.42499,1.0165745856353592,23.26
1999-08-18T12:00:00Z,-18.174997,147.42499,1.0386740331491713,23.27
1999-08-19T12:00:00Z,-18.174997,147.42499,1.0607734806629834,23.29
1999-08-20T12:00:00Z,-18.174997,147.42499,1.0828729281767955,23.27
1999-08-21T12:00:00Z,-18.174997,147.42499,1.1049723756906078,23.26
1999-08-22T12:00:00Z,-18.174997,147.42499,1.12707182320442,23.3
1999-08-23T12:00:00Z,-18.174997,147.42499,1.149171270718232,23.32
1999-08-24T12:00:00Z,-18.174997,147.42499,1.171270718232044,23.14
1999-08-25T12:00:00Z,-18.174997,147.42499,1.1933701657458564,22.99
1999-08-26T12:00:00Z,-18.174997,147.42499,1.2154696132596685,22.91
1999-08-27T12:00:00Z,-18.174997,147.42499,1.2375690607734806,22.93
1999-08-28T12:00:00Z,-18.174997,147.42499,1.2596685082872927,23.07
1999-08-29T12:00:00Z,-18.174997,147.42499,1.281767955801105,23.43
1999-08-30T12:00:00Z,-18.174997,147.42499,1.3038674033149171,23.44
1999-08-31T12:00:00Z,-18.174997,147.42499,1.3259668508287292,23.16
1999-09-01T12:00:00Z,-18.174997,147.42499,1.3480662983425415,23.21
1999-09-02T12:00:00Z,-18.174997,147.42499,1.3701657458563536,23.08
1999-09-03T12:00:00Z,-18.174997,147.42499,1.3922651933701657,23.18
1999-09-04T12:00:00Z,-18.174997,147.42499,1.4143646408839778,23.82
1999-09-05T12:00:00Z,-18.174997,147.42499,1.4364640883977902,23.92
1999-09-06T12:00:00Z,-18.174997,147.42499,1.4585635359116023,23.95
1999-09-07T12:00:00Z,-18.174997,147.42499,1.4806629834254144,23.95
1999-09-08T12:00:00Z,-18.174997,147.42499,1.5027624309392265,23.89
1999-09-09T12:00:00Z,-18.174997,147.42499,1.5248618784530388,23.91
1999-09-10T12:00:00Z,-18.174997,147.42499,1.5469613259668509,24.37
1999-09-11T12:00:00Z,-18.174997,147.42499,1.569060773480663,24.39
1999-09-12T12:00:00Z,-18.174997,147.42499,1.591160220994475,24.51
1999-09-13T12:00:00Z,-18.174997,147.42499,1.6132596685082874,24.33
1999-09-14T12:00:00Z,-18.174997,147.42499,1.6353591160220995,24.23
1999-09-15T12:00:00Z,-18.174997,147.42499,1.6574585635359116,23.76
1999-09-16T12:00:00Z,-18.174997,147.42499,1.6795580110497237,24.07
1999-09-17T12:00:00Z,-18.174997,147.42499,1.701657458563536,24.43
1999-09-18T12:00:00Z,-18.174997,147.42499,1.723756906077348,24.61
1999-09-19T12:00:00Z,-18.174997,147.42499,1.7458563535911602,24.64
1999-09-20T12:00:00Z,-18.174997,147.42499,1.7679558011049723,24.79
1999-09-21T12:00:00Z,-18.174997,147.42499,1.7900552486187846,24.6
1999-09-22T12:00:00Z,-18.174997,147.42499,1.8121546961325967,24.55
1999-09-23T12:00:00Z,-18.174997,147.42499,1.8342541436464088,24.51
1999-09-24T12:00:00Z,-18.174997,147.42499,1.856353591160221,24.54
1999-09-25T12:00:00Z,-18.174997,147.42499,1.8784530386740332,24.5
1999-09-26T12:00:00Z,-18.174997,147.42499,1.9005524861878453,24.34
1999-09-27T12:00:00Z,-18.174997,147.42499,1.9226519337016574,24.28
1999-09-28T12:00:00Z,-18.174997,147.42499,1.9447513812154695,24.28
1999-09-29T12:00:00Z,-18.174997,147.42499,1.9668508287292819,24.19
1999-09-30T12:00:00Z,-18.174997,147.42499,1.988950276243094,24.32
1999-10-01T12:00:00Z,-18.174997,147.42499,2.0110497237569063,24.33
1999-10-02T12:00:00Z,-18.174997,147.42499,2.0331491712707184,24.27
1999-10-03T12:00:00Z,-18.174997,147.42499,2.0552486187845305,24.65
1999-10-04T12:00:00Z,-18.174997,147.42499,2.0773480662983426,24.77
1999-10-05T12:00:00Z,-18.174997,147.42499,2.0994475138121547,24.75
1999-10-06T12:00:00Z,-18.174997,147.42499,2.1215469613259668,24.81
1999-10-07T12:00:00Z,-18.174997,147.42499,2.143646408839779,24.71
1999-10-08T12:00:00Z,-18.174997,147.42499,2.165745856353591,24.65
1999-10-09T12:00:00Z,-18.174997,147.42499,2.1878453038674035,24.64
1999-10-10T12:00:00Z,-18.174997,147.42499,2.2099447513812156,24.74
1999-10-11T12:00:00Z,-18.174997,147.42499,2.2320441988950277,24.74
1999-10-12T12:00:00Z,-18.174997,147.42499,2.25414364640884,25.07
1999-10-13T12:00:00Z,-18.174997,147.42499,2.276243093922652,25.11
1999-10-14T12:00:00Z,-18.174997,147.42499,2.298342541436464,25.23
1999-10-15T12:00:00Z,-18.174997,147.42499,2.320441988950276,25.2
1999-10-16T12:00:00Z,-18.174997,147.42499,2.342541436464088,25.15
1999-10-17T12:00:00Z,-18.174997,147.42499,2.3646408839779007,25.14
1999-10-18T12:00:00Z,-18.174997,147.42499,2.386740331491713,24.92
1999-10-19T12:00:00Z,-18.174997,147.42499,2.408839779005525,25.15
1999-10-20T12:00:00Z,-18.174997,147.42499,2.430939226519337,25.19
1999-10-21T12:00:00Z,-18.174997,147.42499,2.453038674033149,25.25
1999-10-22T12:00:00Z,-18.174997,147.42499,2.4751381215469612,25.13
1999-10-23T12:00:00Z,-18.174997,147.42499,2.4972375690607733,25.04
1999-10-24T12:00:00Z,-18.174997,147.42499,2.5193370165745854,25.39
1999-10-25T12:00:00Z,-18.174997,147.42499,2.541436464088398,26.28
1999-10-26T12:00:00Z,-18.174997,147.42499,2.56353591160221,26.36
1999-10-27T12:00:00Z,-18.174997,147.42499,2.585635359116022,26.5
1999-10-28T12:00:00Z,-18.174997,147.42499,2.6077348066298343,26.84
1999-10-29T12:00:00Z,-18.174997,147.42499,2.6298342541436464,26.89
1999-10-30T12:00:00Z,-18.174997,147.42499,2.6519337016574585,26.77
1999-10-31T12:00:00Z,-18.174997,147.42499,2.6740331491712706,26.6
1999-11-01T12:00:00Z,-18.174997,147.42499,2.696132596685083,26.32
1999-11-02T12:00:00Z,-18.174997,147.42499,2.718232044198895,26.55
1999-11-03T12:00:00Z,-18.174997,147.42499,2.7403314917127073,26.51
1999-11-04T12:00:00Z,-18.174997,147.42499,2.7624309392265194,26.47
1999-11-05T12:00:00Z,-18.174997,147.42499,2.7845303867403315,26.44
1999-11-06T12:00:00Z,-18.174997,147.42499,2.8066298342541436,26.39
1999-11-07T12:00:00Z,-18.174997,147.42499,2.8287292817679557,26.54
1999-11-08T12:00:00Z,-18.174997,147.42499,2.850828729281768,26.58
1999-11-09T12:00:00Z,-18.174997,147.42499,2.8729281767955803,27.62
1999-11-10T12:00:00Z,-18.174997,147.42499,2.8950276243093924,27.33
1999-11-11T12:00:00Z,-18.174997,147.42499,2.9171270718232045,27.26
1999-11-12T12:00:00Z,-18.174997,147.42499,2.9392265193370166,26.69
1999-11-13T12:00:00Z,-18.174997,147.42499,2.9613259668508287,26.69
1999-11-14T12:00:00Z,-18.174997,147.42499,2.983425414364641,26.72
1999-11-15T12:00:00Z,-18.174997,147.42499,3.005524861878453,26.7
1999-11-16T12:00:00Z,-18.174997,147.42499,3.027624309392265,26.53
1999-11-17T12:00:00Z,-18.174997,147.42499,3.0497237569060776,27.21
1999-11-18T12:00:00Z,-18.174997,147.42499,3.0718232044198897,26.83
1999-11-19T12:00:00Z,-18.174997,147.42499,3.0939226519337018,26.81
1999-11-20T12:00:00Z,-18.174997,147.42499,3.116022099447514,26.66
1999-11-21T12:00:00Z,-18.174997,147.42499,3.138121546961326,26.59
1999-11-22T12:00:00Z,-18.174997,147.42499,3.160220994475138,26.54
1999-11-23T12:00:00Z,-18.174997,147.42499,3.18232044198895,26.82
1999-11-24T12:00:00Z,-18.174997,147.42499,3.2044198895027622,26.69
1999-11-25T12:00:00Z,-18.174997,147.42499,3.226519337016575,26.63
1999-11-26T12:00:00Z,-18.174997,147.42499,3.248618784530387,26.46
1999-11-27T12:00:00Z,-18.174997,147.42499,3.270718232044199,26.58
1999-11-28T12:00:00Z,-18.174997,147.42499,3.292817679558011,26.59
1999-11-29T12:00:00Z,-18.174997,147.42499,3.314917127071823,26.22
1999-11-30T12:00:00Z,-18.174997,147.42499,3.3370165745856353,26.22
1999-12-01T12:00:00Z,-18.174997,147.42499,3.3591160220994474,26.27
1999-12-02T12:00:00Z,-18.174997,147.42499,3.3812154696132595,26.37
1999-12-03T12:00:00Z,-18.174997,147.42499,3.403314917127072,26.38
1999-12-04T12:00:00Z,-18.174997,147.42499,3.425414364640884,26.25
1999-12-05T12:00:00Z,-18.174997,147.42499,3.447513812154696,26.37
1999-12-06T12:00:00Z,-18.174997,147.42499,3.4696132596685083,26.4
1999-12-07T12:00:00Z,-18.174997,147.42499,3.4917127071823204,26.42
1999-12-08T12:00:00Z,-18.174997,147.42499,3.5138121546961325,26.51
1999-12-09T12:00:00Z,-18.174997,147.42499,3.5359116022099446,26.64
1999-12-10T12:00:00Z,-18.174997,147.42499,3.5580110497237567,26.72
1999-12-11T12:00:00Z,-18.174997,147.42499,3.5801104972375692,26.94
1999-12-12T12:00:00Z,-18.174997,147.42499,3.6022099447513813,26.85
1999-12-13T12:00:00Z,-18.174997,147.42499,3.6243093922651934,26.65
1999-12-14T12:00:00Z,-18.174997,147.42499,3.6464088397790055,26.65
1999-12-15T12:00:00Z,-18.174997,147.42499,3.6685082872928176,27.05
1999-12-16T12:00:00Z,-18.174997,147.42499,3.6906077348066297,27.16
1999-12-17T12:00:00Z,-18.174997,147.42499,3.712707182320442,27.2
1999-12-18T12:00:00Z,-18.174997,147.42499,3.734806629834254,27.25
1999-12-19T12:00:00Z,-18.174997,147.42499,3.7569060773480665,27.43
1999-12-20T12:00:00Z,-18.174997,147.42499,3.7790055248618786,27.07
1999-12-21T12:00:00Z,-18.174997,147.42499,3.8011049723756907,27.0
1999-12-22T12:00:00Z,-18.174997,147.42499,3.8232044198895028,27.02
1999-12-23T12:00:00Z,-18.174997,147.42499,3.845303867403315,27.09
1999-12-24T12:00:00Z,-18.174997,147.42499,3.867403314917127,27.14
1999-12-25T12:00:00Z,-18.174997,147.42499,3.889502762430939,27.21
1999-12-26T12:00:00Z,-18.174997,147.42499,3.911602209944751,27.28
1999-12-27T12:00:00Z,-18.174997,147.42499,3.9337016574585637,27.32
1999-12-28T12:00:00Z,-18.174997,147.42499,3.955801104972376,27.71
1999-12-29T12:00:00Z,-18.174997,147.42499,3.977900552486188,28.73
1999-12-30T12:00:00Z,-18.174997,147.42499,4.0,28.59
1999-12-31T12:00:00Z,-18.174997,147.42499,4.0220994475138125,28.59
2000-01-01T12:00:00Z,-18.174997,147.42499,4.0,28.54
2000-01-02T12:00:00Z,-18.174997,147.42499,3.977900552486188,28.32
2000-01-03T12:00:00Z,-18.174997,147.42499,3.955801104972376,28.33
2000-01-04T12:00:00Z,-18.174997,147.42499,3.9337016574585637,28.38
2000-01-05T12:00:00Z,-18.174997,147.42499,3.911602209944751,28.4
2000-01-06T12:00:00Z,-18.174997,147.42499,3.889502762430939,28.64
2000-01-07T12:00:00Z,-18.174997,147.42499,3.867403314917127,28.51
2000-01-08T12:00:00Z,-18.174997,147.42499,3.845303867403315,28.2
2000-01-09T12:00:00Z,-18.174997,147.42499,3.8232044198895028,28.06
2000-01-10T12:00:00Z,-18.174997,147.42499,3.8011049723756907,28.16
2000-01-11T12:00:00Z,-18.174997,147.42499,3.7790055248618786,28.14
2000-01-12T12:00:00Z,-18.174997,147.42499,3.7569060773480665,28.14
2000-01-13T12:00:00Z,-18.174997,147.42499,3.734806629834254,28.13
2000-01-14T12:00:00Z,-18.174997,147.42499,3.712707182320442,28.04
2000-01-15T12:00:00Z,-18.174997,147.42499,3.6906077348066297,27.99
2000-01-16T12:00:00Z,-18.174997,147.42499,3.6685082872928176,27.91
2000-01-17T12:00:00Z,-18.174997,147.42499,3.6464088397790055,27.86
2000-01-18T12:00:00Z,-18.174997,147.42499,3.6243093922651934,27.81
2000-01-19T12:00:00Z,-18.174997,147.42499,3.6022099447513813,28.36
2000-01-20T12:00:00Z,-18.174997,147.42499,3.5801104972375692,28.38
2000-01-21T12:00:00Z,-18.174997,147.42499,3.5580110497237567,28.48
2000-01-22T12:00:00Z,-18.174997,147.42499,3.5359116022099446,28.58
2000-01-23T12:00:00Z,-18.174997,147.42499,3.5138121546961325,28.57
2000-01-24T12:00:00Z,-18.174997,147.42499,3.4917127071823204,27.88
2000-01-25T12:00:00Z,-18.174997,147.42499,3.4696132596685083,28.08
2000-01-26T12:00:00Z,-18.174997,147.42499,3.447513812154696,28.17
2000-01-27T12:00:00Z,-18.174997,147.42499,3.425414364640884,28.3
2000-01-28T12:00:00Z,-18.174997,147.42499,3.403314917127072,28.21
2000-01-29T12:00:00Z,-18.174997,147.42499,3.3812154696132595,28.24
2000-01-30T12:00:00Z,-18.174997,147.42499,3.3591160220994474,28.26
2000-01-31T12:00:00Z,-18.174997,147.42499,3.3370165745856353,28.33
2000-02-01T12:00:00Z,-18.174997,147.42499,3.314917127071823,28.11
2000-02-02T12:00:00Z,-18.174997,147.42499,3.292817679558011,28.21
2000-02-03T12:00:00Z,-18.174997,147.42499,3.270718232044199,28.15
2000-02-04T12:00:00Z,-18.174997,147.42499,3.248618784530387,28.19
2000-02-05T12:00:00Z,-18.174997,147.42499,3.226519337016575,27.67
2000-02-06T12:00:00Z,-18.174997,147.42499,3.2044198895027622,27.7
2000-02-07T12:00:00Z,-18.174997,147.42499,3.18232044198895,27.75
2000-02-08T12:00:00Z,-18.174997,147.42499,3.160220994475138,27.74
2000-02-09T12:00:00Z,-18.174997,147.42499,3.138121546961326,27.83
2000-02-10T12:00:00Z,-18.174997,147.42499,3.116022099447514,27.5
2000-02-11T12:00:00Z,-18.174997,147.42499,3.0939226519337018,27.46
2000-02-12T12:00:00Z,-18.174997,147.42499,3.0718232044198897,27.81
2000-02-13T12:00:00Z,-18.174997,147.42499,3.0497237569060776,27.72
2000-02-14T12:00:00Z,-18.174997,147.42499,3.027624309392265,27.78
2000-02-15T12:00:00Z,-18.174997,147.42499,3.005524861878453,27.96
2000-02-16T12:00:00Z,-18.174997,147.42499,2.983425414364641,27.91
2000-02-17T12:00:00Z,-18.174997,147.42499,2.9613259668508287,28.07
2000-02-18T12:00:00Z,-18.174997,147.42499,2.9392265193370166,28.12
2000-02-19T12:00:00Z,-18.174997,147.42499,2.9171270718232045,28.15
2000-02-20T12:00:00Z,-18.174997,147.42499,2.8950276243093924,28.15
2000-02-21T12:00:00Z,-18.174997,147.42499,2.8729281767955803,28.27
2000-02-22T12:00:00Z,-18.174997,147.42499,2.850828729281768,28.22
2000-02-23T12:00:00Z,-18.174997,147.42499,2.8287292817679557,28.25
2000-02-24T12:00:00Z,-18.174997,147.42499,2.8066298342541436,28.14
2000-02-25T12:00:00Z,-18.174997,147.42499,2.7845303867403315,28.06
2000-02-26T12:00:00Z,-18.174997,147.42499,2.7624309392265194,27.97
2000-02-27T12:00:00Z,-18.174997,147.42499,2.7403314917127073,27.9
2000-02-28T12:00:00Z,-18.174997,147.42499,2.718232044198895,27.83
2000-02-29T12:00:00Z,-18.174997,147.42499,2.696132596685083,27.85
2000-03-01T12:00:00Z,-18.174997,147.42499,2.6740331491712706,27.88
2000-03-02T12:00:00Z,-18.174997,147.42499,2.6519337016574585,27.85
2000-03-03T12:00:00Z,-18.174997,147.42499,2.6298342541436464,27.63
2000-03-04T12:00:00Z,-18.174997,147.42499,2.6077348066298343,27.79
2000-03-05T12:00:00Z,-18.174997,147.42499,2.585635359116022,27.65
2000-03-06T12:00:00Z,-18.174997,147.42499,2.56353591160221,27.77
2000-03-07T12:00:00Z,-18.174997,147.42499,2.541436464088398,27.26
2000-03-08T12:00:00Z,-18.174997,147.42499,2.5193370165745854,26.95
2000-03-09T12:00:00Z,-18.174997,147.42499,2.4972375690607733,27.04
2000-03-10T12:00:00Z,-18.174997,147.42499,2.4751381215469612,27.2
2000-03-11T12:00:00Z,-18.174997,147.42499,2.453038674033149,27.27
2000-03-12T12:00:00Z,-18.174997,147.42499,2.430939226519337,27.31
2000-03-13T12:00:00Z,-18.174997,147.42499,2.408839779005525,27.42
2000-03-14T12:00:00Z,-18.174997,147.42499,2.386740331491713,27.34
2000-03-15T12:00:00Z,-18.174997,147.42499,2.3646408839779007,27.39
2000-03-16T12:00:00Z,-18.174997,147.42499,2.342541436464088,27.85
2000-03-17T12:00:00Z,-18.174997,147.42499,2.320441988950276,27.78
2000-03-18T12:00:00Z,-18.174997,147.42499,2.298342541436464,27.79
2000-03-19T12:00:00Z,-18.174997,147.42499,2.276243093922652,27.4
2000-03-20T12:00:00Z,-18.174997,147.42499,2.25414364640884,27.46
2000-03-21T12:00:00Z,-18.174997,147.42499,2.2320441988950277,27.59
2000-03-22T12:00:00Z,-18.174997,147.42499,2.2099447513812156,27.61
2000-03-23T12:00:00Z,-18.174997,147.42499,2.1878453038674035,27.42
2000-03-24T12:00:00Z,-18.174997,147.42499,2.165745856353591,27.11
2000-03-25T12:00:00Z,-18.174997,147.42499,2.143646408839779,27.26
2000-03-26T12:00:00Z,-18.174997,147.42499,2.1215469613259668,27.58
2000-03-27T12:00:00Z,-18.174997,147.42499,2.0994475138121547,27.4
2000-03-28T12:00:00Z,-18.174997,147.42499,2.0773480662983426,27.26
2000-03-29T12:00:00Z,-18.174997,147.42499,2.0552486187845305,27.3
2000-03-30T12:00:00Z,-18.174997,147.42499,2.0331491712707184,27.17
2000-03-31T12:00:00Z,-18.174997,147.42499,2.0110497237569063,27.18
2000-04-01T12:00:00Z,-18.174997,147.42499,1.988950276243094,27.05
2000-04-02T12:00:00Z,-18.174997,147.42499,1.9668508287292819,26.94
2000-04-03T12:00:00Z,-18.174997,147.42499,1.9447513812154695,26.88
2000-04-04T12:00:00Z,-18.174997,147.42499,1.9226519337016574,26.48
2000-04-05T12:00:00Z,-18.174997,147.42499,1.9005524861878453,26.44
2000-04-06T12:00:00Z,-18.174997,147.42499,1.8784530386740332,26.39
2000-04-07T12:00:00Z,-18.174997,147.42499,1.856353591160221,26.43
2000-04-08T12:00:00Z,-18.174997,147.42499,1.8342541436464088,26.52
2000-04-09T12:00:00Z,-18.174997,147.42499,1.8121546961325967,26.62
2000-04-10T12:00:00Z,-18.174997,147.42499,1.7900552486187846,26.85
2000-04-11T12:00:00Z,-18.174997,147.42499,1.7679558011049723,27.03
2000-04-12T12:00:00Z,-18.174997,147.42499,1.7458563535911602,27.23
2000-04-13T12:00:00Z,-18.174997,147.42499,1.723756906077348,26.71
2000-04-14T12:00:00Z,-18.174997,147.42499,1.701657458563536,26.92
2000-04-15T12:00:00Z,-18.174997,147.42499,1.6795580110497237,26.91
2000-04-16T12:00:00Z,-18.174997,147.42499,1.6574585635359116,26.98
2000-04-17T12:00:00Z,-18.174997,147.42499,1.6353591160220995,27.11
2000-04-18T12:00:00Z,-18.174997,147.42499,1.6132596685082874,27.18
2000-04-19T12:00:00Z,-18.174997,147.42499,1.591160220994475,27.17
2000-04-20T12:00:00Z,-18.174997,147.42499,1.569060773480663,26.9
2000-04-21T12:00:00Z,-18.174997,147.42499,1.5469613259668509,26.8
2000-04-22T12:00:00Z,-18.174997,147.42499,1.5248618784530388,26.88
2000-04-23T12:00:00Z,-18.174997,147.42499,1.5027624309392265,26.88
2000-04-24T12:00:00Z,-18.174997,147.42499,1.4806629834254144,26.78
2000-04-25T12:00:00Z,-18.174997,147.42499,1.4585635359116023,26.87
2000-04-26T12:00:00Z,-18.174997,147.42499,1.4364640883977902,26.9
2000-04-27T12:00:00Z,-18.174997,147.42499,1.4143646408839778,26.83
2000-04-28T12:00:00Z,-18.174997,147.42499,1.3922651933701657,26.82
2000-04-29T12:00:00Z,-18.174997,147.42499,1.3701657458563536,26.53
2000-04-30T12:00:00Z,-18.174997,147.42499,1.3480662983425415,26.39
2000-05-01T12:00:00Z,-18.174997,147.42499,1.3259668508287292,26.43
2000-05-02T12:00:00Z,-18.174997,147.42499,1.3038674033149171,26.49
2000-05-03T12:00:00Z,-18.174997,147.42499,1.281767955801105,26.4
2000-05-04T12:00:00Z,-18.174997,147.42499,1.2596685082872927,26.45
2000-05-05T12:00:00Z,-18.174997,147.42499,1.2375690607734806,26.43
2000-05-06T12:00:00Z,-18.174997,147.42499,1.2154696132596685,26.44
2000-05-07T12:00:00Z,-18.174997,147.42499,1.1933701657458564,26.44
2000-05-08T12:00:00Z,-18.174997,147.42499,1.171270718232044,26.15
2000-05-09T12:00:00Z,-18.174997,147.42499,1.149171270718232,26.33
2000-05-10T12:00:00Z,-18.174997,147.42499,1.12707182320442,26.37
2000-05-11T12:00:00Z,-18.174997,147.42499,1.1049723756906078,26.43
2000-05-12T12:00:00Z,-18.174997,147.42499,1.0828729281767955,26.3
2000-05-13T12:00:00Z,-18.174997,147.42499,1.0607734806629834,26.16
2000-05-14T12:00:00Z,-18.174997,147.42499,1.0386740331491713,26.18
2000-05-15T12:00:00Z,-18.174997,147.42499,1.0165745856353592,25.02
2000-05-16T12:00:00Z,-18.174997,147.42499,0.994475138121547,24.89
2000-05-17T12:00:00Z,-18.174997,147.42499,0.9723756906077348,24.83
2000-05-18T12:00:00Z,-18.174997,147.42499,0.9502762430939227,24.94
2000-05-19T12:00:00Z,-18.174997,147.42499,0.9281767955801105,24.95
2000-05-20T12:00:00Z,-18.174997,147.42499,0.9060773480662984,25.0
2000-05-21T12:00:00Z,-18.174997,147.42499,0.8839779005524862,25.07
2000-05-22T12:00:00Z,-18.174997,147.42499,0.861878453038674,25.09
2000-05-23T12:00:00Z,-18.174997,147.42499,0.8397790055248618,24.88
2000-05-24T12:00:00Z,-18.174997,147.42499,0.8176795580110497,25.38
2000-05-25T12:00:00Z,-18.174997,147.42499,0.7955801104972375,25.68
2000-05-26T12:00:00Z,-18.174997,147.42499,0.7734806629834254,25.77
2000-05-27T12:00:00Z,-18.174997,147.42499,0.7513812154696132,25.74
2000-05-28T12:00:00Z,-18.174997,147.42499,0.7292817679558011,25.55
2000-05-29T12:00:00Z,-18.174997,147.42499,0.7071823204419889,25.39
2000-05-30T12:00:00Z,-18.174997,147.42499,0.6850828729281768,25.49
2000-05-31T12:00:00Z,-18.174997,147.42499,0.6629834254143646,25.4
2000-06-01T12:00:00Z,-18.174997,147.42499,0.6408839779005525,25.01
2000-06-02T12:00:00Z,-18.174997,147.42499,0.6187845303867403,24.99
2000-06-03T12:00:00Z,-18.174997,147.42499,0.5966850828729282,25.02
2000-06-04T12:00:00Z,-18.174997,147.42499,0.574585635359116,24.87
2000-06-05T12:00:00Z,-18.174997,147.42499,0.5524861878453039,24.72
2000-06-06T12:00:00Z,-18.174997,147.42499,0.5303867403314917,24.5
2000-06-07T12:00:00Z,-18.174997,147.42499,0.5082872928176796,24.55
2000-06-08T12:00:00Z,-18.174997,147.42499,0.4861878453038674,24.54
2000-06-09T12:00:00Z,-18.174997,147.42499,0.46408839779005523,24.5
2000-06-10T12:00:00Z,-18.174997,147.42499,0.4419889502762431,23.84
2000-06-11T12:00:00Z,-18.174997,147.42499,0.4198895027624309,24.1
2000-06-12T12:00:00Z,-18.174997,147.42499,0.39779005524861877,24.28
2000-06-13T12:00:00Z,-18.174997,147.42499,0.3756906077348066,24.42
2000-06-14T12:00:00Z,-18.174997,147.42499,0.35359116022099446,24.32
2000-06-15T12:00:00Z,-18.174997,147.42499,0.3314917127071823,24.33
2000-06-16T12:00:00Z,-18.174997,147.42499,0.30939226519337015,24.31
2000-06-17T12:00:00Z,-18.174997,147.42499,0.287292817679558,24.3
2000-06-18T12:00:00Z,-18.174997,147.42499,0.26519337016574585,24.3
2000-06-19T12:00:00Z,-18.174997,147.42499,0.2430939226519337,23.57
2000-06-20T12:00:00Z,-18.174997,147.42499,0.22099447513812154,23.68
2000-06-21T12:00:00Z,-18.174997,147.42499,0.19889502762430938,23.63
2000-06-22T12:00:00Z,-18.174997,147.42499,0.17679558011049723,23.58
2000-06-23T12:00:00Z,-18.174997,147.42499,0.15469613259668508,24.02
2000-06-24T12:00:00Z,-18.174997,147.42499,0.13259668508287292,24.03
2000-06-25T12:00:00Z,-18.174997,147.42499,0.11049723756906077,24.0
2000-06-26T12:00:00Z,-18.174997,147.42499,0.08839779005524862,24.1
2000-06-27T12:00:00Z,-18.174997,147.42499,0.06629834254143646,24.09
2000-06-28T12:00:00Z,-18.174997,147.42499,0.04419889502762431,24.08
2000-06-29T12:00:00Z,-18.174997,147.42499,0.022099447513812154,24.07
2000-06-30T12:00:00Z,-18.174997,147.42499,0.0,24.14
2000-07-01T12:00:00Z,-18.174997,147.42499,-0.022099447513812154,24.14
2000-07-02T12:00:00Z,-18.174997,147.42499,0.0,23.55
2000-07-03T12:00:00Z,-18.174997,147.42499,0.022099447513812154,24.04
2000-07-04T12:00:00Z,-18.174997,147.42499,0.04419889502762431,23.9
2000-07-05T12:00:00Z,-18.174997,147.42499,0.06629834254143646,22.85
2000-07-06T12:00:00Z,-18.174997,147.42499,0.08839779005524862,23.47
2000-07-07T12:00:00Z,-18.174997,147.42499,0.11049723756906077,23.76
2000-07-08T12:00:00Z,-18.174997,147.42499,0.13259668508287292,23.79
2000-07-09T12:00:00Z,-18.174997,147.42499,0.15469613259668508,23.67
2000-07-10T12:00:00Z,-18.174997,147.42499,0.17679558011049723,23.71
2000-07-11T12:00:00Z,-18.174997,147.42499,0.19889502762430938,23.71
2000-07-12T12:00:00Z,-18.174997,147.42499,0.22099447513812154,23.68
2000-07-13T12:00:00Z,-18.174997,147.42499,0.2430939226519337,23.69
2000-07-14T12:00:00Z,-18.174997,147.42499,0.26519337016574585,23.7
2000-07-15T12:00:00Z,-18.174997,147.42499,0.287292817679558,23.74
2000-07-16T12:00:00Z,-18.174997,147.42499,0.30939226519337015,23.74
2000-07-17T12:00:00Z,-18.174997,147.42499,0.3314917127071823,23.7
2000-07-18T12:00:00Z,-18.174997,147.42499,0.35359116022099446,23.51
2000-07-19T12:00:00Z,-18.174997,147.42499,0.3756906077348066,23.59
2000-07-20T12:00:00Z,-18.174997,147.42499,0.39779005524861877,23.68
2000-07-21T12:00:00Z,-18.174997,147.42499,0.4198895027624309,23.7
2000-07-22T12:00:00Z,-18.174997,147.42499,0.4419889502762431,23.09
2000-07-23T12:00:00Z,-18.174997,147.42499,0.46408839779005523,23.2
2000-07-24T12:00:00Z,-18.174997,147.42499,0.4861878453038674,23.25
2000-07-25T12:00:00Z,-18.174997,147.42499,0.5082872928176796,23.45
2000-07-26T12:00:00Z,-18.174997,147.42499,0.5303867403314917,23.42
2000-07-27T12:00:00Z,-18.174997,147.42499,0.5524861878453039,23.45
2000-07-28T12:00:00Z,-18.174997,147.42499,0.574585635359116,23.11
2000-07-29T12:00:00Z,-18.174997,147.42499,0.5966850828729282,23.12
2000-07-30T12:00:00Z,-18.174997,147.42499,0.6187845303867403,23.11
2000-07-31T12:00:00Z,-18.174997,147.42499,0.6408839779005525,23.16
2000-08-01T12:00:00Z,-18.174997,147.42499,0.6629834254143646,23.19
2000-08-02T12:00:00Z,-18.174997,147.42499,0.6850828729281768,23.23
2000-08-03T12:00:00Z,-18.174997,147.42499,0.7071823204419889,23.16
2000-08-04T12:00:00Z,-18.174997,147.42499,0.7292817679558011,23.18
2000-08-05T12:00:00Z,-18.174997,147.42499,0.7513812154696132,23.13
2000-08-06T12:00:00Z,-18.174997,147.42499,0.7734806629834254,22.98
2000-08-07T12:00:00Z,-18.174997,147.42499,0.7955801104972375,22.81
2000-08-08T12:00:00Z,-18.174997,147.42499,0.8176795580110497,22.73
2000-08-09T12:00:00Z,-18.174997,147.42499,0.8397790055248618,22.59
2000-08-10T12:00:00Z,-18.174997,147.42499,0.861878453038674,22.68
2000-08-11T12:00:00Z,-18.174997,147.42499,0.8839779005524862,22.66
2000-08-12T12:00:00Z,-18.174997,147.42499,0.9060773480662984,22.94
2000-08-13T12:00:00Z,-18.174997,147.42499,0.9281767955801105,22.87
2000-08-14T12:00:00Z,-18.174997,147.42499,0.9502762430939227,22.75
2000-08-15T12:00:00Z,-18.174997,147.42499,0.9723756906077348,22.62
2000-08-16T12:00:00Z,-18.174997,147.42499,0.994475138121547,22.92
2000-08-17T12:00:00Z,-18.174997,147.42499,1.0165745856353592,22.98
2000-08-18T12:00:00Z,-18.174997,147.42499,1.0386740331491713,22.87
2000-08-19T12:00:00Z,-18.174997,147.42499,1.0607734806629834,23.15
2000-08-20T12:00:00Z,-18.174997,147.42499,1.0828729281767955,23.02
2000-08-21T12:00:00Z,-18.174997,147.42499,1.1049723756906078,23.06
2000-08-22T12:00:00Z,-18.174997,147.42499,1.12707182320442,22.89
2000-08-23T12:00:00Z,-18.174997,147.42499,1.149171270718232,23.2
2000-08-24T12:00:00Z,-18.174997,147.42499,1.171270718232044,23.21
2000-08-25T12:00:00Z,-18.174997,147.42499,1.1933701657458564,22.95
2000-08-26T12:00:00Z,-18.174997,147.42499,1.2154696132596685,23.02
2000-08-27T12:00:00Z,-18.174997,147.42499,1.2375690607734806,23.26
2000-08-28T12:00:00Z,-18.174997,147.42499,1.2596685082872927,23.46
2000-08-29T12:00:00Z,-18.174997,147.42499,1.281767955801105,23.9
2000-08-30T12:00:00Z,-18.174997,147.42499,1.3038674033149171,23.95
2000-08-31T12:00:00Z,-18.174997,147.42499,1.3259668508287292,23.74
2000-09-01T12:00:00Z,-18.174997,147.42499,1.3480662983425415,23.56
2000-09-02T12:00:00Z,-18.174997,147.42499,1.3701657458563536,23.81
2000-09-03T12:00:00Z,-18.174997,147.42499,1.3922651933701657,23.49
2000-09-04T12:00:00Z,-18.174997,147.42499,1.4143646408839778,23.29
2000-09-05T12:00:00Z,-18.174997,147.42499,1.4364640883977902,23.45
2000-09-06T12:00:00Z,-18.174997,147.42499,1.4585635359116023,23.62
2000-09-07T12:00:00Z,-18.174997,147.42499,1.4806629834254144,24.12
2000-09-08T12:00:00Z,-18.174997,147.42499,1.5027624309392265,24.21
2000-09-09T12:00:00Z,-18.174997,147.42499,1.5248618784530388,24.24
2000-09-10T12:00:00Z,-18.174997,147.42499,1.5469613259668509,24.46
2000-09-11T12:00:00Z,-18.174997,147.42499,1.569060773480663,24.78
2000-09-12T12:00:00Z,-18.174997,147.42499,1.591160220994475,24.7
2000-09-13T12:00:00Z,-18.174997,147.42499,1.6132596685082874,24.29
2000-09-14T12:00:00Z,-18.174997,147.42499,1.6353591160220995,24.41
2000-09-15T12:00:00Z,-18.174997,147.42499,1.6574585635359116,24.77
2000-09-16T12:00:00Z,-18.174997,147.42499,1.6795580110497237,24.77
2000-09-17T12:00:00Z,-18.174997,147.42499,1.701657458563536,24.64
2000-09-18T12:00:00Z,-18.174997,147.42499,1.723756906077348,24.4
2000-09-19T12:00:00Z,-18.174997,147.42499,1.7458563535911602,24.35
2000-09-20T12:00:00Z,-18.174997,147.42499,1.7679558011049723,24.49
2000-09-21T12:00:00Z,-18.174997,147.42499,1.7900552486187846,24.39
2000-09-22T12:00:00Z,-18.174997,147.42499,1.8121546961325967,24.28
2000-09-23T12:00:00Z,-18.174997,147.42499,1.8342541436464088,24.15
2000-09-24T12:00:00Z,-18.174997,147.42499,1.856353591160221,24.07
2000-09-25T12:00:00Z,-18.174997,147.42499,1.8784530386740332,24.02
2000-09-26T12:00:00Z,-18.174997,147.42499,1.9005524861878453,24.05
2000-09-27T12:00:00Z,-18.174997,147.42499,1.9226519337016574,24.06
2000-09-28T12:00:00Z,-18.174997,147.42499,1.9447513812154695,24.07
2000-09-29T12:00:00Z,-18.174997,147.42499,1.9668508287292819,24.27
2000-09-30T12:00:00Z,-18.174997,147.42499,1.988950276243094,24.6
2000-10-01T12:00:00Z,-18.174997,147.42499,2.0110497237569063,24.64
2000-10-02T12:00:00Z,-18.174997,147.42499,2.0331491712707184,24.92
2000-10-03T12:00:00Z,-18.174997,147.42499,2.0552486187845305,24.67
2000-10-04T12:00:00Z,-18.174997,147.42499,2.0773480662983426,24.84
2000-10-05T12:00:00Z,-18.174997,147.42499,2.0994475138121547,24.58
2000-10-06T12:00:00Z,-18.174997,147.42499,2.1215469613259668,24.73
2000-10-07T12:00:00Z,-18.174997,147.42499,2.143646408839779,24.59
2000-10-08T12:00:00Z,-18.174997,147.42499,2.165745856353591,24.98
2000-10-09T12:00:00Z,-18.174997,147.42499,2.1878453038674035,25.14
2000-10-10T12:00:00Z,-18.174997,147.42499,2.2099447513812156,25.43
2000-10-11T12:00:00Z,-18.174997,147.42499,2.2320441988950277,25.51
2000-10-12T12:00:00Z,-18.174997,147.42499,2.25414364640884,25.74
2000-10-13T12:00:00Z,-18.174997,147.42499,2.276243093922652,25.79
2000-10-14T12:00:00Z,-18.174997,147.42499,2.298342541436464,25.78
2000-10-15T12:00:00Z,-18.174997,147.42499,2.320441988950276,25.99
2000-10-16T12:00:00Z,-18.174997,147.42499,2.342541436464088,25.94
2000-10-17T12:00:00Z,-18.174997,147.42499,2.3646408839779007,25.8
2000-10-18T12:00:00Z,-18.174997,147.42499,2.386740331491713,25.82
2000-10-19T12:00:00Z,-18.174997,147.42499,2.408839779005525,25.75
2000-10-20T12:00:00Z,-18.174997,147.42499,2.430939226519337,25.82
2000-10-21T12:00:00Z,-18.174997,147.42499,2.453038674033149,25.88
2000-10-22T12:00:00Z,-18.174997,147.42499,2.4751381215469612,25.71
2000-10-23T12:00:00Z,-18.174997,147.42499,2.4972375690607733,25.78
2000-10-24T12:00:00Z,-18.174997,147.42499,2.5193370165745854,25.81
2000-10-25T12:00:00Z,-18.174997,147.42499,2.541436464088398,26.46
2000-10-26T12:00:00Z,-18.174997,147.42499,2.56353591160221,26.48
2000-10-27T12:00:00Z,-18.174997,147.42499,2.585635359116022,26.47
2000-10-28T12:00:00Z,-18.174997,147.42499,2.6077348066298343,26.29
2000-10-29T12:00:00Z,-18.174997,147.42499,2.6298342541436464,26.03
2000-10-30T12:00:00Z,-18.174997,147.42499,2.6519337016574585,26.16
2000-10-31T12:00:00Z,-18.174997,147.42499,2.6740331491712706,26.47
2000-11-01T12:00:00Z,-18.174997,147.42499,2.696132596685083,26.54
2000-11-02T12:00:00Z,-18.174997,147.42499,2.718232044198895,26.68
2000-11-03T12:00:00Z,-18.174997,147.42499,2.7403314917127073,26.99
2000-11-04T12:00:00Z,-18.174997,147.42499,2.7624309392265194,26.86
2000-11-05T12:00:00Z,-18.174997,147.42499,2.7845303867403315,26.85
2000-11-06T12:00:00Z,-18.174997,147.42499,2.8066298342541436,26.87
2000-11-07T12:00:00Z,-18.174997,147.42499,2.8287292817679557,26.99
2000-11-08T12:00:00Z,-18.174997,147.42499,2.850828729281768,27.04
2000-11-09T12:00:00Z,-18.174997,147.42499,2.8729281767955803,27.06
2000-11-10T12:00:00Z,-18.174997,147.42499,2.8950276243093924,27.03
2000-11-11T12:00:00Z,-18.174997,147.42499,2.9171270718232045,26.96
2000-11-12T12:00:00Z,-18.174997,147.42499,2.9392265193370166,26.99
2000-11-13T12:00:00Z,-18.174997,147.42499,2.9613259668508287,27.27
2000-11-14T12:00:00Z,-18.174997,147.42499,2.983425414364641,27.28
2000-11-15T12:00:00Z,-18.174997,147.42499,3.005524861878453,27.28
2000-11-16T12:00:00Z,-18.174997,147.42499,3.027624309392265,27.24
2000-11-17T12:00:00Z,-18.174997,147.42499,3.0497237569060776,27.21
2000-11-18T12:00:00Z,-18.174997,147.42499,3.0718232044198897,27.19
2000-11-19T12:00:00Z,-18.174997,147.42499,3.0939226519337018,27.36
2000-11-20T12:00:00Z,-18.174997,147.42499,3.116022099447514,28.05
2000-11-21T12:00:00Z,-18.174997,147.42499,3.138121546961326,27.93
2000-11-22T12:00:00Z,-18.174997,147.42499,3.160220994475138,27.88
2000-11-23T12:00:00Z,-18.174997,147.42499,3.18232044198895,27.82
2000-11-24T12:00:00Z,-18.174997,147.42499,3.2044198895027622,27.82
2000-11-25T12:00:00Z,-18.174997,147.42499,3.226519337016575,27.82
2000-11-26T12:00:00Z,-18.174997,147.42499,3.248618784530387,27.64
2000-11-27T12:00:00Z,-18.174997,147.42499,3.270718232044199,27.32
2000-11-28T12:00:00Z,-18.174997,147.42499,3.292817679558011,26.91
2000-11-29T12:00:00Z,-18.174997,147.42499,3.314917127071823,27.2
2000-11-30T12:00:00Z,-18.174997,147.42499,3.3370165745856353,27.26
2000-12-01T12:00:00Z,-18.174997,147.42499,3.3591160220994474,27.44
2000-12-02T12:00:00Z,-18.174997,147.42499,3.3812154696132595,27.37
2000-12-03T12:00:00Z,-18.174997,147.42499,3.403314917127072,27.32
2000-12-04T12:00:00Z,-18.174997,147.42499,3.425414364640884,27.37
2000-12-05T12:00:00Z,-18.174997,147.42499,3.447513812154696,27.32
2000-12-06T12:00:00Z,-18.174997,147.42499,3.4696132596685083,26.71
2000-12-07T12:00:00Z,-18.174997,147.42499,3.4917127071823204,26.59
2000-12-08T12:00:00Z,-18.174997,147.42499,3.5138121546961325,26.4
2000-12-09T12:00:00Z,-18.174997,147.42499,3.5359116022099446,26.47
2000-12-10T12:00:00Z,-18.174997,147.42499,3.5580110497237567,26.66
2000-12-11T12:00:00Z,-18.174997,147.42499,3.5801104972375692,26.8
2000-12-12T12:00:00Z,-18.174997,147.42499,3.6022099447513813,26.94
2000-12-13T12:00:00Z,-18.174997,147.42499,3.6243093922651934,27.17
2000-12-14T12:00:00Z,-18.174997,147.42499,3.6464088397790055,27.41
2000-12-15T12:00:00Z,-18.174997,147.42499,3.6685082872928176,27.62
2000-12-16T12:00:00Z,-18.174997,147.42499,3.6906077348066297,27.66
2000-12-17T12:00:00Z,-18.174997,147.42499,3.712707182320442,27.73
2000-12-18T12:00:00Z,-18.174997,147.42499,3.734806629834254,27.09
2000-12-19T12:00:00Z,-18.174997,147.42499,3.7569060773480665,27.01
2000-12-20T12:00:00Z,-18.174997,147.42499,3.7790055248618786,27.31
2000-12-21T12:00:00Z,-18.174997,147.42499,3.8011049723756907,27.46
2000-12-22T12:00:00Z,-18.174997,147.42499,3.8232044198895028,27.48
2000-12-23T12:00:00Z,-18.174997,147.42499,3.845303867403315,27.47
2000-12-24T12:00:00Z,-18.174997,147.42499,3.867403314917127,27.72
2000-12-25T12:00:00Z,-18.174997,147.42499,3.889502762430939,27.76
2000-12-26T12:00:00Z,-18.174997,147.42499,3.911602209944751,27.75
2000-12-27T12:00:00Z,-18.174997,147.42499,3.9337016574585637,27.57
2000-12-28T12:00:00Z,-18.174997,147.42499,3.955801104972376,27.58
2000-12-29T12:00:00Z,-18.174997,147.42499,3.977900552486188,27.58
2000-12-30T12:00:00Z,-18.174997,147.42499,4.0,27.48
2000-12-31T12:00:00Z,-18.174997,147.42499,4.0220994475138125,27.61
2001-01-01T12:00:00Z,-18.174997,147.42499,4.0,27.64
2001-01-02T12:00:00Z,-18.174997,147.42499,3.977900552486188,27.75
2001-01-03T12:00:00Z,-18.174997,147.42499,3.955801104972376,27.45
2001-01-04T12:00:00Z,-18.174997,147.42499,3.9337016574585637,27.42
2001-01-05T12:00:00Z,-18.174997,147.42499,3.911602209944751,27.44
2001-01-06T12:00:00Z,-18.174997,147.42499,3.889502762430939,27.29
2001-01-07T12:00:00Z,-18.174997,147.42499,3.867403314917127,27.34
2001-01-08T12:00:00Z,-18.174997,147.42499,3.845303867403315,27.36
2001-01-09T12:00:00Z,-18.174997,147.42499,3.8232044198895028,27.42
2001-01-10T12:00:00Z,-18.174997,147.42499,3.8011049723756907,27.4
2001-01-11T12:00:00Z,-18.174997,147.42499,3.7790055248618786,27.5
2001-01-12T12:00:00Z,-18.174997,147.42499,3.7569060773480665,27.53
2001-01-13T12:00:00Z,-18.174997,147.42499,3.734806629834254,27.61
2001-01-14T12:00:00Z,-18.174997,147.42499,3.712707182320442,27.59
2001-01-15T12:00:00Z,-18.174997,147.42499,3.6906077348066297,28.05
2001-01-16T12:00:00Z,-18.174997,147.42499,3.6685082872928176,27.73
2001-01-17T12:00:00Z,-18.174997,147.42499,3.6464088397790055,27.61
2001-01-18T12:00:00Z,-18.174997,147.42499,3.6243093922651934,27.85
2001-01-19T12:00:00Z,-18.174997,147.42499,3.6022099447513813,28.11
2001-01-20T12:00:00Z,-18.174997,147.42499,3.5801104972375692,28.6
2001-01-21T12:00:00Z,-18.174997,147.42499,3.5580110497237567,28.46
2001-01-22T12:00:00Z,-18.174997,147.42499,3.5359116022099446,28.33
2001-01-23T12:00:00Z,-18.174997,147.42499,3.5138121546961325,28.29
2001-01-24T12:00:00Z,-18.174997,147.42499,3.4917127071823204,28.59
2001-01-25T12:00:00Z,-18.174997,147.42499,3.4696132596685083,28.83
2001-01-26T12:00:00Z,-18.174997,147.42499,3.447513812154696,27.92
2001-01-27T12:00:00Z,-18.174997,147.42499,3.425414364640884,28.51
2001-01-28T12:00:00Z,-18.174997,147.42499,3.403314917127072,29.92
2001-01-29T12:00:00Z,-18.174997,147.42499,3.3812154696132595,29.97
2001-01-30T12:00:00Z,-18.174997,147.42499,3.3591160220994474,29.88
2001-01-31T12:00:00Z,-18.174997,147.42499,3.3370165745856353,28.9
2001-02-01T12:00:00Z,-18.174997,147.42499,3.314917127071823,29.04
2001-02-02T12:00:00Z,-18.174997,147.42499,3.292817679558011,29.02
2001-02-03T12:00:00Z,-18.174997,147.42499,3.270718232044199,28.94
2001-02-04T12:00:00Z,-18.174997,147.42499,3.248618784530387,28.76
2001-02-05T12:00:00Z,-18.174997,147.42499,3.226519337016575,29.74
2001-02-06T12:00:00Z,-18.174997,147.42499,3.2044198895027622,29.82
2001-02-07T12:00:00Z,-18.174997,147.42499,3.18232044198895,29.91
2001-02-08T12:00:00Z,-18.174997,147.42499,3.160220994475138,29.59
2001-02-09T12:00:00Z,-18.174997,147.42499,3.138121546961326,29.31
2001-02-10T12:00:00Z,-18.174997,147.42499,3.116022099447514,29.16
2001-02-11T12:00:00Z,-18.174997,147.42499,3.0939226519337018,29.01
2001-02-12T12:00:00Z,-18.174997,147.42499,3.0718232044198897,28.99
2001-02-13T12:00:00Z,-18.174997,147.42499,3.0497237569060776,28.64
2001-02-14T12:00:00Z,-18.174997,147.42499,3.027624309392265,28.97
2001-02-15T12:00:00Z,-18.174997,147.42499,3.005524861878453,29.11
2001-02-16T12:00:00Z,-18.174997,147.42499,2.983425414364641,29.28
2001-02-17T12:00:00Z,-18.174997,147.42499,2.9613259668508287,28.86
2001-02-18T12:00:00Z,-18.174997,147.42499,2.9392265193370166,28.74
2001-02-19T12:00:00Z,-18.174997,147.42499,2.9171270718232045,28.68
2001-02-20T12:00:00Z,-18.174997,147.42499,2.8950276243093924,28.67
2001-02-21T12:00:00Z,-18.174997,147.42499,2.8729281767955803,28.61
2001-02-22T12:00:00Z,-18.174997,147.42499,2.850828729281768,28.57
2001-02-23T12:00:00Z,-18.174997,147.42499,2.8287292817679557,28.48
2001-02-24T12:00:00Z,-18.174997,147.42499,2.8066298342541436,28.14
2001-02-25T12:00:00Z,-18.174997,147.42499,2.7845303867403315,28.03
2001-02-26T12:00:00Z,-18.174997,147.42499,2.7624309392265194,28.45
2001-02-27T12:00:00Z,-18.174997,147.42499,2.7403314917127073,28.45
2001-02-28T12:00:00Z,-18.174997,147.42499,2.718232044198895,28.53
2001-03-01T12:00:00Z,-18.174997,147.42499,2.696132596685083,28.54
2001-03-02T12:00:00Z,-18.174997,147.42499,2.6740331491712706,28.53
2001-03-03T12:00:00Z,-18.174997,147.42499,2.6519337016574585,28.51
2001-03-04T12:00:00Z,-18.174997,147.42499,2.6298342541436464,28.52
2001-03-05T12:00:00Z,-18.174997,147.42499,2.6077348066298343,28.46
2001-03-06T12:00:00Z,-18.174997,147.42499,2.585635359116022,29.64
2001-03-07T12:00:00Z,-18.174997,147.42499,2.56353591160221,29.73
2001-03-08T12:00:00Z,-18.174997,147.42499,2.541436464088398,29.9
2001-03-09T12:00:00Z,-18.174997,147.42499,2.5193370165745854,30.05
2001-03-10T12:00:00Z,-18.174997,147.42499,2.4972375690607733,30.1
2001-03-11T12:00:00Z,-18.174997,147.42499,2.4751381215469612,29.7
2001-03-12T12:00:00Z,-18.174997,147.42499,2.453038674033149,29.46
2001-03-13T12:00:00Z,-18.174997,147.42499,2.430939226519337,29.01
2001-03-14T12:00:00Z,-18.174997,147.42499,2.408839779005525,28.48
2001-03-15T12:00:00Z,-18.174997,147.42499,2.386740331491713,28.46
2001-03-16T12:00:00Z,-18.174997,147.42499,2.3646408839779007,28.45
2001-03-17T12:00:00Z,-18.174997,147.42499,2.342541436464088,28.54
2001-03-18T12:00:00Z,-18.174997,147.42499,2.320441988950276,28.57
2001-03-19T12:00:00Z,-18.174997,147.42499,2.298342541436464,28.76
2001-03-20T12:00:00Z,-18.174997,147.42499,2.276243093922652,29.27
2001-03-21T12:00:00Z,-18.174997,147.42499,2.25414364640884,29.69
2001-03-22T12:00:00Z,-18.174997,147.42499,2.2320441988950277,29.42
2001-03-23T12:00:00Z,-18.174997,147.42499,2.2099447513812156,29.36
2001-03-24T12:00:00Z,-18.174997,147.42499,2.1878453038674035,28.71
2001-03-25T12:00:00Z,-18.174997,147.42499,2.165745856353591,28.93
2001-03-26T12:00:00Z,-18.174997,147.42499,2.143646408839779,28.81
2001-03-27T12:00:00Z,-18.174997,147.42499,2.1215469613259668,28.52
2001-03-28T12:00:00Z,-18.174997,147.42499,2.0994475138121547,28.82
2001-03-29T12:00:00Z,-18.174997,147.42499,2.0773480662983426,28.96
2001-03-30T12:00:00Z,-18.174997,147.42499,2.0552486187845305,29.41
2001-03-31T12:00:00Z,-18.174997,147.42499,2.0331491712707184,29.06
2001-04-01T12:00:00Z,-18.174997,147.42499,2.0110497237569063,28.91
2001-04-02T12:00:00Z,-18.174997,147.42499,1.988950276243094,28.08
2001-04-03T12:00:00Z,-18.174997,147.42499,1.9668508287292819,27.93
2001-04-04T12:00:00Z,-18.174997,147.42499,1.9447513812154695,27.85
2001-04-05T12:00:00Z,-18.174997,147.42499,1.9226519337016574,27.79
2001-04-06T12:00:00Z,-18.174997,147.42499,1.9005524861878453,27.84
2001-04-07T12:00:00Z,-18.174997,147.42499,1.8784530386740332,27.69
2001-04-08T12:00:00Z,-18.174997,147.42499,1.856353591160221,27.3
2001-04-09T12:00:00Z,-18.174997,147.42499,1.8342541436464088,27.29
2001-04-10T12:00:00Z,-18.174997,147.42499,1.8121546961325967,27.29
2001-04-11T12:00:00Z,-18.174997,147.42499,1.7900552486187846,27.11
2001-04-12T12:00:00Z,-18.174997,147.42499,1.7679558011049723,27.26
2001-04-13T12:00:00Z,-18.174997,147.42499,1.7458563535911602,27.2
2001-04-14T12:00:00Z,-18.174997,147.42499,1.723756906077348,27.3
2001-04-15T12:00:00Z,-18.174997,147.42499,1.701657458563536,26.96
2001-04-16T12:00:00Z,-18.174997,147.42499,1.6795580110497237,27.09
2001-04-17T12:00:00Z,-18.174997,147.42499,1.6574585635359116,27.1
2001-04-18T12:00:00Z,-18.174997,147.42499,1.6353591160220995,26.93
2001-04-19T12:00:00Z,-18.174997,147.42499,1.6132596685082874,26.86
2001-04-20T12:00:00Z,-18.174997,147.42499,1.591160220994475,26.89
2001-04-21T12:00:00Z,-18.174997,147.42499,1.569060773480663,26.84
2001-04-22T12:00:00Z,-18.174997,147.42499,1.5469613259668509,26.83
2001-04-23T12:00:00Z,-18.174997,147.42499,1.5248618784530388,26.72
2001-04-24T12:00:00Z,-18.174997,147.42499,1.5027624309392265,26.68
2001-04-25T12:00:00Z,-18.174997,147.42499,1.4806629834254144,26.65
2001-04-26T12:00:00Z,-18.174997,147.42499,1.4585635359116023,26.75
2001-04-27T12:00:00Z,-18.174997,147.42499,1.4364640883977902,26.83
2001-04-28T12:00:00Z,-18.174997,147.42499,1.4143646408839778,26.8
2001-04-29T12:00:00Z,-18.174997,147.42499,1.3922651933701657,26.62
2001-04-30T12:00:00Z,-18.174997,147.42499,1.3701657458563536,26.74
2001-05-01T12:00:00Z,-18.174997,147.42499,1.3480662983425415,26.2
2001-05-02T12:00:00Z,-18.174997,147.42499,1.3259668508287292,26.36
2001-05-03T12:00:00Z,-18.174997,147.42499,1.3038674033149171,26.58
2001-05-04T12:00:00Z,-18.174997,147.42499,1.281767955801105,27.06
2001-05-05T12:00:00Z,-18.174997,147.42499,1.2596685082872927,27.05
2001-05-06T12:00:00Z,-18.174997,147.42499,1.2375690607734806,27.02
2001-05-07T12:00:00Z,-18.174997,147.42499,1.2154696132596685,26.64
2001-05-08T12:00:00Z,-18.174997,147.42499,1.1933701657458564,26.65
2001-05-09T12:00:00Z,-18.174997,147.42499,1.171270718232044,26.67
2001-05-10T12:00:00Z,-18.174997,147.42499,1.149171270718232,27.0
2001-05-11T12:00:00Z,-18.174997,147.42499,1.12707182320442,27.05
2001-05-12T12:00:00Z,-18.174997,147.42499,1.1049723756906078,26.98
2001-05-13T12:00:00Z,-18.174997,147.42499,1.0828729281767955,26.48
2001-05-14T12:00:00Z,-18.174997,147.42499,1.0607734806629834,26.57
2001-05-15T12:00:00Z,-18.174997,147.42499,1.0386740331491713,26.69
2001-05-16T12:00:00Z,-18.174997,147.42499,1.0165745856353592,27.31
2001-05-17T12:00:00Z,-18.174997,147.42499,0.994475138121547,27.26
2001-05-18T12:00:00Z,-18.174997,147.42499,0.9723756906077348,27.17
2001-05-19T12:00:00Z,-18.174997,147.42499,0.9502762430939227,27.1
2001-05-20T12:00:00Z,-18.174997,147.42499,0.9281767955801105,27.8
2001-05-21T12:00:00Z,-18.174997,147.42499,0.9060773480662984,27.84
2001-05-22T12:00:00Z,-18.174997,147.42499,0.8839779005524862,27.69
2001-05-23T12:00:00Z,-18.174997,147.42499,0.861878453038674,27.68
2001-05-24T12:00:00Z,-18.174997,147.42499,0.8397790055248618,27.01
2001-05-25T12:00:00Z,-18.174997,147.42499,0.8176795580110497,27.06
2001-05-26T12:00:00Z,-18.174997,147.42499,0.7955801104972375,27.22
2001-05-27T12:00:00Z,-18.174997,147.42499,0.7734806629834254,27.44
2001-05-28T12:00:00Z,-18.174997,147.42499,0.7513812154696132,27.69
2001-05-29T12:00:00Z,-18.174997,147.42499,0.7292817679558011,25.87
2001-05-30T12:00:00Z,-18.174997,147.42499,0.7071823204419889,25.86
2001-05-31T12:00:00Z,-18.174997,147.42499,0.6850828729281768,25.9
2001-06-01T12:00:00Z,-18.174997,147.42499,0.6629834254143646,25.97
2001-06-02T12:00:00Z,-18.174997,147.42499,0.6408839779005525,25.64
2001-06-03T12:00:00Z,-18.174997,147.42499,0.6187845303867403,25.71
2001-06-04T12:00:00Z,-18.174997,147.42499,0.5966850828729282,25.64
2001-06-05T12:00:00Z,-18.174997,147.42499,0.574585635359116,25.88
2001-06-06T12:00:00Z,-18.174997,147.42499,0.5524861878453039,25.73
2001-06-07T12:00:00Z,-18.174997,147.42499,0.5303867403314917,25.65
2001-06-08T12:00:00Z,-18.174997,147.42499,0.5082872928176796,25.78
2001-06-09T12:00:00Z,-18.174997,147.42499,0.4861878453038674,25.84
2001-06-10T12:00:00Z,-18.174997,147.42499,0.46408839779005523,25.77
2001-06-11T12:00:00Z,-18.174997,147.42499,0.4419889502762431,25.66
2001-06-12T12:00:00Z,-18.174997,147.42499,0.4198895027624309,25.62
2001-06-13T12:00:00Z,-18.174997,147.42499,0.39779005524861877,25.53
2001-06-14T12:00:00Z,-18.174997,147.42499,0.3756906077348066,25.74
2001-06-15T12:00:00Z,-18.174997,147.42499,0.35359116022099446,25.72
2001-06-16T12:00:00Z,-18.174997,147.42499,0.3314917127071823,25.73
2001-06-17T12:00:00Z,-18.174997,147.42499,0.30939226519337015,25.56
2001-06-18T12:00:00Z,-18.174997,147.42499,0.287292817679558,25.45
2001-06-19T12:00:00Z,-18.174997,147.42499,0.26519337016574585,25.42
2001-06-20T12:00:00Z,-18.174997,147.42499,0.2430939226519337,25.24
2001-06-21T12:00:00Z,-18.174997,147.42499,0.22099447513812154,25.21
2001-06-22T12:00:00Z,-18.174997,147.42499,0.19889502762430938,25.18
2001-06-23T12:00:00Z,-18.174997,147.42499,0.17679558011049723,25.13
2001-06-24T12:00:00Z,-18.174997,147.42499,0.15469613259668508,24.93
2001-06-25T12:00:00Z,-18.174997,147.42499,0.13259668508287292,24.94
2001-06-26T12:00:00Z,-18.174997,147.42499,0.11049723756906077,24.93
2001-06-27T12:00:00Z,-18.174997,147.42499,0.08839779005524862,25.0
2001-06-28T12:00:00Z,-18.174997,147.42499,0.06629834254143646,25.01
2001-06-29T12:00:00Z,-18.174997,147.42499,0.04419889502762431,24.91
2001-06-30T12:00:00Z,-18.174997,147.42499,0.022099447513812154,24.47
2001-07-01T12:00:00Z,-18.174997,147.42499,0.0,24.27
2001-07-02T12:00:00Z,-18.174997,147.42499,0.0,24.3
2001-07-03T12:00:00Z,-18.174997,147.42499,0.022099447513812154,24.89
2001-07-04T12:00:00Z,-18.174997,147.42499,0.04419889502762431,24.93
2001-07-05T12:00:00Z,-18.174997,147.42499,0.06629834254143646,24.92
2001-07-06T12:00:00Z,-18.174997,147.42499,0.08839779005524862,24.75
2001-07-07T12:00:00Z,-18.174997,147.42499,0.11049723756906077,24.67
2001-07-08T12:00:00Z,-18.174997,147.42499,0.13259668508287292,24.61
2001-07-09T12:00:00Z,-18.174997,147.42499,0.15469613259668508,24.65
2001-07-10T12:00:00Z,-18.174997,147.42499,0.17679558011049723,24.84
2001-07-11T12:00:00Z,-18.174997,147.42499,0.19889502762430938,24.81
2001-07-12T12:00:00Z,-18.174997,147.42499,0.22099447513812154,24.97
2001-07-13T12:00:00Z,-18.174997,147.42499,0.2430939226519337,25.1
2001-07-14T12:00:00Z,-18.174997,147.42499,0.26519337016574585,25.1
2001-07-15T12:00:00Z,-18.174997,147.42499,0.287292817679558,25.14
2001-07-16T12:00:00Z,-18.174997,147.42499,0.30939226519337015,25.1
2001-07-17T12:00:00Z,-18.174997,147.42499,0.3314917127071823,24.85
2001-07-18T12:00:00Z,-18.174997,147.42499,0.35359116022099446,24.71
2001-07-19T12:00:00Z,-18.174997,147.42499,0.3756906077348066,24.93
2001-07-20T12:00:00Z,-18.174997,147.42499,0.39779005524861877,25.0
2001-07-21T12:00:00Z,-18.174997,147.42499,0.4198895027624309,25.06
2001-07-22T12:00:00Z,-18.174997,147.42499,0.4419889502762431,24.74
2001-07-23T12:00:00Z,-18.174997,147.42499,0.46408839779005523,24.63
2001-07-24T12:00:00Z,-18.174997,147.42499,0.4861878453038674,24.54
2001-07-25T12:00:00Z,-18.174997,147.42499,0.5082872928176796,24.46
2001-07-26T12:00:00Z,-18.174997,147.42499,0.5303867403314917,24.45
2001-07-27T12:00:00Z,-18.174997,147.42499,0.5524861878453039,24.71
2001-07-28T12:00:00Z,-18.174997,147.42499,0.574585635359116,24.56
2001-07-29T12:00:00Z,-18.174997,147.42499,0.5966850828729282,24.34
2001-07-30T12:00:00Z,-18.174997,147.42499,0.6187845303867403,24.25
2001-07-31T12:00:00Z,-18.174997,147.42499,0.6408839779005525,24.2
2001-08-01T12:00:00Z,-18.174997,147.42499,0.6629834254143646,24.2
2001-08-02T12:00:00Z,-18.174997,147.42499,0.6850828729281768,24.17
2001-08-03T12:00:00Z,-18.174997,147.42499,0.7071823204419889,24.17
2001-08-04T12:00:00Z,-18.174997,147.42499,0.7292817679558011,24.29
2001-08-05T12:00:00Z,-18.174997,147.42499,0.7513812154696132,24.26
2001-08-06T12:00:00Z,-18.174997,147.42499,0.7734806629834254,24.34
2001-08-07T12:00:00Z,-18.174997,147.42499,0.7955801104972375,24.33
2001-08-08T12:00:00Z,-18.174997,147.42499,0.8176795580110497,24.34
2001-08-09T12:00:00Z,-18.174997,147.42499,0.8397790055248618,24.34
2001-08-10T12:00:00Z,-18.174997,147.42499,0.861878453038674,24.21
2001-08-11T12:00:00Z,-18.174997,147.42499,0.8839779005524862,24.09
2001-08-12T12:00:00Z,-18.174997,147.42499,0.9060773480662984,24.08
2001-08-13T12:00:00Z,-18.174997,147.42499,0.9281767955801105,24.02
2001-08-14T12:00:00Z,-18.174997,147.42499,0.9502762430939227,24.04
2001-08-15T12:00:00Z,-18.174997,147.42499,0.9723756906077348,23.99
2001-08-16T12:00:00Z,-18.174997,147.42499,0.994475138121547,23.7
2001-08-17T12:00:00Z,-18.174997,147.42499,1.0165745856353592,23.89
2001-08-18T12:00:00Z,-18.174997,147.42499,1.0386740331491713,24.03
2001-08-19T12:00:00Z,-18.174997,147.42499,1.0607734806629834,24.08
2001-08-20T12:00:00Z,-18.174997,147.42499,1.0828729281767955,23.93
2001-08-21T12:00:00Z,-18.174997,147.42499,1.1049723756906078,23.94
2001-08-22T12:00:00Z,-18.174997,147.42499,1.12707182320442,23.96
2001-08-23T12:00:00Z,-18.174997,147.42499,1.149171270718232,24.24
2001-08-24T12:00:00Z,-18.174997,147.42499,1.171270718232044,24.26
2001-08-25T12:00:00Z,-18.174997,147.42499,1.1933701657458564,24.27
2001-08-26T12:00:00Z,-18.174997,147.42499,1.2154696132596685,24.03
2001-08-27T12:00:00Z,-18.174997,147.42499,1.2375690607734806,23.65
2001-08-28T12:00:00Z,-18.174997,147.42499,1.2596685082872927,23.6
2001-08-29T12:00:00Z,-18.174997,147.42499,1.281767955801105,23.87
2001-08-30T12:00:00Z,-18.174997,147.42499,1.3038674033149171,24.17
2001-08-31T12:00:00Z,-18.174997,147.42499,1.3259668508287292,24.22
2001-09-01T12:00:00Z,-18.174997,147.42499,1.3480662983425415,24.12
2001-09-02T12:00:00Z,-18.174997,147.42499,1.3701657458563536,24.11
2001-09-03T12:00:00Z,-18.174997,147.42499,1.3922651933701657,23.85
2001-09-04T12:00:00Z,-18.174997,147.42499,1.4143646408839778,23.97
2001-09-05T12:00:00Z,-18.174997,147.42499,1.4364640883977902,24.63
2001-09-06T12:00:00Z,-18.174997,147.42499,1.4585635359116023,24.77
2001-09-07T12:00:00Z,-18.174997,147.42499,1.4806629834254144,24.81
2001-09-08T12:00:00Z,-18.174997,147.42499,1.5027624309392265,24.88
2001-09-09T12:00:00Z,-18.174997,147.42499,1.5248618784530388,24.84
2001-09-10T12:00:00Z,-18.174997,147.42499,1.5469613259668509,24.83
2001-09-11T12:00:00Z,-18.174997,147.42499,1.569060773480663,24.67
2001-09-12T12:00:00Z,-18.174997,147.42499,1.591160220994475,24.57
2001-09-13T12:00:00Z,-18.174997,147.42499,1.6132596685082874,24.53
2001-09-14T12:00:00Z,-18.174997,147.42499,1.6353591160220995,24.69
2001-09-15T12:00:00Z,-18.174997,147.42499,1.6574585635359116,24.78
2001-09-16T12:00:00Z,-18.174997,147.42499,1.6795580110497237,24.98
2001-09-17T12:00:00Z,-18.174997,147.42499,1.701657458563536,24.95
2001-09-18T12:00:00Z,-18.174997,147.42499,1.723756906077348,24.67
2001-09-19T12:00:00Z,-18.174997,147.42499,1.7458563535911602,24.65
2001-09-20T12:00:00Z,-18.174997,147.42499,1.7679558011049723,24.69
2001-09-21T12:00:00Z,-18.174997,147.42499,1.7900552486187846,24.89
2001-09-22T12:00:00Z,-18.174997,147.42499,1.8121546961325967,24.91
2001-09-23T12:00:00Z,-18.174997,147.42499,1.8342541436464088,24.8
2001-09-24T12:00:00Z,-18.174997,147.42499,1.856353591160221,24.71
2001-09-25T12:00:00Z,-18.174997,147.42499,1.8784530386740332,24.7
2001-09-26T12:00:00Z,-18.174997,147.42499,1.9005524861878453,24.71
2001-09-27T12:00:00Z,-18.174997,147.42499,1.9226519337016574,24.68
2001-09-28T12:00:00Z,-18.174997,147.42499,1.9447513812154695,24.67
2001-09-29T12:00:00Z,-18.174997,147.42499,1.9668508287292819,24.73
2001-09-30T12:00:00Z,-18.174997,147.42499,1.988950276243094,24.77
2001-10-01T12:00:00Z,-18.174997,147.42499,2.0110497237569063,24.78
2001-10-02T12:00:00Z,-18.174997,147.42499,2.0331491712707184,25.29
2001-10-03T12:00:00Z,-18.174997,147.42499,2.0552486187845305,25.29
2001-10-04T12:00:00Z,-18.174997,147.42499,2.0773480662983426,25.24
2001-10-05T12:00:00Z,-18.174997,147.42499,2.0994475138121547,25.23
2001-10-06T12:00:00Z,-18.174997,147.42499,2.1215469613259668,25.2
2001-10-07T12:00:00Z,-18.174997,147.42499,2.143646408839779,25.64
2001-10-08T12:00:00Z,-18.174997,147.42499,2.165745856353591,25.9
2001-10-09T12:00:00Z,-18.174997,147.42499,2.1878453038674035,25.73
2001-10-10T12:00:00Z,-18.174997,147.42499,2.2099447513812156,25.89
2001-10-11T12:00:00Z,-18.174997,147.42499,2.2320441988950277,25.84
2001-10-12T12:00:00Z,-18.174997,147.42499,2.25414364640884,25.75
2001-10-13T12:00:00Z,-18.174997,147.42499,2.276243093922652,26.0
2001-10-14T12:00:00Z,-18.174997,147.42499,2.298342541436464,26.02
2001-10-15T12:00:00Z,-18.174997,147.42499,2.320441988950276,26.05
2001-10-16T12:00:00Z,-18.174997,147.42499,2.342541436464088,25.88
2001-10-17T12:00:00Z,-18.174997,147.42499,2.3646408839779007,25.75
2001-10-18T12:00:00Z,-18.174997,147.42499,2.386740331491713,25.84
2001-10-19T12:00:00Z,-18.174997,147.42499,2.408839779005525,25.85
2001-10-20T12:00:00Z,-18.174997,147.42499,2.430939226519337,25.88
2001-10-21T12:00:00Z,-18.174997,147.42499,2.453038674033149,25.96
2001-10-22T12:00:00Z,-18.174997,147.42499,2.4751381215469612,26.07
2001-10-23T12:00:00Z,-18.174997,147.42499,2.4972375690607733,26.19
2001-10-24T12:00:00Z,-18.174997,147.42499,2.5193370165745854,26.18
2001-10-25T12:00:00Z,-18.174997,147.42499,2.541436464088398,26.1
2001-10-26T12:00:00Z,-18.174997,147.42499,2.56353591160221,26.48
2001-10-27T12:00:00Z,-18.174997,147.42499,2.585635359116022,26.53
2001-10-28T12:00:00Z,-18.174997,147.42499,2.6077348066298343,26.65
2001-10-29T12:00:00Z,-18.174997,147.42499,2.6298342541436464,26.82
2001-10-30T12:00:00Z,-18.174997,147.42499,2.6519337016574585,26.65
2001-10-31T12:00:00Z,-18.174997,147.42499,2.6740331491712706,26.56
2001-11-01T12:00:00Z,-18.174997,147.42499,2.696132596685083,27.23
2001-11-02T12:00:00Z,-18.174997,147.42499,2.718232044198895,27.32
2001-11-03T12:00:00Z,-18.174997,147.42499,2.7403314917127073,27.43
2001-11-04T12:00:00Z,-18.174997,147.42499,2.7624309392265194,27.24
2001-11-05T12:00:00Z,-18.174997,147.42499,2.7845303867403315,27.03
2001-11-06T12:00:00Z,-18.174997,147.42499,2.8066298342541436,26.93
2001-11-07T12:00:00Z,-18.174997,147.42499,2.8287292817679557,26.76
2001-11-08T12:00:00Z,-18.174997,147.42499,2.850828729281768,26.68
2001-11-09T12:00:00Z,-18.174997,147.42499,2.8729281767955803,26.89
2001-11-10T12:00:00Z,-18.174997,147.42499,2.8950276243093924,26.97
2001-11-11T12:00:00Z,-18.174997,147.42499,2.9171270718232045,26.99
2001-11-12T12:00:00Z,-18.174997,147.42499,2.9392265193370166,27.03
2001-11-13T12:00:00Z,-18.174997,147.42499,2.9613259668508287,27.62
2001-11-14T12:00:00Z,-18.174997,147.42499,2.983425414364641,27.62
2001-11-15T12:00:00Z,-18.174997,147.42499,3.005524861878453,27.57
2001-11-16T12:00:00Z,-18.174997,147.42499,3.027624309392265,27.46
2001-11-17T12:00:00Z,-18.174997,147.42499,3.0497237569060776,27.44
2001-11-18T12:00:00Z,-18.174997,147.42499,3.0718232044198897,27.44
2001-11-19T12:00:00Z,-18.174997,147.42499,3.0939226519337018,27.35
2001-11-20T12:00:00Z,-18.174997,147.42499,3.116022099447514,27.49
2001-11-21T12:00:00Z,-18.174997,147.42499,3.138121546961326,27.32
2001-11-22T12:00:00Z,-18.174997,147.42499,3.160220994475138,27.4
2001-11-23T12:00:00Z,-18.174997,147.42499,3.18232044198895,27.31
2001-11-24T12:00:00Z,-18.174997,147.42499,3.2044198895027622,27.32
2001-11-25T12:00:00Z,-18.174997,147.42499,3.226519337016575,27.38
2001-11-26T12:00:00Z,-18.174997,147.42499,3.248618784530387,27.49
2001-11-27T12:00:00Z,-18.174997,147.42499,3.270718232044199,27.62
2001-11-28T12:00:00Z,-18.174997,147.42499,3.292817679558011,27.78
2001-11-29T12:00:00Z,-18.174997,147.42499,3.314917127071823,27.82
2001-11-30T12:00:00Z,-18.174997,147.42499,3.3370165745856353,28.06
2001-12-01T12:00:00Z,-18.174997,147.42499,3.3591160220994474,28.16
2001-12-02T12:00:00Z,-18.174997,147.42499,3.3812154696132595,28.19
2001-12-03T12:00:00Z,-18.174997,147.42499,3.403314917127072,28.14
2001-12-04T12:00:00Z,-18.174997,147.42499,3.425414364640884,28.0
2001-12-05T12:00:00Z,-18.174997,147.42499,3.447513812154696,28.0
2001-12-06T12:00:00Z,-18.174997,147.42499,3.4696132596685083,28.37
2001-12-07T12:00:00Z,-18.174997,147.42499,3.4917127071823204,28.31
2001-12-08T12:00:00Z,-18.174997,147.42499,3.5138121546961325,28.26
2001-12-09T12:00:00Z,-18.174997,147.42499,3.5359116022099446,28.46
2001-12-10T12:00:00Z,-18.174997,147.42499,3.5580110497237567,28.72
2001-12-11T12:00:00Z,-18.174997,147.42499,3.5801104972375692,28.7
2001-12-12T12:00:00Z,-18.174997,147.42499,3.6022099447513813,28.65
2001-12-13T12:00:00Z,-18.174997,147.42499,3.6243093922651934,28.33
2001-12-14T12:00:00Z,-18.174997,147.42499,3.6464088397790055,28.29
2001-12-15T12:00:00Z,-18.174997,147.42499,3.6685082872928176,28.31
2001-12-16T12:00:00Z,-18.174997,147.42499,3.6906077348066297,28.94
2001-12-17T12:00:00Z,-18.174997,147.42499,3.712707182320442,29.13
2001-12-18T12:00:00Z,-18.174997,147.42499,3.734806629834254,28.99
2001-12-19T12:00:00Z,-18.174997,147.42499,3.7569060773480665,28.57
2001-12-20T12:00:00Z,-18.174997,147.42499,3.7790055248618786,28.32
2001-12-21T12:00:00Z,-18.174997,147.42499,3.8011049723756907,28.42
2001-12-22T12:00:00Z,-18.174997,147.42499,3.8232044198895028,28.99
2001-12-23T12:00:00Z,-18.174997,147.42499,3.845303867403315,29.01
2001-12-24T12:00:00Z,-18.174997,147.42499,3.867403314917127,29.01
2001-12-25T12:00:00Z,-18.174997,147.42499,3.889502762430939,28.77
2001-12-26T12:00:00Z,-18.174997,147.42499,3.911602209944751,28.73
2001-12-27T12:00:00Z,-18.174997,147.42499,3.9337016574585637,28.74
2001-12-28T12:00:00Z,-18.174997,147.42499,3.955801104972376,28.8
2001-12-29T12:00:00Z,-18.174997,147.42499,3.977900552486188,29.05
2001-12-30T12:00:00Z,-18.174997,147.42499,4.0,29.1
2001-12-31T12:00:00Z,-18.174997,147.42499,4.0220994475138125,29.57
2002-01-01T12:00:00Z,-18.174997,147.42499,4.0,29.57
2002-01-02T12:00:00Z,-18.174997,147.42499,3.977900552486188,29.71
2002-01-03T12:00:00Z,-18.174997,147.42499,3.955801104972376,29.65
2002-01-04T12:00:00Z,-18.174997,147.42499,3.9337016574585637,29.81
2002-01-05T12:00:00Z,-18.174997,147.42499,3.911602209944751,29.81
2002-01-06T12:00:00Z,-18.174997,147.42499,3.889502762430939,29.6
2002-01-07T12:00:00Z,-18.174997,147.42499,3.867403314917127,29.77
2002-01-08T12:00:00Z,-18.174997,147.42499,3.845303867403315,29.78
2002-01-09T12:00:00Z,-18.174997,147.42499,3.8232044198895028,29.94
2002-01-10T12:00:00Z,-18.174997,147.42499,3.8011049723756907,30.09
2002-01-11T12:00:00Z,-18.174997,147.42499,3.7790055248618786,30.1
2002-01-12T12:00:00Z,-18.174997,147.42499,3.7569060773480665,30.02
2002-01-13T12:00:00Z,-18.174997,147.42499,3.734806629834254,29.66
2002-01-14T12:00:00Z,-18.174997,147.42499,3.712707182320442,29.48
2002-01-15T12:00:00Z,-18.174997,147.42499,3.6906077348066297,29.12
2002-01-16T12:00:00Z,-18.174997,147.42499,3.6685082872928176,29.35
2002-01-17T12:00:00Z,-18.174997,147.42499,3.6464088397790055,28.99
2002-01-18T12:00:00Z,-18.174997,147.42499,3.6243093922651934,29.2
2002-01-19T12:00:00Z,-18.174997,147.42499,3.6022099447513813,28.87
2002-01-20T12:00:00Z,-18.174997,147.42499,3.5801104972375692,28.67
2002-01-21T12:00:00Z,-18.174997,147.42499,3.5580110497237567,28.69
2002-01-22T12:00:00Z,-18.174997,147.42499,3.5359116022099446,28.73
2002-01-23T12:00:00Z,-18.174997,147.42499,3.5138121546961325,28.98
2002-01-24T12:00:00Z,-18.174997,147.42499,3.4917127071823204,28.92
2002-01-25T12:00:00Z,-18.174997,147.42499,3.4696132596685083,28.93
2002-01-26T12:00:00Z,-18.174997,147.42499,3.447513812154696,28.85
2002-01-27T12:00:00Z,-18.174997,147.42499,3.425414364640884,29.04
2002-01-28T12:00:00Z,-18.174997,147.42499,3.403314917127072,29.1
2002-01-29T12:00:00Z,-18.174997,147.42499,3.3812154696132595,29.42
2002-01-30T12:00:00Z,-18.174997,147.42499,3.3591160220994474,29.52
2002-01-31T12:00:00Z,-18.174997,147.42499,3.3370165745856353,29.54
2002-02-01T12:00:00Z,-18.174997,147.42499,3.314917127071823,29.91
2002-02-02T12:00:00Z,-18.174997,147.42499,3.292817679558011,29.84
2002-02-03T12:00:00Z,-18.174997,147.42499,3.270718232044199,29.81
2002-02-04T12:00:00Z,-18.174997,147.42499,3.248618784530387,29.75
2002-02-05T12:00:00Z,-18.174997,147.42499,3.226519337016575,29.71
2002-02-06T12:00:00Z,-18.174997,147.42499,3.2044198895027622,29.66
2002-02-07T12:00:00Z,-18.174997,147.42499,3.18232044198895,29.71
2002-02-08T12:00:00Z,-18.174997,147.42499,3.160220994475138,29.7
2002-02-09T12:00:00Z,-18.174997,147.42499,3.138121546961326,29.61
2002-02-10T12:00:00Z,-18.174997,147.42499,3.116022099447514,29.54
2002-02-11T12:00:00Z,-18.174997,147.42499,3.0939226519337018,29.42
2002-02-12T12:00:00Z,-18.174997,147.42499,3.0718232044198897,29.39
2002-02-13T12:00:00Z,-18.174997,147.42499,3.0497237569060776,29.38
2002-02-14T12:00:00Z,-18.174997,147.42499,3.027624309392265,29.37
2002-02-15T12:00:00Z,-18.174997,147.42499,3.005524861878453,29.33
2002-02-16T12:00:00Z,-18.174997,147.42499,2.983425414364641,29.22
2002-02-17T12:00:00Z,-18.174997,147.42499,2.9613259668508287,28.76
2002-02-18T12:00:00Z,-18.174997,147.42499,2.9392265193370166,28.7
2002-02-19T12:00:00Z,-18.174997,147.42499,2.9171270718232045,28.65
2002-02-20T12:00:00Z,-18.174997,147.42499,2.8950276243093924,28.69
2002-02-21T12:00:00Z,-18.174997,147.42499,2.8729281767955803,28.83
2002-02-22T12:00:00Z,-18.174997,147.42499,2.850828729281768,29.24
2002-02-23T12:00:00Z,-18.174997,147.42499,2.8287292817679557,29.39
2002-02-24T12:00:00Z,-18.174997,147.42499,2.8066298342541436,28.96
2002-02-25T12:00:00Z,-18.174997,147.42499,2.7845303867403315,29.03
2002-02-26T12:00:00Z,-18.174997,147.42499,2.7624309392265194,29.06
2002-02-27T12:00:00Z,-18.174997,147.42499,2.7403314917127073,29.29
2002-02-28T12:00:00Z,-18.174997,147.42499,2.718232044198895,29.29
2002-03-01T12:00:00Z,-18.174997,147.42499,2.696132596685083,29.23
2002-03-02T12:00:00Z,-18.174997,147.42499,2.6740331491712706,29.16
2002-03-03T12:00:00Z,-18.174997,147.42499,2.6519337016574585,29.21
2002-03-04T12:00:00Z,-18.174997,147.42499,2.6298342541436464,29.06
2002-03-05T12:00:00Z,-18.174997,147.42499,2.6077348066298343,28.97
2002-03-06T12:00:00Z,-18.174997,147.42499,2.585635359116022,28.95
2002-03-07T12:00:00Z,-18.174997,147.42499,2.56353591160221,28.95
2002-03-08T12:00:00Z,-18.174997,147.42499,2.541436464088398,28.9
2002-03-09T12:00:00Z,-18.174997,147.42499,2.5193370165745854,28.83
2002-03-10T12:00:00Z,-18.174997,147.42499,2.4972375690607733,28.89
2002-03-11T12:00:00Z,-18.174997,147.42499,2.4751381215469612,28.61
2002-03-12T12:00:00Z,-18.174997,147.42499,2.453038674033149,28.98
2002-03-13T12:00:00Z,-18.174997,147.42499,2.430939226519337,28.89
2002-03-14T12:00:00Z,-18.174997,147.42499,2.408839779005525,28.54
2002-03-15T12:00:00Z,-18.174997,147.42499,2.386740331491713,28.2
2002-03-16T12:00:00Z,-18.174997,147.42499,2.3646408839779007,28.56
2002-03-17T12:00:00Z,-18.174997,147.42499,2.342541436464088,28.61
2002-03-18T12:00:00Z,-18.174997,147.42499,2.320441988950276,28.86
2002-03-19T12:00:00Z,-18.174997,147.42499,2.298342541436464,28.71
2002-03-20T12:00:00Z,-18.174997,147.42499,2.276243093922652,28.18
2002-03-21T12:00:00Z,-18.174997,147.42499,2.25414364640884,28.27
2002-03-22T12:00:00Z,-18.174997,147.42499,2.2320441988950277,28.21
2002-03-23T12:00:00Z,-18.174997,147.42499,2.2099447513812156,28.21
2002-03-24T12:00:00Z,-18.174997,147.42499,2.1878453038674035,28.09
2002-03-25T12:00:00Z,-18.174997,147.42499,2.165745856353591,28.01
2002-03-26T12:00:00Z,-18.174997,147.42499,2.143646408839779,27.97
2002-03-27T12:00:00Z,-18.174997,147.42499,2.1215469613259668,27.77
2002-03-28T12:00:00Z,-18.174997,147.42499,2.0994475138121547,27.88
2002-03-29T12:00:00Z,-18.174997,147.42499,2.0773480662983426,28.29
2002-03-30T12:00:00Z,-18.174997,147.42499,2.0552486187845305,28.63
2002-03-31T12:00:00Z,-18.174997,147.42499,2.0331491712707184,28.39
2002-04-01T12:00:00Z,-18.174997,147.42499,2.0110497237569063,28.28
2002-04-02T12:00:00Z,-18.174997,147.42499,1.988950276243094,27.44
2002-04-03T12:00:00Z,-18.174997,147.42499,1.9668508287292819,27.72
2002-04-04T12:00:00Z,-18.174997,147.42499,1.9447513812154695,27.81
2002-04-05T12:00:00Z,-18.174997,147.42499,1.9226519337016574,27.92
2002-04-06T12:00:00Z,-18.174997,147.42499,1.9005524861878453,27.77
2002-04-07T12:00:00Z,-18.174997,147.42499,1.8784530386740332,27.76
2002-04-08T12:00:00Z,-18.174997,147.42499,1.856353591160221,27.77
2002-04-09T12:00:00Z,-18.174997,147.42499,1.8342541436464088,27.59
2002-04-10T12:00:00Z,-18.174997,147.42499,1.8121546961325967,27.57
2002-04-11T12:00:00Z,-18.174997,147.42499,1.7900552486187846,27.57
2002-04-12T12:00:00Z,-18.174997,147.42499,1.7679558011049723,27.89
2002-04-13T12:00:00Z,-18.174997,147.42499,1.7458563535911602,28.01
2002-04-14T12:00:00Z,-18.174997,147.42499,1.723756906077348,27.89
2002-04-15T12:00:00Z,-18.174997,147.42499,1.701657458563536,27.82
2002-04-16T12:00:00Z,-18.174997,147.42499,1.6795580110497237,27.68
2002-04-17T12:00:00Z,-18.174997,147.42499,1.6574585635359116,27.23
2002-04-18T12:00:00Z,-18.174997,147.42499,1.6353591160220995,27.23
2002-04-19T12:00:00Z,-18.174997,147.42499,1.6132596685082874,27.29
2002-04-20T12:00:00Z,-18.174997,147.42499,1.591160220994475,27.43
2002-04-21T12:00:00Z,-18.174997,147.42499,1.569060773480663,27.49
2002-04-22T12:00:00Z,-18.174997,147.42499,1.5469613259668509,27.47
2002-04-23T12:00:00Z,-18.174997,147.42499,1.5248618784530388,27.49
2002-04-24T12:00:00Z,-18.174997,147.42499,1.5027624309392265,27.57
2002-04-25T12:00:00Z,-18.174997,147.42499,1.4806629834254144,27.64
2002-04-26T12:00:00Z,-18.174997,147.42499,1.4585635359116023,27.61
2002-04-27T12:00:00Z,-18.174997,147.42499,1.4364640883977902,27.6
2002-04-28T12:00:00Z,-18.174997,147.42499,1.4143646408839778,27.2
2002-04-29T12:00:00Z,-18.174997,147.42499,1.3922651933701657,27.19
2002-04-30T12:00:00Z,-18.174997,147.42499,1.3701657458563536,27.06
2002-05-01T12:00:00Z,-18.174997,147.42499,1.3480662983425415,26.92
2002-05-02T12:00:00Z,-18.174997,147.42499,1.3259668508287292,26.83
2002-05-03T12:00:00Z,-18.174997,147.42499,1.3038674033149171,26.8
2002-05-04T12:00:00Z,-18.174997,147.42499,1.281767955801105,26.7
2002-05-05T12:00:00Z,-18.174997,147.42499,1.2596685082872927,25.97
2002-05-06T12:00:00Z,-18.174997,147.42499,1.2375690607734806,26.09
2002-05-07T12:00:00Z,-18.174997,147.42499,1.2154696132596685,26.09
2002-05-08T12:00:00Z,-18.174997,147.42499,1.1933701657458564,26.22
2002-05-09T12:00:00Z,-18.174997,147.42499,1.171270718232044,26.48
2002-05-10T12:00:00Z,-18.174997,147.42499,1.149171270718232,26.57
2002-05-11T12:00:00Z,-18.174997,147.42499,1.12707182320442,26.55
2002-05-12T12:00:00Z,-18.174997,147.42499,1.1049723756906078,26.38
2002-05-13T12:00:00Z,-18.174997,147.42499,1.0828729281767955,26.38
2002-05-14T12:00:00Z,-18.174997,147.42499,1.0607734806629834,26.53
2002-05-15T12:00:00Z,-18.174997,147.42499,1.0386740331491713,26.54
2002-05-16T12:00:00Z,-18.174997,147.42499,1.0165745856353592,26.52
2002-05-17T12:00:00Z,-18.174997,147.42499,0.994475138121547,26.45
2002-05-18T12:00:00Z,-18.174997,147.42499,0.9723756906077348,26.42
2002-05-19T12:00:00Z,-18.174997,147.42499,0.9502762430939227,26.57
2002-05-20T12:00:00Z,-18.174997,147.42499,0.9281767955801105,26.29
2002-05-21T12:00:00Z,-18.174997,147.42499,0.9060773480662984,26.13
2002-05-22T12:00:00Z,-18.174997,147.42499,0.8839779005524862,26.18
2002-05-23T12:00:00Z,-18.174997,147.42499,0.861878453038674,25.2
2002-05-24T12:00:00Z,-18.174997,147.42499,0.8397790055248618,25.31
2002-05-25T12:00:00Z,-18.174997,147.42499,0.8176795580110497,25.44
2002-05-26T12:00:00Z,-18.174997,147.42499,0.7955801104972375,25.14
2002-05-27T12:00:00Z,-18.174997,147.42499,0.7734806629834254,25.69
2002-05-28T12:00:00Z,-18.174997,147.42499,0.7513812154696132,25.86
2002-05-29T12:00:00Z,-18.174997,147.42499,0.7292817679558011,25.99
2002-05-30T12:00:00Z,-18.174997,147.42499,0.7071823204419889,26.09
2002-05-31T12:00:00Z,-18.174997,147.42499,0.6850828729281768,26.19
2002-06-01T12:00:00Z,-18.174997,147.42499,0.6629834254143646,26.23
2002-06-02T12:00:00Z,-18.174997,147.42499,0.6408839779005525,25.81
2002-06-03T12:00:00Z,-18.174997,147.42499,0.6187845303867403,25.74
2002-06-04T12:00:00Z,-18.174997,147.42499,0.5966850828729282,25.71
2002-06-05T12:00:00Z,-18.174997,147.42499,0.574585635359116,25.65
2002-06-06T12:00:00Z,-18.174997,147.42499,0.5524861878453039,25.85
2002-06-07T12:00:00Z,-18.174997,147.42499,0.5303867403314917,25.84
2002-06-08T12:00:00Z,-18.174997,147.42499,0.5082872928176796,25.87
2002-06-09T12:00:00Z,-18.174997,147.42499,0.4861878453038674,25.61
2002-06-10T12:00:00Z,-18.174997,147.42499,0.46408839779005523,25.35
2002-06-11T12:00:00Z,-18.174997,147.42499,0.4419889502762431,25.26
2002-06-12T12:00:00Z,-18.174997,147.42499,0.4198895027624309,25.57
2002-06-13T12:00:00Z,-18.174997,147.42499,0.39779005524861877,25.5
2002-06-14T12:00:00Z,-18.174997,147.42499,0.3756906077348066,25.51
2002-06-15T12:00:00Z,-18.174997,147.42499,0.35359116022099446,25.74
2002-06-16T12:00:00Z,-18.174997,147.42499,0.3314917127071823,25.7
2002-06-17T12:00:00Z,-18.174997,147.42499,0.30939226519337015,25.65
2002-06-18T12:00:00Z,-18.174997,147.42499,0.287292817679558,25.23
2002-06-19T12:00:00Z,-18.174997,147.42499,0.26519337016574585,25.03
2002-06-20T12:00:00Z,-18.174997,147.42499,0.2430939226519337,24.94
2002-06-21T12:00:00Z,-18.174997,147.42499,0.22099447513812154,24.43
2002-06-22T12:00:00Z,-18.174997,147.42499,0.19889502762430938,24.79
2002-06-23T12:00:00Z,-18.174997,147.42499,0.17679558011049723,24.84
2002-06-24T12:00:00Z,-18.174997,147.42499,0.15469613259668508,24.96
2002-06-25T12:00:00Z,-18.174997,147.42499,0.13259668508287292,24.86
2002-06-26T12:00:00Z,-18.174997,147.42499,0.11049723756906077,24.86
2002-06-27T12:00:00Z,-18.174997,147.42499,0.08839779005524862,24.71
2002-06-28T12:00:00Z,-18.174997,147.42499,0.06629834254143646,24.7
2002-06-29T12:00:00Z,-18.174997,147.42499,0.04419889502762431,24.54
2002-06-30T12:00:00Z,-18.174997,147.42499,0.022099447513812154,24.66
2002-07-01T12:00:00Z,-18.174997,147.42499,0.0,24.53
2002-07-02T12:00:00Z,-18.174997,147.42499,0.0,24.21
2002-07-03T12:00:00Z,-18.174997,147.42499,0.022099447513812154,24.35
2002-07-04T12:00:00Z,-18.174997,147.42499,0.04419889502762431,24.29
2002-07-05T12:00:00Z,-18.174997,147.42499,0.06629834254143646,24.35
2002-07-06T12:00:00Z,-18.174997,147.42499,0.08839779005524862,24.41
2002-07-07T12:00:00Z,-18.174997,147.42499,0.11049723756906077,24.43
2002-07-08T12:00:00Z,-18.174997,147.42499,0.13259668508287292,24.39
2002-07-09T12:00:00Z,-18.174997,147.42499,0.15469613259668508,24.17
2002-07-10T12:00:00Z,-18.174997,147.42499,0.17679558011049723,24.25
2002-07-11T12:00:00Z,-18.174997,147.42499,0.19889502762430938,24.38
2002-07-12T12:00:00Z,-18.174997,147.42499,0.22099447513812154,24.46
2002-07-13T12:00:00Z,-18.174997,147.42499,0.2430939226519337,24.42
2002-07-14T12:00:00Z,-18.174997,147.42499,0.26519337016574585,24.2
2002-07-15T12:00:00Z,-18.174997,147.42499,0.287292817679558,24.08
2002-07-16T12:00:00Z,-18.174997,147.42499,0.30939226519337015,24.13
2002-07-17T12:00:00Z,-18.174997,147.42499,0.3314917127071823,24.27
2002-07-18T12:00:00Z,-18.174997,147.42499,0.35359116022099446,24.26
2002-07-19T12:00:00Z,-18.174997,147.42499,0.3756906077348066,24.31
2002-07-20T12:00:00Z,-18.174997,147.42499,0.39779005524861877,24.31
2002-07-21T12:00:00Z,-18.174997,147.42499,0.4198895027624309,24.54
2002-07-22T12:00:00Z,-18.174997,147.42499,0.4419889502762431,24.68
2002-07-23T12:00:00Z,-18.174997,147.42499,0.46408839779005523,24.64
2002-07-24T12:00:00Z,-18.174997,147.42499,0.4861878453038674,24.54
2002-07-25T12:00:00Z,-18.174997,147.42499,0.5082872928176796,24.5
2002-07-26T12:00:00Z,-18.174997,147.42499,0.5303867403314917,24.1
2002-07-27T12:00:00Z,-18.174997,147.42499,0.5524861878453039,24.06
2002-07-28T12:00:00Z,-18.174997,147.42499,0.574585635359116,23.99
2002-07-29T12:00:00Z,-18.174997,147.42499,0.5966850828729282,24.21
2002-07-30T12:00:00Z,-18.174997,147.42499,0.6187845303867403,24.2
2002-07-31T12:00:00Z,-18.174997,147.42499,0.6408839779005525,24.32
2002-08-01T12:00:00Z,-18.174997,147.42499,0.6629834254143646,24.55
2002-08-02T12:00:00Z,-18.174997,147.42499,0.6850828729281768,24.39
2002-08-03T12:00:00Z,-18.174997,147.42499,0.7071823204419889,24.4
2002-08-04T12:00:00Z,-18.174997,147.42499,0.7292817679558011,24.38
2002-08-05T12:00:00Z,-18.174997,147.42499,0.7513812154696132,24.26
2002-08-06T12:00:00Z,-18.174997,147.42499,0.7734806629834254,24.24
2002-08-07T12:00:00Z,-18.174997,147.42499,0.7955801104972375,24.52
2002-08-08T12:00:00Z,-18.174997,147.42499,0.8176795580110497,24.48
2002-08-09T12:00:00Z,-18.174997,147.42499,0.8397790055248618,24.46
2002-08-10T12:00:00Z,-18.174997,147.42499,0.861878453038674,24.43
2002-08-11T12:00:00Z,-18.174997,147.42499,0.8839779005524862,24.28
2002-08-12T12:00:00Z,-18.174997,147.42499,0.9060773480662984,24.26
2002-08-13T12:00:00Z,-18.174997,147.42499,0.9281767955801105,24.24
2002-08-14T12:00:00Z,-18.174997,147.42499,0.9502762430939227,23.83
2002-08-15T12:00:00Z,-18.174997,147.42499,0.9723756906077348,23.66
2002-08-16T12:00:00Z,-18.174997,147.42499,0.994475138121547,23.66
2002-08-17T12:00:00Z,-18.174997,147.42499,1.0165745856353592,23.94
2002-08-18T12:00:00Z,-18.174997,147.42499,1.0386740331491713,24.0
2002-08-19T12:00:00Z,-18.174997,147.42499,1.0607734806629834,23.94
2002-08-20T12:00:00Z,-18.174997,147.42499,1.0828729281767955,23.85
2002-08-21T12:00:00Z,-18.174997,147.42499,1.1049723756906078,23.96
2002-08-22T12:00:00Z,-18.174997,147.42499,1.12707182320442,24.02
2002-08-23T12:00:00Z,-18.174997,147.42499,1.149171270718232,24.25
2002-08-24T12:00:00Z,-18.174997,147.42499,1.171270718232044,24.2
2002-08-25T12:00:00Z,-18.174997,147.42499,1.1933701657458564,24.21
2002-08-26T12:00:00Z,-18.174997,147.42499,1.2154696132596685,24.07
2002-08-27T12:00:00Z,-18.174997,147.42499,1.2375690607734806,24.04
2002-08-28T12:00:00Z,-18.174997,147.42499,1.2596685082872927,24.01
2002-08-29T12:00:00Z,-18.174997,147.42499,1.281767955801105,23.89
2002-08-30T12:00:00Z,-18.174997,147.42499,1.3038674033149171,23.75
2002-08-31T12:00:00Z,-18.174997,147.42499,1.3259668508287292,23.75
2002-09-01T12:00:00Z,-18.174997,147.42499,1.3480662983425415,23.85
2002-09-02T12:00:00Z,-18.174997,147.42499,1.3701657458563536,23.88
2002-09-03T12:00:00Z,-18.174997,147.42499,1.3922651933701657,24.0
2002-09-04T12:00:00Z,-18.174997,147.42499,1.4143646408839778,24.09
2002-09-05T12:00:00Z,-18.174997,147.42499,1.4364640883977902,24.21
2002-09-06T12:00:00Z,-18.174997,147.42499,1.4585635359116023,24.49
2002-09-07T12:00:00Z,-18.174997,147.42499,1.4806629834254144,24.48
2002-09-08T12:00:00Z,-18.174997,147.42499,1.5027624309392265,24.56
2002-09-09T12:00:00Z,-18.174997,147.42499,1.5248618784530388,24.82
2002-09-10T12:00:00Z,-18.174997,147.42499,1.5469613259668509,25.23
2002-09-11T12:00:00Z,-18.174997,147.42499,1.569060773480663,24.77
2002-09-12T12:00:00Z,-18.174997,147.42499,1.591160220994475,24.89
2002-09-13T12:00:00Z,-18.174997,147.42499,1.6132596685082874,24.97
2002-09-14T12:00:00Z,-18.174997,147.42499,1.6353591160220995,25.05
2002-09-15T12:00:00Z,-18.174997,147.42499,1.6574585635359116,24.54
2002-09-16T12:00:00Z,-18.174997,147.42499,1.6795580110497237,24.4
2002-09-17T12:00:00Z,-18.174997,147.42499,1.701657458563536,24.26
2002-09-18T12:00:00Z,-18.174997,147.42499,1.723756906077348,24.29
2002-09-19T12:00:00Z,-18.174997,147.42499,1.7458563535911602,24.89
2002-09-20T12:00:00Z,-18.174997,147.42499,1.7679558011049723,24.75
2002-09-21T12:00:00Z,-18.174997,147.42499,1.7900552486187846,24.64
2002-09-22T12:00:00Z,-18.174997,147.42499,1.8121546961325967,24.87
2002-09-23T12:00:00Z,-18.174997,147.42499,1.8342541436464088,24.91
2002-09-24T12:00:00Z,-18.174997,147.42499,1.856353591160221,25.24
2002-09-25T12:00:00Z,-18.174997,147.42499,1.8784530386740332,25.13
2002-09-26T12:00:00Z,-18.174997,147.42499,1.9005524861878453,25.29
2002-09-27T12:00:00Z,-18.174997,147.42499,1.9226519337016574,25.11
2002-09-28T12:00:00Z,-18.174997,147.42499,1.9447513812154695,25.23
2002-09-29T12:00:00Z,-18.174997,147.42499,1.9668508287292819,25.16
2002-09-30T12:00:00Z,-18.174997,147.42499,1.988950276243094,24.85
2002-10-01T12:00:00Z,-18.174997,147.42499,2.0110497237569063,24.84
2002-10-02T12:00:00Z,-18.174997,147.42499,2.0331491712707184,25.06
2002-10-03T12:00:00Z,-18.174997,147.42499,2.0552486187845305,24.91
2002-10-04T12:00:00Z,-18.174997,147.42499,2.0773480662983426,24.67
2002-10-05T12:00:00Z,-18.174997,147.42499,2.0994475138121547,24.64
2002-10-06T12:00:00Z,-18.174997,147.42499,2.1215469613259668,24.63
2002-10-07T12:00:00Z,-18.174997,147.42499,2.143646408839779,24.45
2002-10-08T12:00:00Z,-18.174997,147.42499,2.165745856353591,24.9
2002-10-09T12:00:00Z,-18.174997,147.42499,2.1878453038674035,25.0
2002-10-10T12:00:00Z,-18.174997,147.42499,2.2099447513812156,24.97
2002-10-11T12:00:00Z,-18.174997,147.42499,2.2320441988950277,24.86
2002-10-12T12:00:00Z,-18.174997,147.42499,2.25414364640884,24.72
2002-10-13T12:00:00Z,-18.174997,147.42499,2.276243093922652,24.68
2002-10-14T12:00:00Z,-18.174997,147.42499,2.298342541436464,24.68
2002-10-15T12:00:00Z,-18.174997,147.42499,2.320441988950276,24.78
2002-10-16T12:00:00Z,-18.174997,147.42499,2.342541436464088,24.81
2002-10-17T12:00:00Z,-18.174997,147.42499,2.3646408839779007,25.63
2002-10-18T12:00:00Z,-18.174997,147.42499,2.386740331491713,25.73
2002-10-19T12:00:00Z,-18.174997,147.42499,2.408839779005525,25.81
2002-10-20T12:00:00Z,-18.174997,147.42499,2.430939226519337,25.86
2002-10-21T12:00:00Z,-18.174997,147.42499,2.453038674033149,25.77
2002-10-22T12:00:00Z,-18.174997,147.42499,2.4751381215469612,25.75
2002-10-23T12:00:00Z,-18.174997,147.42499,2.4972375690607733,25.65
2002-10-24T12:00:00Z,-18.174997,147.42499,2.5193370165745854,25.54
2002-10-25T12:00:00Z,-18.174997,147.42499,2.541436464088398,25.19
2002-10-26T12:00:00Z,-18.174997,147.42499,2.56353591160221,25.56
2002-10-27T12:00:00Z,-18.174997,147.42499,2.585635359116022,25.55
2002-10-28T12:00:00Z,-18.174997,147.42499,2.6077348066298343,25.58
2002-10-29T12:00:00Z,-18.174997,147.42499,2.6298342541436464,25.67
2002-10-30T12:00:00Z,-18.174997,147.42499,2.6519337016574585,25.73
2002-10-31T12:00:00Z,-18.174997,147.42499,2.6740331491712706,25.8
2002-11-01T12:00:00Z,-18.174997,147.42499,2.696132596685083,25.83
2002-11-02T12:00:00Z,-18.174997,147.42499,2.718232044198895,26.08
2002-11-03T12:00:00Z,-18.174997,147.42499,2.7403314917127073,26.22
2002-11-04T12:00:00Z,-18.174997,147.42499,2.7624309392265194,26.2
2002-11-05T12:00:00Z,-18.174997,147.42499,2.7845303867403315,26.09
2002-11-06T12:00:00Z,-18.174997,147.42499,2.8066298342541436,26.05
2002-11-07T12:00:00Z,-18.174997,147.42499,2.8287292817679557,26.02
2002-11-08T12:00:00Z,-18.174997,147.42499,2.850828729281768,25.94
2002-11-09T12:00:00Z,-18.174997,147.42499,2.8729281767955803,25.99
2002-11-10T12:00:00Z,-18.174997,147.42499,2.8950276243093924,26.0
2002-11-11T12:00:00Z,-18.174997,147.42499,2.9171270718232045,26.23
2002-11-12T12:00:00Z,-18.174997,147.42499,2.9392265193370166,26.13
2002-11-13T12:00:00Z,-18.174997,147.42499,2.9613259668508287,26.19
2002-11-14T12:00:00Z,-18.174997,147.42499,2.983425414364641,26.08
2002-11-15T12:00:00Z,-18.174997,147.42499,3.005524861878453,26.38
2002-11-16T12:00:00Z,-18.174997,147.42499,3.027624309392265,26.38
2002-11-17T12:00:00Z,-18.174997,147.42499,3.0497237569060776,26.5
2002-11-18T12:00:00Z,-18.174997,147.42499,3.0718232044198897,26.48
2002-11-19T12:00:00Z,-18.174997,147.42499,3.0939226519337018,26.35
2002-11-20T12:00:00Z,-18.174997,147.42499,3.116022099447514,26.44
2002-11-21T12:00:00Z,-18.174997,147.42499,3.138121546961326,26.52
2002-11-22T12:00:00Z,-18.174997,147.42499,3.160220994475138,26.5
2002-11-23T12:00:00Z,-18.174997,147.42499,3.18232044198895,26.27
2002-11-24T12:00:00Z,-18.174997,147.42499,3.2044198895027622,26.43
2002-11-25T12:00:00Z,-18.174997,147.42499,3.226519337016575,26.42
2002-11-26T12:00:00Z,-18.174997,147.42499,3.248618784530387,26.6
2002-11-27T12:00:00Z,-18.174997,147.42499,3.270718232044199,26.62
2002-11-28T12:00:00Z,-18.174997,147.42499,3.292817679558011,26.43
2002-11-29T12:00:00Z,-18.174997,147.42499,3.314917127071823,26.71
2002-11-30T12:00:00Z,-18.174997,147.42499,3.3370165745856353,26.79
2002-12-01T12:00:00Z,-18.174997,147.42499,3.3591160220994474,26.93
2002-12-02T12:00:00Z,-18.174997,147.42499,3.3812154696132595,26.89
2002-12-03T12:00:00Z,-18.174997,147.42499,3.403314917127072,26.92
2002-12-04T12:00:00Z,-18.174997,147.42499,3.425414364640884,27.03
2002-12-05T12:00:00Z,-18.174997,147.42499,3.447513812154696,27.17
2002-12-06T12:00:00Z,-18.174997,147.42499,3.4696132596685083,27.14
2002-12-07T12:00:00Z,-18.174997,147.42499,3.4917127071823204,27.33
2002-12-08T12:00:00Z,-18.174997,147.42499,3.5138121546961325,27.29
2002-12-09T12:00:00Z,-18.174997,147.42499,3.5359116022099446,27.97
2002-12-10T12:00:00Z,-18.174997,147.42499,3.5580110497237567,27.33
2002-12-11T12:00:00Z,-18.174997,147.42499,3.5801104972375692,27.58
2002-12-12T12:00:00Z,-18.174997,147.42499,3.6022099447513813,28.12
2002-12-13T12:00:00Z,-18.174997,147.42499,3.6243093922651934,28.12
2002-12-14T12:00:00Z,-18.174997,147.42499,3.6464088397790055,28.24
2002-12-15T12:00:00Z,-18.174997,147.42499,3.6685082872928176,28.07
2002-12-16T12:00:00Z,-18.174997,147.42499,3.6906077348066297,27.97
2002-12-17T12:00:00Z,-18.174997,147.42499,3.712707182320442,28.04
2002-12-18T12:00:00Z,-18.174997,147.42499,3.734806629834254,27.99
2002-12-19T12:00:00Z,-18.174997,147.42499,3.7569060773480665,27.98
2002-12-20T12:00:00Z,-18.174997,147.42499,3.7790055248618786,27.79
2002-12-21T12:00:00Z,-18.174997,147.42499,3.8011049723756907,27.87
2002-12-22T12:00:00Z,-18.174997,147.42499,3.8232044198895028,27.93
2002-12-23T12:00:00Z,-18.174997,147.42499,3.845303867403315,28.0
2002-12-24T12:00:00Z,-18.174997,147.42499,3.867403314917127,28.14
2002-12-25T12:00:00Z,-18.174997,147.42499,3.889502762430939,27.95
2002-12-26T12:00:00Z,-18.174997,147.42499,3.911602209944751,27.97
2002-12-27T12:00:00Z,-18.174997,147.42499,3.9337016574585637,28.1
2002-12-28T12:00:00Z,-18.174997,147.42499,3.955801104972376,28.32
2002-12-29T12:00:00Z,-18.174997,147.42499,3.977900552486188,28.17
2002-12-30T12:00:00Z,-18.174997,147.42499,4.0,28.21
2002-12-31T12:00:00Z,-18.174997,147.42499,4.0220994475138125,28.2
2003-01-01T12:00:00Z,-18.174997,147.42499,4.0,28.48
2003-01-02T12:00:00Z,-18.174997,147.42499,3.977900552486188,28.58
2003-01-03T12:00:00Z,-18.174997,147.42499,3.955801104972376,28.6
2003-01-04T12:00:00Z,-18.174997,147.42499,3.9337016574585637,28.67
2003-01-05T12:00:00Z,-18.174997,147.42499,3.911602209944751,28.48
2003-01-06T12:00:00Z,-18.174997,147.42499,3.889502762430939,28.62
2003-01-07T12:00:00Z,-18.174997,147.42499,3.867403314917127,28.4
2003-01-08T12:00:00Z,-18.174997,147.42499,3.845303867403315,28.39
2003-01-09T12:00:00Z,-18.174997,147.42499,3.8232044198895028,28.64
2003-01-10T12:00:00Z,-18.174997,147.42499,3.8011049723756907,28.37
2003-01-11T12:00:00Z,-18.174997,147.42499,3.7790055248618786,28.46
2003-01-12T12:00:00Z,-18.174997,147.42499,3.7569060773480665,28.27
2003-01-13T12:00:00Z,-18.174997,147.42499,3.734806629834254,28.22
2003-01-14T12:00:00Z,-18.174997,147.42499,3.712707182320442,28.41
2003-01-15T12:00:00Z,-18.174997,147.42499,3.6906077348066297,28.29
2003-01-16T12:00:00Z,-18.174997,147.42499,3.6685082872928176,28.27
2003-01-17T12:00:00Z,-18.174997,147.42499,3.6464088397790055,28.28
2003-01-18T12:00:00Z,-18.174997,147.42499,3.6243093922651934,28.31
2003-01-19T12:00:00Z,-18.174997,147.42499,3.6022099447513813,28.54
2003-01-20T12:00:00Z,-18.174997,147.42499,3.5801104972375692,28.27
2003-01-21T12:00:00Z,-18.174997,147.42499,3.5580110497237567,28.34
2003-01-22T12:00:00Z,-18.174997,147.42499,3.5359116022099446,28.26
2003-01-23T12:00:00Z,-18.174997,147.42499,3.5138121546961325,28.39
2003-01-24T12:00:00Z,-18.174997,147.42499,3.4917127071823204,28.43
2003-01-25T12:00:00Z,-18.174997,147.42499,3.4696132596685083,28.38
2003-01-26T12:00:00Z,-18.174997,147.42499,3.447513812154696,28.09
2003-01-27T12:00:00Z,-18.174997,147.42499,3.425414364640884,28.35
2003-01-28T12:00:00Z,-18.174997,147.42499,3.403314917127072,28.2
2003-01-29T12:00:00Z,-18.174997,147.42499,3.3812154696132595,28.05
2003-01-30T12:00:00Z,-18.174997,147.42499,3.3591160220994474,28.16
2003-01-31T12:00:00Z,-18.174997,147.42499,3.3370165745856353,28.27
2003-02-01T12:00:00Z,-18.174997,147.42499,3.314917127071823,28.23
2003-02-02T12:00:00Z,-18.174997,147.42499,3.292817679558011,28.34
2003-02-03T12:00:00Z,-18.174997,147.42499,3.270718232044199,28.65
2003-02-04T12:00:00Z,-18.174997,147.42499,3.248618784530387,28.89
2003-02-05T12:00:00Z,-18.174997,147.42499,3.226519337016575,28.75
2003-02-06T12:00:00Z,-18.174997,147.42499,3.2044198895027622,29.02
2003-02-07T12:00:00Z,-18.174997,147.42499,3.18232044198895,28.68
2003-02-08T12:00:00Z,-18.174997,147.42499,3.160220994475138,28.42
2003-02-09T12:00:00Z,-18.174997,147.42499,3.138121546961326,28.39
2003-02-10T12:00:00Z,-18.174997,147.42499,3.116022099447514,28.55
2003-02-11T12:00:00Z,-18.174997,147.42499,3.0939226519337018,28.57
2003-02-12T12:00:00Z,-18.174997,147.42499,3.0718232044198897,28.82
2003-02-13T12:00:00Z,-18.174997,147.42499,3.0497237569060776,29.18
2003-02-14T12:00:00Z,-18.174997,147.42499,3.027624309392265,28.98
2003-02-15T12:00:00Z,-18.174997,147.42499,3.005524861878453,29.16
2003-02-16T12:00:00Z,-18.174997,147.42499,2.983425414364641,28.97
2003-02-17T12:00:00Z,-18.174997,147.42499,2.9613259668508287,28.97
2003-02-18T12:00:00Z,-18.174997,147.42499,2.9392265193370166,29.2
2003-02-19T12:00:00Z,-18.174997,147.42499,2.9171270718232045,28.83
2003-02-20T12:00:00Z,-18.174997,147.42499,2.8950276243093924,29.38
2003-02-21T12:00:00Z,-18.174997,147.42499,2.8729281767955803,29.27
2003-02-22T12:00:00Z,-18.174997,147.42499,2.850828729281768,29.47
2003-02-23T12:00:00Z,-18.174997,147.42499,2.8287292817679557,28.97
2003-02-24T12:00:00Z,-18.174997,147.42499,2.8066298342541436,29.03
2003-02-25T12:00:00Z,-18.174997,147.42499,2.7845303867403315,28.72
2003-02-26T12:00:00Z,-18.174997,147.42499,2.7624309392265194,28.69
2003-02-27T12:00:00Z,-18.174997,147.42499,2.7403314917127073,28.65
2003-02-28T12:00:00Z,-18.174997,147.42499,2.718232044198895,28.7
2003-03-01T12:00:00Z,-18.174997,147.42499,2.696132596685083,28.54
2003-03-02T12:00:00Z,-18.174997,147.42499,2.6740331491712706,28.77
2003-03-03T12:00:00Z,-18.174997,147.42499,2.6519337016574585,28.57
2003-03-04T12:00:00Z,-18.174997,147.42499,2.6298342541436464,28.46
2003-03-05T12:00:00Z,-18.174997,147.42499,2.6077348066298343,28.74
2003-03-06T12:00:00Z,-18.174997,147.42499,2.585635359116022,28.63
2003-03-07T12:00:00Z,-18.174997,147.42499,2.56353591160221,28.6
2003-03-08T12:00:00Z,-18.174997,147.42499,2.541436464088398,28.62
2003-03-09T12:00:00Z,-18.174997,147.42499,2.5193370165745854,28.28
2003-03-10T12:00:00Z,-18.174997,147.42499,2.4972375690607733,28.02
2003-03-11T12:00:00Z,-18.174997,147.42499,2.4751381215469612,28.03
2003-03-12T12:00:00Z,-18.174997,147.42499,2.453038674033149,27.87
2003-03-13T12:00:00Z,-18.174997,147.42499,2.430939226519337,27.91
2003-03-14T12:00:00Z,-18.174997,147.42499,2.408839779005525,27.61
2003-03-15T12:00:00Z,-18.174997,147.42499,2.386740331491713,27.84
2003-03-16T12:00:00Z,-18.174997,147.42499,2.3646408839779007,28.36
2003-03-17T12:00:00Z,-18.174997,147.42499,2.342541436464088,28.42
2003-03-18T12:00:00Z,-18.174997,147.42499,2.320441988950276,28.41
2003-03-19T12:00:00Z,-18.174997,147.42499,2.298342541436464,28.28
2003-03-20T12:00:00Z,-18.174997,147.42499,2.276243093922652,28.18
2003-03-21T12:00:00Z,-18.174997,147.42499,2.25414364640884,28.3
2003-03-22T12:00:00Z,-18.174997,147.42499,2.2320441988950277,28.47
2003-03-23T12:00:00Z,-18.174997,147.42499,2.2099447513812156,28.38
2003-03-24T12:00:00Z,-18.174997,147.42499,2.1878453038674035,28.27
2003-03-25T12:00:00Z,-18.174997,147.42499,2.165745856353591,28.51
2003-03-26T12:00:00Z,-18.174997,147.42499,2.143646408839779,28.38
2003-03-27T12:00:00Z,-18.174997,147.42499,2.1215469613259668,28.12
2003-03-28T12:00:00Z,-18.174997,147.42499,2.0994475138121547,28.03
2003-03-29T12:00:00Z,-18.174997,147.42499,2.0773480662983426,28.08
2003-03-30T12:00:00Z,-18.174997,147.42499,2.0552486187845305,27.99
2003-03-31T12:00:00Z,-18.174997,147.42499,2.0331491712707184,27.98
2003-04-01T12:00:00Z,-18.174997,147.42499,2.0110497237569063,28.01
2003-04-02T12:00:00Z,-18.174997,147.42499,1.988950276243094,28.1
2003-04-03T12:00:00Z,-18.174997,147.42499,1.9668508287292819,27.96
2003-04-04T12:00:00Z,-18.174997,147.42499,1.9447513812154695,27.92
2003-04-05T12:00:00Z,-18.174997,147.42499,1.9226519337016574,28.27
2003-04-06T12:00:00Z,-18.174997,147.42499,1.9005524861878453,28.0
2003-04-07T12:00:00Z,-18.174997,147.42499,1.8784530386740332,27.96
2003-04-08T12:00:00Z,-18.174997,147.42499,1.856353591160221,27.99
2003-04-09T12:00:00Z,-18.174997,147.42499,1.8342541436464088,28.34
2003-04-10T12:00:00Z,-18.174997,147.42499,1.8121546961325967,28.07
2003-04-11T12:00:00Z,-18.174997,147.42499,1.7900552486187846,27.9
2003-04-12T12:00:00Z,-18.174997,147.42499,1.7679558011049723,28.19
2003-04-13T12:00:00Z,-18.174997,147.42499,1.7458563535911602,28.17
2003-04-14T12:00:00Z,-18.174997,147.42499,1.723756906077348,28.01
2003-04-15T12:00:00Z,-18.174997,147.42499,1.701657458563536,28.08
2003-04-16T12:00:00Z,-18.174997,147.42499,1.6795580110497237,28.16
2003-04-17T12:00:00Z,-18.174997,147.42499,1.6574585635359116,27.79
2003-04-18T12:00:00Z,-18.174997,147.42499,1.6353591160220995,27.67
2003-04-19T12:00:00Z,-18.174997,147.42499,1.6132596685082874,27.42
2003-04-20T12:00:00Z,-18.174997,147.42499,1.591160220994475,27.3
2003-04-21T12:00:00Z,-18.174997,147.42499,1.569060773480663,27.41
2003-04-22T12:00:00Z,-18.174997,147.42499,1.5469613259668509,27.39
2003-04-23T12:00:00Z,-18.174997,147.42499,1.5248618784530388,27.26
2003-04-24T12:00:00Z,-18.174997,147.42499,1.5027624309392265,27.2
2003-04-25T12:00:00Z,-18.174997,147.42499,1.4806629834254144,27.23
2003-04-26T12:00:00Z,-18.174997,147.42499,1.4585635359116023,27.31
2003-04-27T12:00:00Z,-18.174997,147.42499,1.4364640883977902,27.22
2003-04-28T12:00:00Z,-18.174997,147.42499,1.4143646408839778,27.36
2003-04-29T12:00:00Z,-18.174997,147.42499,1.3922651933701657,26.88
2003-04-30T12:00:00Z,-18.174997,147.42499,1.3701657458563536,26.93
2003-05-01T12:00:00Z,-18.174997,147.42499,1.3480662983425415,26.96
2003-05-02T12:00:00Z,-18.174997,147.42499,1.3259668508287292,26.93
2003-05-03T12:00:00Z,-18.174997,147.42499,1.3038674033149171,26.97
2003-05-04T12:00:00Z,-18.174997,147.42499,1.281767955801105,26.95
2003-05-05T12:00:00Z,-18.174997,147.42499,1.2596685082872927,26.86
2003-05-06T12:00:00Z,-18.174997,147.42499,1.2375690607734806,26.67
2003-05-07T12:00:00Z,-18.174997,147.42499,1.2154696132596685,26.49
2003-05-08T12:00:00Z,-18.174997,147.42499,1.1933701657458564,26.33
2003-05-09T12:00:00Z,-18.174997,147.42499,1.171270718232044,26.26
2003-05-10T12:00:00Z,-18.174997,147.42499,1.149171270718232,26.1
2003-05-11T12:00:00Z,-18.174997,147.42499,1.12707182320442,26.17
2003-05-12T12:00:00Z,-18.174997,147.42499,1.1049723756906078,26.17
2003-05-13T12:00:00Z,-18.174997,147.42499,1.0828729281767955,26.2
2003-05-14T12:00:00Z,-18.174997,147.42499,1.0607734806629834,26.21
2003-05-15T12:00:00Z,-18.174997,147.42499,1.0386740331491713,26.13
2003-05-16T12:00:00Z,-18.174997,147.42499,1.0165745856353592,26.14
2003-05-17T12:00:00Z,-18.174997,147.42499,0.994475138121547,26.61
2003-05-18T12:00:00Z,-18.174997,147.42499,0.9723756906077348,26.58
2003-05-19T12:00:00Z,-18.174997,147.42499,0.9502762430939227,26.85
2003-05-20T12:00:00Z,-18.174997,147.42499,0.9281767955801105,26.89
2003-05-21T12:00:00Z,-18.174997,147.42499,0.9060773480662984,26.8
2003-05-22T12:00:00Z,-18.174997,147.42499,0.8839779005524862,26.47
2003-05-23T12:00:00Z,-18.174997,147.42499,0.861878453038674,26.45
2003-05-24T12:00:00Z,-18.174997,147.42499,0.8397790055248618,26.44
2003-05-25T12:00:00Z,-18.174997,147.42499,0.8176795580110497,26.13
2003-05-26T12:00:00Z,-18.174997,147.42499,0.7955801104972375,26.0
2003-05-27T12:00:00Z,-18.174997,147.42499,0.7734806629834254,26.02
2003-05-28T12:00:00Z,-18.174997,147.42499,0.7513812154696132,26.25
2003-05-29T12:00:00Z,-18.174997,147.42499,0.7292817679558011,25.62
2003-05-30T12:00:00Z,-18.174997,147.42499,0.7071823204419889,25.89
2003-05-31T12:00:00Z,-18.174997,147.42499,0.6850828729281768,25.84
2003-06-01T12:00:00Z,-18.174997,147.42499,0.6629834254143646,26.01
2003-06-02T12:00:00Z,-18.174997,147.42499,0.6408839779005525,26.08
2003-06-03T12:00:00Z,-18.174997,147.42499,0.6187845303867403,26.09
2003-06-04T12:00:00Z,-18.174997,147.42499,0.5966850828729282,25.8
2003-06-05T12:00:00Z,-18.174997,147.42499,0.574585635359116,25.79
2003-06-06T12:00:00Z,-18.174997,147.42499,0.5524861878453039,25.93
2003-06-07T12:00:00Z,-18.174997,147.42499,0.5303867403314917,26.0
2003-06-08T12:00:00Z,-18.174997,147.42499,0.5082872928176796,26.12
2003-06-09T12:00:00Z,-18.174997,147.42499,0.4861878453038674,25.89
2003-06-10T12:00:00Z,-18.174997,147.42499,0.46408839779005523,25.84
2003-06-11T12:00:00Z,-18.174997,147.42499,0.4419889502762431,25.68
2003-06-12T12:00:00Z,-18.174997,147.42499,0.4198895027624309,25.57
2003-06-13T12:00:00Z,-18.174997,147.42499,0.39779005524861877,25.41
2003-06-14T12:00:00Z,-18.174997,147.42499,0.3756906077348066,25.43
2003-06-15T12:00:00Z,-18.174997,147.42499,0.35359116022099446,25.49
2003-06-16T12:00:00Z,-18.174997,147.42499,0.3314917127071823,25.5
2003-06-17T12:00:00Z,-18.174997,147.42499,0.30939226519337015,25.49
2003-06-18T12:00:00Z,-18.174997,147.42499,0.287292817679558,25.29
2003-06-19T12:00:00Z,-18.174997,147.42499,0.26519337016574585,25.39
2003-06-20T12:00:00Z,-18.174997,147.42499,0.2430939226519337,25.31
2003-06-21T12:00:00Z,-18.174997,147.42499,0.22099447513812154,25.39
2003-06-22T12:00:00Z,-18.174997,147.42499,0.19889502762430938,25.35
2003-06-23T12:00:00Z,-18.174997,147.42499,0.17679558011049723,25.31
2003-06-24T12:00:00Z,-18.174997,147.42499,0.15469613259668508,25.28
2003-06-25T12:00:00Z,-18.174997,147.42499,0.13259668508287292,24.87
2003-06-26T12:00:00Z,-18.174997,147.42499,0.11049723756906077,25.02
2003-06-27T12:00:00Z,-18.174997,147.42499,0.08839779005524862,24.73
2003-06-28T12:00:00Z,-18.174997,147.42499,0.06629834254143646,24.74
2003-06-29T12:00:00Z,-18.174997,147.42499,0.04419889502762431,24.94
2003-06-30T12:00:00Z,-18.174997,147.42499,0.022099447513812154,24.99
2003-07-01T12:00:00Z,-18.174997,147.42499,0.0,25.02
2003-07-02T12:00:00Z,-18.174997,147.42499,0.0,25.03
2003-07-03T12:00:00Z,-18.174997,147.42499,0.022099447513812154,25.0
2003-07-04T12:00:00Z,-18.174997,147.42499,0.04419889502762431,24.98
2003-07-05T12:00:00Z,-18.174997,147.42499,0.06629834254143646,24.79
2003-07-06T12:00:00Z,-18.174997,147.42499,0.08839779005524862,24.74
2003-07-07T12:00:00Z,-18.174997,147.42499,0.11049723756906077,24.77
2003-07-08T12:00:00Z,-18.174997,147.42499,0.13259668508287292,24.74
2003-07-09T12:00:00Z,-18.174997,147.42499,0.15469613259668508,24.66
2003-07-10T12:00:00Z,-18.174997,147.42499,0.17679558011049723,24.72
2003-07-11T12:00:00Z,-18.174997,147.42499,0.19889502762430938,24.72
2003-07-12T12:00:00Z,-18.174997,147.42499,0.22099447513812154,24.7
2003-07-13T12:00:00Z,-18.174997,147.42499,0.2430939226519337,24.64
2003-07-14T12:00:00Z,-18.174997,147.42499,0.26519337016574585,24.58
2003-07-15T12:00:00Z,-18.174997,147.42499,0.287292817679558,24.55
2003-07-16T12:00:00Z,-18.174997,147.42499,0.30939226519337015,24.33
2003-07-17T12:00:00Z,-18.174997,147.42499,0.3314917127071823,24.42
2003-07-18T12:00:00Z,-18.174997,147.42499,0.35359116022099446,24.37
2003-07-19T12:00:00Z,-18.174997,147.42499,0.3756906077348066,24.55
2003-07-20T12:00:00Z,-18.174997,147.42499,0.39779005524861877,24.36
2003-07-21T12:00:00Z,-18.174997,147.42499,0.4198895027624309,24.45
2003-07-22T12:00:00Z,-18.174997,147.42499,0.4419889502762431,24.45
2003-07-23T12:00:00Z,-18.174997,147.42499,0.46408839779005523,24.39
2003-07-24T12:00:00Z,-18.174997,147.42499,0.4861878453038674,24.47
2003-07-25T12:00:00Z,-18.174997,147.42499,0.5082872928176796,24.2
2003-07-26T12:00:00Z,-18.174997,147.42499,0.5303867403314917,24.46
2003-07-27T12:00:00Z,-18.174997,147.42499,0.5524861878453039,24.28
2003-07-28T12:00:00Z,-18.174997,147.42499,0.574585635359116,24.07
2003-07-29T12:00:00Z,-18.174997,147.42499,0.5966850828729282,24.35
2003-07-30T12:00:00Z,-18.174997,147.42499,0.6187845303867403,24.12
2003-07-31T12:00:00Z,-18.174997,147.42499,0.6408839779005525,23.65
2003-08-01T12:00:00Z,-18.174997,147.42499,0.6629834254143646,23.93
2003-08-02T12:00:00Z,-18.174997,147.42499,0.6850828729281768,23.7
2003-08-03T12:00:00Z,-18.174997,147.42499,0.7071823204419889,23.52
2003-08-04T12:00:00Z,-18.174997,147.42499,0.7292817679558011,23.67
2003-08-05T12:00:00Z,-18.174997,147.42499,0.7513812154696132,23.82
2003-08-06T12:00:00Z,-18.174997,147.42499,0.7734806629834254,23.84
2003-08-07T12:00:00Z,-18.174997,147.42499,0.7955801104972375,24.21
2003-08-08T12:00:00Z,-18.174997,147.42499,0.8176795580110497,24.17
2003-08-09T12:00:00Z,-18.174997,147.42499,0.8397790055248618,24.06
2003-08-10T12:00:00Z,-18.174997,147.42499,0.861878453038674,24.23
2003-08-11T12:00:00Z,-18.174997,147.42499,0.8839779005524862,24.35
2003-08-12T12:00:00Z,-18.174997,147.42499,0.9060773480662984,24.4
2003-08-13T12:00:00Z,-18.174997,147.42499,0.9281767955801105,24.37
2003-08-14T12:00:00Z,-18.174997,147.42499,0.9502762430939227,24.52
2003-08-15T12:00:00Z,-18.174997,147.42499,0.9723756906077348,24.47
2003-08-16T12:00:00Z,-18.174997,147.42499,0.994475138121547,24.44
2003-08-17T12:00:00Z,-18.174997,147.42499,1.0165745856353592,24.39
2003-08-18T12:00:00Z,-18.174997,147.42499,1.0386740331491713,24.42
2003-08-19T12:00:00Z,-18.174997,147.42499,1.0607734806629834,24.4
2003-08-20T12:00:00Z,-18.174997,147.42499,1.0828729281767955,24.37
2003-08-21T12:00:00Z,-18.174997,147.42499,1.1049723756906078,24.28
2003-08-22T12:00:00Z,-18.174997,147.42499,1.12707182320442,24.38
2003-08-23T12:00:00Z,-18.174997,147.42499,1.149171270718232,24.45
2003-08-24T12:00:00Z,-18.174997,147.42499,1.171270718232044,24.42
2003-08-25T12:00:00Z,-18.174997,147.42499,1.1933701657458564,24.53
2003-08-26T12:00:00Z,-18.174997,147.42499,1.2154696132596685,24.4
2003-08-27T12:00:00Z,-18.174997,147.42499,1.2375690607734806,24.35
2003-08-28T12:00:00Z,-18.174997,147.42499,1.2596685082872927,24.24
2003-08-29T12:00:00Z,-18.174997,147.42499,1.281767955801105,24.25
2003-08-30T12:00:00Z,-18.174997,147.42499,1.3038674033149171,24.08
2003-08-31T12:00:00Z,-18.174997,147.42499,1.3259668508287292,24.01
2003-09-01T12:00:00Z,-18.174997,147.42499,1.3480662983425415,24.45
2003-09-02T12:00:00Z,-18.174997,147.42499,1.3701657458563536,24.23
2003-09-03T12:00:00Z,-18.174997,147.42499,1.3922651933701657,24.14
2003-09-04T12:00:00Z,-18.174997,147.42499,1.4143646408839778,23.85
2003-09-05T12:00:00Z,-18.174997,147.42499,1.4364640883977902,23.97
2003-09-06T12:00:00Z,-18.174997,147.42499,1.4585635359116023,24.09
2003-09-07T12:00:00Z,-18.174997,147.42499,1.4806629834254144,23.63
2003-09-08T12:00:00Z,-18.174997,147.42499,1.5027624309392265,24.12
2003-09-09T12:00:00Z,-18.174997,147.42499,1.5248618784530388,24.15
2003-09-10T12:00:00Z,-18.174997,147.42499,1.5469613259668509,24.03
2003-09-11T12:00:00Z,-18.174997,147.42499,1.569060773480663,24.13
2003-09-12T12:00:00Z,-18.174997,147.42499,1.591160220994475,24.29
2003-09-13T12:00:00Z,-18.174997,147.42499,1.6132596685082874,24.37
2003-09-14T12:00:00Z,-18.174997,147.42499,1.6353591160220995,24.42
2003-09-15T12:00:00Z,-18.174997,147.42499,1.6574585635359116,24.5
2003-09-16T12:00:00Z,-18.174997,147.42499,1.6795580110497237,24.9
2003-09-17T12:00:00Z,-18.174997,147.42499,1.701657458563536,25.05
2003-09-18T12:00:00Z,-18.174997,147.42499,1.723756906077348,25.22
2003-09-19T12:00:00Z,-18.174997,147.42499,1.7458563535911602,25.16
2003-09-20T12:00:00Z,-18.174997,147.42499,1.7679558011049723,25.22
2003-09-21T12:00:00Z,-18.174997,147.42499,1.7900552486187846,25.22
2003-09-22T12:00:00Z,-18.174997,147.42499,1.8121546961325967,25.01
2003-09-23T12:00:00Z,-18.174997,147.42499,1.8342541436464088,24.86
2003-09-24T12:00:00Z,-18.174997,147.42499,1.856353591160221,24.98
2003-09-25T12:00:00Z,-18.174997,147.42499,1.8784530386740332,24.81
2003-09-26T12:00:00Z,-18.174997,147.42499,1.9005524861878453,25.16
2003-09-27T12:00:00Z,-18.174997,147.42499,1.9226519337016574,25.16
2003-09-28T12:00:00Z,-18.174997,147.42499,1.9447513812154695,25.21
2003-09-29T12:00:00Z,-18.174997,147.42499,1.9668508287292819,25.41
2003-09-30T12:00:00Z,-18.174997,147.42499,1.988950276243094,25.47
2003-10-01T12:00:00Z,-18.174997,147.42499,2.0110497237569063,25.43
2003-10-02T12:00:00Z,-18.174997,147.42499,2.0331491712707184,25.51
2003-10-03T12:00:00Z,-18.174997,147.42499,2.0552486187845305,25.51
2003-10-04T12:00:00Z,-18.174997,147.42499,2.0773480662983426,25.51
2003-10-05T12:00:00Z,-18.174997,147.42499,2.0994475138121547,25.43
2003-10-06T12:00:00Z,-18.174997,147.42499,2.1215469613259668,25.49
2003-10-07T12:00:00Z,-18.174997,147.42499,2.143646408839779,25.47
2003-10-08T12:00:00Z,-18.174997,147.42499,2.165745856353591,25.8
2003-10-09T12:00:00Z,-18.174997,147.42499,2.1878453038674035,25.83
2003-10-10T12:00:00Z,-18.174997,147.42499,2.2099447513812156,25.74
2003-10-11T12:00:00Z,-18.174997,147.42499,2.2320441988950277,25.93
2003-10-12T12:00:00Z,-18.174997,147.42499,2.25414364640884,26.01
2003-10-13T12:00:00Z,-18.174997,147.42499,2.276243093922652,25.54
2003-10-14T12:00:00Z,-18.174997,147.42499,2.298342541436464,25.44
2003-10-15T12:00:00Z,-18.174997,147.42499,2.320441988950276,25.21
2003-10-16T12:00:00Z,-18.174997,147.42499,2.342541436464088,25.37
2003-10-17T12:00:00Z,-18.174997,147.42499,2.3646408839779007,25.97
2003-10-18T12:00:00Z,-18.174997,147.42499,2.386740331491713,25.8
2003-10-19T12:00:00Z,-18.174997,147.42499,2.408839779005525,25.7
2003-10-20T12:00:00Z,-18.174997,147.42499,2.430939226519337,25.74
2003-10-21T12:00:00Z,-18.174997,147.42499,2.453038674033149,25.74
2003-10-22T12:00:00Z,-18.174997,147.42499,2.4751381215469612,25.94
2003-10-23T12:00:00Z,-18.174997,147.42499,2.4972375690607733,25.99
2003-10-24T12:00:00Z,-18.174997,147.42499,2.5193370165745854,25.81
2003-10-25T12:00:00Z,-18.174997,147.42499,2.541436464088398,25.86
2003-10-26T12:00:00Z,-18.174997,147.42499,2.56353591160221,26.04
2003-10-27T12:00:00Z,-18.174997,147.42499,2.585635359116022,26.13
2003-10-28T12:00:00Z,-18.174997,147.42499,2.6077348066298343,26.23
2003-10-29T12:00:00Z,-18.174997,147.42499,2.6298342541436464,26.06
2003-10-30T12:00:00Z,-18.174997,147.42499,2.6519337016574585,26.15
2003-10-31T12:00:00Z,-18.174997,147.42499,2.6740331491712706,26.2
2003-11-01T12:00:00Z,-18.174997,147.42499,2.696132596685083,26.39
2003-11-02T12:00:00Z,-18.174997,147.42499,2.718232044198895,26.7
2003-11-03T12:00:00Z,-18.174997,147.42499,2.7403314917127073,26.4
2003-11-04T12:00:00Z,-18.174997,147.42499,2.7624309392265194,26.24
2003-11-05T12:00:00Z,-18.174997,147.42499,2.7845303867403315,26.18
2003-11-06T12:00:00Z,-18.174997,147.42499,2.8066298342541436,26.38
2003-11-07T12:00:00Z,-18.174997,147.42499,2.8287292817679557,26.35
2003-11-08T12:00:00Z,-18.174997,147.42499,2.850828729281768,26.15
2003-11-09T12:00:00Z,-18.174997,147.42499,2.8729281767955803,26.16
2003-11-10T12:00:00Z,-18.174997,147.42499,2.8950276243093924,26.1
2003-11-11T12:00:00Z,-18.174997,147.42499,2.9171270718232045,25.98
2003-11-12T12:00:00Z,-18.174997,147.42499,2.9392265193370166,26.13
2003-11-13T12:00:00Z,-18.174997,147.42499,2.9613259668508287,26.18
2003-11-14T12:00:00Z,-18.174997,147.42499,2.983425414364641,26.36
2003-11-15T12:00:00Z,-18.174997,147.42499,3.005524861878453,26.32
2003-11-16T12:00:00Z,-18.174997,147.42499,3.027624309392265,26.42
2003-11-17T12:00:00Z,-18.174997,147.42499,3.0497237569060776,26.48
2003-11-18T12:00:00Z,-18.174997,147.42499,3.0718232044198897,26.54
2003-11-19T12:00:00Z,-18.174997,147.42499,3.0939226519337018,26.48
2003-11-20T12:00:00Z,-18.174997,147.42499,3.116022099447514,26.46
2003-11-21T12:00:00Z,-18.174997,147.42499,3.138121546961326,26.71
2003-11-22T12:00:00Z,-18.174997,147.42499,3.160220994475138,26.81
2003-11-23T12:00:00Z,-18.174997,147.42499,3.18232044198895,26.82
2003-11-24T12:00:00Z,-18.174997,147.42499,3.2044198895027622,26.79
2003-11-25T12:00:00Z,-18.174997,147.42499,3.226519337016575,26.91
2003-11-26T12:00:00Z,-18.174997,147.42499,3.248618784530387,27.19
2003-11-27T12:00:00Z,-18.174997,147.42499,3.270718232044199,27.13
2003-11-28T12:00:00Z,-18.174997,147.42499,3.292817679558011,26.84
2003-11-29T12:00:00Z,-18.174997,147.42499,3.314917127071823,26.65
2003-11-30T12:00:00Z,-18.174997,147.42499,3.3370165745856353,26.58
2003-12-01T12:00:00Z,-18.174997,147.42499,3.3591160220994474,26.54
2003-12-02T12:00:00Z,-18.174997,147.42499,3.3812154696132595,26.69
2003-12-03T12:00:00Z,-18.174997,147.42499,3.403314917127072,26.89
2003-12-04T12:00:00Z,-18.174997,147.42499,3.425414364640884,27.15
2003-12-05T12:00:00Z,-18.174997,147.42499,3.447513812154696,27.25
2003-12-06T12:00:00Z,-18.174997,147.42499,3.4696132596685083,27.33
2003-12-07T12:00:00Z,-18.174997,147.42499,3.4917127071823204,27.47
2003-12-08T12:00:00Z,-18.174997,147.42499,3.5138121546961325,27.5
2003-12-09T12:00:00Z,-18.174997,147.42499,3.5359116022099446,27.86
2003-12-10T12:00:00Z,-18.174997,147.42499,3.5580110497237567,27.92
2003-12-11T12:00:00Z,-18.174997,147.42499,3.5801104972375692,28.29
2003-12-12T12:00:00Z,-18.174997,147.42499,3.6022099447513813,28.12
2003-12-13T12:00:00Z,-18.174997,147.42499,3.6243093922651934,28.39
2003-12-14T12:00:00Z,-18.174997,147.42499,3.6464088397790055,28.41
2003-12-15T12:00:00Z,-18.174997,147.42499,3.6685082872928176,28.44
2003-12-16T12:00:00Z,-18.174997,147.42499,3.6906077348066297,28.33
2003-12-17T12:00:00Z,-18.174997,147.42499,3.712707182320442,28.35
2003-12-18T12:00:00Z,-18.174997,147.42499,3.734806629834254,28.15
2003-12-19T12:00:00Z,-18.174997,147.42499,3.7569060773480665,28.07
2003-12-20T12:00:00Z,-18.174997,147.42499,3.7790055248618786,28.18
2003-12-21T12:00:00Z,-18.174997,147.42499,3.8011049723756907,28.31
2003-12-22T12:00:00Z,-18.174997,147.42499,3.8232044198895028,28.47
2003-12-23T12:00:00Z,-18.174997,147.42499,3.845303867403315,28.81
2003-12-24T12:00:00Z,-18.174997,147.42499,3.867403314917127,28.78
2003-12-25T12:00:00Z,-18.174997,147.42499,3.889502762430939,28.26
2003-12-26T12:00:00Z,-18.174997,147.42499,3.911602209944751,29.19
2003-12-27T12:00:00Z,-18.174997,147.42499,3.9337016574585637,29.35
2003-12-28T12:00:00Z,-18.174997,147.42499,3.955801104972376,29.37
2003-12-29T12:00:00Z,-18.174997,147.42499,3.977900552486188,29.35
2003-12-30T12:00:00Z,-18.174997,147.42499,4.0,28.86
2003-12-31T12:00:00Z,-18.174997,147.42499,4.0220994475138125,28.6
2004-01-01T12:00:00Z,-18.174997,147.42499,4.0,28.37
2004-01-02T12:00:00Z,-18.174997,147.42499,3.977900552486188,28.47
2004-01-03T12:00:00Z,-18.174997,147.42499,3.955801104972376,28.47
2004-01-04T12:00:00Z,-18.174997,147.42499,3.9337016574585637,28.65
2004-01-05T12:00:00Z,-18.174997,147.42499,3.911602209944751,29.08
2004-01-06T12:00:00Z,-18.174997,147.42499,3.889502762430939,28.98
2004-01-07T12:00:00Z,-18.174997,147.42499,3.867403314917127,28.95
2004-01-08T12:00:00Z,-18.174997,147.42499,3.845303867403315,29.22
2004-01-09T12:00:00Z,-18.174997,147.42499,3.8232044198895028,29.32
2004-01-10T12:00:00Z,-18.174997,147.42499,3.8011049723756907,29.47
2004-01-11T12:00:00Z,-18.174997,147.42499,3.7790055248618786,29.45
2004-01-12T12:00:00Z,-18.174997,147.42499,3.7569060773480665,29.31
2004-01-13T12:00:00Z,-18.174997,147.42499,3.734806629834254,29.1
2004-01-14T12:00:00Z,-18.174997,147.42499,3.712707182320442,29.06
2004-01-15T12:00:00Z,-18.174997,147.42499,3.6906077348066297,29.14
2004-01-16T12:00:00Z,-18.174997,147.42499,3.6685082872928176,29.14
2004-01-17T12:00:00Z,-18.174997,147.42499,3.6464088397790055,29.27
2004-01-18T12:00:00Z,-18.174997,147.42499,3.6243093922651934,29.34
2004-01-19T12:00:00Z,-18.174997,147.42499,3.6022099447513813,28.86
2004-01-20T12:00:00Z,-18.174997,147.42499,3.5801104972375692,28.88
2004-01-21T12:00:00Z,-18.174997,147.42499,3.5580110497237567,28.72
2004-01-22T12:00:00Z,-18.174997,147.42499,3.5359116022099446,28.7
2004-01-23T12:00:00Z,-18.174997,147.42499,3.5138121546961325,28.96
2004-01-24T12:00:00Z,-18.174997,147.42499,3.4917127071823204,29.19
2004-01-25T12:00:00Z,-18.174997,147.42499,3.4696132596685083,28.98
2004-01-26T12:00:00Z,-18.174997,147.42499,3.447513812154696,29.6
2004-01-27T12:00:00Z,-18.174997,147.42499,3.425414364640884,29.69
2004-01-28T12:00:00Z,-18.174997,147.42499,3.403314917127072,29.89
2004-01-29T12:00:00Z,-18.174997,147.42499,3.3812154696132595,30.04
2004-01-30T12:00:00Z,-18.174997,147.42499,3.3591160220994474,30.07
2004-01-31T12:00:00Z,-18.174997,147.42499,3.3370165745856353,30.16
2004-02-01T12:00:00Z,-18.174997,147.42499,3.314917127071823,29.88
2004-02-02T12:00:00Z,-18.174997,147.42499,3.292817679558011,29.75
2004-02-03T12:00:00Z,-18.174997,147.42499,3.270718232044199,29.72
2004-02-04T12:00:00Z,-18.174997,147.42499,3.248618784530387,29.45
2004-02-05T12:00:00Z,-18.174997,147.42499,3.226519337016575,29.31
2004-02-06T12:00:00Z,-18.174997,147.42499,3.2044198895027622,29.52
2004-02-07T12:00:00Z,-18.174997,147.42499,3.18232044198895,28.95
2004-02-08T12:00:00Z,-18.174997,147.42499,3.160220994475138,29.09
2004-02-09T12:00:00Z,-18.174997,147.42499,3.138121546961326,28.74
2004-02-10T12:00:00Z,-18.174997,147.42499,3.116022099447514,28.75
2004-02-11T12:00:00Z,-18.174997,147.42499,3.0939226519337018,28.74
2004-02-12T12:00:00Z,-18.174997,147.42499,3.0718232044198897,28.96
2004-02-13T12:00:00Z,-18.174997,147.42499,3.0497237569060776,29.17
2004-02-14T12:00:00Z,-18.174997,147.42499,3.027624309392265,29.07
2004-02-15T12:00:00Z,-18.174997,147.42499,3.005524861878453,29.11
2004-02-16T12:00:00Z,-18.174997,147.42499,2.983425414364641,29.07
2004-02-17T12:00:00Z,-18.174997,147.42499,2.9613259668508287,29.22
2004-02-18T12:00:00Z,-18.174997,147.42499,2.9392265193370166,29.2
2004-02-19T12:00:00Z,-18.174997,147.42499,2.9171270718232045,29.15
2004-02-20T12:00:00Z,-18.174997,147.42499,2.8950276243093924,29.53
2004-02-21T12:00:00Z,-18.174997,147.42499,2.8729281767955803,29.47
2004-02-22T12:00:00Z,-18.174997,147.42499,2.850828729281768,29.51
2004-02-23T12:00:00Z,-18.174997,147.42499,2.8287292817679557,29.63
2004-02-24T12:00:00Z,-18.174997,147.42499,2.8066298342541436,29.82
2004-02-25T12:00:00Z,-18.174997,147.42499,2.7845303867403315,30.1
2004-02-26T12:00:00Z,-18.174997,147.42499,2.7624309392265194,29.94
2004-02-27T12:00:00Z,-18.174997,147.42499,2.7403314917127073,29.82
2004-02-28T12:00:00Z,-18.174997,147.42499,2.718232044198895,29.59
2004-02-29T12:00:00Z,-18.174997,147.42499,2.696132596685083,29.79
2004-03-01T12:00:00Z,-18.174997,147.42499,2.6740331491712706,29.87
2004-03-02T12:00:00Z,-18.174997,147.42499,2.6519337016574585,30.07
2004-03-03T12:00:00Z,-18.174997,147.42499,2.6298342541436464,29.09
2004-03-04T12:00:00Z,-18.174997,147.42499,2.6077348066298343,28.88
2004-03-05T12:00:00Z,-18.174997,147.42499,2.585635359116022,29.01
2004-03-06T12:00:00Z,-18.174997,147.42499,2.56353591160221,29.07
2004-03-07T12:00:00Z,-18.174997,147.42499,2.541436464088398,28.88
2004-03-08T12:00:00Z,-18.174997,147.42499,2.5193370165745854,29.35
2004-03-09T12:00:00Z,-18.174997,147.42499,2.4972375690607733,29.16
2004-03-10T12:00:00Z,-18.174997,147.42499,2.4751381215469612,29.36
2004-03-11T12:00:00Z,-18.174997,147.42499,2.453038674033149,29.31
2004-03-12T12:00:00Z,-18.174997,147.42499,2.430939226519337,28.92
2004-03-13T12:00:00Z,-18.174997,147.42499,2.408839779005525,28.75
2004-03-14T12:00:00Z,-18.174997,147.42499,2.386740331491713,28.72
2004-03-15T12:00:00Z,-18.174997,147.42499,2.3646408839779007,28.99
2004-03-16T12:00:00Z,-18.174997,147.42499,2.342541436464088,28.75
2004-03-17T12:00:00Z,-18.174997,147.42499,2.320441988950276,28.92
2004-03-18T12:00:00Z,-18.174997,147.42499,2.298342541436464,28.78
2004-03-19T12:00:00Z,-18.174997,147.42499,2.276243093922652,28.72
2004-03-20T12:00:00Z,-18.174997,147.42499,2.25414364640884,28.66
2004-03-21T12:00:00Z,-18.174997,147.42499,2.2320441988950277,28.57
2004-03-22T12:00:00Z,-18.174997,147.42499,2.2099447513812156,28.59
2004-03-23T12:00:00Z,-18.174997,147.42499,2.1878453038674035,28.47
2004-03-24T12:00:00Z,-18.174997,147.42499,2.165745856353591,28.24
2004-03-25T12:00:00Z,-18.174997,147.42499,2.143646408839779,28.26
2004-03-26T12:00:00Z,-18.174997,147.42499,2.1215469613259668,28.11
2004-03-27T12:00:00Z,-18.174997,147.42499,2.0994475138121547,28.16
2004-03-28T12:00:00Z,-18.174997,147.42499,2.0773480662983426,28.01
2004-03-29T12:00:00Z,-18.174997,147.42499,2.0552486187845305,27.96
2004-03-30T12:00:00Z,-18.174997,147.42499,2.0331491712707184,28.18
2004-03-31T12:00:00Z,-18.174997,147.42499,2.0110497237569063,28.03
2004-04-01T12:00:00Z,-18.174997,147.42499,1.988950276243094,28.1
2004-04-02T12:00:00Z,-18.174997,147.42499,1.9668508287292819,27.87
2004-04-03T12:00:00Z,-18.174997,147.42499,1.9447513812154695,28.06
2004-04-04T12:00:00Z,-18.174997,147.42499,1.9226519337016574,27.81
2004-04-05T12:00:00Z,-18.174997,147.42499,1.9005524861878453,27.76
2004-04-06T12:00:00Z,-18.174997,147.42499,1.8784530386740332,27.5
2004-04-07T12:00:00Z,-18.174997,147.42499,1.856353591160221,27.44
2004-04-08T12:00:00Z,-18.174997,147.42499,1.8342541436464088,27.4
2004-04-09T12:00:00Z,-18.174997,147.42499,1.8121546961325967,27.51
2004-04-10T12:00:00Z,-18.174997,147.42499,1.7900552486187846,27.51
2004-04-11T12:00:00Z,-18.174997,147.42499,1.7679558011049723,27.38
2004-04-12T12:00:00Z,-18.174997,147.42499,1.7458563535911602,27.19
2004-04-13T12:00:00Z,-18.174997,147.42499,1.723756906077348,27.03
2004-04-14T12:00:00Z,-18.174997,147.42499,1.701657458563536,26.83
2004-04-15T12:00:00Z,-18.174997,147.42499,1.6795580110497237,26.83
2004-04-16T12:00:00Z,-18.174997,147.42499,1.6574585635359116,26.81
2004-04-17T12:00:00Z,-18.174997,147.42499,1.6353591160220995,26.97
2004-04-18T12:00:00Z,-18.174997,147.42499,1.6132596685082874,26.72
2004-04-19T12:00:00Z,-18.174997,147.42499,1.591160220994475,26.87
2004-04-20T12:00:00Z,-18.174997,147.42499,1.569060773480663,26.85
2004-04-21T12:00:00Z,-18.174997,147.42499,1.5469613259668509,26.74
2004-04-22T12:00:00Z,-18.174997,147.42499,1.5248618784530388,26.72
2004-04-23T12:00:00Z,-18.174997,147.42499,1.5027624309392265,26.5
2004-04-24T12:00:00Z,-18.174997,147.42499,1.4806629834254144,26.35
2004-04-25T12:00:00Z,-18.174997,147.42499,1.4585635359116023,26.36
2004-04-26T12:00:00Z,-18.174997,147.42499,1.4364640883977902,26.41
2004-04-27T12:00:00Z,-18.174997,147.42499,1.4143646408839778,26.4
2004-04-28T12:00:00Z,-18.174997,147.42499,1.3922651933701657,26.35
2004-04-29T12:00:00Z,-18.174997,147.42499,1.3701657458563536,26.53
2004-04-30T12:00:00Z,-18.174997,147.42499,1.3480662983425415,26.1
2004-05-01T12:00:00Z,-18.174997,147.42499,1.3259668508287292,25.91
2004-05-02T12:00:00Z,-18.174997,147.42499,1.3038674033149171,25.84
2004-05-03T12:00:00Z,-18.174997,147.42499,1.281767955801105,25.96
2004-05-04T12:00:00Z,-18.174997,147.42499,1.2596685082872927,25.81
2004-05-05T12:00:00Z,-18.174997,147.42499,1.2375690607734806,25.88
2004-05-06T12:00:00Z,-18.174997,147.42499,1.2154696132596685,25.89
2004-05-07T12:00:00Z,-18.174997,147.42499,1.1933701657458564,26.01
2004-05-08T12:00:00Z,-18.174997,147.42499,1.171270718232044,26.26
2004-05-09T12:00:00Z,-18.174997,147.42499,1.149171270718232,26.31
2004-05-10T12:00:00Z,-18.174997,147.42499,1.12707182320442,26.35
2004-05-11T12:00:00Z,-18.174997,147.42499,1.1049723756906078,26.48
2004-05-12T12:00:00Z,-18.174997,147.42499,1.0828729281767955,26.48
2004-05-13T12:00:00Z,-18.174997,147.42499,1.0607734806629834,26.27
2004-05-14T12:00:00Z,-18.174997,147.42499,1.0386740331491713,26.2
2004-05-15T12:00:00Z,-18.174997,147.42499,1.0165745856353592,26.33
2004-05-16T12:00:00Z,-18.174997,147.42499,0.994475138121547,26.27
2004-05-17T12:00:00Z,-18.174997,147.42499,0.9723756906077348,25.93
2004-05-18T12:00:00Z,-18.174997,147.42499,0.9502762430939227,25.97
2004-05-19T12:00:00Z,-18.174997,147.42499,0.9281767955801105,26.25
2004-05-20T12:00:00Z,-18.174997,147.42499,0.9060773480662984,26.26
2004-05-21T12:00:00Z,-18.174997,147.42499,0.8839779005524862,26.22
2004-05-22T12:00:00Z,-18.174997,147.42499,0.861878453038674,26.09
2004-05-23T12:00:00Z,-18.174997,147.42499,0.8397790055248618,26.16
2004-05-24T12:00:00Z,-18.174997,147.42499,0.8176795580110497,26.1
2004-05-25T12:00:00Z,-18.174997,147.42499,0.7955801104972375,25.97
2004-05-26T12:00:00Z,-18.174997,147.42499,0.7734806629834254,26.18
2004-05-27T12:00:00Z,-18.174997,147.42499,0.7513812154696132,26.16
2004-05-28T12:00:00Z,-18.174997,147.42499,0.7292817679558011,26.17
2004-05-29T12:00:00Z,-18.174997,147.42499,0.7071823204419889,26.02
2004-05-30T12:00:00Z,-18.174997,147.42499,0.6850828729281768,25.92
2004-05-31T12:00:00Z,-18.174997,147.42499,0.6629834254143646,25.84
2004-06-01T12:00:00Z,-18.174997,147.42499,0.6408839779005525,25.77
2004-06-02T12:00:00Z,-18.174997,147.42499,0.6187845303867403,25.88
2004-06-03T12:00:00Z,-18.174997,147.42499,0.5966850828729282,25.81
2004-06-04T12:00:00Z,-18.174997,147.42499,0.574585635359116,25.78
2004-06-05T12:00:00Z,-18.174997,147.42499,0.5524861878453039,25.6
2004-06-06T12:00:00Z,-18.174997,147.42499,0.5303867403314917,25.69
2004-06-07T12:00:00Z,-18.174997,147.42499,0.5082872928176796,25.62
2004-06-08T12:00:00Z,-18.174997,147.42499,0.4861878453038674,25.43
2004-06-09T12:00:00Z,-18.174997,147.42499,0.46408839779005523,25.62
2004-06-10T12:00:00Z,-18.174997,147.42499,0.4419889502762431,25.63
2004-06-11T12:00:00Z,-18.174997,147.42499,0.4198895027624309,25.95
2004-06-12T12:00:00Z,-18.174997,147.42499,0.39779005524861877,25.69
2004-06-13T12:00:00Z,-18.174997,147.42499,0.3756906077348066,25.57
2004-06-14T12:00:00Z,-18.174997,147.42499,0.35359116022099446,25.32
2004-06-15T12:00:00Z,-18.174997,147.42499,0.3314917127071823,25.1
2004-06-16T12:00:00Z,-18.174997,147.42499,0.30939226519337015,25.47
2004-06-17T12:00:00Z,-18.174997,147.42499,0.287292817679558,25.47
2004-06-18T12:00:00Z,-18.174997,147.42499,0.26519337016574585,25.18
2004-06-19T12:00:00Z,-18.174997,147.42499,0.2430939226519337,25.17
2004-06-20T12:00:00Z,-18.174997,147.42499,0.22099447513812154,25.18
2004-06-21T12:00:00Z,-18.174997,147.42499,0.19889502762430938,24.94
2004-06-22T12:00:00Z,-18.174997,147.42499,0.17679558011049723,24.72
2004-06-23T12:00:00Z,-18.174997,147.42499,0.15469613259668508,24.69
2004-06-24T12:00:00Z,-18.174997,147.42499,0.13259668508287292,24.78
2004-06-25T12:00:00Z,-18.174997,147.42499,0.11049723756906077,24.7
2004-06-26T12:00:00Z,-18.174997,147.42499,0.08839779005524862,24.11
2004-06-27T12:00:00Z,-18.174997,147.42499,0.06629834254143646,24.39
2004-06-28T12:00:00Z,-18.174997,147.42499,0.04419889502762431,24.12
2004-06-29T12:00:00Z,-18.174997,147.42499,0.022099447513812154,24.08
2004-06-30T12:00:00Z,-18.174997,147.42499,0.0,24.04
2004-07-01T12:00:00Z,-18.174997,147.42499,-0.022099447513812154,24.1
2004-07-02T12:00:00Z,-18.174997,147.42499,0.0,24.24
2004-07-03T12:00:00Z,-18.174997,147.42499,0.022099447513812154,23.98
2004-07-04T12:00:00Z,-18.174997,147.42499,0.04419889502762431,24.16
2004-07-05T12:00:00Z,-18.174997,147.42499,0.06629834254143646,24.17
2004-07-06T12:00:00Z,-18.174997,147.42499,0.08839779005524862,24.29
2004-07-07T12:00:00Z,-18.174997,147.42499,0.11049723756906077,24.49
2004-07-08T12:00:00Z,-18.174997,147.42499,0.13259668508287292,24.31
2004-07-09T12:00:00Z,-18.174997,147.42499,0.15469613259668508,24.19
2004-07-10T12:00:00Z,-18.174997,147.42499,0.17679558011049723,24.12
2004-07-11T12:00:00Z,-18.174997,147.42499,0.19889502762430938,24.09
2004-07-12T12:00:00Z,-18.174997,147.42499,0.22099447513812154,24.11
2004-07-13T12:00:00Z,-18.174997,147.42499,0.2430939226519337,24.28
2004-07-14T12:00:00Z,-18.174997,147.42499,0.26519337016574585,24.19
2004-07-15T12:00:00Z,-18.174997,147.42499,0.287292817679558,24.18
2004-07-16T12:00:00Z,-18.174997,147.42499,0.30939226519337015,24.16
2004-07-17T12:00:00Z,-18.174997,147.42499,0.3314917127071823,23.93
2004-07-18T12:00:00Z,-18.174997,147.42499,0.35359116022099446,24.21
2004-07-19T12:00:00Z,-18.174997,147.42499,0.3756906077348066,23.99
2004-07-20T12:00:00Z,-18.174997,147.42499,0.39779005524861877,23.89
2004-07-21T12:00:00Z,-18.174997,147.42499,0.4198895027624309,23.83
2004-07-22T12:00:00Z,-18.174997,147.42499,0.4419889502762431,23.85
2004-07-23T12:00:00Z,-18.174997,147.42499,0.46408839779005523,23.93
2004-07-24T12:00:00Z,-18.174997,147.42499,0.4861878453038674,23.81
2004-07-25T12:00:00Z,-18.174997,147.42499,0.5082872928176796,23.96
2004-07-26T12:00:00Z,-18.174997,147.42499,0.5303867403314917,24.06
2004-07-27T12:00:00Z,-18.174997,147.42499,0.5524861878453039,24.02
2004-07-28T12:00:00Z,-18.174997,147.42499,0.574585635359116,23.99
2004-07-29T12:00:00Z,-18.174997,147.42499,0.5966850828729282,24.05
2004-07-30T12:00:00Z,-18.174997,147.42499,0.6187845303867403,23.97
2004-07-31T12:00:00Z,-18.174997,147.42499,0.6408839779005525,23.61
2004-08-01T12:00:00Z,-18.174997,147.42499,0.6629834254143646,23.7
2004-08-02T12:00:00Z,-18.174997,147.42499,0.6850828729281768,24.09
2004-08-03T12:00:00Z,-18.174997,147.42499,0.7071823204419889,24.4
2004-08-04T12:00:00Z,-18.174997,147.42499,0.7292817679558011,24.06
2004-08-05T12:00:00Z,-18.174997,147.42499,0.7513812154696132,24.23
2004-08-06T12:00:00Z,-18.174997,147.42499,0.7734806629834254,24.38
2004-08-07T12:00:00Z,-18.174997,147.42499,0.7955801104972375,24.41
2004-08-08T12:00:00Z,-18.174997,147.42499,0.8176795580110497,24.54
2004-08-09T12:00:00Z,-18.174997,147.42499,0.8397790055248618,24.41
2004-08-10T12:00:00Z,-18.174997,147.42499,0.861878453038674,24.49
2004-08-11T12:00:00Z,-18.174997,147.42499,0.8839779005524862,24.57
2004-08-12T12:00:00Z,-18.174997,147.42499,0.9060773480662984,24.48
2004-08-13T12:00:00Z,-18.174997,147.42499,0.9281767955801105,24.63
2004-08-14T12:00:00Z,-18.174997,147.42499,0.9502762430939227,24.48
2004-08-15T12:00:00Z,-18.174997,147.42499,0.9723756906077348,24.5
2004-08-16T12:00:00Z,-18.174997,147.42499,0.994475138121547,24.54
2004-08-17T12:00:00Z,-18.174997,147.42499,1.0165745856353592,24.62
2004-08-18T12:00:00Z,-18.174997,147.42499,1.0386740331491713,24.74
2004-08-19T12:00:00Z,-18.174997,147.42499,1.0607734806629834,24.72
2004-08-20T12:00:00Z,-18.174997,147.42499,1.0828729281767955,24.4
2004-08-21T12:00:00Z,-18.174997,147.42499,1.1049723756906078,24.35
2004-08-22T12:00:00Z,-18.174997,147.42499,1.12707182320442,24.25
2004-08-23T12:00:00Z,-18.174997,147.42499,1.149171270718232,24.5
2004-08-24T12:00:00Z,-18.174997,147.42499,1.171270718232044,24.43
2004-08-25T12:00:00Z,-18.174997,147.42499,1.1933701657458564,24.4
2004-08-26T12:00:00Z,-18.174997,147.42499,1.2154696132596685,24.34
2004-08-27T12:00:00Z,-18.174997,147.42499,1.2375690607734806,24.34
2004-08-28T12:00:00Z,-18.174997,147.42499,1.2596685082872927,24.13
2004-08-29T12:00:00Z,-18.174997,147.42499,1.281767955801105,24.22
2004-08-30T12:00:00Z,-18.174997,147.42499,1.3038674033149171,24.26
2004-08-31T12:00:00Z,-18.174997,147.42499,1.3259668508287292,24.24
2004-09-01T12:00:00Z,-18.174997,147.42499,1.3480662983425415,24.08
2004-09-02T12:00:00Z,-18.174997,147.42499,1.3701657458563536,24.17
2004-09-03T12:00:00Z,-18.174997,147.42499,1.3922651933701657,24.15
2004-09-04T12:00:00Z,-18.174997,147.42499,1.4143646408839778,24.06
2004-09-05T12:00:00Z,-18.174997,147.42499,1.4364640883977902,24.0
2004-09-06T12:00:00Z,-18.174997,147.42499,1.4585635359116023,23.88
2004-09-07T12:00:00Z,-18.174997,147.42499,1.4806629834254144,24.12
2004-09-08T12:00:00Z,-18.174997,147.42499,1.5027624309392265,24.25
2004-09-09T12:00:00Z,-18.174997,147.42499,1.5248618784530388,24.3
2004-09-10T12:00:00Z,-18.174997,147.42499,1.5469613259668509,24.25
2004-09-11T12:00:00Z,-18.174997,147.42499,1.569060773480663,24.42
2004-09-12T12:00:00Z,-18.174997,147.42499,1.591160220994475,24.41
2004-09-13T12:00:00Z,-18.174997,147.42499,1.6132596685082874,24.33
2004-09-14T12:00:00Z,-18.174997,147.42499,1.6353591160220995,24.31
2004-09-15T12:00:00Z,-18.174997,147.42499,1.6574585635359116,24.29
2004-09-16T12:00:00Z,-18.174997,147.42499,1.6795580110497237,24.25
2004-09-17T12:00:00Z,-18.174997,147.42499,1.701657458563536,24.32
2004-09-18T12:00:00Z,-18.174997,147.42499,1.723756906077348,24.29
2004-09-19T12:00:00Z,-18.174997,147.42499,1.7458563535911602,24.25
2004-09-20T12:00:00Z,-18.174997,147.42499,1.7679558011049723,24.43
2004-09-21T12:00:00Z,-18.174997,147.42499,1.7900552486187846,24.48
2004-09-22T12:00:00Z,-18.174997,147.42499,1.8121546961325967,24.56
2004-09-23T12:00:00Z,-18.174997,147.42499,1.8342541436464088,24.67
2004-09-24T12:00:00Z,-18.174997,147.42499,1.856353591160221,24.67
2004-09-25T12:00:00Z,-18.174997,147.42499,1.8784530386740332,24.6
2004-09-26T12:00:00Z,-18.174997,147.42499,1.9005524861878453,24.54
2004-09-27T12:00:00Z,-18.174997,147.42499,1.9226519337016574,24.65
2004-09-28T12:00:00Z,-18.174997,147.42499,1.9447513812154695,24.71
2004-09-29T12:00:00Z,-18.174997,147.42499,1.9668508287292819,24.5
2004-09-30T12:00:00Z,-18.174997,147.42499,1.988950276243094,24.68
2004-10-01T12:00:00Z,-18.174997,147.42499,2.0110497237569063,24.79
2004-10-02T12:00:00Z,-18.174997,147.42499,2.0331491712707184,24.77
2004-10-03T12:00:00Z,-18.174997,147.42499,2.0552486187845305,24.88
2004-10-04T12:00:00Z,-18.174997,147.42499,2.0773480662983426,24.89
2004-10-05T12:00:00Z,-18.174997,147.42499,2.0994475138121547,24.95
2004-10-06T12:00:00Z,-18.174997,147.42499,2.1215469613259668,25.09
2004-10-07T12:00:00Z,-18.174997,147.42499,2.143646408839779,25.34
2004-10-08T12:00:00Z,-18.174997,147.42499,2.165745856353591,25.59
2004-10-09T12:00:00Z,-18.174997,147.42499,2.1878453038674035,25.46
2004-10-10T12:00:00Z,-18.174997,147.42499,2.2099447513812156,25.54
2004-10-11T12:00:00Z,-18.174997,147.42499,2.2320441988950277,25.52
2004-10-12T12:00:00Z,-18.174997,147.42499,2.25414364640884,25.21
2004-10-13T12:00:00Z,-18.174997,147.42499,2.276243093922652,25.14
2004-10-14T12:00:00Z,-18.174997,147.42499,2.298342541436464,25.11
2004-10-15T12:00:00Z,-18.174997,147.42499,2.320441988950276,25.19
2004-10-16T12:00:00Z,-18.174997,147.42499,2.342541436464088,25.32
2004-10-17T12:00:00Z,-18.174997,147.42499,2.3646408839779007,25.29
2004-10-18T12:00:00Z,-18.174997,147.42499,2.386740331491713,25.49
2004-10-19T12:00:00Z,-18.174997,147.42499,2.408839779005525,25.47
2004-10-20T12:00:00Z,-18.174997,147.42499,2.430939226519337,25.45
2004-10-21T12:00:00Z,-18.174997,147.42499,2.453038674033149,25.59
2004-10-22T12:00:00Z,-18.174997,147.42499,2.4751381215469612,25.73
2004-10-23T12:00:00Z,-18.174997,147.42499,2.4972375690607733,25.74
2004-10-24T12:00:00Z,-18.174997,147.42499,2.5193370165745854,26.09
2004-10-25T12:00:00Z,-18.174997,147.42499,2.541436464088398,26.32
2004-10-26T12:00:00Z,-18.174997,147.42499,2.56353591160221,26.44
2004-10-27T12:00:00Z,-18.174997,147.42499,2.585635359116022,26.26
2004-10-28T12:00:00Z,-18.174997,147.42499,2.6077348066298343,26.2
2004-10-29T12:00:00Z,-18.174997,147.42499,2.6298342541436464,25.96
2004-10-30T12:00:00Z,-18.174997,147.42499,2.6519337016574585,26.02
2004-10-31T12:00:00Z,-18.174997,147.42499,2.6740331491712706,25.99
2004-11-01T12:00:00Z,-18.174997,147.42499,2.696132596685083,25.98
2004-11-02T12:00:00Z,-18.174997,147.42499,2.718232044198895,26.07
2004-11-03T12:00:00Z,-18.174997,147.42499,2.7403314917127073,26.38
2004-11-04T12:00:00Z,-18.174997,147.42499,2.7624309392265194,26.55
2004-11-05T12:00:00Z,-18.174997,147.42499,2.7845303867403315,26.71
2004-11-06T12:00:00Z,-18.174997,147.42499,2.8066298342541436,26.77
2004-11-07T12:00:00Z,-18.174997,147.42499,2.8287292817679557,26.87
2004-11-08T12:00:00Z,-18.174997,147.42499,2.850828729281768,27.07
2004-11-09T12:00:00Z,-18.174997,147.42499,2.8729281767955803,27.13
2004-11-10T12:00:00Z,-18.174997,147.42499,2.8950276243093924,27.26
2004-11-11T12:00:00Z,-18.174997,147.42499,2.9171270718232045,27.43
2004-11-12T12:00:00Z,-18.174997,147.42499,2.9392265193370166,27.53
2004-11-13T12:00:00Z,-18.174997,147.42499,2.9613259668508287,27.46
2004-11-14T12:00:00Z,-18.174997,147.42499,2.983425414364641,27.36
2004-11-15T12:00:00Z,-18.174997,147.42499,3.005524861878453,27.49
2004-11-16T12:00:00Z,-18.174997,147.42499,3.027624309392265,27.34
2004-11-17T12:00:00Z,-18.174997,147.42499,3.0497237569060776,27.17
2004-11-18T12:00:00Z,-18.174997,147.42499,3.0718232044198897,27.29
2004-11-19T12:00:00Z,-18.174997,147.42499,3.0939226519337018,27.3
2004-11-20T12:00:00Z,-18.174997,147.42499,3.116022099447514,27.26
2004-11-21T12:00:00Z,-18.174997,147.42499,3.138121546961326,27.16
2004-11-22T12:00:00Z,-18.174997,147.42499,3.160220994475138,27.14
2004-11-23T12:00:00Z,-18.174997,147.42499,3.18232044198895,27.19
2004-11-24T12:00:00Z,-18.174997,147.42499,3.2044198895027622,26.69
2004-11-25T12:00:00Z,-18.174997,147.42499,3.226519337016575,26.77
2004-11-26T12:00:00Z,-18.174997,147.42499,3.248618784530387,26.77
2004-11-27T12:00:00Z,-18.174997,147.42499,3.270718232044199,26.82
2004-11-28T12:00:00Z,-18.174997,147.42499,3.292817679558011,26.74
2004-11-29T12:00:00Z,-18.174997,147.42499,3.314917127071823,26.73
2004-11-30T12:00:00Z,-18.174997,147.42499,3.3370165745856353,26.69
2004-12-01T12:00:00Z,-18.174997,147.42499,3.3591160220994474,26.82
2004-12-02T12:00:00Z,-18.174997,147.42499,3.3812154696132595,26.98
2004-12-03T12:00:00Z,-18.174997,147.42499,3.403314917127072,27.17
2004-12-04T12:00:00Z,-18.174997,147.42499,3.425414364640884,27.32
2004-12-05T12:00:00Z,-18.174997,147.42499,3.447513812154696,27.24
2004-12-06T12:00:00Z,-18.174997,147.42499,3.4696132596685083,27.14
2004-12-07T12:00:00Z,-18.174997,147.42499,3.4917127071823204,26.84
2004-12-08T12:00:00Z,-18.174997,147.42499,3.5138121546961325,27.6
2004-12-09T12:00:00Z,-18.174997,147.42499,3.5359116022099446,27.42
2004-12-10T12:00:00Z,-18.174997,147.42499,3.5580110497237567,27.46
2004-12-11T12:00:00Z,-18.174997,147.42499,3.5801104972375692,27.54
2004-12-12T12:00:00Z,-18.174997,147.42499,3.6022099447513813,27.58
2004-12-13T12:00:00Z,-18.174997,147.42499,3.6243093922651934,27.93
2004-12-14T12:00:00Z,-18.174997,147.42499,3.6464088397790055,28.01
2004-12-15T12:00:00Z,-18.174997,147.42499,3.6685082872928176,28.08
2004-12-16T12:00:00Z,-18.174997,147.42499,3.6906077348066297,28.16
2004-12-17T12:00:00Z,-18.174997,147.42499,3.712707182320442,28.12
2004-12-18T12:00:00Z,-18.174997,147.42499,3.734806629834254,27.64
2004-12-19T12:00:00Z,-18.174997,147.42499,3.7569060773480665,27.96
2004-12-20T12:00:00Z,-18.174997,147.42499,3.7790055248618786,28.01
2004-12-21T12:00:00Z,-18.174997,147.42499,3.8011049723756907,27.89
2004-12-22T12:00:00Z,-18.174997,147.42499,3.8232044198895028,27.89
2004-12-23T12:00:00Z,-18.174997,147.42499,3.845303867403315,28.2
2004-12-24T12:00:00Z,-18.174997,147.42499,3.867403314917127,28.18
2004-12-25T12:00:00Z,-18.174997,147.42499,3.889502762430939,28.0
2004-12-26T12:00:00Z,-18.174997,147.42499,3.911602209944751,27.73
2004-12-27T12:00:00Z,-18.174997,147.42499,3.9337016574585637,27.77
2004-12-28T12:00:00Z,-18.174997,147.42499,3.955801104972376,27.85
2004-12-29T12:00:00Z,-18.174997,147.42499,3.977900552486188,27.88
2004-12-30T12:00:00Z,-18.174997,147.42499,4.0,28.25
2004-12-31T12:00:00Z,-18.174997,147.42499,4.0220994475138125,28.22
2005-01-01T12:00:00Z,-18.174997,147.42499,4.0,28.14
2005-01-02T12:00:00Z,-18.174997,147.42499,3.977900552486188,28.28
2005-01-03T12:00:00Z,-18.174997,147.42499,3.955801104972376,28.49
2005-01-04T12:00:00Z,-18.174997,147.42499,3.9337016574585637,29.48
2005-01-05T12:00:00Z,-18.174997,147.42499,3.911602209944751,28.84
2005-01-06T12:00:00Z,-18.174997,147.42499,3.889502762430939,28.61
2005-01-07T12:00:00Z,-18.174997,147.42499,3.867403314917127,28.48
2005-01-08T12:00:00Z,-18.174997,147.42499,3.845303867403315,28.45
2005-01-09T12:00:00Z,-18.174997,147.42499,3.8232044198895028,28.19
2005-01-10T12:00:00Z,-18.174997,147.42499,3.8011049723756907,28.38
2005-01-11T12:00:00Z,-18.174997,147.42499,3.7790055248618786,28.14
2005-01-12T12:00:00Z,-18.174997,147.42499,3.7569060773480665,28.11
2005-01-13T12:00:00Z,-18.174997,147.42499,3.734806629834254,27.9
2005-01-14T12:00:00Z,-18.174997,147.42499,3.712707182320442,27.85
2005-01-15T12:00:00Z,-18.174997,147.42499,3.6906077348066297,27.77
2005-01-16T12:00:00Z,-18.174997,147.42499,3.6685082872928176,27.62
2005-01-17T12:00:00Z,-18.174997,147.42499,3.6464088397790055,28.12
2005-01-18T12:00:00Z,-18.174997,147.42499,3.6243093922651934,28.07
2005-01-19T12:00:00Z,-18.174997,147.42499,3.6022099447513813,27.72
2005-01-20T12:00:00Z,-18.174997,147.42499,3.5801104972375692,27.75
2005-01-21T12:00:00Z,-18.174997,147.42499,3.5580110497237567,27.69
2005-01-22T12:00:00Z,-18.174997,147.42499,3.5359116022099446,27.73
2005-01-23T12:00:00Z,-18.174997,147.42499,3.5138121546961325,27.78
2005-01-24T12:00:00Z,-18.174997,147.42499,3.4917127071823204,27.87
2005-01-25T12:00:00Z,-18.174997,147.42499,3.4696132596685083,28.04
2005-01-26T12:00:00Z,-18.174997,147.42499,3.447513812154696,28.17
2005-01-27T12:00:00Z,-18.174997,147.42499,3.425414364640884,28.03
2005-01-28T12:00:00Z,-18.174997,147.42499,3.403314917127072,28.53
2005-01-29T12:00:00Z,-18.174997,147.42499,3.3812154696132595,29.1
2005-01-30T12:00:00Z,-18.174997,147.42499,3.3591160220994474,29.6
2005-01-31T12:00:00Z,-18.174997,147.42499,3.3370165745856353,29.62
2005-02-01T12:00:00Z,-18.174997,147.42499,3.314917127071823,29.72
2005-02-02T12:00:00Z,-18.174997,147.42499,3.292817679558011,29.58
2005-02-03T12:00:00Z,-18.174997,147.42499,3.270718232044199,28.82
2005-02-04T12:00:00Z,-18.174997,147.42499,3.248618784530387,28.96
2005-02-05T12:00:00Z,-18.174997,147.42499,3.226519337016575,29.42
2005-02-06T12:00:00Z,-18.174997,147.42499,3.2044198895027622,29.76
2005-02-07T12:00:00Z,-18.174997,147.42499,3.18232044198895,29.87
2005-02-08T12:00:00Z,-18.174997,147.42499,3.160220994475138,29.43
2005-02-09T12:00:00Z,-18.174997,147.42499,3.138121546961326,29.58
2005-02-10T12:00:00Z,-18.174997,147.42499,3.116022099447514,29.7
2005-02-11T12:00:00Z,-18.174997,147.42499,3.0939226519337018,29.56
2005-02-12T12:00:00Z,-18.174997,147.42499,3.0718232044198897,29.33
2005-02-13T12:00:00Z,-18.174997,147.42499,3.0497237569060776,29.38
2005-02-14T12:00:00Z,-18.174997,147.42499,3.027624309392265,29.17
2005-02-15T12:00:00Z,-18.174997,147.42499,3.005524861878453,29.33
2005-02-16T12:00:00Z,-18.174997,147.42499,2.983425414364641,28.86
2005-02-17T12:00:00Z,-18.174997,147.42499,2.9613259668508287,28.75
2005-02-18T12:00:00Z,-18.174997,147.42499,2.9392265193370166,28.68
2005-02-19T12:00:00Z,-18.174997,147.42499,2.9171270718232045,28.83
2005-02-20T12:00:00Z,-18.174997,147.42499,2.8950276243093924,28.71
2005-02-21T12:00:00Z,-18.174997,147.42499,2.8729281767955803,28.95
2005-02-22T12:00:00Z,-18.174997,147.42499,2.850828729281768,28.67
2005-02-23T12:00:00Z,-18.174997,147.42499,2.8287292817679557,28.73
2005-02-24T12:00:00Z,-18.174997,147.42499,2.8066298342541436,28.81
2005-02-25T12:00:00Z,-18.174997,147.42499,2.7845303867403315,28.98
2005-02-26T12:00:00Z,-18.174997,147.42499,2.7624309392265194,28.7
2005-02-27T12:00:00Z,-18.174997,147.42499,2.7403314917127073,28.81
2005-02-28T12:00:00Z,-18.174997,147.42499,2.718232044198895,28.91
2005-03-01T12:00:00Z,-18.174997,147.42499,2.696132596685083,28.65
2005-03-02T12:00:00Z,-18.174997,147.42499,2.6740331491712706,28.6
2005-03-03T12:00:00Z,-18.174997,147.42499,2.6519337016574585,28.42
2005-03-04T12:00:00Z,-18.174997,147.42499,2.6298342541436464,28.49
2005-03-05T12:00:00Z,-18.174997,147.42499,2.6077348066298343,28.39
2005-03-06T12:00:00Z,-18.174997,147.42499,2.585635359116022,28.36
2005-03-07T12:00:00Z,-18.174997,147.42499,2.56353591160221,28.4
2005-03-08T12:00:00Z,-18.174997,147.42499,2.541436464088398,28.44
2005-03-09T12:00:00Z,-18.174997,147.42499,2.5193370165745854,28.37
2005-03-10T12:00:00Z,-18.174997,147.42499,2.4972375690607733,28.31
2005-03-11T12:00:00Z,-18.174997,147.42499,2.4751381215469612,28.24
2005-03-12T12:00:00Z,-18.174997,147.42499,2.453038674033149,28.16
2005-03-13T12:00:00Z,-18.174997,147.42499,2.430939226519337,28.04
2005-03-14T12:00:00Z,-18.174997,147.42499,2.408839779005525,27.99
2005-03-15T12:00:00Z,-18.174997,147.42499,2.386740331491713,27.68
2005-03-16T12:00:00Z,-18.174997,147.42499,2.3646408839779007,28.18
2005-03-17T12:00:00Z,-18.174997,147.42499,2.342541436464088,28.24
2005-03-18T12:00:00Z,-18.174997,147.42499,2.320441988950276,27.71
2005-03-19T12:00:00Z,-18.174997,147.42499,2.298342541436464,27.85
2005-03-20T12:00:00Z,-18.174997,147.42499,2.276243093922652,27.8
2005-03-21T12:00:00Z,-18.174997,147.42499,2.25414364640884,27.39
2005-03-22T12:00:00Z,-18.174997,147.42499,2.2320441988950277,27.79
2005-03-23T12:00:00Z,-18.174997,147.42499,2.2099447513812156,28.48
2005-03-24T12:00:00Z,-18.174997,147.42499,2.1878453038674035,28.23
2005-03-25T12:00:00Z,-18.174997,147.42499,2.165745856353591,28.48
2005-03-26T12:00:00Z,-18.174997,147.42499,2.143646408839779,28.75
2005-03-27T12:00:00Z,-18.174997,147.42499,2.1215469613259668,28.65
2005-03-28T12:00:00Z,-18.174997,147.42499,2.0994475138121547,28.79
2005-03-29T12:00:00Z,-18.174997,147.42499,2.0773480662983426,28.49
2005-03-30T12:00:00Z,-18.174997,147.42499,2.0552486187845305,28.48
2005-03-31T12:00:00Z,-18.174997,147.42499,2.0331491712707184,28.48
2005-04-01T12:00:00Z,-18.174997,147.42499,2.0110497237569063,28.12
2005-04-02T12:00:00Z,-18.174997,147.42499,1.988950276243094,28.29
2005-04-03T12:00:00Z,-18.174997,147.42499,1.9668508287292819,28.39
2005-04-04T12:00:00Z,-18.174997,147.42499,1.9447513812154695,28.39
2005-04-05T12:00:00Z,-18.174997,147.42499,1.9226519337016574,27.9
2005-04-06T12:00:00Z,-18.174997,147.42499,1.9005524861878453,28.0
2005-04-07T12:00:00Z,-18.174997,147.42499,1.8784530386740332,27.92
2005-04-08T12:00:00Z,-18.174997,147.42499,1.856353591160221,27.85
2005-04-09T12:00:00Z,-18.174997,147.42499,1.8342541436464088,27.71
2005-04-10T12:00:00Z,-18.174997,147.42499,1.8121546961325967,27.63
2005-04-11T12:00:00Z,-18.174997,147.42499,1.7900552486187846,27.61
2005-04-12T12:00:00Z,-18.174997,147.42499,1.7679558011049723,27.61
2005-04-13T12:00:00Z,-18.174997,147.42499,1.7458563535911602,27.64
2005-04-14T12:00:00Z,-18.174997,147.42499,1.723756906077348,27.56
2005-04-15T12:00:00Z,-18.174997,147.42499,1.701657458563536,27.69
2005-04-16T12:00:00Z,-18.174997,147.42499,1.6795580110497237,27.7
2005-04-17T12:00:00Z,-18.174997,147.42499,1.6574585635359116,27.65
2005-04-18T12:00:00Z,-18.174997,147.42499,1.6353591160220995,27.72
2005-04-19T12:00:00Z,-18.174997,147.42499,1.6132596685082874,27.51
2005-04-20T12:00:00Z,-18.174997,147.42499,1.591160220994475,27.56
2005-04-21T12:00:00Z,-18.174997,147.42499,1.569060773480663,27.49
2005-04-22T12:00:00Z,-18.174997,147.42499,1.5469613259668509,27.38
2005-04-23T12:00:00Z,-18.174997,147.42499,1.5248618784530388,27.23
2005-04-24T12:00:00Z,-18.174997,147.42499,1.5027624309392265,27.15
2005-04-25T12:00:00Z,-18.174997,147.42499,1.4806629834254144,27.01
2005-04-26T12:00:00Z,-18.174997,147.42499,1.4585635359116023,26.97
2005-04-27T12:00:00Z,-18.174997,147.42499,1.4364640883977902,26.93
2005-04-28T12:00:00Z,-18.174997,147.42499,1.4143646408839778,26.86
2005-04-29T12:00:00Z,-18.174997,147.42499,1.3922651933701657,26.83
2005-04-30T12:00:00Z,-18.174997,147.42499,1.3701657458563536,27.04
2005-05-01T12:00:00Z,-18.174997,147.42499,1.3480662983425415,26.93
2005-05-02T12:00:00Z,-18.174997,147.42499,1.3259668508287292,26.81
2005-05-03T12:00:00Z,-18.174997,147.42499,1.3038674033149171,26.78
2005-05-04T12:00:00Z,-18.174997,147.42499,1.281767955801105,26.71
2005-05-05T12:00:00Z,-18.174997,147.42499,1.2596685082872927,26.47
2005-05-06T12:00:00Z,-18.174997,147.42499,1.2375690607734806,26.55
2005-05-07T12:00:00Z,-18.174997,147.42499,1.2154696132596685,26.67
2005-05-08T12:00:00Z,-18.174997,147.42499,1.1933701657458564,26.59
2005-05-09T12:00:00Z,-18.174997,147.42499,1.171270718232044,26.41
2005-05-10T12:00:00Z,-18.174997,147.42499,1.149171270718232,26.27
2005-05-11T12:00:00Z,-18.174997,147.42499,1.12707182320442,26.22
2005-05-12T12:00:00Z,-18.174997,147.42499,1.1049723756906078,26.43
2005-05-13T12:00:00Z,-18.174997,147.42499,1.0828729281767955,26.38
2005-05-14T12:00:00Z,-18.174997,147.42499,1.0607734806629834,26.42
2005-05-15T12:00:00Z,-18.174997,147.42499,1.0386740331491713,26.17
2005-05-16T12:00:00Z,-18.174997,147.42499,1.0165745856353592,26.19
2005-05-17T12:00:00Z,-18.174997,147.42499,0.994475138121547,26.2
2005-05-18T12:00:00Z,-18.174997,147.42499,0.9723756906077348,26.21
2005-05-19T12:00:00Z,-18.174997,147.42499,0.9502762430939227,26.15
2005-05-20T12:00:00Z,-18.174997,147.42499,0.9281767955801105,26.15
2005-05-21T12:00:00Z,-18.174997,147.42499,0.9060773480662984,26.11
2005-05-22T12:00:00Z,-18.174997,147.42499,0.8839779005524862,26.09
2005-05-23T12:00:00Z,-18.174997,147.42499,0.861878453038674,25.83
2005-05-24T12:00:00Z,-18.174997,147.42499,0.8397790055248618,25.87
2005-05-25T12:00:00Z,-18.174997,147.42499,0.8176795580110497,25.9
2005-05-26T12:00:00Z,-18.174997,147.42499,0.7955801104972375,25.76
2005-05-27T12:00:00Z,-18.174997,147.42499,0.7734806629834254,25.77
2005-05-28T12:00:00Z,-18.174997,147.42499,0.7513812154696132,25.53
2005-05-29T12:00:00Z,-18.174997,147.42499,0.7292817679558011,25.25
2005-05-30T12:00:00Z,-18.174997,147.42499,0.7071823204419889,24.77
2005-05-31T12:00:00Z,-18.174997,147.42499,0.6850828729281768,24.95
2005-06-01T12:00:00Z,-18.174997,147.42499,0.6629834254143646,25.06
2005-06-02T12:00:00Z,-18.174997,147.42499,0.6408839779005525,25.01
2005-06-03T12:00:00Z,-18.174997,147.42499,0.6187845303867403,24.98
2005-06-04T12:00:00Z,-18.174997,147.42499,0.5966850828729282,25.11
2005-06-05T12:00:00Z,-18.174997,147.42499,0.574585635359116,25.2
2005-06-06T12:00:00Z,-18.174997,147.42499,0.5524861878453039,24.91
2005-06-07T12:00:00Z,-18.174997,147.42499,0.5303867403314917,24.81
2005-06-08T12:00:00Z,-18.174997,147.42499,0.5082872928176796,24.83
2005-06-09T12:00:00Z,-18.174997,147.42499,0.4861878453038674,24.9
2005-06-10T12:00:00Z,-18.174997,147.42499,0.46408839779005523,24.78
2005-06-11T12:00:00Z,-18.174997,147.42499,0.4419889502762431,24.86
2005-06-12T12:00:00Z,-18.174997,147.42499,0.4198895027624309,24.88
2005-06-13T12:00:00Z,-18.174997,147.42499,0.39779005524861877,24.8
2005-06-14T12:00:00Z,-18.174997,147.42499,0.3756906077348066,24.9
2005-06-15T12:00:00Z,-18.174997,147.42499,0.35359116022099446,24.85
2005-06-16T12:00:00Z,-18.174997,147.42499,0.3314917127071823,24.58
2005-06-17T12:00:00Z,-18.174997,147.42499,0.30939226519337015,24.62
2005-06-18T12:00:00Z,-18.174997,147.42499,0.287292817679558,24.82
2005-06-19T12:00:00Z,-18.174997,147.42499,0.26519337016574585,24.91
2005-06-20T12:00:00Z,-18.174997,147.42499,0.2430939226519337,24.94
2005-06-21T12:00:00Z,-18.174997,147.42499,0.22099447513812154,24.84
2005-06-22T12:00:00Z,-18.174997,147.42499,0.19889502762430938,25.19
2005-06-23T12:00:00Z,-18.174997,147.42499,0.17679558011049723,25.14
2005-06-24T12:00:00Z,-18.174997,147.42499,0.15469613259668508,25.08
2005-06-25T12:00:00Z,-18.174997,147.42499,0.13259668508287292,24.89
2005-06-26T12:00:00Z,-18.174997,147.42499,0.11049723756906077,24.71
2005-06-27T12:00:00Z,-18.174997,147.42499,0.08839779005524862,24.69
2005-06-28T12:00:00Z,-18.174997,147.42499,0.06629834254143646,24.59
2005-06-29T12:00:00Z,-18.174997,147.42499,0.04419889502762431,24.18
2005-06-30T12:00:00Z,-18.174997,147.42499,0.022099447513812154,23.59
2005-07-01T12:00:00Z,-18.174997,147.42499,0.0,24.49
2005-07-02T12:00:00Z,-18.174997,147.42499,0.0,24.45
2005-07-03T12:00:00Z,-18.174997,147.42499,0.022099447513812154,24.4
2005-07-04T12:00:00Z,-18.174997,147.42499,0.04419889502762431,24.47
2005-07-05T12:00:00Z,-18.174997,147.42499,0.06629834254143646,24.12
2005-07-06T12:00:00Z,-18.174997,147.42499,0.08839779005524862,24.16
2005-07-07T12:00:00Z,-18.174997,147.42499,0.11049723756906077,24.23
2005-07-08T12:00:00Z,-18.174997,147.42499,0.13259668508287292,24.3
2005-07-09T12:00:00Z,-18.174997,147.42499,0.15469613259668508,24.24
2005-07-10T12:00:00Z,-18.174997,147.42499,0.17679558011049723,24.5
2005-07-11T12:00:00Z,-18.174997,147.42499,0.19889502762430938,24.4
2005-07-12T12:00:00Z,-18.174997,147.42499,0.22099447513812154,24.25
2005-07-13T12:00:00Z,-18.174997,147.42499,0.2430939226519337,24.41
2005-07-14T12:00:00Z,-18.174997,147.42499,0.26519337016574585,24.52
2005-07-15T12:00:00Z,-18.174997,147.42499,0.287292817679558,24.64
2005-07-16T12:00:00Z,-18.174997,147.42499,0.30939226519337015,24.59
2005-07-17T12:00:00Z,-18.174997,147.42499,0.3314917127071823,24.57
2005-07-18T12:00:00Z,-18.174997,147.42499,0.35359116022099446,24.43
2005-07-19T12:00:00Z,-18.174997,147.42499,0.3756906077348066,24.45
2005-07-20T12:00:00Z,-18.174997,147.42499,0.39779005524861877,24.39
2005-07-21T12:00:00Z,-18.174997,147.42499,0.4198895027624309,24.18
2005-07-22T12:00:00Z,-18.174997,147.42499,0.4419889502762431,24.09
2005-07-23T12:00:00Z,-18.174997,147.42499,0.46408839779005523,24.14
2005-07-24T12:00:00Z,-18.174997,147.42499,0.4861878453038674,24.13
2005-07-25T12:00:00Z,-18.174997,147.42499,0.5082872928176796,24.13
2005-07-26T12:00:00Z,-18.174997,147.42499,0.5303867403314917,24.16
2005-07-27T12:00:00Z,-18.174997,147.42499,0.5524861878453039,24.11
2005-07-28T12:00:00Z,-18.174997,147.42499,0.574585635359116,23.97
2005-07-29T12:00:00Z,-18.174997,147.42499,0.5966850828729282,23.84
2005-07-30T12:00:00Z,-18.174997,147.42499,0.6187845303867403,23.82
2005-07-31T12:00:00Z,-18.174997,147.42499,0.6408839779005525,23.81
2005-08-01T12:00:00Z,-18.174997,147.42499,0.6629834254143646,23.76
2005-08-02T12:00:00Z,-18.174997,147.42499,0.6850828729281768,23.72
2005-08-03T12:00:00Z,-18.174997,147.42499,0.7071823204419889,23.88
2005-08-04T12:00:00Z,-18.174997,147.42499,0.7292817679558011,24.02
2005-08-05T12:00:00Z,-18.174997,147.42499,0.7513812154696132,23.92
2005-08-06T12:00:00Z,-18.174997,147.42499,0.7734806629834254,24.03
2005-08-07T12:00:00Z,-18.174997,147.42499,0.7955801104972375,23.9
2005-08-08T12:00:00Z,-18.174997,147.42499,0.8176795580110497,23.75
2005-08-09T12:00:00Z,-18.174997,147.42499,0.8397790055248618,23.7
2005-08-10T12:00:00Z,-18.174997,147.42499,0.861878453038674,23.73
2005-08-11T12:00:00Z,-18.174997,147.42499,0.8839779005524862,24.03
2005-08-12T12:00:00Z,-18.174997,147.42499,0.9060773480662984,24.06
2005-08-13T12:00:00Z,-18.174997,147.42499,0.9281767955801105,23.82
2005-08-14T12:00:00Z,-18.174997,147.42499,0.9502762430939227,23.7
2005-08-15T12:00:00Z,-18.174997,147.42499,0.9723756906077348,23.75
2005-08-16T12:00:00Z,-18.174997,147.42499,0.994475138121547,23.7
2005-08-17T12:00:00Z,-18.174997,147.42499,1.0165745856353592,23.82
2005-08-18T12:00:00Z,-18.174997,147.42499,1.0386740331491713,23.93
2005-08-19T12:00:00Z,-18.174997,147.42499,1.0607734806629834,23.88
2005-08-20T12:00:00Z,-18.174997,147.42499,1.0828729281767955,23.97
2005-08-21T12:00:00Z,-18.174997,147.42499,1.1049723756906078,23.96
2005-08-22T12:00:00Z,-18.174997,147.42499,1.12707182320442,23.89
2005-08-23T12:00:00Z,-18.174997,147.42499,1.149171270718232,24.11
2005-08-24T12:00:00Z,-18.174997,147.42499,1.171270718232044,23.97
2005-08-25T12:00:00Z,-18.174997,147.42499,1.1933701657458564,23.67
2005-08-26T12:00:00Z,-18.174997,147.42499,1.2154696132596685,23.63
2005-08-27T12:00:00Z,-18.174997,147.42499,1.2375690607734806,23.59
2005-08-28T12:00:00Z,-18.174997,147.42499,1.2596685082872927,23.61
2005-08-29T12:00:00Z,-18.174997,147.42499,1.281767955801105,23.67
2005-08-30T12:00:00Z,-18.174997,147.42499,1.3038674033149171,23.68
2005-08-31T12:00:00Z,-18.174997,147.42499,1.3259668508287292,23.59
2005-09-01T12:00:00Z,-18.174997,147.42499,1.3480662983425415,23.72
2005-09-02T12:00:00Z,-18.174997,147.42499,1.3701657458563536,23.84
2005-09-03T12:00:00Z,-18.174997,147.42499,1.3922651933701657,23.97
2005-09-04T12:00:00Z,-18.174997,147.42499,1.4143646408839778,24.04
2005-09-05T12:00:00Z,-18.174997,147.42499,1.4364640883977902,24.05
2005-09-06T12:00:00Z,-18.174997,147.42499,1.4585635359116023,24.18
2005-09-07T12:00:00Z,-18.174997,147.42499,1.4806629834254144,24.04
2005-09-08T12:00:00Z,-18.174997,147.42499,1.5027624309392265,24.1
2005-09-09T12:00:00Z,-18.174997,147.42499,1.5248618784530388,24.05
2005-09-10T12:00:00Z,-18.174997,147.42499,1.5469613259668509,24.02
2005-09-11T12:00:00Z,-18.174997,147.42499,1.569060773480663,24.47
2005-09-12T12:00:00Z,-18.174997,147.42499,1.591160220994475,24.23
2005-09-13T12:00:00Z,-18.174997,147.42499,1.6132596685082874,23.95
2005-09-14T12:00:00Z,-18.174997,147.42499,1.6353591160220995,23.88
2005-09-15T12:00:00Z,-18.174997,147.42499,1.6574585635359116,23.35
2005-09-16T12:00:00Z,-18.174997,147.42499,1.6795580110497237,24.25
2005-09-17T12:00:00Z,-18.174997,147.42499,1.701657458563536,24.5
2005-09-18T12:00:00Z,-18.174997,147.42499,1.723756906077348,24.52
2005-09-19T12:00:00Z,-18.174997,147.42499,1.7458563535911602,24.29
2005-09-20T12:00:00Z,-18.174997,147.42499,1.7679558011049723,24.91
2005-09-21T12:00:00Z,-18.174997,147.42499,1.7900552486187846,24.61
2005-09-22T12:00:00Z,-18.174997,147.42499,1.8121546961325967,25.04
2005-09-23T12:00:00Z,-18.174997,147.42499,1.8342541436464088,24.98
2005-09-24T12:00:00Z,-18.174997,147.42499,1.856353591160221,24.93
2005-09-25T12:00:00Z,-18.174997,147.42499,1.8784530386740332,24.96
2005-09-26T12:00:00Z,-18.174997,147.42499,1.9005524861878453,25.1
2005-09-27T12:00:00Z,-18.174997,147.42499,1.9226519337016574,25.05
2005-09-28T12:00:00Z,-18.174997,147.42499,1.9447513812154695,25.12
2005-09-29T12:00:00Z,-18.174997,147.42499,1.9668508287292819,25.16
2005-09-30T12:00:00Z,-18.174997,147.42499,1.988950276243094,25.14
2005-10-01T12:00:00Z,-18.174997,147.42499,2.0110497237569063,24.77
2005-10-02T12:00:00Z,-18.174997,147.42499,2.0331491712707184,25.02
2005-10-03T12:00:00Z,-18.174997,147.42499,2.0552486187845305,25.49
2005-10-04T12:00:00Z,-18.174997,147.42499,2.0773480662983426,25.13
2005-10-05T12:00:00Z,-18.174997,147.42499,2.0994475138121547,25.37
2005-10-06T12:00:00Z,-18.174997,147.42499,2.1215469613259668,25.5
2005-10-07T12:00:00Z,-18.174997,147.42499,2.143646408839779,25.67
2005-10-08T12:00:00Z,-18.174997,147.42499,2.165745856353591,25.82
2005-10-09T12:00:00Z,-18.174997,147.42499,2.1878453038674035,25.54
2005-10-10T12:00:00Z,-18.174997,147.42499,2.2099447513812156,25.91
2005-10-11T12:00:00Z,-18.174997,147.42499,2.2320441988950277,26.1
2005-10-12T12:00:00Z,-18.174997,147.42499,2.25414364640884,26.12
2005-10-13T12:00:00Z,-18.174997,147.42499,2.276243093922652,25.86
2005-10-14T12:00:00Z,-18.174997,147.42499,2.298342541436464,25.61
2005-10-15T12:00:00Z,-18.174997,147.42499,2.320441988950276,25.58
2005-10-16T12:00:00Z,-18.174997,147.42499,2.342541436464088,25.47
2005-10-17T12:00:00Z,-18.174997,147.42499,2.3646408839779007,25.58
2005-10-18T12:00:00Z,-18.174997,147.42499,2.386740331491713,25.7
2005-10-19T12:00:00Z,-18.174997,147.42499,2.408839779005525,26.16
2005-10-20T12:00:00Z,-18.174997,147.42499,2.430939226519337,26.34
2005-10-21T12:00:00Z,-18.174997,147.42499,2.453038674033149,26.38
2005-10-22T12:00:00Z,-18.174997,147.42499,2.4751381215469612,26.7
2005-10-23T12:00:00Z,-18.174997,147.42499,2.4972375690607733,26.6
2005-10-24T12:00:00Z,-18.174997,147.42499,2.5193370165745854,26.6
2005-10-25T12:00:00Z,-18.174997,147.42499,2.541436464088398,26.93
2005-10-26T12:00:00Z,-18.174997,147.42499,2.56353591160221,26.91
2005-10-27T12:00:00Z,-18.174997,147.42499,2.585635359116022,26.97
2005-10-28T12:00:00Z,-18.174997,147.42499,2.6077348066298343,26.89
2005-10-29T12:00:00Z,-18.174997,147.42499,2.6298342541436464,26.9
2005-10-30T12:00:00Z,-18.174997,147.42499,2.6519337016574585,26.86
2005-10-31T12:00:00Z,-18.174997,147.42499,2.6740331491712706,26.77
2005-11-01T12:00:00Z,-18.174997,147.42499,2.696132596685083,26.86
2005-11-02T12:00:00Z,-18.174997,147.42499,2.718232044198895,26.77
2005-11-03T12:00:00Z,-18.174997,147.42499,2.7403314917127073,26.73
2005-11-04T12:00:00Z,-18.174997,147.42499,2.7624309392265194,26.58
2005-11-05T12:00:00Z,-18.174997,147.42499,2.7845303867403315,26.51
2005-11-06T12:00:00Z,-18.174997,147.42499,2.8066298342541436,26.65
2005-11-07T12:00:00Z,-18.174997,147.42499,2.8287292817679557,26.97
2005-11-08T12:00:00Z,-18.174997,147.42499,2.850828729281768,27.05
2005-11-09T12:00:00Z,-18.174997,147.42499,2.8729281767955803,26.88
2005-11-10T12:00:00Z,-18.174997,147.42499,2.8950276243093924,27.12
2005-11-11T12:00:00Z,-18.174997,147.42499,2.9171270718232045,26.92
2005-11-12T12:00:00Z,-18.174997,147.42499,2.9392265193370166,27.61
2005-11-13T12:00:00Z,-18.174997,147.42499,2.9613259668508287,27.36
2005-11-14T12:00:00Z,-18.174997,147.42499,2.983425414364641,27.33
2005-11-15T12:00:00Z,-18.174997,147.42499,3.005524861878453,27.36
2005-11-16T12:00:00Z,-18.174997,147.42499,3.027624309392265,27.42
2005-11-17T12:00:00Z,-18.174997,147.42499,3.0497237569060776,27.21
2005-11-18T12:00:00Z,-18.174997,147.42499,3.0718232044198897,27.02
2005-11-19T12:00:00Z,-18.174997,147.42499,3.0939226519337018,26.92
2005-11-20T12:00:00Z,-18.174997,147.42499,3.116022099447514,27.02
2005-11-21T12:00:00Z,-18.174997,147.42499,3.138121546961326,27.06
2005-11-22T12:00:00Z,-18.174997,147.42499,3.160220994475138,27.35
2005-11-23T12:00:00Z,-18.174997,147.42499,3.18232044198895,27.51
2005-11-24T12:00:00Z,-18.174997,147.42499,3.2044198895027622,27.61
2005-11-25T12:00:00Z,-18.174997,147.42499,3.226519337016575,27.3
2005-11-26T12:00:00Z,-18.174997,147.42499,3.248618784530387,27.54
2005-11-27T12:00:00Z,-18.174997,147.42499,3.270718232044199,27.56
2005-11-28T12:00:00Z,-18.174997,147.42499,3.292817679558011,27.67
2005-11-29T12:00:00Z,-18.174997,147.42499,3.314917127071823,27.84
2005-11-30T12:00:00Z,-18.174997,147.42499,3.3370165745856353,27.94
2005-12-01T12:00:00Z,-18.174997,147.42499,3.3591160220994474,28.1
2005-12-02T12:00:00Z,-18.174997,147.42499,3.3812154696132595,27.99
2005-12-03T12:00:00Z,-18.174997,147.42499,3.403314917127072,28.23
2005-12-04T12:00:00Z,-18.174997,147.42499,3.425414364640884,28.16
2005-12-05T12:00:00Z,-18.174997,147.42499,3.447513812154696,28.39
2005-12-06T12:00:00Z,-18.174997,147.42499,3.4696132596685083,28.44
2005-12-07T12:00:00Z,-18.174997,147.42499,3.4917127071823204,28.63
2005-12-08T12:00:00Z,-18.174997,147.42499,3.5138121546961325,29.01
2005-12-09T12:00:00Z,-18.174997,147.42499,3.5359116022099446,28.7
2005-12-10T12:00:00Z,-18.174997,147.42499,3.5580110497237567,28.94
2005-12-11T12:00:00Z,-18.174997,147.42499,3.5801104972375692,28.86
2005-12-12T12:00:00Z,-18.174997,147.42499,3.6022099447513813,28.99
2005-12-13T12:00:00Z,-18.174997,147.42499,3.6243093922651934,29.01
2005-12-14T12:00:00Z,-18.174997,147.42499,3.6464088397790055,28.83
2005-12-15T12:00:00Z,-18.174997,147.42499,3.6685082872928176,28.76
2005-12-16T12:00:00Z,-18.174997,147.42499,3.6906077348066297,28.61
2005-12-17T12:00:00Z,-18.174997,147.42499,3.712707182320442,28.49
2005-12-18T12:00:00Z,-18.174997,147.42499,3.734806629834254,28.38
2005-12-19T12:00:00Z,-18.174997,147.42499,3.7569060773480665,28.19
2005-12-20T12:00:00Z,-18.174997,147.42499,3.7790055248618786,28.42
2005-12-21T12:00:00Z,-18.174997,147.42499,3.8011049723756907,28.69
2005-12-22T12:00:00Z,-18.174997,147.42499,3.8232044198895028,28.7
2005-12-23T12:00:00Z,-18.174997,147.42499,3.845303867403315,28.54
2005-12-24T12:00:00Z,-18.174997,147.42499,3.867403314917127,28.4
2005-12-25T12:00:00Z,-18.174997,147.42499,3.889502762430939,28.53
2005-12-26T12:00:00Z,-18.174997,147.42499,3.911602209944751,28.68
2005-12-27T12:00:00Z,-18.174997,147.42499,3.9337016574585637,28.63
2005-12-28T12:00:00Z,-18.174997,147.42499,3.955801104972376,28.44
2005-12-29T12:00:00Z,-18.174997,147.42499,3.977900552486188,28.47
2005-12-30T12:00:00Z,-18.174997,147.42499,4.0,28.61
2005-12-31T12:00:00Z,-18.174997,147.42499,4.0220994475138125,28.57
2006-01-01T12:00:00Z,-18.174997,147.42499,4.0,28.51
2006-01-02T12:00:00Z,-18.174997,147.42499,3.977900552486188,28.67
2006-01-03T12:00:00Z,-18.174997,147.42499,3.955801104972376,28.38
2006-01-04T12:00:00Z,-18.174997,147.42499,3.9337016574585637,28.77
2006-01-05T12:00:00Z,-18.174997,147.42499,3.911602209944751,28.76
2006-01-06T12:00:00Z,-18.174997,147.42499,3.889502762430939,28.91
2006-01-07T12:00:00Z,-18.174997,147.42499,3.867403314917127,29.1
2006-01-08T12:00:00Z,-18.174997,147.42499,3.845303867403315,28.39
2006-01-09T12:00:00Z,-18.174997,147.42499,3.8232044198895028,28.6
2006-01-10T12:00:00Z,-18.174997,147.42499,3.8011049723756907,28.53
2006-01-11T12:00:00Z,-18.174997,147.42499,3.7790055248618786,28.58
2006-01-12T12:00:00Z,-18.174997,147.42499,3.7569060773480665,28.46
2006-01-13T12:00:00Z,-18.174997,147.42499,3.734806629834254,28.27
2006-01-14T12:00:00Z,-18.174997,147.42499,3.712707182320442,28.39
2006-01-15T12:00:00Z,-18.174997,147.42499,3.6906077348066297,28.75
2006-01-16T12:00:00Z,-18.174997,147.42499,3.6685082872928176,28.7
2006-01-17T12:00:00Z,-18.174997,147.42499,3.6464088397790055,28.8
2006-01-18T12:00:00Z,-18.174997,147.42499,3.6243093922651934,28.89
2006-01-19T12:00:00Z,-18.174997,147.42499,3.6022099447513813,29.05
2006-01-20T12:00:00Z,-18.174997,147.42499,3.5801104972375692,29.33
2006-01-21T12:00:00Z,-18.174997,147.42499,3.5580110497237567,29.28
2006-01-22T12:00:00Z,-18.174997,147.42499,3.5359116022099446,29.15
2006-01-23T12:00:00Z,-18.174997,147.42499,3.5138121546961325,29.03
2006-01-24T12:00:00Z,-18.174997,147.42499,3.4917127071823204,29.06
2006-01-25T12:00:00Z,-18.174997,147.42499,3.4696132596685083,28.94
2006-01-26T12:00:00Z,-18.174997,147.42499,3.447513812154696,28.96
2006-01-27T12:00:00Z,-18.174997,147.42499,3.425414364640884,28.97
2006-01-28T12:00:00Z,-18.174997,147.42499,3.403314917127072,28.95
2006-01-29T12:00:00Z,-18.174997,147.42499,3.3812154696132595,28.91
2006-01-30T12:00:00Z,-18.174997,147.42499,3.3591160220994474,28.99
2006-01-31T12:00:00Z,-18.174997,147.42499,3.3370165745856353,29.35
2006-02-01T12:00:00Z,-18.174997,147.42499,3.314917127071823,29.36
2006-02-02T12:00:00Z,-18.174997,147.42499,3.292817679558011,29.51
2006-02-03T12:00:00Z,-18.174997,147.42499,3.270718232044199,29.44
2006-02-04T12:00:00Z,-18.174997,147.42499,3.248618784530387,29.25
2006-02-05T12:00:00Z,-18.174997,147.42499,3.226519337016575,29.41
2006-02-06T12:00:00Z,-18.174997,147.42499,3.2044198895027622,29.36
2006-02-07T12:00:00Z,-18.174997,147.42499,3.18232044198895,29.72
2006-02-08T12:00:00Z,-18.174997,147.42499,3.160220994475138,29.5
2006-02-09T12:00:00Z,-18.174997,147.42499,3.138121546961326,29.39
2006-02-10T12:00:00Z,-18.174997,147.42499,3.116022099447514,29.32
2006-02-11T12:00:00Z,-18.174997,147.42499,3.0939226519337018,29.55
2006-02-12T12:00:00Z,-18.174997,147.42499,3.0718232044198897,29.69
2006-02-13T12:00:00Z,-18.174997,147.42499,3.0497237569060776,29.67
2006-02-14T12:00:00Z,-18.174997,147.42499,3.027624309392265,29.22
2006-02-15T12:00:00Z,-18.174997,147.42499,3.005524861878453,29.15
2006-02-16T12:00:00Z,-18.174997,147.42499,2.983425414364641,28.98
2006-02-17T12:00:00Z,-18.174997,147.42499,2.9613259668508287,28.99
2006-02-18T12:00:00Z,-18.174997,147.42499,2.9392265193370166,28.99
2006-02-19T12:00:00Z,-18.174997,147.42499,2.9171270718232045,29.19
2006-02-20T12:00:00Z,-18.174997,147.42499,2.8950276243093924,29.1
2006-02-21T12:00:00Z,-18.174997,147.42499,2.8729281767955803,29.15
2006-02-22T12:00:00Z,-18.174997,147.42499,2.850828729281768,29.12
2006-02-23T12:00:00Z,-18.174997,147.42499,2.8287292817679557,28.87
2006-02-24T12:00:00Z,-18.174997,147.42499,2.8066298342541436,28.89
2006-02-25T12:00:00Z,-18.174997,147.42499,2.7845303867403315,28.75
2006-02-26T12:00:00Z,-18.174997,147.42499,2.7624309392265194,28.61
2006-02-27T12:00:00Z,-18.174997,147.42499,2.7403314917127073,28.49
2006-02-28T12:00:00Z,-18.174997,147.42499,2.718232044198895,28.63
2006-03-01T12:00:00Z,-18.174997,147.42499,2.696132596685083,28.5
2006-03-02T12:00:00Z,-18.174997,147.42499,2.6740331491712706,28.39
2006-03-03T12:00:00Z,-18.174997,147.42499,2.6519337016574585,28.17
2006-03-04T12:00:00Z,-18.174997,147.42499,2.6298342541436464,28.08
2006-03-05T12:00:00Z,-18.174997,147.42499,2.6077348066298343,27.96
2006-03-06T12:00:00Z,-18.174997,147.42499,2.585635359116022,28.06
2006-03-07T12:00:00Z,-18.174997,147.42499,2.56353591160221,28.13
2006-03-08T12:00:00Z,-18.174997,147.42499,2.541436464088398,28.39
2006-03-09T12:00:00Z,-18.174997,147.42499,2.5193370165745854,28.21
2006-03-10T12:00:00Z,-18.174997,147.42499,2.4972375690607733,28.5
2006-03-11T12:00:00Z,-18.174997,147.42499,2.4751381215469612,28.61
2006-03-12T12:00:00Z,-18.174997,147.42499,2.453038674033149,28.5
2006-03-13T12:00:00Z,-18.174997,147.42499,2.430939226519337,28.34
2006-03-14T12:00:00Z,-18.174997,147.42499,2.408839779005525,28.28
2006-03-15T12:00:00Z,-18.174997,147.42499,2.386740331491713,28.23
2006-03-16T12:00:00Z,-18.174997,147.42499,2.3646408839779007,28.34
2006-03-17T12:00:00Z,-18.174997,147.42499,2.342541436464088,28.11
2006-03-18T12:00:00Z,-18.174997,147.42499,2.320441988950276,28.24
2006-03-19T12:00:00Z,-18.174997,147.42499,2.298342541436464,28.09
2006-03-20T12:00:00Z,-18.174997,147.42499,2.276243093922652,27.79
2006-03-21T12:00:00Z,-18.174997,147.42499,2.25414364640884,27.64
2006-03-22T12:00:00Z,-18.174997,147.42499,2.2320441988950277,27.56
2006-03-23T12:00:00Z,-18.174997,147.42499,2.2099447513812156,27.79
2006-03-24T12:00:00Z,-18.174997,147.42499,2.1878453038674035,27.73
2006-03-25T12:00:00Z,-18.174997,147.42499,2.165745856353591,27.69
2006-03-26T12:00:00Z,-18.174997,147.42499,2.143646408839779,27.59
2006-03-27T12:00:00Z,-18.174997,147.42499,2.1215469613259668,27.6
2006-03-28T12:00:00Z,-18.174997,147.42499,2.0994475138121547,27.29
2006-03-29T12:00:00Z,-18.174997,147.42499,2.0773480662983426,27.41
2006-03-30T12:00:00Z,-18.174997,147.42499,2.0552486187845305,27.48
2006-03-31T12:00:00Z,-18.174997,147.42499,2.0331491712707184,27.02
2006-04-01T12:00:00Z,-18.174997,147.42499,2.0110497237569063,27.59
2006-04-02T12:00:00Z,-18.174997,147.42499,1.988950276243094,27.63
2006-04-03T12:00:00Z,-18.174997,147.42499,1.9668508287292819,27.74
2006-04-04T12:00:00Z,-18.174997,147.42499,1.9447513812154695,27.87
2006-04-05T12:00:00Z,-18.174997,147.42499,1.9226519337016574,28.03
2006-04-06T12:00:00Z,-18.174997,147.42499,1.9005524861878453,27.79
2006-04-07T12:00:00Z,-18.174997,147.42499,1.8784530386740332,27.7
2006-04-08T12:00:00Z,-18.174997,147.42499,1.856353591160221,27.93
2006-04-09T12:00:00Z,-18.174997,147.42499,1.8342541436464088,27.91
2006-04-10T12:00:00Z,-18.174997,147.42499,1.8121546961325967,27.91
2006-04-11T12:00:00Z,-18.174997,147.42499,1.7900552486187846,27.8
2006-04-12T12:00:00Z,-18.174997,147.42499,1.7679558011049723,27.67
2006-04-13T12:00:00Z,-18.174997,147.42499,1.7458563535911602,27.76
2006-04-14T12:00:00Z,-18.174997,147.42499,1.723756906077348,27.78
2006-04-15T12:00:00Z,-18.174997,147.42499,1.701657458563536,27.75
2006-04-16T12:00:00Z,-18.174997,147.42499,1.6795580110497237,27.75
2006-04-17T12:00:00Z,-18.174997,147.42499,1.6574585635359116,27.57
2006-04-18T12:00:00Z,-18.174997,147.42499,1.6353591160220995,27.66
2006-04-19T12:00:00Z,-18.174997,147.42499,1.6132596685082874,27.62
2006-04-20T12:00:00Z,-18.174997,147.42499,1.591160220994475,27.54
2006-04-21T12:00:00Z,-18.174997,147.42499,1.569060773480663,27.45
2006-04-22T12:00:00Z,-18.174997,147.42499,1.5469613259668509,27.32
2006-04-23T12:00:00Z,-18.174997,147.42499,1.5248618784530388,26.88
2006-04-24T12:00:00Z,-18.174997,147.42499,1.5027624309392265,26.77
2006-04-25T12:00:00Z,-18.174997,147.42499,1.4806629834254144,26.78
2006-04-26T12:00:00Z,-18.174997,147.42499,1.4585635359116023,26.78
2006-04-27T12:00:00Z,-18.174997,147.42499,1.4364640883977902,26.77
2006-04-28T12:00:00Z,-18.174997,147.42499,1.4143646408839778,26.78
2006-04-29T12:00:00Z,-18.174997,147.42499,1.3922651933701657,26.41
2006-04-30T12:00:00Z,-18.174997,147.42499,1.3701657458563536,26.38
2006-05-01T12:00:00Z,-18.174997,147.42499,1.3480662983425415,26.28
2006-05-02T12:00:00Z,-18.174997,147.42499,1.3259668508287292,26.27
2006-05-03T12:00:00Z,-18.174997,147.42499,1.3038674033149171,26.32
2006-05-04T12:00:00Z,-18.174997,147.42499,1.281767955801105,26.33
2006-05-05T12:00:00Z,-18.174997,147.42499,1.2596685082872927,26.27
2006-05-06T12:00:00Z,-18.174997,147.42499,1.2375690607734806,26.21
2006-05-07T12:00:00Z,-18.174997,147.42499,1.2154696132596685,26.13
2006-05-08T12:00:00Z,-18.174997,147.42499,1.1933701657458564,26.05
2006-05-09T12:00:00Z,-18.174997,147.42499,1.171270718232044,25.92
2006-05-10T12:00:00Z,-18.174997,147.42499,1.149171270718232,25.9
2006-05-11T12:00:00Z,-18.174997,147.42499,1.12707182320442,25.94
2006-05-12T12:00:00Z,-18.174997,147.42499,1.1049723756906078,26.14
2006-05-13T12:00:00Z,-18.174997,147.42499,1.0828729281767955,25.97
2006-05-14T12:00:00Z,-18.174997,147.42499,1.0607734806629834,26.0
2006-05-15T12:00:00Z,-18.174997,147.42499,1.0386740331491713,25.86
2006-05-16T12:00:00Z,-18.174997,147.42499,1.0165745856353592,25.75
2006-05-17T12:00:00Z,-18.174997,147.42499,0.994475138121547,25.57
2006-05-18T12:00:00Z,-18.174997,147.42499,0.9723756906077348,25.63
2006-05-19T12:00:00Z,-18.174997,147.42499,0.9502762430939227,25.34
2006-05-20T12:00:00Z,-18.174997,147.42499,0.9281767955801105,25.2
2006-05-21T12:00:00Z,-18.174997,147.42499,0.9060773480662984,25.16
2006-05-22T12:00:00Z,-18.174997,147.42499,0.8839779005524862,25.12
2006-05-23T12:00:00Z,-18.174997,147.42499,0.861878453038674,25.23
2006-05-24T12:00:00Z,-18.174997,147.42499,0.8397790055248618,25.39
2006-05-25T12:00:00Z,-18.174997,147.42499,0.8176795580110497,25.39
2006-05-26T12:00:00Z,-18.174997,147.42499,0.7955801104972375,25.43
2006-05-27T12:00:00Z,-18.174997,147.42499,0.7734806629834254,25.34
2006-05-28T12:00:00Z,-18.174997,147.42499,0.7513812154696132,25.07
2006-05-29T12:00:00Z,-18.174997,147.42499,0.7292817679558011,24.9
2006-05-30T12:00:00Z,-18.174997,147.42499,0.7071823204419889,25.2
2006-05-31T12:00:00Z,-18.174997,147.42499,0.6850828729281768,25.24
2006-06-01T12:00:00Z,-18.174997,147.42499,0.6629834254143646,25.02
2006-06-02T12:00:00Z,-18.174997,147.42499,0.6408839779005525,25.21
2006-06-03T12:00:00Z,-18.174997,147.42499,0.6187845303867403,25.25
2006-06-04T12:00:00Z,-18.174997,147.42499,0.5966850828729282,25.05
2006-06-05T12:00:00Z,-18.174997,147.42499,0.574585635359116,24.97
2006-06-06T12:00:00Z,-18.174997,147.42499,0.5524861878453039,24.84
2006-06-07T12:00:00Z,-18.174997,147.42499,0.5303867403314917,24.88
2006-06-08T12:00:00Z,-18.174997,147.42499,0.5082872928176796,24.74
2006-06-09T12:00:00Z,-18.174997,147.42499,0.4861878453038674,24.72
2006-06-10T12:00:00Z,-18.174997,147.42499,0.46408839779005523,24.71
2006-06-11T12:00:00Z,-18.174997,147.42499,0.4419889502762431,24.32
2006-06-12T12:00:00Z,-18.174997,147.42499,0.4198895027624309,23.98
2006-06-13T12:00:00Z,-18.174997,147.42499,0.39779005524861877,24.0
2006-06-14T12:00:00Z,-18.174997,147.42499,0.3756906077348066,24.05
2006-06-15T12:00:00Z,-18.174997,147.42499,0.35359116022099446,24.27
2006-06-16T12:00:00Z,-18.174997,147.42499,0.3314917127071823,24.45
2006-06-17T12:00:00Z,-18.174997,147.42499,0.30939226519337015,24.57
2006-06-18T12:00:00Z,-18.174997,147.42499,0.287292817679558,24.76
2006-06-19T12:00:00Z,-18.174997,147.42499,0.26519337016574585,24.54
2006-06-20T12:00:00Z,-18.174997,147.42499,0.2430939226519337,24.55
2006-06-21T12:00:00Z,-18.174997,147.42499,0.22099447513812154,24.63
2006-06-22T12:00:00Z,-18.174997,147.42499,0.19889502762430938,24.62
2006-06-23T12:00:00Z,-18.174997,147.42499,0.17679558011049723,24.57
2006-06-24T12:00:00Z,-18.174997,147.42499,0.15469613259668508,24.69
2006-06-25T12:00:00Z,-18.174997,147.42499,0.13259668508287292,24.52
2006-06-26T12:00:00Z,-18.174997,147.42499,0.11049723756906077,24.66
2006-06-27T12:00:00Z,-18.174997,147.42499,0.08839779005524862,24.63
2006-06-28T12:00:00Z,-18.174997,147.42499,0.06629834254143646,24.54
2006-06-29T12:00:00Z,-18.174997,147.42499,0.04419889502762431,24.55
2006-06-30T12:00:00Z,-18.174997,147.42499,0.022099447513812154,24.51
2006-07-01T12:00:00Z,-18.174997,147.42499,0.0,24.4
2006-07-02T12:00:00Z,-18.174997,147.42499,0.0,24.47
2006-07-03T12:00:00Z,-18.174997,147.42499,0.022099447513812154,24.58
2006-07-04T12:00:00Z,-18.174997,147.42499,0.04419889502762431,24.43
2006-07-05T12:00:00Z,-18.174997,147.42499,0.06629834254143646,24.37
2006-07-06T12:00:00Z,-18.174997,147.42499,0.08839779005524862,24.41
2006-07-07T12:00:00Z,-18.174997,147.42499,0.11049723756906077,24.33
2006-07-08T12:00:00Z,-18.174997,147.42499,0.13259668508287292,24.13
2006-07-09T12:00:00Z,-18.174997,147.42499,0.15469613259668508,24.06
2006-07-10T12:00:00Z,-18.174997,147.42499,0.17679558011049723,24.16
2006-07-11T12:00:00Z,-18.174997,147.42499,0.19889502762430938,24.26
2006-07-12T12:00:00Z,-18.174997,147.42499,0.22099447513812154,24.3
2006-07-13T12:00:00Z,-18.174997,147.42499,0.2430939226519337,24.41
2006-07-14T12:00:00Z,-18.174997,147.42499,0.26519337016574585,24.25
2006-07-15T12:00:00Z,-18.174997,147.42499,0.287292817679558,24.29
2006-07-16T12:00:00Z,-18.174997,147.42499,0.30939226519337015,24.28
2006-07-17T12:00:00Z,-18.174997,147.42499,0.3314917127071823,24.23
2006-07-18T12:00:00Z,-18.174997,147.42499,0.35359116022099446,24.24
2006-07-19T12:00:00Z,-18.174997,147.42499,0.3756906077348066,24.2
2006-07-20T12:00:00Z,-18.174997,147.42499,0.39779005524861877,24.35
2006-07-21T12:00:00Z,-18.174997,147.42499,0.4198895027624309,24.04
2006-07-22T12:00:00Z,-18.174997,147.42499,0.4419889502762431,23.95
2006-07-23T12:00:00Z,-18.174997,147.42499,0.46408839779005523,23.99
2006-07-24T12:00:00Z,-18.174997,147.42499,0.4861878453038674,24.11
2006-07-25T12:00:00Z,-18.174997,147.42499,0.5082872928176796,23.84
2006-07-26T12:00:00Z,-18.174997,147.42499,0.5303867403314917,23.83
2006-07-27T12:00:00Z,-18.174997,147.42499,0.5524861878453039,23.86
2006-07-28T12:00:00Z,-18.174997,147.42499,0.574585635359116,24.2
2006-07-29T12:00:00Z,-18.174997,147.42499,0.5966850828729282,24.17
2006-07-30T12:00:00Z,-18.174997,147.42499,0.6187845303867403,24.25
2006-07-31T12:00:00Z,-18.174997,147.42499,0.6408839779005525,24.39
2006-08-01T12:00:00Z,-18.174997,147.42499,0.6629834254143646,24.48
2006-08-02T12:00:00Z,-18.174997,147.42499,0.6850828729281768,24.49
2006-08-03T12:00:00Z,-18.174997,147.42499,0.7071823204419889,24.59
2006-08-04T12:00:00Z,-18.174997,147.42499,0.7292817679558011,24.59
2006-08-05T12:00:00Z,-18.174997,147.42499,0.7513812154696132,24.86
2006-08-06T12:00:00Z,-18.174997,147.42499,0.7734806629834254,24.59
2006-08-07T12:00:00Z,-18.174997,147.42499,0.7955801104972375,24.35
2006-08-08T12:00:00Z,-18.174997,147.42499,0.8176795580110497,24.21
2006-08-09T12:00:00Z,-18.174997,147.42499,0.8397790055248618,24.16
2006-08-10T12:00:00Z,-18.174997,147.42499,0.861878453038674,23.95
2006-08-11T12:00:00Z,-18.174997,147.42499,0.8839779005524862,23.89
2006-08-12T12:00:00Z,-18.174997,147.42499,0.9060773480662984,23.97
2006-08-13T12:00:00Z,-18.174997,147.42499,0.9281767955801105,24.0
2006-08-14T12:00:00Z,-18.174997,147.42499,0.9502762430939227,23.84
2006-08-15T12:00:00Z,-18.174997,147.42499,0.9723756906077348,23.93
2006-08-16T12:00:00Z,-18.174997,147.42499,0.994475138121547,23.79
2006-08-17T12:00:00Z,-18.174997,147.42499,1.0165745856353592,23.76
2006-08-18T12:00:00Z,-18.174997,147.42499,1.0386740331491713,23.8
2006-08-19T12:00:00Z,-18.174997,147.42499,1.0607734806629834,23.75
2006-08-20T12:00:00Z,-18.174997,147.42499,1.0828729281767955,23.81
2006-08-21T12:00:00Z,-18.174997,147.42499,1.1049723756906078,23.74
2006-08-22T12:00:00Z,-18.174997,147.42499,1.12707182320442,23.72
2006-08-23T12:00:00Z,-18.174997,147.42499,1.149171270718232,23.83
2006-08-24T12:00:00Z,-18.174997,147.42499,1.171270718232044,23.83
2006-08-25T12:00:00Z,-18.174997,147.42499,1.1933701657458564,23.92
2006-08-26T12:00:00Z,-18.174997,147.42499,1.2154696132596685,24.13
2006-08-27T12:00:00Z,-18.174997,147.42499,1.2375690607734806,23.94
2006-08-28T12:00:00Z,-18.174997,147.42499,1.2596685082872927,23.87
2006-08-29T12:00:00Z,-18.174997,147.42499,1.281767955801105,23.84
2006-08-30T12:00:00Z,-18.174997,147.42499,1.3038674033149171,23.65
2006-08-31T12:00:00Z,-18.174997,147.42499,1.3259668508287292,23.93
2006-09-01T12:00:00Z,-18.174997,147.42499,1.3480662983425415,23.93
2006-09-02T12:00:00Z,-18.174997,147.42499,1.3701657458563536,24.08
2006-09-03T12:00:00Z,-18.174997,147.42499,1.3922651933701657,23.97
2006-09-04T12:00:00Z,-18.174997,147.42499,1.4143646408839778,24.19
2006-09-05T12:00:00Z,-18.174997,147.42499,1.4364640883977902,24.27
2006-09-06T12:00:00Z,-18.174997,147.42499,1.4585635359116023,24.23
2006-09-07T12:00:00Z,-18.174997,147.42499,1.4806629834254144,24.36
2006-09-08T12:00:00Z,-18.174997,147.42499,1.5027624309392265,24.35
2006-09-09T12:00:00Z,-18.174997,147.42499,1.5248618784530388,24.13
2006-09-10T12:00:00Z,-18.174997,147.42499,1.5469613259668509,24.01
2006-09-11T12:00:00Z,-18.174997,147.42499,1.569060773480663,23.91
2006-09-12T12:00:00Z,-18.174997,147.42499,1.591160220994475,23.96
2006-09-13T12:00:00Z,-18.174997,147.42499,1.6132596685082874,23.88
2006-09-14T12:00:00Z,-18.174997,147.42499,1.6353591160220995,23.64
2006-09-15T12:00:00Z,-18.174997,147.42499,1.6574585635359116,23.81
2006-09-16T12:00:00Z,-18.174997,147.42499,1.6795580110497237,23.86
2006-09-17T12:00:00Z,-18.174997,147.42499,1.701657458563536,23.86
2006-09-18T12:00:00Z,-18.174997,147.42499,1.723756906077348,23.89
2006-09-19T12:00:00Z,-18.174997,147.42499,1.7458563535911602,23.91
2006-09-20T12:00:00Z,-18.174997,147.42499,1.7679558011049723,23.67
2006-09-21T12:00:00Z,-18.174997,147.42499,1.7900552486187846,23.74
2006-09-22T12:00:00Z,-18.174997,147.42499,1.8121546961325967,23.85
2006-09-23T12:00:00Z,-18.174997,147.42499,1.8342541436464088,24.05
2006-09-24T12:00:00Z,-18.174997,147.42499,1.856353591160221,24.04
2006-09-25T12:00:00Z,-18.174997,147.42499,1.8784530386740332,24.12
2006-09-26T12:00:00Z,-18.174997,147.42499,1.9005524861878453,24.15
2006-09-27T12:00:00Z,-18.174997,147.42499,1.9226519337016574,24.09
2006-09-28T12:00:00Z,-18.174997,147.42499,1.9447513812154695,23.81
2006-09-29T12:00:00Z,-18.174997,147.42499,1.9668508287292819,23.84
2006-09-30T12:00:00Z,-18.174997,147.42499,1.988950276243094,23.93
2006-10-01T12:00:00Z,-18.174997,147.42499,2.0110497237569063,23.82
2006-10-02T12:00:00Z,-18.174997,147.42499,2.0331491712707184,24.05
2006-10-03T12:00:00Z,-18.174997,147.42499,2.0552486187845305,23.99
2006-10-04T12:00:00Z,-18.174997,147.42499,2.0773480662983426,24.09
2006-10-05T12:00:00Z,-18.174997,147.42499,2.0994475138121547,24.32
2006-10-06T12:00:00Z,-18.174997,147.42499,2.1215469613259668,24.49
2006-10-07T12:00:00Z,-18.174997,147.42499,2.143646408839779,24.43
2006-10-08T12:00:00Z,-18.174997,147.42499,2.165745856353591,24.38
2006-10-09T12:00:00Z,-18.174997,147.42499,2.1878453038674035,24.52
2006-10-10T12:00:00Z,-18.174997,147.42499,2.2099447513812156,24.29
2006-10-11T12:00:00Z,-18.174997,147.42499,2.2320441988950277,24.31
2006-10-12T12:00:00Z,-18.174997,147.42499,2.25414364640884,24.33
2006-10-13T12:00:00Z,-18.174997,147.42499,2.276243093922652,24.36
2006-10-14T12:00:00Z,-18.174997,147.42499,2.298342541436464,24.45
2006-10-15T12:00:00Z,-18.174997,147.42499,2.320441988950276,24.42
2006-10-16T12:00:00Z,-18.174997,147.42499,2.342541436464088,24.32
2006-10-17T12:00:00Z,-18.174997,147.42499,2.3646408839779007,24.36
2006-10-18T12:00:00Z,-18.174997,147.42499,2.386740331491713,24.4
2006-10-19T12:00:00Z,-18.174997,147.42499,2.408839779005525,24.37
2006-10-20T12:00:00Z,-18.174997,147.42499,2.430939226519337,24.24
2006-10-21T12:00:00Z,-18.174997,147.42499,2.453038674033149,24.28
2006-10-22T12:00:00Z,-18.174997,147.42499,2.4751381215469612,24.6
2006-10-23T12:00:00Z,-18.174997,147.42499,2.4972375690607733,24.21
2006-10-24T12:00:00Z,-18.174997,147.42499,2.5193370165745854,24.36
2006-10-25T12:00:00Z,-18.174997,147.42499,2.541436464088398,24.54
2006-10-26T12:00:00Z,-18.174997,147.42499,2.56353591160221,24.8
2006-10-27T12:00:00Z,-18.174997,147.42499,2.585635359116022,24.92
2006-10-28T12:00:00Z,-18.174997,147.42499,2.6077348066298343,25.24
2006-10-29T12:00:00Z,-18.174997,147.42499,2.6298342541436464,25.21
2006-10-30T12:00:00Z,-18.174997,147.42499,2.6519337016574585,25.09
2006-10-31T12:00:00Z,-18.174997,147.42499,2.6740331491712706,25.38
2006-11-01T12:00:00Z,-18.174997,147.42499,2.696132596685083,25.18
2006-11-02T12:00:00Z,-18.174997,147.42499,2.718232044198895,25.35
2006-11-03T12:00:00Z,-18.174997,147.42499,2.7403314917127073,25.53
2006-11-04T12:00:00Z,-18.174997,147.42499,2.7624309392265194,25.9
2006-11-05T12:00:00Z,-18.174997,147.42499,2.7845303867403315,25.6
2006-11-06T12:00:00Z,-18.174997,147.42499,2.8066298342541436,25.66
2006-11-07T12:00:00Z,-18.174997,147.42499,2.8287292817679557,25.76
2006-11-08T12:00:00Z,-18.174997,147.42499,2.850828729281768,25.88
2006-11-09T12:00:00Z,-18.174997,147.42499,2.8729281767955803,25.74
2006-11-10T12:00:00Z,-18.174997,147.42499,2.8950276243093924,25.76
2006-11-11T12:00:00Z,-18.174997,147.42499,2.9171270718232045,26.36
2006-11-12T12:00:00Z,-18.174997,147.42499,2.9392265193370166,26.46
2006-11-13T12:00:00Z,-18.174997,147.42499,2.9613259668508287,26.48
2006-11-14T12:00:00Z,-18.174997,147.42499,2.983425414364641,26.62
2006-11-15T12:00:00Z,-18.174997,147.42499,3.005524861878453,26.49
2006-11-16T12:00:00Z,-18.174997,147.42499,3.027624309392265,26.32
2006-11-17T12:00:00Z,-18.174997,147.42499,3.0497237569060776,26.19
2006-11-18T12:00:00Z,-18.174997,147.42499,3.0718232044198897,25.94
2006-11-19T12:00:00Z,-18.174997,147.42499,3.0939226519337018,25.98
2006-11-20T12:00:00Z,-18.174997,147.42499,3.116022099447514,26.1
2006-11-21T12:00:00Z,-18.174997,147.42499,3.138121546961326,26.0
2006-11-22T12:00:00Z,-18.174997,147.42499,3.160220994475138,25.94
2006-11-23T12:00:00Z,-18.174997,147.42499,3.18232044198895,26.08
2006-11-24T12:00:00Z,-18.174997,147.42499,3.2044198895027622,26.03
2006-11-25T12:00:00Z,-18.174997,147.42499,3.226519337016575,26.13
2006-11-26T12:00:00Z,-18.174997,147.42499,3.248618784530387,26.1
2006-11-27T12:00:00Z,-18.174997,147.42499,3.270718232044199,26.27
2006-11-28T12:00:00Z,-18.174997,147.42499,3.292817679558011,26.08
2006-11-29T12:00:00Z,-18.174997,147.42499,3.314917127071823,26.32
2006-11-30T12:00:00Z,-18.174997,147.42499,3.3370165745856353,26.6
2006-12-01T12:00:00Z,-18.174997,147.42499,3.3591160220994474,26.66
2006-12-02T12:00:00Z,-18.174997,147.42499,3.3812154696132595,26.65
2006-12-03T12:00:00Z,-18.174997,147.42499,3.403314917127072,26.88
2006-12-04T12:00:00Z,-18.174997,147.42499,3.425414364640884,26.77
2006-12-05T12:00:00Z,-18.174997,147.42499,3.447513812154696,27.05
2006-12-06T12:00:00Z,-18.174997,147.42499,3.4696132596685083,26.71
2006-12-07T12:00:00Z,-18.174997,147.42499,3.4917127071823204,26.56
2006-12-08T12:00:00Z,-18.174997,147.42499,3.5138121546961325,26.91
2006-12-09T12:00:00Z,-18.174997,147.42499,3.5359116022099446,26.69
2006-12-10T12:00:00Z,-18.174997,147.42499,3.5580110497237567,26.69
2006-12-11T12:00:00Z,-18.174997,147.42499,3.5801104972375692,26.79
2006-12-12T12:00:00Z,-18.174997,147.42499,3.6022099447513813,26.67
2006-12-13T12:00:00Z,-18.174997,147.42499,3.6243093922651934,26.72
2006-12-14T12:00:00Z,-18.174997,147.42499,3.6464088397790055,26.61
2006-12-15T12:00:00Z,-18.174997,147.42499,3.6685082872928176,26.98
2006-12-16T12:00:00Z,-18.174997,147.42499,3.6906077348066297,27.27
2006-12-17T12:00:00Z,-18.174997,147.42499,3.712707182320442,27.44
2006-12-18T12:00:00Z,-18.174997,147.42499,3.734806629834254,27.45
2006-12-19T12:00:00Z,-18.174997,147.42499,3.7569060773480665,27.31
2006-12-20T12:00:00Z,-18.174997,147.42499,3.7790055248618786,27.17
2006-12-21T12:00:00Z,-18.174997,147.42499,3.8011049723756907,27.08
2006-12-22T12:00:00Z,-18.174997,147.42499,3.8232044198895028,27.02
2006-12-23T12:00:00Z,-18.174997,147.42499,3.845303867403315,27.11
2006-12-24T12:00:00Z,-18.174997,147.42499,3.867403314917127,27.06
2006-12-25T12:00:00Z,-18.174997,147.42499,3.889502762430939,27.26
2006-12-26T12:00:00Z,-18.174997,147.42499,3.911602209944751,27.35
2006-12-27T12:00:00Z,-18.174997,147.42499,3.9337016574585637,27.38
2006-12-28T12:00:00Z,-18.174997,147.42499,3.955801104972376,27.27
2006-12-29T12:00:00Z,-18.174997,147.42499,3.977900552486188,27.16
2006-12-30T12:00:00Z,-18.174997,147.42499,4.0,27.33
2006-12-31T12:00:00Z,-18.174997,147.42499,4.0220994475138125,27.46
2007-01-01T12:00:00Z,-18.174997,147.42499,4.0,27.62
2007-01-02T12:00:00Z,-18.174997,147.42499,3.977900552486188,27.55
2007-01-03T12:00:00Z,-18.174997,147.42499,3.955801104972376,27.57
2007-01-04T12:00:00Z,-18.174997,147.42499,3.9337016574585637,27.75
2007-01-05T12:00:00Z,-18.174997,147.42499,3.911602209944751,27.7
2007-01-06T12:00:00Z,-18.174997,147.42499,3.889502762430939,27.84
2007-01-07T12:00:00Z,-18.174997,147.42499,3.867403314917127,27.65
2007-01-08T12:00:00Z,-18.174997,147.42499,3.845303867403315,28.23
2007-01-09T12:00:00Z,-18.174997,147.42499,3.8232044198895028,28.2
2007-01-10T12:00:00Z,-18.174997,147.42499,3.8011049723756907,28.19
2007-01-11T12:00:00Z,-18.174997,147.42499,3.7790055248618786,28.12
2007-01-12T12:00:00Z,-18.174997,147.42499,3.7569060773480665,28.37
2007-01-13T12:00:00Z,-18.174997,147.42499,3.734806629834254,28.5
2007-01-14T12:00:00Z,-18.174997,147.42499,3.712707182320442,28.58
2007-01-15T12:00:00Z,-18.174997,147.42499,3.6906077348066297,28.59
2007-01-16T12:00:00Z,-18.174997,147.42499,3.6685082872928176,28.41
2007-01-17T12:00:00Z,-18.174997,147.42499,3.6464088397790055,28.5
2007-01-18T12:00:00Z,-18.174997,147.42499,3.6243093922651934,28.57
2007-01-19T12:00:00Z,-18.174997,147.42499,3.6022099447513813,28.59
2007-01-20T12:00:00Z,-18.174997,147.42499,3.5801104972375692,28.64
2007-01-21T12:00:00Z,-18.174997,147.42499,3.5580110497237567,28.57
2007-01-22T12:00:00Z,-18.174997,147.42499,3.5359116022099446,28.56
2007-01-23T12:00:00Z,-18.174997,147.42499,3.5138121546961325,28.6
2007-01-24T12:00:00Z,-18.174997,147.42499,3.4917127071823204,28.52
2007-01-25T12:00:00Z,-18.174997,147.42499,3.4696132596685083,28.68
2007-01-26T12:00:00Z,-18.174997,147.42499,3.447513812154696,28.81
2007-01-27T12:00:00Z,-18.174997,147.42499,3.425414364640884,28.59
2007-01-28T12:00:00Z,-18.174997,147.42499,3.403314917127072,28.66
2007-01-29T12:00:00Z,-18.174997,147.42499,3.3812154696132595,28.73
2007-01-30T12:00:00Z,-18.174997,147.42499,3.3591160220994474,28.83
2007-01-31T12:00:00Z,-18.174997,147.42499,3.3370165745856353,28.86
2007-02-01T12:00:00Z,-18.174997,147.42499,3.314917127071823,28.92
2007-02-02T12:00:00Z,-18.174997,147.42499,3.292817679558011,28.86
2007-02-03T12:00:00Z,-18.174997,147.42499,3.270718232044199,28.82
2007-02-04T12:00:00Z,-18.174997,147.42499,3.248618784530387,28.75
2007-02-05T12:00:00Z,-18.174997,147.42499,3.226519337016575,28.65
2007-02-06T12:00:00Z,-18.174997,147.42499,3.2044198895027622,28.57
2007-02-07T12:00:00Z,-18.174997,147.42499,3.18232044198895,28.16
2007-02-08T12:00:00Z,-18.174997,147.42499,3.160220994475138,27.88
2007-02-09T12:00:00Z,-18.174997,147.42499,3.138121546961326,27.94
2007-02-10T12:00:00Z,-18.174997,147.42499,3.116022099447514,27.93
2007-02-11T12:00:00Z,-18.174997,147.42499,3.0939226519337018,28.12
2007-02-12T12:00:00Z,-18.174997,147.42499,3.0718232044198897,27.86
2007-02-13T12:00:00Z,-18.174997,147.42499,3.0497237569060776,28.07
2007-02-14T12:00:00Z,-18.174997,147.42499,3.027624309392265,28.24
2007-02-15T12:00:00Z,-18.174997,147.42499,3.005524861878453,28.34
2007-02-16T12:00:00Z,-18.174997,147.42499,2.983425414364641,28.45
2007-02-17T12:00:00Z,-18.174997,147.42499,2.9613259668508287,28.23
2007-02-18T12:00:00Z,-18.174997,147.42499,2.9392265193370166,27.8
2007-02-19T12:00:00Z,-18.174997,147.42499,2.9171270718232045,27.7
2007-02-20T12:00:00Z,-18.174997,147.42499,2.8950276243093924,27.55
2007-02-21T12:00:00Z,-18.174997,147.42499,2.8729281767955803,27.66
2007-02-22T12:00:00Z,-18.174997,147.42499,2.850828729281768,27.68
2007-02-23T12:00:00Z,-18.174997,147.42499,2.8287292817679557,27.68
2007-02-24T12:00:00Z,-18.174997,147.42499,2.8066298342541436,27.61
2007-02-25T12:00:00Z,-18.174997,147.42499,2.7845303867403315,27.52
2007-02-26T12:00:00Z,-18.174997,147.42499,2.7624309392265194,27.64
2007-02-27T12:00:00Z,-18.174997,147.42499,2.7403314917127073,27.66
2007-02-28T12:00:00Z,-18.174997,147.42499,2.718232044198895,27.65
2007-03-01T12:00:00Z,-18.174997,147.42499,2.696132596685083,27.42
2007-03-02T12:00:00Z,-18.174997,147.42499,2.6740331491712706,27.01
2007-03-03T12:00:00Z,-18.174997,147.42499,2.6519337016574585,27.83
2007-03-04T12:00:00Z,-18.174997,147.42499,2.6298342541436464,27.61
2007-03-05T12:00:00Z,-18.174997,147.42499,2.6077348066298343,27.71
2007-03-06T12:00:00Z,-18.174997,147.42499,2.585635359116022,27.54
2007-03-07T12:00:00Z,-18.174997,147.42499,2.56353591160221,27.57
2007-03-08T12:00:00Z,-18.174997,147.42499,2.541436464088398,27.73
2007-03-09T12:00:00Z,-18.174997,147.42499,2.5193370165745854,28.33
2007-03-10T12:00:00Z,-18.174997,147.42499,2.4972375690607733,28.34
2007-03-11T12:00:00Z,-18.174997,147.42499,2.4751381215469612,28.3
2007-03-12T12:00:00Z,-18.174997,147.42499,2.453038674033149,29.13
2007-03-13T12:00:00Z,-18.174997,147.42499,2.430939226519337,29.16
2007-03-14T12:00:00Z,-18.174997,147.42499,2.408839779005525,29.23
2007-03-15T12:00:00Z,-18.174997,147.42499,2.386740331491713,28.47
2007-03-16T12:00:00Z,-18.174997,147.42499,2.3646408839779007,28.43
2007-03-17T12:00:00Z,-18.174997,147.42499,2.342541436464088,28.53
2007-03-18T12:00:00Z,-18.174997,147.42499,2.320441988950276,28.31
2007-03-19T12:00:00Z,-18.174997,147.42499,2.298342541436464,27.96
2007-03-20T12:00:00Z,-18.174997,147.42499,2.276243093922652,27.78
2007-03-21T12:00:00Z,-18.174997,147.42499,2.25414364640884,27.89
2007-03-22T12:00:00Z,-18.174997,147.42499,2.2320441988950277,27.73
2007-03-23T12:00:00Z,-18.174997,147.42499,2.2099447513812156,27.59
2007-03-24T12:00:00Z,-18.174997,147.42499,2.1878453038674035,27.81
2007-03-25T12:00:00Z,-18.174997,147.42499,2.165745856353591,27.89
2007-03-26T12:00:00Z,-18.174997,147.42499,2.143646408839779,27.93
2007-03-27T12:00:00Z,-18.174997,147.42499,2.1215469613259668,27.82
2007-03-28T12:00:00Z,-18.174997,147.42499,2.0994475138121547,27.59
2007-03-29T12:00:00Z,-18.174997,147.42499,2.0773480662983426,27.52
2007-03-30T12:00:00Z,-18.174997,147.42499,2.0552486187845305,27.55
2007-03-31T12:00:00Z,-18.174997,147.42499,2.0331491712707184,27.46
2007-04-01T12:00:00Z,-18.174997,147.42499,2.0110497237569063,27.4
2007-04-02T12:00:00Z,-18.174997,147.42499,1.988950276243094,27.35
2007-04-03T12:00:00Z,-18.174997,147.42499,1.9668508287292819,27.29
2007-04-04T12:00:00Z,-18.174997,147.42499,1.9447513812154695,27.15
2007-04-05T12:00:00Z,-18.174997,147.42499,1.9226519337016574,27.16
2007-04-06T12:00:00Z,-18.174997,147.42499,1.9005524861878453,27.25
2007-04-07T12:00:00Z,-18.174997,147.42499,1.8784530386740332,27.37
2007-04-08T12:00:00Z,-18.174997,147.42499,1.856353591160221,27.25
2007-04-09T12:00:00Z,-18.174997,147.42499,1.8342541436464088,26.68
2007-04-10T12:00:00Z,-18.174997,147.42499,1.8121546961325967,26.67
2007-04-11T12:00:00Z,-18.174997,147.42499,1.7900552486187846,26.52
2007-04-12T12:00:00Z,-18.174997,147.42499,1.7679558011049723,26.51
2007-04-13T12:00:00Z,-18.174997,147.42499,1.7458563535911602,26.41
2007-04-14T12:00:00Z,-18.174997,147.42499,1.723756906077348,26.46
2007-04-15T12:00:00Z,-18.174997,147.42499,1.701657458563536,26.48
2007-04-16T12:00:00Z,-18.174997,147.42499,1.6795580110497237,26.5
2007-04-17T12:00:00Z,-18.174997,147.42499,1.6574585635359116,26.49
2007-04-18T12:00:00Z,-18.174997,147.42499,1.6353591160220995,26.38
2007-04-19T12:00:00Z,-18.174997,147.42499,1.6132596685082874,26.26
2007-04-20T12:00:00Z,-18.174997,147.42499,1.591160220994475,26.37
2007-04-21T12:00:00Z,-18.174997,147.42499,1.569060773480663,26.39
2007-04-22T12:00:00Z,-18.174997,147.42499,1.5469613259668509,26.39
2007-04-23T12:00:00Z,-18.174997,147.42499,1.5248618784530388,26.44
2007-04-24T12:00:00Z,-18.174997,147.42499,1.5027624309392265,26.44
2007-04-25T12:00:00Z,-18.174997,147.42499,1.4806629834254144,26.29
2007-04-26T12:00:00Z,-18.174997,147.42499,1.4585635359116023,26.24
2007-04-27T12:00:00Z,-18.174997,147.42499,1.4364640883977902,26.45
2007-04-28T12:00:00Z,-18.174997,147.42499,1.4143646408839778,26.75
2007-04-29T12:00:00Z,-18.174997,147.42499,1.3922651933701657,26.92
2007-04-30T12:00:00Z,-18.174997,147.42499,1.3701657458563536,26.79
2007-05-01T12:00:00Z,-18.174997,147.42499,1.3480662983425415,26.53
2007-05-02T12:00:00Z,-18.174997,147.42499,1.3259668508287292,26.78
2007-05-03T12:00:00Z,-18.174997,147.42499,1.3038674033149171,26.41
2007-05-04T12:00:00Z,-18.174997,147.42499,1.281767955801105,26.53
2007-05-05T12:00:00Z,-18.174997,147.42499,1.2596685082872927,26.71
2007-05-06T12:00:00Z,-18.174997,147.42499,1.2375690607734806,26.5
2007-05-07T12:00:00Z,-18.174997,147.42499,1.2154696132596685,26.61
2007-05-08T12:00:00Z,-18.174997,147.42499,1.1933701657458564,26.53
2007-05-09T12:00:00Z,-18.174997,147.42499,1.171270718232044,26.51
2007-05-10T12:00:00Z,-18.174997,147.42499,1.149171270718232,26.57
2007-05-11T12:00:00Z,-18.174997,147.42499,1.12707182320442,26.52
2007-05-12T12:00:00Z,-18.174997,147.42499,1.1049723756906078,26.25
2007-05-13T12:00:00Z,-18.174997,147.42499,1.0828729281767955,26.24
2007-05-14T12:00:00Z,-18.174997,147.42499,1.0607734806629834,26.15
2007-05-15T12:00:00Z,-18.174997,147.42499,1.0386740331491713,26.06
2007-05-16T12:00:00Z,-18.174997,147.42499,1.0165745856353592,26.19
2007-05-17T12:00:00Z,-18.174997,147.42499,0.994475138121547,26.06
2007-05-18T12:00:00Z,-18.174997,147.42499,0.9723756906077348,25.56
2007-05-19T12:00:00Z,-18.174997,147.42499,0.9502762430939227,25.29
2007-05-20T12:00:00Z,-18.174997,147.42499,0.9281767955801105,25.77
2007-05-21T12:00:00Z,-18.174997,147.42499,0.9060773480662984,25.72
2007-05-22T12:00:00Z,-18.174997,147.42499,0.8839779005524862,25.88
2007-05-23T12:00:00Z,-18.174997,147.42499,0.861878453038674,25.76
2007-05-24T12:00:00Z,-18.174997,147.42499,0.8397790055248618,25.94
2007-05-25T12:00:00Z,-18.174997,147.42499,0.8176795580110497,25.92
2007-05-26T12:00:00Z,-18.174997,147.42499,0.7955801104972375,25.83
2007-05-27T12:00:00Z,-18.174997,147.42499,0.7734806629834254,25.74
2007-05-28T12:00:00Z,-18.174997,147.42499,0.7513812154696132,25.79
2007-05-29T12:00:00Z,-18.174997,147.42499,0.7292817679558011,25.77
2007-05-30T12:00:00Z,-18.174997,147.42499,0.7071823204419889,26.07
2007-05-31T12:00:00Z,-18.174997,147.42499,0.6850828729281768,26.09
2007-06-01T12:00:00Z,-18.174997,147.42499,0.6629834254143646,26.23
2007-06-02T12:00:00Z,-18.174997,147.42499,0.6408839779005525,25.94
2007-06-03T12:00:00Z,-18.174997,147.42499,0.6187845303867403,26.07
2007-06-04T12:00:00Z,-18.174997,147.42499,0.5966850828729282,26.08
2007-06-05T12:00:00Z,-18.174997,147.42499,0.574585635359116,25.95
2007-06-06T12:00:00Z,-18.174997,147.42499,0.5524861878453039,25.98
2007-06-07T12:00:00Z,-18.174997,147.42499,0.5303867403314917,25.92
2007-06-08T12:00:00Z,-18.174997,147.42499,0.5082872928176796,25.82
2007-06-09T12:00:00Z,-18.174997,147.42499,0.4861878453038674,25.63
2007-06-10T12:00:00Z,-18.174997,147.42499,0.46408839779005523,25.46
2007-06-11T12:00:00Z,-18.174997,147.42499,0.4419889502762431,25.36
2007-06-12T12:00:00Z,-18.174997,147.42499,0.4198895027624309,25.48
2007-06-13T12:00:00Z,-18.174997,147.42499,0.39779005524861877,25.55
2007-06-14T12:00:00Z,-18.174997,147.42499,0.3756906077348066,25.53
2007-06-15T12:00:00Z,-18.174997,147.42499,0.35359116022099446,25.09
2007-06-16T12:00:00Z,-18.174997,147.42499,0.3314917127071823,24.88
2007-06-17T12:00:00Z,-18.174997,147.42499,0.30939226519337015,24.92
2007-06-18T12:00:00Z,-18.174997,147.42499,0.287292817679558,24.84
2007-06-19T12:00:00Z,-18.174997,147.42499,0.26519337016574585,24.75
2007-06-20T12:00:00Z,-18.174997,147.42499,0.2430939226519337,24.7
2007-06-21T12:00:00Z,-18.174997,147.42499,0.22099447513812154,24.68
2007-06-22T12:00:00Z,-18.174997,147.42499,0.19889502762430938,24.68
2007-06-23T12:00:00Z,-18.174997,147.42499,0.17679558011049723,24.7
2007-06-24T12:00:00Z,-18.174997,147.42499,0.15469613259668508,24.71
2007-06-25T12:00:00Z,-18.174997,147.42499,0.13259668508287292,24.56
2007-06-26T12:00:00Z,-18.174997,147.42499,0.11049723756906077,24.51
2007-06-27T12:00:00Z,-18.174997,147.42499,0.08839779005524862,24.71
2007-06-28T12:00:00Z,-18.174997,147.42499,0.06629834254143646,24.62
2007-06-29T12:00:00Z,-18.174997,147.42499,0.04419889502762431,24.6
2007-06-30T12:00:00Z,-18.174997,147.42499,0.022099447513812154,24.52
2007-07-01T12:00:00Z,-18.174997,147.42499,0.0,24.6
2007-07-02T12:00:00Z,-18.174997,147.42499,0.0,25.29
2007-07-03T12:00:00Z,-18.174997,147.42499,0.022099447513812154,24.46
2007-07-04T12:00:00Z,-18.174997,147.42499,0.04419889502762431,23.44
2007-07-05T12:00:00Z,-18.174997,147.42499,0.06629834254143646,24.37
2007-07-06T12:00:00Z,-18.174997,147.42499,0.08839779005524862,24.46
2007-07-07T12:00:00Z,-18.174997,147.42499,0.11049723756906077,24.34
2007-07-08T12:00:00Z,-18.174997,147.42499,0.13259668508287292,24.29
2007-07-09T12:00:00Z,-18.174997,147.42499,0.15469613259668508,24.35
2007-07-10T12:00:00Z,-18.174997,147.42499,0.17679558011049723,24.38
2007-07-11T12:00:00Z,-18.174997,147.42499,0.19889502762430938,24.44
2007-07-12T12:00:00Z,-18.174997,147.42499,0.22099447513812154,24.32
2007-07-13T12:00:00Z,-18.174997,147.42499,0.2430939226519337,24.37
2007-07-14T12:00:00Z,-18.174997,147.42499,0.26519337016574585,24.15
2007-07-15T12:00:00Z,-18.174997,147.42499,0.287292817679558,24.12
2007-07-16T12:00:00Z,-18.174997,147.42499,0.30939226519337015,23.99
2007-07-17T12:00:00Z,-18.174997,147.42499,0.3314917127071823,24.32
2007-07-18T12:00:00Z,-18.174997,147.42499,0.35359116022099446,24.44
2007-07-19T12:00:00Z,-18.174997,147.42499,0.3756906077348066,24.23
2007-07-20T12:00:00Z,-18.174997,147.42499,0.39779005524861877,24.12
2007-07-21T12:00:00Z,-18.174997,147.42499,0.4198895027624309,24.06
2007-07-22T12:00:00Z,-18.174997,147.42499,0.4419889502762431,24.01
2007-07-23T12:00:00Z,-18.174997,147.42499,0.46408839779005523,23.91
2007-07-24T12:00:00Z,-18.174997,147.42499,0.4861878453038674,23.54
2007-07-25T12:00:00Z,-18.174997,147.42499,0.5082872928176796,23.54
2007-07-26T12:00:00Z,-18.174997,147.42499,0.5303867403314917,23.53
2007-07-27T12:00:00Z,-18.174997,147.42499,0.5524861878453039,23.73
2007-07-28T12:00:00Z,-18.174997,147.42499,0.574585635359116,23.68
2007-07-29T12:00:00Z,-18.174997,147.42499,0.5966850828729282,23.78
2007-07-30T12:00:00Z,-18.174997,147.42499,0.6187845303867403,23.8
2007-07-31T12:00:00Z,-18.174997,147.42499,0.6408839779005525,23.83
2007-08-01T12:00:00Z,-18.174997,147.42499,0.6629834254143646,23.8
2007-08-02T12:00:00Z,-18.174997,147.42499,0.6850828729281768,23.82
2007-08-03T12:00:00Z,-18.174997,147.42499,0.7071823204419889,23.84
2007-08-04T12:00:00Z,-18.174997,147.42499,0.7292817679558011,23.99
2007-08-05T12:00:00Z,-18.174997,147.42499,0.7513812154696132,23.77
2007-08-06T12:00:00Z,-18.174997,147.42499,0.7734806629834254,23.73
2007-08-07T12:00:00Z,-18.174997,147.42499,0.7955801104972375,23.62
2007-08-08T12:00:00Z,-18.174997,147.42499,0.8176795580110497,23.71
2007-08-09T12:00:00Z,-18.174997,147.42499,0.8397790055248618,23.83
2007-08-10T12:00:00Z,-18.174997,147.42499,0.861878453038674,23.79
2007-08-11T12:00:00Z,-18.174997,147.42499,0.8839779005524862,23.79
2007-08-12T12:00:00Z,-18.174997,147.42499,0.9060773480662984,23.94
2007-08-13T12:00:00Z,-18.174997,147.42499,0.9281767955801105,23.97
2007-08-14T12:00:00Z,-18.174997,147.42499,0.9502762430939227,23.83
2007-08-15T12:00:00Z,-18.174997,147.42499,0.9723756906077348,23.89
2007-08-16T12:00:00Z,-18.174997,147.42499,0.994475138121547,23.97
2007-08-17T12:00:00Z,-18.174997,147.42499,1.0165745856353592,23.86
2007-08-18T12:00:00Z,-18.174997,147.42499,1.0386740331491713,23.88
2007-08-19T12:00:00Z,-18.174997,147.42499,1.0607734806629834,23.94
2007-08-20T12:00:00Z,-18.174997,147.42499,1.0828729281767955,23.96
2007-08-21T12:00:00Z,-18.174997,147.42499,1.1049723756906078,23.97
2007-08-22T12:00:00Z,-18.174997,147.42499,1.12707182320442,23.94
2007-08-23T12:00:00Z,-18.174997,147.42499,1.149171270718232,24.02
2007-08-24T12:00:00Z,-18.174997,147.42499,1.171270718232044,24.03
2007-08-25T12:00:00Z,-18.174997,147.42499,1.1933701657458564,24.12
2007-08-26T12:00:00Z,-18.174997,147.42499,1.2154696132596685,23.98
2007-08-27T12:00:00Z,-18.174997,147.42499,1.2375690607734806,23.98
2007-08-28T12:00:00Z,-18.174997,147.42499,1.2596685082872927,24.08
2007-08-29T12:00:00Z,-18.174997,147.42499,1.281767955801105,23.98
2007-08-30T12:00:00Z,-18.174997,147.42499,1.3038674033149171,23.76
2007-08-31T12:00:00Z,-18.174997,147.42499,1.3259668508287292,23.76
2007-09-01T12:00:00Z,-18.174997,147.42499,1.3480662983425415,24.0
2007-09-02T12:00:00Z,-18.174997,147.42499,1.3701657458563536,24.05
2007-09-03T12:00:00Z,-18.174997,147.42499,1.3922651933701657,24.1
2007-09-04T12:00:00Z,-18.174997,147.42499,1.4143646408839778,24.16
2007-09-05T12:00:00Z,-18.174997,147.42499,1.4364640883977902,24.07
2007-09-06T12:00:00Z,-18.174997,147.42499,1.4585635359116023,24.17
2007-09-07T12:00:00Z,-18.174997,147.42499,1.4806629834254144,24.3
2007-09-08T12:00:00Z,-18.174997,147.42499,1.5027624309392265,24.23
2007-09-09T12:00:00Z,-18.174997,147.42499,1.5248618784530388,24.58
2007-09-10T12:00:00Z,-18.174997,147.42499,1.5469613259668509,24.65
2007-09-11T12:00:00Z,-18.174997,147.42499,1.569060773480663,24.61
2007-09-12T12:00:00Z,-18.174997,147.42499,1.591160220994475,24.56
2007-09-13T12:00:00Z,-18.174997,147.42499,1.6132596685082874,24.44
2007-09-14T12:00:00Z,-18.174997,147.42499,1.6353591160220995,24.48
2007-09-15T12:00:00Z,-18.174997,147.42499,1.6574585635359116,24.44
2007-09-16T12:00:00Z,-18.174997,147.42499,1.6795580110497237,24.48
2007-09-17T12:00:00Z,-18.174997,147.42499,1.701657458563536,24.56
2007-09-18T12:00:00Z,-18.174997,147.42499,1.723756906077348,24.67
2007-09-19T12:00:00Z,-18.174997,147.42499,1.7458563535911602,24.86
2007-09-20T12:00:00Z,-18.174997,147.42499,1.7679558011049723,25.04
2007-09-21T12:00:00Z,-18.174997,147.42499,1.7900552486187846,24.92
2007-09-22T12:00:00Z,-18.174997,147.42499,1.8121546961325967,24.84
2007-09-23T12:00:00Z,-18.174997,147.42499,1.8342541436464088,24.73
2007-09-24T12:00:00Z,-18.174997,147.42499,1.856353591160221,24.71
2007-09-25T12:00:00Z,-18.174997,147.42499,1.8784530386740332,24.57
2007-09-26T12:00:00Z,-18.174997,147.42499,1.9005524861878453,24.55
2007-09-27T12:00:00Z,-18.174997,147.42499,1.9226519337016574,24.6
2007-09-28T12:00:00Z,-18.174997,147.42499,1.9447513812154695,24.47
2007-09-29T12:00:00Z,-18.174997,147.42499,1.9668508287292819,24.5
2007-09-30T12:00:00Z,-18.174997,147.42499,1.988950276243094,24.62
2007-10-01T12:00:00Z,-18.174997,147.42499,2.0110497237569063,24.47
2007-10-02T12:00:00Z,-18.174997,147.42499,2.0331491712707184,24.62
2007-10-03T12:00:00Z,-18.174997,147.42499,2.0552486187845305,24.67
2007-10-04T12:00:00Z,-18.174997,147.42499,2.0773480662983426,24.79
2007-10-05T12:00:00Z,-18.174997,147.42499,2.0994475138121547,25.09
2007-10-06T12:00:00Z,-18.174997,147.42499,2.1215469613259668,25.12
2007-10-07T12:00:00Z,-18.174997,147.42499,2.143646408839779,25.3
2007-10-08T12:00:00Z,-18.174997,147.42499,2.165745856353591,25.89
2007-10-09T12:00:00Z,-18.174997,147.42499,2.1878453038674035,25.98
2007-10-10T12:00:00Z,-18.174997,147.42499,2.2099447513812156,26.09
2007-10-11T12:00:00Z,-18.174997,147.42499,2.2320441988950277,26.29
2007-10-12T12:00:00Z,-18.174997,147.42499,2.25414364640884,26.31
2007-10-13T12:00:00Z,-18.174997,147.42499,2.276243093922652,26.26
2007-10-14T12:00:00Z,-18.174997,147.42499,2.298342541436464,26.07
2007-10-15T12:00:00Z,-18.174997,147.42499,2.320441988950276,25.98
2007-10-16T12:00:00Z,-18.174997,147.42499,2.342541436464088,26.01
2007-10-17T12:00:00Z,-18.174997,147.42499,2.3646408839779007,26.0
2007-10-18T12:00:00Z,-18.174997,147.42499,2.386740331491713,25.91
2007-10-19T12:00:00Z,-18.174997,147.42499,2.408839779005525,25.64
2007-10-20T12:00:00Z,-18.174997,147.42499,2.430939226519337,25.63
2007-10-21T12:00:00Z,-18.174997,147.42499,2.453038674033149,25.55
2007-10-22T12:00:00Z,-18.174997,147.42499,2.4751381215469612,25.59
2007-10-23T12:00:00Z,-18.174997,147.42499,2.4972375690607733,25.58
2007-10-24T12:00:00Z,-18.174997,147.42499,2.5193370165745854,25.7
2007-10-25T12:00:00Z,-18.174997,147.42499,2.541436464088398,25.68
2007-10-26T12:00:00Z,-18.174997,147.42499,2.56353591160221,26.31
2007-10-27T12:00:00Z,-18.174997,147.42499,2.585635359116022,26.31
2007-10-28T12:00:00Z,-18.174997,147.42499,2.6077348066298343,26.2
2007-10-29T12:00:00Z,-18.174997,147.42499,2.6298342541436464,26.11
2007-10-30T12:00:00Z,-18.174997,147.42499,2.6519337016574585,26.35
2007-10-31T12:00:00Z,-18.174997,147.42499,2.6740331491712706,26.34
2007-11-01T12:00:00Z,-18.174997,147.42499,2.696132596685083,26.29
2007-11-02T12:00:00Z,-18.174997,147.42499,2.718232044198895,26.4
2007-11-03T12:00:00Z,-18.174997,147.42499,2.7403314917127073,26.45
2007-11-04T12:00:00Z,-18.174997,147.42499,2.7624309392265194,26.51
2007-11-05T12:00:00Z,-18.174997,147.42499,2.7845303867403315,26.37
2007-11-06T12:00:00Z,-18.174997,147.42499,2.8066298342541436,26.28
2007-11-07T12:00:00Z,-18.174997,147.42499,2.8287292817679557,26.71
2007-11-08T12:00:00Z,-18.174997,147.42499,2.850828729281768,26.65
2007-11-09T12:00:00Z,-18.174997,147.42499,2.8729281767955803,26.93
2007-11-10T12:00:00Z,-18.174997,147.42499,2.8950276243093924,27.16
2007-11-11T12:00:00Z,-18.174997,147.42499,2.9171270718232045,27.04
2007-11-12T12:00:00Z,-18.174997,147.42499,2.9392265193370166,26.94
2007-11-13T12:00:00Z,-18.174997,147.42499,2.9613259668508287,26.75
2007-11-14T12:00:00Z,-18.174997,147.42499,2.983425414364641,26.77
2007-11-15T12:00:00Z,-18.174997,147.42499,3.005524861878453,26.74
2007-11-16T12:00:00Z,-18.174997,147.42499,3.027624309392265,26.78
2007-11-17T12:00:00Z,-18.174997,147.42499,3.0497237569060776,26.79
2007-11-18T12:00:00Z,-18.174997,147.42499,3.0718232044198897,26.78
2007-11-19T12:00:00Z,-18.174997,147.42499,3.0939226519337018,26.47
2007-11-20T12:00:00Z,-18.174997,147.42499,3.116022099447514,26.6
2007-11-21T12:00:00Z,-18.174997,147.42499,3.138121546961326,26.68
2007-11-22T12:00:00Z,-18.174997,147.42499,3.160220994475138,26.73
2007-11-23T12:00:00Z,-18.174997,147.42499,3.18232044198895,27.06
2007-11-24T12:00:00Z,-18.174997,147.42499,3.2044198895027622,26.79
2007-11-25T12:00:00Z,-18.174997,147.42499,3.226519337016575,26.9
2007-11-26T12:00:00Z,-18.174997,147.42499,3.248618784530387,27.04
2007-11-27T12:00:00Z,-18.174997,147.42499,3.270718232044199,26.86
2007-11-28T12:00:00Z,-18.174997,147.42499,3.292817679558011,26.95
2007-11-29T12:00:00Z,-18.174997,147.42499,3.314917127071823,27.11
2007-11-30T12:00:00Z,-18.174997,147.42499,3.3370165745856353,27.23
2007-12-01T12:00:00Z,-18.174997,147.42499,3.3591160220994474,27.39
2007-12-02T12:00:00Z,-18.174997,147.42499,3.3812154696132595,27.54
2007-12-03T12:00:00Z,-18.174997,147.42499,3.403314917127072,27.66
2007-12-04T12:00:00Z,-18.174997,147.42499,3.425414364640884,27.47
2007-12-05T12:00:00Z,-18.174997,147.42499,3.447513812154696,27.46
2007-12-06T12:00:00Z,-18.174997,147.42499,3.4696132596685083,27.53
2007-12-07T12:00:00Z,-18.174997,147.42499,3.4917127071823204,27.89
2007-12-08T12:00:00Z,-18.174997,147.42499,3.5138121546961325,28.1
2007-12-09T12:00:00Z,-18.174997,147.42499,3.5359116022099446,28.13
2007-12-10T12:00:00Z,-18.174997,147.42499,3.5580110497237567,28.11
2007-12-11T12:00:00Z,-18.174997,147.42499,3.5801104972375692,27.9
2007-12-12T12:00:00Z,-18.174997,147.42499,3.6022099447513813,27.84
2007-12-13T12:00:00Z,-18.174997,147.42499,3.6243093922651934,28.05
2007-12-14T12:00:00Z,-18.174997,147.42499,3.6464088397790055,28.0
2007-12-15T12:00:00Z,-18.174997,147.42499,3.6685082872928176,27.94
2007-12-16T12:00:00Z,-18.174997,147.42499,3.6906077348066297,28.13
2007-12-17T12:00:00Z,-18.174997,147.42499,3.712707182320442,28.22
2007-12-18T12:00:00Z,-18.174997,147.42499,3.734806629834254,28.2
2007-12-19T12:00:00Z,-18.174997,147.42499,3.7569060773480665,28.33
2007-12-20T12:00:00Z,-18.174997,147.42499,3.7790055248618786,28.48
2007-12-21T12:00:00Z,-18.174997,147.42499,3.8011049723756907,28.21
2007-12-22T12:00:00Z,-18.174997,147.42499,3.8232044198895028,28.36
2007-12-23T12:00:00Z,-18.174997,147.42499,3.845303867403315,28.59
2007-12-24T12:00:00Z,-18.174997,147.42499,3.867403314917127,28.53
2007-12-25T12:00:00Z,-18.174997,147.42499,3.889502762430939,28.42
2007-12-26T12:00:00Z,-18.174997,147.42499,3.911602209944751,28.38
2007-12-27T12:00:00Z,-18.174997,147.42499,3.9337016574585637,28.36
2007-12-28T12:00:00Z,-18.174997,147.42499,3.955801104972376,28.2
2007-12-29T12:00:00Z,-18.174997,147.42499,3.977900552486188,27.85
2007-12-30T12:00:00Z,-18.174997,147.42499,4.0,28.16
2007-12-31T12:00:00Z,-18.174997,147.42499,4.0220994475138125,28.36
2008-01-01T12:00:00Z,-18.174997,147.42499,4.0,28.66
2008-01-02T12:00:00Z,-18.174997,147.42499,3.977900552486188,28.86
2008-01-03T12:00:00Z,-18.174997,147.42499,3.955801104972376,28.93
2008-01-04T12:00:00Z,-18.174997,147.42499,3.9337016574585637,29.31
2008-01-05T12:00:00Z,-18.174997,147.42499,3.911602209944751,29.32
2008-01-06T12:00:00Z,-18.174997,147.42499,3.889502762430939,29.34
2008-01-07T12:00:00Z,-18.174997,147.42499,3.867403314917127,29.21
2008-01-08T12:00:00Z,-18.174997,147.42499,3.845303867403315,29.19
2008-01-09T12:00:00Z,-18.174997,147.42499,3.8232044198895028,29.01
2008-01-10T12:00:00Z,-18.174997,147.42499,3.8011049723756907,29.07
2008-01-11T12:00:00Z,-18.174997,147.42499,3.7790055248618786,28.88
2008-01-12T12:00:00Z,-18.174997,147.42499,3.7569060773480665,28.85
2008-01-13T12:00:00Z,-18.174997,147.42499,3.734806629834254,29.06
2008-01-14T12:00:00Z,-18.174997,147.42499,3.712707182320442,28.94
2008-01-15T12:00:00Z,-18.174997,147.42499,3.6906077348066297,28.57
2008-01-16T12:00:00Z,-18.174997,147.42499,3.6685082872928176,29.09
2008-01-17T12:00:00Z,-18.174997,147.42499,3.6464088397790055,29.56
2008-01-18T12:00:00Z,-18.174997,147.42499,3.6243093922651934,29.59
2008-01-19T12:00:00Z,-18.174997,147.42499,3.6022099447513813,29.34
2008-01-20T12:00:00Z,-18.174997,147.42499,3.5801104972375692,29.46
2008-01-21T12:00:00Z,-18.174997,147.42499,3.5580110497237567,29.28
2008-01-22T12:00:00Z,-18.174997,147.42499,3.5359116022099446,28.97
2008-01-23T12:00:00Z,-18.174997,147.42499,3.5138121546961325,28.86
2008-01-24T12:00:00Z,-18.174997,147.42499,3.4917127071823204,28.61
2008-01-25T12:00:00Z,-18.174997,147.42499,3.4696132596685083,28.53
2008-01-26T12:00:00Z,-18.174997,147.42499,3.447513812154696,28.67
2008-01-27T12:00:00Z,-18.174997,147.42499,3.425414364640884,28.77
2008-01-28T12:00:00Z,-18.174997,147.42499,3.403314917127072,28.83
2008-01-29T12:00:00Z,-18.174997,147.42499,3.3812154696132595,28.8
2008-01-30T12:00:00Z,-18.174997,147.42499,3.3591160220994474,28.91
2008-01-31T12:00:00Z,-18.174997,147.42499,3.3370165745856353,28.92
2008-02-01T12:00:00Z,-18.174997,147.42499,3.314917127071823,28.77
2008-02-02T12:00:00Z,-18.174997,147.42499,3.292817679558011,28.93
2008-02-03T12:00:00Z,-18.174997,147.42499,3.270718232044199,28.68
2008-02-04T12:00:00Z,-18.174997,147.42499,3.248618784530387,28.61
2008-02-05T12:00:00Z,-18.174997,147.42499,3.226519337016575,28.76
2008-02-06T12:00:00Z,-18.174997,147.42499,3.2044198895027622,29.38
2008-02-07T12:00:00Z,-18.174997,147.42499,3.18232044198895,29.28
2008-02-08T12:00:00Z,-18.174997,147.42499,3.160220994475138,29.29
2008-02-09T12:00:00Z,-18.174997,147.42499,3.138121546961326,29.32
2008-02-10T12:00:00Z,-18.174997,147.42499,3.116022099447514,29.52
2008-02-11T12:00:00Z,-18.174997,147.42499,3.0939226519337018,28.75
2008-02-12T12:00:00Z,-18.174997,147.42499,3.0718232044198897,28.73
2008-02-13T12:00:00Z,-18.174997,147.42499,3.0497237569060776,29.0
2008-02-14T12:00:00Z,-18.174997,147.42499,3.027624309392265,28.88
2008-02-15T12:00:00Z,-18.174997,147.42499,3.005524861878453,28.79
2008-02-16T12:00:00Z,-18.174997,147.42499,2.983425414364641,28.8
2008-02-17T12:00:00Z,-18.174997,147.42499,2.9613259668508287,28.66
2008-02-18T12:00:00Z,-18.174997,147.42499,2.9392265193370166,28.49
2008-02-19T12:00:00Z,-18.174997,147.42499,2.9171270718232045,28.35
2008-02-20T12:00:00Z,-18.174997,147.42499,2.8950276243093924,28.22
2008-02-21T12:00:00Z,-18.174997,147.42499,2.8729281767955803,27.85
2008-02-22T12:00:00Z,-18.174997,147.42499,2.850828729281768,28.66
2008-02-23T12:00:00Z,-18.174997,147.42499,2.8287292817679557,28.9
2008-02-24T12:00:00Z,-18.174997,147.42499,2.8066298342541436,28.9
2008-02-25T12:00:00Z,-18.174997,147.42499,2.7845303867403315,28.76
2008-02-26T12:00:00Z,-18.174997,147.42499,2.7624309392265194,28.61
2008-02-27T12:00:00Z,-18.174997,147.42499,2.7403314917127073,28.48
2008-02-28T12:00:00Z,-18.174997,147.42499,2.718232044198895,28.44
2008-02-29T12:00:00Z,-18.174997,147.42499,2.696132596685083,28.26
2008-03-01T12:00:00Z,-18.174997,147.42499,2.6740331491712706,28.32
2008-03-02T12:00:00Z,-18.174997,147.42499,2.6519337016574585,28.18
2008-03-03T12:00:00Z,-18.174997,147.42499,2.6298342541436464,28.27
2008-03-04T12:00:00Z,-18.174997,147.42499,2.6077348066298343,28.11
2008-03-05T12:00:00Z,-18.174997,147.42499,2.585635359116022,27.57
2008-03-06T12:00:00Z,-18.174997,147.42499,2.56353591160221,27.31
2008-03-07T12:00:00Z,-18.174997,147.42499,2.541436464088398,27.31
2008-03-08T12:00:00Z,-18.174997,147.42499,2.5193370165745854,27.32
2008-03-09T12:00:00Z,-18.174997,147.42499,2.4972375690607733,27.35
2008-03-10T12:00:00Z,-18.174997,147.42499,2.4751381215469612,27.25
2008-03-11T12:00:00Z,-18.174997,147.42499,2.453038674033149,27.29
2008-03-12T12:00:00Z,-18.174997,147.42499,2.430939226519337,27.14
2008-03-13T12:00:00Z,-18.174997,147.42499,2.408839779005525,27.08
2008-03-14T12:00:00Z,-18.174997,147.42499,2.386740331491713,27.18
2008-03-15T12:00:00Z,-18.174997,147.42499,2.3646408839779007,27.01
2008-03-16T12:00:00Z,-18.174997,147.42499,2.342541436464088,27.06
2008-03-17T12:00:00Z,-18.174997,147.42499,2.320441988950276,26.94
2008-03-18T12:00:00Z,-18.174997,147.42499,2.298342541436464,27.21
2008-03-19T12:00:00Z,-18.174997,147.42499,2.276243093922652,27.01
2008-03-20T12:00:00Z,-18.174997,147.42499,2.25414364640884,27.23
2008-03-21T12:00:00Z,-18.174997,147.42499,2.2320441988950277,27.3
2008-03-22T12:00:00Z,-18.174997,147.42499,2.2099447513812156,27.3
2008-03-23T12:00:00Z,-18.174997,147.42499,2.1878453038674035,27.56
2008-03-24T12:00:00Z,-18.174997,147.42499,2.165745856353591,27.53
2008-03-25T12:00:00Z,-18.174997,147.42499,2.143646408839779,27.6
2008-03-26T12:00:00Z,-18.174997,147.42499,2.1215469613259668,27.76
2008-03-27T12:00:00Z,-18.174997,147.42499,2.0994475138121547,27.3
2008-03-28T12:00:00Z,-18.174997,147.42499,2.0773480662983426,27.78
2008-03-29T12:00:00Z,-18.174997,147.42499,2.0552486187845305,27.9
2008-03-30T12:00:00Z,-18.174997,147.42499,2.0331491712707184,27.76
2008-03-31T12:00:00Z,-18.174997,147.42499,2.0110497237569063,27.29
2008-04-01T12:00:00Z,-18.174997,147.42499,1.988950276243094,27.2
2008-04-02T12:00:00Z,-18.174997,147.42499,1.9668508287292819,26.91
2008-04-03T12:00:00Z,-18.174997,147.42499,1.9447513812154695,27.17
2008-04-04T12:00:00Z,-18.174997,147.42499,1.9226519337016574,27.26
2008-04-05T12:00:00Z,-18.174997,147.42499,1.9005524861878453,27.03
2008-04-06T12:00:00Z,-18.174997,147.42499,1.8784530386740332,26.95
2008-04-07T12:00:00Z,-18.174997,147.42499,1.856353591160221,26.96
2008-04-08T12:00:00Z,-18.174997,147.42499,1.8342541436464088,26.91
2008-04-09T12:00:00Z,-18.174997,147.42499,1.8121546961325967,27.01
2008-04-10T12:00:00Z,-18.174997,147.42499,1.7900552486187846,26.82
2008-04-11T12:00:00Z,-18.174997,147.42499,1.7679558011049723,26.59
2008-04-12T12:00:00Z,-18.174997,147.42499,1.7458563535911602,26.52
2008-04-13T12:00:00Z,-18.174997,147.42499,1.723756906077348,26.51
2008-04-14T12:00:00Z,-18.174997,147.42499,1.701657458563536,26.56
2008-04-15T12:00:00Z,-18.174997,147.42499,1.6795580110497237,26.4
2008-04-16T12:00:00Z,-18.174997,147.42499,1.6574585635359116,26.46
2008-04-17T12:00:00Z,-18.174997,147.42499,1.6353591160220995,26.28
2008-04-18T12:00:00Z,-18.174997,147.42499,1.6132596685082874,26.19
2008-04-19T12:00:00Z,-18.174997,147.42499,1.591160220994475,26.04
2008-04-20T12:00:00Z,-18.174997,147.42499,1.569060773480663,26.05
2008-04-21T12:00:00Z,-18.174997,147.42499,1.5469613259668509,25.94
2008-04-22T12:00:00Z,-18.174997,147.42499,1.5248618784530388,26.23
2008-04-23T12:00:00Z,-18.174997,147.42499,1.5027624309392265,26.16
2008-04-24T12:00:00Z,-18.174997,147.42499,1.4806629834254144,26.19
2008-04-25T12:00:00Z,-18.174997,147.42499,1.4585635359116023,25.74
2008-04-26T12:00:00Z,-18.174997,147.42499,1.4364640883977902,26.05
2008-04-27T12:00:00Z,-18.174997,147.42499,1.4143646408839778,26.07
2008-04-28T12:00:00Z,-18.174997,147.42499,1.3922651933701657,26.17
2008-04-29T12:00:00Z,-18.174997,147.42499,1.3701657458563536,26.13
2008-04-30T12:00:00Z,-18.174997,147.42499,1.3480662983425415,25.91
2008-05-01T12:00:00Z,-18.174997,147.42499,1.3259668508287292,25.94
2008-05-02T12:00:00Z,-18.174997,147.42499,1.3038674033149171,25.92
2008-05-03T12:00:00Z,-18.174997,147.42499,1.281767955801105,25.97
2008-05-04T12:00:00Z,-18.174997,147.42499,1.2596685082872927,25.74
2008-05-05T12:00:00Z,-18.174997,147.42499,1.2375690607734806,25.43
2008-05-06T12:00:00Z,-18.174997,147.42499,1.2154696132596685,25.5
2008-05-07T12:00:00Z,-18.174997,147.42499,1.1933701657458564,25.47
2008-05-08T12:00:00Z,-18.174997,147.42499,1.171270718232044,25.65
2008-05-09T12:00:00Z,-18.174997,147.42499,1.149171270718232,25.35
2008-05-10T12:00:00Z,-18.174997,147.42499,1.12707182320442,25.32
2008-05-11T12:00:00Z,-18.174997,147.42499,1.1049723756906078,25.29
2008-05-12T12:00:00Z,-18.174997,147.42499,1.0828729281767955,25.27
2008-05-13T12:00:00Z,-18.174997,147.42499,1.0607734806629834,25.26
2008-05-14T12:00:00Z,-18.174997,147.42499,1.0386740331491713,25.23
2008-05-15T12:00:00Z,-18.174997,147.42499,1.0165745856353592,25.27
2008-05-16T12:00:00Z,-18.174997,147.42499,0.994475138121547,25.34
2008-05-17T12:00:00Z,-18.174997,147.42499,0.9723756906077348,25.5
2008-05-18T12:00:00Z,-18.174997,147.42499,0.9502762430939227,25.32
2008-05-19T12:00:00Z,-18.174997,147.42499,0.9281767955801105,24.96
2008-05-20T12:00:00Z,-18.174997,147.42499,0.9060773480662984,24.83
2008-05-21T12:00:00Z,-18.174997,147.42499,0.8839779005524862,24.78
2008-05-22T12:00:00Z,-18.174997,147.42499,0.861878453038674,24.59
2008-05-23T12:00:00Z,-18.174997,147.42499,0.8397790055248618,24.88
2008-05-24T12:00:00Z,-18.174997,147.42499,0.8176795580110497,24.82
2008-05-25T12:00:00Z,-18.174997,147.42499,0.7955801104972375,25.01
2008-05-26T12:00:00Z,-18.174997,147.42499,0.7734806629834254,25.06
2008-05-27T12:00:00Z,-18.174997,147.42499,0.7513812154696132,24.84
2008-05-28T12:00:00Z,-18.174997,147.42499,0.7292817679558011,24.85
2008-05-29T12:00:00Z,-18.174997,147.42499,0.7071823204419889,24.75
2008-05-30T12:00:00Z,-18.174997,147.42499,0.6850828729281768,24.36
2008-05-31T12:00:00Z,-18.174997,147.42499,0.6629834254143646,24.54
2008-06-01T12:00:00Z,-18.174997,147.42499,0.6408839779005525,24.93
2008-06-02T12:00:00Z,-18.174997,147.42499,0.6187845303867403,25.03
2008-06-03T12:00:00Z,-18.174997,147.42499,0.5966850828729282,24.89
2008-06-04T12:00:00Z,-18.174997,147.42499,0.574585635359116,24.84
2008-06-05T12:00:00Z,-18.174997,147.42499,0.5524861878453039,24.98
2008-06-06T12:00:00Z,-18.174997,147.42499,0.5303867403314917,24.96
2008-06-07T12:00:00Z,-18.174997,147.42499,0.5082872928176796,24.84
2008-06-08T12:00:00Z,-18.174997,147.42499,0.4861878453038674,24.99
2008-06-09T12:00:00Z,-18.174997,147.42499,0.46408839779005523,24.78
2008-06-10T12:00:00Z,-18.174997,147.42499,0.4419889502762431,24.77
2008-06-11T12:00:00Z,-18.174997,147.42499,0.4198895027624309,24.78
2008-06-12T12:00:00Z,-18.174997,147.42499,0.39779005524861877,24.71
2008-06-13T12:00:00Z,-18.174997,147.42499,0.3756906077348066,24.8
2008-06-14T12:00:00Z,-18.174997,147.42499,0.35359116022099446,24.76
2008-06-15T12:00:00Z,-18.174997,147.42499,0.3314917127071823,24.76
2008-06-16T12:00:00Z,-18.174997,147.42499,0.30939226519337015,24.45
2008-06-17T12:00:00Z,-18.174997,147.42499,0.287292817679558,24.37
2008-06-18T12:00:00Z,-18.174997,147.42499,0.26519337016574585,24.5
2008-06-19T12:00:00Z,-18.174997,147.42499,0.2430939226519337,24.54
2008-06-20T12:00:00Z,-18.174997,147.42499,0.22099447513812154,24.87
2008-06-21T12:00:00Z,-18.174997,147.42499,0.19889502762430938,24.64
2008-06-22T12:00:00Z,-18.174997,147.42499,0.17679558011049723,24.69
2008-06-23T12:00:00Z,-18.174997,147.42499,0.15469613259668508,24.56
2008-06-24T12:00:00Z,-18.174997,147.42499,0.13259668508287292,24.38
2008-06-25T12:00:00Z,-18.174997,147.42499,0.11049723756906077,24.1
2008-06-26T12:00:00Z,-18.174997,147.42499,0.08839779005524862,24.01
2008-06-27T12:00:00Z,-18.174997,147.42499,0.06629834254143646,23.95
2008-06-28T12:00:00Z,-18.174997,147.42499,0.04419889502762431,23.88
2008-06-29T12:00:00Z,-18.174997,147.42499,0.022099447513812154,23.76
2008-06-30T12:00:00Z,-18.174997,147.42499,0.0,23.79
2008-07-01T12:00:00Z,-18.174997,147.42499,-0.022099447513812154,23.94
2008-07-02T12:00:00Z,-18.174997,147.42499,0.0,23.97
2008-07-03T12:00:00Z,-18.174997,147.42499,0.022099447513812154,23.93
2008-07-04T12:00:00Z,-18.174997,147.42499,0.04419889502762431,23.97
2008-07-05T12:00:00Z,-18.174997,147.42499,0.06629834254143646,24.01
2008-07-06T12:00:00Z,-18.174997,147.42499,0.08839779005524862,24.03
2008-07-07T12:00:00Z,-18.174997,147.42499,0.11049723756906077,23.91
2008-07-08T12:00:00Z,-18.174997,147.42499,0.13259668508287292,23.83
2008-07-09T12:00:00Z,-18.174997,147.42499,0.15469613259668508,23.77
2008-07-10T12:00:00Z,-18.174997,147.42499,0.17679558011049723,23.83
2008-07-11T12:00:00Z,-18.174997,147.42499,0.19889502762430938,23.75
2008-07-12T12:00:00Z,-18.174997,147.42499,0.22099447513812154,23.62
2008-07-13T12:00:00Z,-18.174997,147.42499,0.2430939226519337,23.65
2008-07-14T12:00:00Z,-18.174997,147.42499,0.26519337016574585,23.72
2008-07-15T12:00:00Z,-18.174997,147.42499,0.287292817679558,23.76
2008-07-16T12:00:00Z,-18.174997,147.42499,0.30939226519337015,23.8
2008-07-17T12:00:00Z,-18.174997,147.42499,0.3314917127071823,23.68
2008-07-18T12:00:00Z,-18.174997,147.42499,0.35359116022099446,23.93
2008-07-19T12:00:00Z,-18.174997,147.42499,0.3756906077348066,23.89
2008-07-20T12:00:00Z,-18.174997,147.42499,0.39779005524861877,24.01
2008-07-21T12:00:00Z,-18.174997,147.42499,0.4198895027624309,24.32
2008-07-22T12:00:00Z,-18.174997,147.42499,0.4419889502762431,24.49
2008-07-23T12:00:00Z,-18.174997,147.42499,0.46408839779005523,24.14
2008-07-24T12:00:00Z,-18.174997,147.42499,0.4861878453038674,23.98
2008-07-25T12:00:00Z,-18.174997,147.42499,0.5082872928176796,23.69
2008-07-26T12:00:00Z,-18.174997,147.42499,0.5303867403314917,23.37
2008-07-27T12:00:00Z,-18.174997,147.42499,0.5524861878453039,23.43
2008-07-28T12:00:00Z,-18.174997,147.42499,0.574585635359116,23.74
2008-07-29T12:00:00Z,-18.174997,147.42499,0.5966850828729282,23.65
2008-07-30T12:00:00Z,-18.174997,147.42499,0.6187845303867403,23.61
2008-07-31T12:00:00Z,-18.174997,147.42499,0.6408839779005525,23.68
2008-08-01T12:00:00Z,-18.174997,147.42499,0.6629834254143646,23.51
2008-08-02T12:00:00Z,-18.174997,147.42499,0.6850828729281768,23.69
2008-08-03T12:00:00Z,-18.174997,147.42499,0.7071823204419889,23.93
2008-08-04T12:00:00Z,-18.174997,147.42499,0.7292817679558011,23.66
2008-08-05T12:00:00Z,-18.174997,147.42499,0.7513812154696132,23.41
2008-08-06T12:00:00Z,-18.174997,147.42499,0.7734806629834254,23.59
2008-08-07T12:00:00Z,-18.174997,147.42499,0.7955801104972375,23.65
2008-08-08T12:00:00Z,-18.174997,147.42499,0.8176795580110497,23.59
2008-08-09T12:00:00Z,-18.174997,147.42499,0.8397790055248618,23.61
2008-08-10T12:00:00Z,-18.174997,147.42499,0.861878453038674,23.79
2008-08-11T12:00:00Z,-18.174997,147.42499,0.8839779005524862,23.98
2008-08-12T12:00:00Z,-18.174997,147.42499,0.9060773480662984,23.7
2008-08-13T12:00:00Z,-18.174997,147.42499,0.9281767955801105,23.39
2008-08-14T12:00:00Z,-18.174997,147.42499,0.9502762430939227,23.54
2008-08-15T12:00:00Z,-18.174997,147.42499,0.9723756906077348,23.46
2008-08-16T12:00:00Z,-18.174997,147.42499,0.994475138121547,23.39
2008-08-17T12:00:00Z,-18.174997,147.42499,1.0165745856353592,23.37
2008-08-18T12:00:00Z,-18.174997,147.42499,1.0386740331491713,23.08
2008-08-19T12:00:00Z,-18.174997,147.42499,1.0607734806629834,23.37
2008-08-20T12:00:00Z,-18.174997,147.42499,1.0828729281767955,23.56
2008-08-21T12:00:00Z,-18.174997,147.42499,1.1049723756906078,23.5
2008-08-22T12:00:00Z,-18.174997,147.42499,1.12707182320442,24.03
2008-08-23T12:00:00Z,-18.174997,147.42499,1.149171270718232,23.97
2008-08-24T12:00:00Z,-18.174997,147.42499,1.171270718232044,23.9
2008-08-25T12:00:00Z,-18.174997,147.42499,1.1933701657458564,23.51
2008-08-26T12:00:00Z,-18.174997,147.42499,1.2154696132596685,23.57
2008-08-27T12:00:00Z,-18.174997,147.42499,1.2375690607734806,23.86
2008-08-28T12:00:00Z,-18.174997,147.42499,1.2596685082872927,23.89
2008-08-29T12:00:00Z,-18.174997,147.42499,1.281767955801105,23.93
2008-08-30T12:00:00Z,-18.174997,147.42499,1.3038674033149171,24.25
2008-08-31T12:00:00Z,-18.174997,147.42499,1.3259668508287292,24.39
2008-09-01T12:00:00Z,-18.174997,147.42499,1.3480662983425415,24.57
2008-09-02T12:00:00Z,-18.174997,147.42499,1.3701657458563536,24.24
2008-09-03T12:00:00Z,-18.174997,147.42499,1.3922651933701657,24.14
2008-09-04T12:00:00Z,-18.174997,147.42499,1.4143646408839778,24.37
2008-09-05T12:00:00Z,-18.174997,147.42499,1.4364640883977902,24.8
2008-09-06T12:00:00Z,-18.174997,147.42499,1.4585635359116023,24.58
2008-09-07T12:00:00Z,-18.174997,147.42499,1.4806629834254144,24.38
2008-09-08T12:00:00Z,-18.174997,147.42499,1.5027624309392265,24.35
2008-09-09T12:00:00Z,-18.174997,147.42499,1.5248618784530388,24.26
2008-09-10T12:00:00Z,-18.174997,147.42499,1.5469613259668509,24.44
2008-09-11T12:00:00Z,-18.174997,147.42499,1.569060773480663,24.53
2008-09-12T12:00:00Z,-18.174997,147.42499,1.591160220994475,24.53
2008-09-13T12:00:00Z,-18.174997,147.42499,1.6132596685082874,24.76
2008-09-14T12:00:00Z,-18.174997,147.42499,1.6353591160220995,25.05
2008-09-15T12:00:00Z,-18.174997,147.42499,1.6574585635359116,25.23
2008-09-16T12:00:00Z,-18.174997,147.42499,1.6795580110497237,25.18
2008-09-17T12:00:00Z,-18.174997,147.42499,1.701657458563536,25.19
2008-09-18T12:00:00Z,-18.174997,147.42499,1.723756906077348,25.22
2008-09-19T12:00:00Z,-18.174997,147.42499,1.7458563535911602,25.53
2008-09-20T12:00:00Z,-18.174997,147.42499,1.7679558011049723,25.74
2008-09-21T12:00:00Z,-18.174997,147.42499,1.7900552486187846,25.68
2008-09-22T12:00:00Z,-18.174997,147.42499,1.8121546961325967,25.62
2008-09-23T12:00:00Z,-18.174997,147.42499,1.8342541436464088,25.72
2008-09-24T12:00:00Z,-18.174997,147.42499,1.856353591160221,25.57
2008-09-25T12:00:00Z,-18.174997,147.42499,1.8784530386740332,25.45
2008-09-26T12:00:00Z,-18.174997,147.42499,1.9005524861878453,25.69
2008-09-27T12:00:00Z,-18.174997,147.42499,1.9226519337016574,25.81
2008-09-28T12:00:00Z,-18.174997,147.42499,1.9447513812154695,25.74
2008-09-29T12:00:00Z,-18.174997,147.42499,1.9668508287292819,26.06
2008-09-30T12:00:00Z,-18.174997,147.42499,1.988950276243094,25.84
2008-10-01T12:00:00Z,-18.174997,147.42499,2.0110497237569063,25.7
2008-10-02T12:00:00Z,-18.174997,147.42499,2.0331491712707184,25.72
2008-10-03T12:00:00Z,-18.174997,147.42499,2.0552486187845305,25.54
2008-10-04T12:00:00Z,-18.174997,147.42499,2.0773480662983426,25.56
2008-10-05T12:00:00Z,-18.174997,147.42499,2.0994475138121547,25.7
2008-10-06T12:00:00Z,-18.174997,147.42499,2.1215469613259668,26.02
2008-10-07T12:00:00Z,-18.174997,147.42499,2.143646408839779,26.24
2008-10-08T12:00:00Z,-18.174997,147.42499,2.165745856353591,26.25
2008-10-09T12:00:00Z,-18.174997,147.42499,2.1878453038674035,26.2
2008-10-10T12:00:00Z,-18.174997,147.42499,2.2099447513812156,26.02
2008-10-11T12:00:00Z,-18.174997,147.42499,2.2320441988950277,25.99
2008-10-12T12:00:00Z,-18.174997,147.42499,2.25414364640884,25.9
2008-10-13T12:00:00Z,-18.174997,147.42499,2.276243093922652,26.03
2008-10-14T12:00:00Z,-18.174997,147.42499,2.298342541436464,26.24
2008-10-15T12:00:00Z,-18.174997,147.42499,2.320441988950276,26.15
2008-10-16T12:00:00Z,-18.174997,147.42499,2.342541436464088,26.12
2008-10-17T12:00:00Z,-18.174997,147.42499,2.3646408839779007,26.07
2008-10-18T12:00:00Z,-18.174997,147.42499,2.386740331491713,26.01
2008-10-19T12:00:00Z,-18.174997,147.42499,2.408839779005525,26.0
2008-10-20T12:00:00Z,-18.174997,147.42499,2.430939226519337,26.47
2008-10-21T12:00:00Z,-18.174997,147.42499,2.453038674033149,26.29
2008-10-22T12:00:00Z,-18.174997,147.42499,2.4751381215469612,26.47
2008-10-23T12:00:00Z,-18.174997,147.42499,2.4972375690607733,26.33
2008-10-24T12:00:00Z,-18.174997,147.42499,2.5193370165745854,26.23
2008-10-25T12:00:00Z,-18.174997,147.42499,2.541436464088398,26.35
2008-10-26T12:00:00Z,-18.174997,147.42499,2.56353591160221,26.55
2008-10-27T12:00:00Z,-18.174997,147.42499,2.585635359116022,26.44
2008-10-28T12:00:00Z,-18.174997,147.42499,2.6077348066298343,26.2
2008-10-29T12:00:00Z,-18.174997,147.42499,2.6298342541436464,26.13
2008-10-30T12:00:00Z,-18.174997,147.42499,2.6519337016574585,26.17
2008-10-31T12:00:00Z,-18.174997,147.42499,2.6740331491712706,26.31
2008-11-01T12:00:00Z,-18.174997,147.42499,2.696132596685083,26.37
2008-11-02T12:00:00Z,-18.174997,147.42499,2.718232044198895,26.6
2008-11-03T12:00:00Z,-18.174997,147.42499,2.7403314917127073,26.55
2008-11-04T12:00:00Z,-18.174997,147.42499,2.7624309392265194,26.76
2008-11-05T12:00:00Z,-18.174997,147.42499,2.7845303867403315,26.96
2008-11-06T12:00:00Z,-18.174997,147.42499,2.8066298342541436,26.88
2008-11-07T12:00:00Z,-18.174997,147.42499,2.8287292817679557,26.95
2008-11-08T12:00:00Z,-18.174997,147.42499,2.850828729281768,27.1
2008-11-09T12:00:00Z,-18.174997,147.42499,2.8729281767955803,27.26
2008-11-10T12:00:00Z,-18.174997,147.42499,2.8950276243093924,27.33
2008-11-11T12:00:00Z,-18.174997,147.42499,2.9171270718232045,27.4
2008-11-12T12:00:00Z,-18.174997,147.42499,2.9392265193370166,27.57
2008-11-13T12:00:00Z,-18.174997,147.42499,2.9613259668508287,27.49
2008-11-14T12:00:00Z,-18.174997,147.42499,2.983425414364641,27.5
2008-11-15T12:00:00Z,-18.174997,147.42499,3.005524861878453,27.57
2008-11-16T12:00:00Z,-18.174997,147.42499,3.027624309392265,27.44
2008-11-17T12:00:00Z,-18.174997,147.42499,3.0497237569060776,27.39
2008-11-18T12:00:00Z,-18.174997,147.42499,3.0718232044198897,27.47
2008-11-19T12:00:00Z,-18.174997,147.42499,3.0939226519337018,27.69
2008-11-20T12:00:00Z,-18.174997,147.42499,3.116022099447514,27.58
2008-11-21T12:00:00Z,-18.174997,147.42499,3.138121546961326,27.72
2008-11-22T12:00:00Z,-18.174997,147.42499,3.160220994475138,28.04
2008-11-23T12:00:00Z,-18.174997,147.42499,3.18232044198895,27.81
2008-11-24T12:00:00Z,-18.174997,147.42499,3.2044198895027622,28.41
2008-11-25T12:00:00Z,-18.174997,147.42499,3.226519337016575,28.96
2008-11-26T12:00:00Z,-18.174997,147.42499,3.248618784530387,28.46
2008-11-27T12:00:00Z,-18.174997,147.42499,3.270718232044199,28.38
2008-11-28T12:00:00Z,-18.174997,147.42499,3.292817679558011,28.39
2008-11-29T12:00:00Z,-18.174997,147.42499,3.314917127071823,28.49
2008-11-30T12:00:00Z,-18.174997,147.42499,3.3370165745856353,29.14
2008-12-01T12:00:00Z,-18.174997,147.42499,3.3591160220994474,29.13
2008-12-02T12:00:00Z,-18.174997,147.42499,3.3812154696132595,29.0
2008-12-03T12:00:00Z,-18.174997,147.42499,3.403314917127072,28.87
2008-12-04T12:00:00Z,-18.174997,147.42499,3.425414364640884,28.89
2008-12-05T12:00:00Z,-18.174997,147.42499,3.447513812154696,28.67
2008-12-06T12:00:00Z,-18.174997,147.42499,3.4696132596685083,28.6
2008-12-07T12:00:00Z,-18.174997,147.42499,3.4917127071823204,28.72
2008-12-08T12:00:00Z,-18.174997,147.42499,3.5138121546961325,28.69
2008-12-09T12:00:00Z,-18.174997,147.42499,3.5359116022099446,29.09
2008-12-10T12:00:00Z,-18.174997,147.42499,3.5580110497237567,29.22
2008-12-11T12:00:00Z,-18.174997,147.42499,3.5801104972375692,29.5
2008-12-12T12:00:00Z,-18.174997,147.42499,3.6022099447513813,29.14
2008-12-13T12:00:00Z,-18.174997,147.42499,3.6243093922651934,29.37
2008-12-14T12:00:00Z,-18.174997,147.42499,3.6464088397790055,29.45
2008-12-15T12:00:00Z,-18.174997,147.42499,3.6685082872928176,29.69
2008-12-16T12:00:00Z,-18.174997,147.42499,3.6906077348066297,29.4
2008-12-17T12:00:00Z,-18.174997,147.42499,3.712707182320442,29.2
2008-12-18T12:00:00Z,-18.174997,147.42499,3.734806629834254,29.49
2008-12-19T12:00:00Z,-18.174997,147.42499,3.7569060773480665,29.74
2008-12-20T12:00:00Z,-18.174997,147.42499,3.7790055248618786,29.9
2008-12-21T12:00:00Z,-18.174997,147.42499,3.8011049723756907,29.86
2008-12-22T12:00:00Z,-18.174997,147.42499,3.8232044198895028,29.51
2008-12-23T12:00:00Z,-18.174997,147.42499,3.845303867403315,29.68
2008-12-24T12:00:00Z,-18.174997,147.42499,3.867403314917127,29.62
2008-12-25T12:00:00Z,-18.174997,147.42499,3.889502762430939,29.65
2008-12-26T12:00:00Z,-18.174997,147.42499,3.911602209944751,29.7
2008-12-27T12:00:00Z,-18.174997,147.42499,3.9337016574585637,29.54
2008-12-28T12:00:00Z,-18.174997,147.42499,3.955801104972376,29.4
2008-12-29T12:00:00Z,-18.174997,147.42499,3.977900552486188,29.44
2008-12-30T12:00:00Z,-18.174997,147.42499,4.0,29.43
2008-12-31T12:00:00Z,-18.174997,147.42499,4.0220994475138125,29.35
2009-01-01T12:00:00Z,-18.174997,147.42499,4.0,29.43
2009-01-02T12:00:00Z,-18.174997,147.42499,3.977900552486188,29.31
2009-01-03T12:00:00Z,-18.174997,147.42499,3.955801104972376,29.63
2009-01-04T12:00:00Z,-18.174997,147.42499,3.9337016574585637,29.67
2009-01-05T12:00:00Z,-18.174997,147.42499,3.911602209944751,29.67
2009-01-06T12:00:00Z,-18.174997,147.42499,3.889502762430939,29.2
2009-01-07T12:00:00Z,-18.174997,147.42499,3.867403314917127,29.41
2009-01-08T12:00:00Z,-18.174997,147.42499,3.845303867403315,29.42
2009-01-09T12:00:00Z,-18.174997,147.42499,3.8232044198895028,29.54
2009-01-10T12:00:00Z,-18.174997,147.42499,3.8011049723756907,29.49
2009-01-11T12:00:00Z,-18.174997,147.42499,3.7790055248618786,29.58
2009-01-12T12:00:00Z,-18.174997,147.42499,3.7569060773480665,29.43
2009-01-13T12:00:00Z,-18.174997,147.42499,3.734806629834254,29.04
2009-01-14T12:00:00Z,-18.174997,147.42499,3.712707182320442,28.94
2009-01-15T12:00:00Z,-18.174997,147.42499,3.6906077348066297,28.96
2009-01-16T12:00:00Z,-18.174997,147.42499,3.6685082872928176,28.86
2009-01-17T12:00:00Z,-18.174997,147.42499,3.6464088397790055,29.04
2009-01-18T12:00:00Z,-18.174997,147.42499,3.6243093922651934,29.03
2009-01-19T12:00:00Z,-18.174997,147.42499,3.6022099447513813,28.93
2009-01-20T12:00:00Z,-18.174997,147.42499,3.5801104972375692,28.62
2009-01-21T12:00:00Z,-18.174997,147.42499,3.5580110497237567,28.86
2009-01-22T12:00:00Z,-18.174997,147.42499,3.5359116022099446,28.95
2009-01-23T12:00:00Z,-18.174997,147.42499,3.5138121546961325,29.1
2009-01-24T12:00:00Z,-18.174997,147.42499,3.4917127071823204,29.43
2009-01-25T12:00:00Z,-18.174997,147.42499,3.4696132596685083,29.52
2009-01-26T12:00:00Z,-18.174997,147.42499,3.447513812154696,29.42
2009-01-27T12:00:00Z,-18.174997,147.42499,3.425414364640884,29.46
2009-01-28T12:00:00Z,-18.174997,147.42499,3.403314917127072,29.49
2009-01-29T12:00:00Z,-18.174997,147.42499,3.3812154696132595,29.51
2009-01-30T12:00:00Z,-18.174997,147.42499,3.3591160220994474,29.68
2009-01-31T12:00:00Z,-18.174997,147.42499,3.3370165745856353,29.51
2009-02-01T12:00:00Z,-18.174997,147.42499,3.314917127071823,29.28
2009-02-02T12:00:00Z,-18.174997,147.42499,3.292817679558011,28.99
2009-02-03T12:00:00Z,-18.174997,147.42499,3.270718232044199,28.77
2009-02-04T12:00:00Z,-18.174997,147.42499,3.248618784530387,28.78
2009-02-05T12:00:00Z,-18.174997,147.42499,3.226519337016575,28.77
2009-02-06T12:00:00Z,-18.174997,147.42499,3.2044198895027622,28.71
2009-02-07T12:00:00Z,-18.174997,147.42499,3.18232044198895,28.24
2009-02-08T12:00:00Z,-18.174997,147.42499,3.160220994475138,28.18
2009-02-09T12:00:00Z,-18.174997,147.42499,3.138121546961326,28.16
2009-02-10T12:00:00Z,-18.174997,147.42499,3.116022099447514,28.57
2009-02-11T12:00:00Z,-18.174997,147.42499,3.0939226519337018,28.69
2009-02-12T12:00:00Z,-18.174997,147.42499,3.0718232044198897,28.64
2009-02-13T12:00:00Z,-18.174997,147.42499,3.0497237569060776,28.26
2009-02-14T12:00:00Z,-18.174997,147.42499,3.027624309392265,28.35
2009-02-15T12:00:00Z,-18.174997,147.42499,3.005524861878453,28.72
2009-02-16T12:00:00Z,-18.174997,147.42499,2.983425414364641,29.04
2009-02-17T12:00:00Z,-18.174997,147.42499,2.9613259668508287,29.19
2009-02-18T12:00:00Z,-18.174997,147.42499,2.9392265193370166,29.45
2009-02-19T12:00:00Z,-18.174997,147.42499,2.9171270718232045,29.35
2009-02-20T12:00:00Z,-18.174997,147.42499,2.8950276243093924,29.61
2009-02-21T12:00:00Z,-18.174997,147.42499,2.8729281767955803,29.65
2009-02-22T12:00:00Z,-18.174997,147.42499,2.850828729281768,29.28
2009-02-23T12:00:00Z,-18.174997,147.42499,2.8287292817679557,28.98
2009-02-24T12:00:00Z,-18.174997,147.42499,2.8066298342541436,29.0
2009-02-25T12:00:00Z,-18.174997,147.42499,2.7845303867403315,28.75
2009-02-26T12:00:00Z,-18.174997,147.42499,2.7624309392265194,28.53
2009-02-27T12:00:00Z,-18.174997,147.42499,2.7403314917127073,28.51
2009-02-28T12:00:00Z,-18.174997,147.42499,2.718232044198895,28.52
2009-03-01T12:00:00Z,-18.174997,147.42499,2.696132596685083,28.29
2009-03-02T12:00:00Z,-18.174997,147.42499,2.6740331491712706,28.29
2009-03-03T12:00:00Z,-18.174997,147.42499,2.6519337016574585,28.21
2009-03-04T12:00:00Z,-18.174997,147.42499,2.6298342541436464,28.36
2009-03-05T12:00:00Z,-18.174997,147.42499,2.6077348066298343,28.71
2009-03-06T12:00:00Z,-18.174997,147.42499,2.585635359116022,28.74
2009-03-07T12:00:00Z,-18.174997,147.42499,2.56353591160221,28.67
2009-03-08T12:00:00Z,-18.174997,147.42499,2.541436464088398,28.13
2009-03-09T12:00:00Z,-18.174997,147.42499,2.5193370165745854,27.92
2009-03-10T12:00:00Z,-18.174997,147.42499,2.4972375690607733,27.85
2009-03-11T12:00:00Z,-18.174997,147.42499,2.4751381215469612,27.94
2009-03-12T12:00:00Z,-18.174997,147.42499,2.453038674033149,28.15
2009-03-13T12:00:00Z,-18.174997,147.42499,2.430939226519337,28.25
2009-03-14T12:00:00Z,-18.174997,147.42499,2.408839779005525,28.17
2009-03-15T12:00:00Z,-18.174997,147.42499,2.386740331491713,28.12
2009-03-16T12:00:00Z,-18.174997,147.42499,2.3646408839779007,28.14
2009-03-17T12:00:00Z,-18.174997,147.42499,2.342541436464088,28.05
2009-03-18T12:00:00Z,-18.174997,147.42499,2.320441988950276,27.52
2009-03-19T12:00:00Z,-18.174997,147.42499,2.298342541436464,27.97
2009-03-20T12:00:00Z,-18.174997,147.42499,2.276243093922652,27.61
2009-03-21T12:00:00Z,-18.174997,147.42499,2.25414364640884,27.75
2009-03-22T12:00:00Z,-18.174997,147.42499,2.2320441988950277,27.53
2009-03-23T12:00:00Z,-18.174997,147.42499,2.2099447513812156,27.56
2009-03-24T12:00:00Z,-18.174997,147.42499,2.1878453038674035,27.44
2009-03-25T12:00:00Z,-18.174997,147.42499,2.165745856353591,27.41
2009-03-26T12:00:00Z,-18.174997,147.42499,2.143646408839779,27.44
2009-03-27T12:00:00Z,-18.174997,147.42499,2.1215469613259668,27.51
2009-03-28T12:00:00Z,-18.174997,147.42499,2.0994475138121547,27.55
2009-03-29T12:00:00Z,-18.174997,147.42499,2.0773480662983426,27.34
2009-03-30T12:00:00Z,-18.174997,147.42499,2.0552486187845305,27.51
2009-03-31T12:00:00Z,-18.174997,147.42499,2.0331491712707184,27.55
2009-04-01T12:00:00Z,-18.174997,147.42499,2.0110497237569063,27.86
2009-04-02T12:00:00Z,-18.174997,147.42499,1.988950276243094,27.94
2009-04-03T12:00:00Z,-18.174997,147.42499,1.9668508287292819,27.78
2009-04-04T12:00:00Z,-18.174997,147.42499,1.9447513812154695,27.64
2009-04-05T12:00:00Z,-18.174997,147.42499,1.9226519337016574,27.71
2009-04-06T12:00:00Z,-18.174997,147.42499,1.9005524861878453,27.47
2009-04-07T12:00:00Z,-18.174997,147.42499,1.8784530386740332,27.49
2009-04-08T12:00:00Z,-18.174997,147.42499,1.856353591160221,27.59
2009-04-09T12:00:00Z,-18.174997,147.42499,1.8342541436464088,27.82
2009-04-10T12:00:00Z,-18.174997,147.42499,1.8121546961325967,27.83
2009-04-11T12:00:00Z,-18.174997,147.42499,1.7900552486187846,27.86
2009-04-12T12:00:00Z,-18.174997,147.42499,1.7679558011049723,27.77
2009-04-13T12:00:00Z,-18.174997,147.42499,1.7458563535911602,27.87
2009-04-14T12:00:00Z,-18.174997,147.42499,1.723756906077348,27.97
2009-04-15T12:00:00Z,-18.174997,147.42499,1.701657458563536,28.24
2009-04-16T12:00:00Z,-18.174997,147.42499,1.6795580110497237,27.96
2009-04-17T12:00:00Z,-18.174997,147.42499,1.6574585635359116,27.78
2009-04-18T12:00:00Z,-18.174997,147.42499,1.6353591160220995,27.86
2009-04-19T12:00:00Z,-18.174997,147.42499,1.6132596685082874,27.38
2009-04-20T12:00:00Z,-18.174997,147.42499,1.591160220994475,27.41
2009-04-21T12:00:00Z,-18.174997,147.42499,1.569060773480663,28.05
2009-04-22T12:00:00Z,-18.174997,147.42499,1.5469613259668509,27.81
2009-04-23T12:00:00Z,-18.174997,147.42499,1.5248618784530388,27.58
2009-04-24T12:00:00Z,-18.174997,147.42499,1.5027624309392265,27.6
2009-04-25T12:00:00Z,-18.174997,147.42499,1.4806629834254144,27.53
2009-04-26T12:00:00Z,-18.174997,147.42499,1.4585635359116023,27.77
2009-04-27T12:00:00Z,-18.174997,147.42499,1.4364640883977902,27.68
2009-04-28T12:00:00Z,-18.174997,147.42499,1.4143646408839778,27.35
2009-04-29T12:00:00Z,-18.174997,147.42499,1.3922651933701657,27.55
2009-04-30T12:00:00Z,-18.174997,147.42499,1.3701657458563536,27.52
2009-05-01T12:00:00Z,-18.174997,147.42499,1.3480662983425415,27.53
2009-05-02T12:00:00Z,-18.174997,147.42499,1.3259668508287292,27.26
2009-05-03T12:00:00Z,-18.174997,147.42499,1.3038674033149171,27.2
2009-05-04T12:00:00Z,-18.174997,147.42499,1.281767955801105,26.76
2009-05-05T12:00:00Z,-18.174997,147.42499,1.2596685082872927,26.68
2009-05-06T12:00:00Z,-18.174997,147.42499,1.2375690607734806,26.76
2009-05-07T12:00:00Z,-18.174997,147.42499,1.2154696132596685,26.82
2009-05-08T12:00:00Z,-18.174997,147.42499,1.1933701657458564,26.73
2009-05-09T12:00:00Z,-18.174997,147.42499,1.171270718232044,26.76
2009-05-10T12:00:00Z,-18.174997,147.42499,1.149171270718232,26.72
2009-05-11T12:00:00Z,-18.174997,147.42499,1.12707182320442,26.32
2009-05-12T12:00:00Z,-18.174997,147.42499,1.1049723756906078,26.24
2009-05-13T12:00:00Z,-18.174997,147.42499,1.0828729281767955,26.55
2009-05-14T12:00:00Z,-18.174997,147.42499,1.0607734806629834,26.34
2009-05-15T12:00:00Z,-18.174997,147.42499,1.0386740331491713,26.78
2009-05-16T12:00:00Z,-18.174997,147.42499,1.0165745856353592,26.81
2009-05-17T12:00:00Z,-18.174997,147.42499,0.994475138121547,26.99
2009-05-18T12:00:00Z,-18.174997,147.42499,0.9723756906077348,26.44
2009-05-19T12:00:00Z,-18.174997,147.42499,0.9502762430939227,26.16
2009-05-20T12:00:00Z,-18.174997,147.42499,0.9281767955801105,26.44
2009-05-21T12:00:00Z,-18.174997,147.42499,0.9060773480662984,26.29
2009-05-22T12:00:00Z,-18.174997,147.42499,0.8839779005524862,26.12
2009-05-23T12:00:00Z,-18.174997,147.42499,0.861878453038674,26.3
2009-05-24T12:00:00Z,-18.174997,147.42499,0.8397790055248618,26.28
2009-05-25T12:00:00Z,-18.174997,147.42499,0.8176795580110497,26.13
2009-05-26T12:00:00Z,-18.174997,147.42499,0.7955801104972375,26.03
2009-05-27T12:00:00Z,-18.174997,147.42499,0.7734806629834254,26.13
2009-05-28T12:00:00Z,-18.174997,147.42499,0.7513812154696132,26.28
2009-05-29T12:00:00Z,-18.174997,147.42499,0.7292817679558011,26.57
2009-05-30T12:00:00Z,-18.174997,147.42499,0.7071823204419889,26.25
2009-05-31T12:00:00Z,-18.174997,147.42499,0.6850828729281768,25.84
2009-06-01T12:00:00Z,-18.174997,147.42499,0.6629834254143646,25.96
2009-06-02T12:00:00Z,-18.174997,147.42499,0.6408839779005525,25.52
2009-06-03T12:00:00Z,-18.174997,147.42499,0.6187845303867403,25.96
2009-06-04T12:00:00Z,-18.174997,147.42499,0.5966850828729282,25.81
2009-06-05T12:00:00Z,-18.174997,147.42499,0.574585635359116,25.84
2009-06-06T12:00:00Z,-18.174997,147.42499,0.5524861878453039,25.85
2009-06-07T12:00:00Z,-18.174997,147.42499,0.5303867403314917,25.92
2009-06-08T12:00:00Z,-18.174997,147.42499,0.5082872928176796,25.83
2009-06-09T12:00:00Z,-18.174997,147.42499,0.4861878453038674,25.4
2009-06-10T12:00:00Z,-18.174997,147.42499,0.46408839779005523,25.8
2009-06-11T12:00:00Z,-18.174997,147.42499,0.4419889502762431,25.9
2009-06-12T12:00:00Z,-18.174997,147.42499,0.4198895027624309,25.68
2009-06-13T12:00:00Z,-18.174997,147.42499,0.39779005524861877,25.64
2009-06-14T12:00:00Z,-18.174997,147.42499,0.3756906077348066,25.61
2009-06-15T12:00:00Z,-18.174997,147.42499,0.35359116022099446,25.83
2009-06-16T12:00:00Z,-18.174997,147.42499,0.3314917127071823,25.96
2009-06-17T12:00:00Z,-18.174997,147.42499,0.30939226519337015,25.66
2009-06-18T12:00:00Z,-18.174997,147.42499,0.287292817679558,25.5
2009-06-19T12:00:00Z,-18.174997,147.42499,0.26519337016574585,25.6
2009-06-20T12:00:00Z,-18.174997,147.42499,0.2430939226519337,25.42
2009-06-21T12:00:00Z,-18.174997,147.42499,0.22099447513812154,25.08
2009-06-22T12:00:00Z,-18.174997,147.42499,0.19889502762430938,25.46
2009-06-23T12:00:00Z,-18.174997,147.42499,0.17679558011049723,25.47
2009-06-24T12:00:00Z,-18.174997,147.42499,0.15469613259668508,25.42
2009-06-25T12:00:00Z,-18.174997,147.42499,0.13259668508287292,25.65
2009-06-26T12:00:00Z,-18.174997,147.42499,0.11049723756906077,25.6
2009-06-27T12:00:00Z,-18.174997,147.42499,0.08839779005524862,25.89
2009-06-28T12:00:00Z,-18.174997,147.42499,0.06629834254143646,25.61
2009-06-29T12:00:00Z,-18.174997,147.42499,0.04419889502762431,25.66
2009-06-30T12:00:00Z,-18.174997,147.42499,0.022099447513812154,25.79
2009-07-01T12:00:00Z,-18.174997,147.42499,0.0,25.41
2009-07-02T12:00:00Z,-18.174997,147.42499,0.0,26.02
2009-07-03T12:00:00Z,-18.174997,147.42499,0.022099447513812154,26.0
2009-07-04T12:00:00Z,-18.174997,147.42499,0.04419889502762431,25.63
2009-07-05T12:00:00Z,-18.174997,147.42499,0.06629834254143646,25.75
2009-07-06T12:00:00Z,-18.174997,147.42499,0.08839779005524862,25.83
2009-07-07T12:00:00Z,-18.174997,147.42499,0.11049723756906077,25.59
2009-07-08T12:00:00Z,-18.174997,147.42499,0.13259668508287292,25.48
2009-07-09T12:00:00Z,-18.174997,147.42499,0.15469613259668508,25.67
2009-07-10T12:00:00Z,-18.174997,147.42499,0.17679558011049723,25.85
2009-07-11T12:00:00Z,-18.174997,147.42499,0.19889502762430938,25.5
2009-07-12T12:00:00Z,-18.174997,147.42499,0.22099447513812154,25.66
2009-07-13T12:00:00Z,-18.174997,147.42499,0.2430939226519337,25.63
2009-07-14T12:00:00Z,-18.174997,147.42499,0.26519337016574585,25.28
2009-07-15T12:00:00Z,-18.174997,147.42499,0.287292817679558,25.58
2009-07-16T12:00:00Z,-18.174997,147.42499,0.30939226519337015,25.64
2009-07-17T12:00:00Z,-18.174997,147.42499,0.3314917127071823,25.57
2009-07-18T12:00:00Z,-18.174997,147.42499,0.35359116022099446,25.42
2009-07-19T12:00:00Z,-18.174997,147.42499,0.3756906077348066,25.31
2009-07-20T12:00:00Z,-18.174997,147.42499,0.39779005524861877,25.44
2009-07-21T12:00:00Z,-18.174997,147.42499,0.4198895027624309,25.4
2009-07-22T12:00:00Z,-18.174997,147.42499,0.4419889502762431,25.51
2009-07-23T12:00:00Z,-18.174997,147.42499,0.46408839779005523,25.49
2009-07-24T12:00:00Z,-18.174997,147.42499,0.4861878453038674,25.69
2009-07-25T12:00:00Z,-18.174997,147.42499,0.5082872928176796,25.42
2009-07-26T12:00:00Z,-18.174997,147.42499,0.5303867403314917,25.29
2009-07-27T12:00:00Z,-18.174997,147.42499,0.5524861878453039,25.5
2009-07-28T12:00:00Z,-18.174997,147.42499,0.574585635359116,25.43
2009-07-29T12:00:00Z,-18.174997,147.42499,0.5966850828729282,25.1
2009-07-30T12:00:00Z,-18.174997,147.42499,0.6187845303867403,24.74
2009-07-31T12:00:00Z,-18.174997,147.42499,0.6408839779005525,24.71
2009-08-01T12:00:00Z,-18.174997,147.42499,0.6629834254143646,24.76
2009-08-02T12:00:00Z,-18.174997,147.42499,0.6850828729281768,24.67
2009-08-03T12:00:00Z,-18.174997,147.42499,0.7071823204419889,24.77
2009-08-04T12:00:00Z,-18.174997,147.42499,0.7292817679558011,24.89
2009-08-05T12:00:00Z,-18.174997,147.42499,0.7513812154696132,24.88
2009-08-06T12:00:00Z,-18.174997,147.42499,0.7734806629834254,25.01
2009-08-07T12:00:00Z,-18.174997,147.42499,0.7955801104972375,24.85
2009-08-08T12:00:00Z,-18.174997,147.42499,0.8176795580110497,24.86
2009-08-09T12:00:00Z,-18.174997,147.42499,0.8397790055248618,24.77
2009-08-10T12:00:00Z,-18.174997,147.42499,0.861878453038674,24.68
2009-08-11T12:00:00Z,-18.174997,147.42499,0.8839779005524862,24.76
2009-08-12T12:00:00Z,-18.174997,147.42499,0.9060773480662984,24.62
2009-08-13T12:00:00Z,-18.174997,147.42499,0.9281767955801105,24.69
2009-08-14T12:00:00Z,-18.174997,147.42499,0.9502762430939227,25.02
2009-08-15T12:00:00Z,-18.174997,147.42499,0.9723756906077348,25.06
2009-08-16T12:00:00Z,-18.174997,147.42499,0.994475138121547,25.13
2009-08-17T12:00:00Z,-18.174997,147.42499,1.0165745856353592,25.0
2009-08-18T12:00:00Z,-18.174997,147.42499,1.0386740331491713,24.77
2009-08-19T12:00:00Z,-18.174997,147.42499,1.0607734806629834,24.87
2009-08-20T12:00:00Z,-18.174997,147.42499,1.0828729281767955,24.92
2009-08-21T12:00:00Z,-18.174997,147.42499,1.1049723756906078,24.88
2009-08-22T12:00:00Z,-18.174997,147.42499,1.12707182320442,24.86
2009-08-23T12:00:00Z,-18.174997,147.42499,1.149171270718232,24.99
2009-08-24T12:00:00Z,-18.174997,147.42499,1.171270718232044,25.08
2009-08-25T12:00:00Z,-18.174997,147.42499,1.1933701657458564,25.18
2009-08-26T12:00:00Z,-18.174997,147.42499,1.2154696132596685,25.25
2009-08-27T12:00:00Z,-18.174997,147.42499,1.2375690607734806,25.2
2009-08-28T12:00:00Z,-18.174997,147.42499,1.2596685082872927,25.2
2009-08-29T12:00:00Z,-18.174997,147.42499,1.281767955801105,25.25
2009-08-30T12:00:00Z,-18.174997,147.42499,1.3038674033149171,25.41
2009-08-31T12:00:00Z,-18.174997,147.42499,1.3259668508287292,25.51
2009-09-01T12:00:00Z,-18.174997,147.42499,1.3480662983425415,25.46
2009-09-02T12:00:00Z,-18.174997,147.42499,1.3701657458563536,25.3
2009-09-03T12:00:00Z,-18.174997,147.42499,1.3922651933701657,25.26
2009-09-04T12:00:00Z,-18.174997,147.42499,1.4143646408839778,25.48
2009-09-05T12:00:00Z,-18.174997,147.42499,1.4364640883977902,25.76
2009-09-06T12:00:00Z,-18.174997,147.42499,1.4585635359116023,25.88
2009-09-07T12:00:00Z,-18.174997,147.42499,1.4806629834254144,25.5
2009-09-08T12:00:00Z,-18.174997,147.42499,1.5027624309392265,25.6
2009-09-09T12:00:00Z,-18.174997,147.42499,1.5248618784530388,25.53
2009-09-10T12:00:00Z,-18.174997,147.42499,1.5469613259668509,25.85
2009-09-11T12:00:00Z,-18.174997,147.42499,1.569060773480663,25.84
2009-09-12T12:00:00Z,-18.174997,147.42499,1.591160220994475,25.79
2009-09-13T12:00:00Z,-18.174997,147.42499,1.6132596685082874,25.71
2009-09-14T12:00:00Z,-18.174997,147.42499,1.6353591160220995,25.74
2009-09-15T12:00:00Z,-18.174997,147.42499,1.6574585635359116,25.82
2009-09-16T12:00:00Z,-18.174997,147.42499,1.6795580110497237,25.64
2009-09-17T12:00:00Z,-18.174997,147.42499,1.701657458563536,25.75
2009-09-18T12:00:00Z,-18.174997,147.42499,1.723756906077348,25.89
2009-09-19T12:00:00Z,-18.174997,147.42499,1.7458563535911602,25.78
2009-09-20T12:00:00Z,-18.174997,147.42499,1.7679558011049723,25.79
2009-09-21T12:00:00Z,-18.174997,147.42499,1.7900552486187846,25.75
2009-09-22T12:00:00Z,-18.174997,147.42499,1.8121546961325967,25.76
2009-09-23T12:00:00Z,-18.174997,147.42499,1.8342541436464088,25.7
2009-09-24T12:00:00Z,-18.174997,147.42499,1.856353591160221,25.04
2009-09-25T12:00:00Z,-18.174997,147.42499,1.8784530386740332,25.2
2009-09-26T12:00:00Z,-18.174997,147.42499,1.9005524861878453,25.72
2009-09-27T12:00:00Z,-18.174997,147.42499,1.9226519337016574,25.43
2009-09-28T12:00:00Z,-18.174997,147.42499,1.9447513812154695,25.36
2009-09-29T12:00:00Z,-18.174997,147.42499,1.9668508287292819,25.79
2009-09-30T12:00:00Z,-18.174997,147.42499,1.988950276243094,25.9
2009-10-01T12:00:00Z,-18.174997,147.42499,2.0110497237569063,25.94
2009-10-02T12:00:00Z,-18.174997,147.42499,2.0331491712707184,26.34
2009-10-03T12:00:00Z,-18.174997,147.42499,2.0552486187845305,25.96
2009-10-04T12:00:00Z,-18.174997,147.42499,2.0773480662983426,26.32
2009-10-05T12:00:00Z,-18.174997,147.42499,2.0994475138121547,26.42
2009-10-06T12:00:00Z,-18.174997,147.42499,2.1215469613259668,26.14
2009-10-07T12:00:00Z,-18.174997,147.42499,2.143646408839779,26.27
2009-10-08T12:00:00Z,-18.174997,147.42499,2.165745856353591,25.94
2009-10-09T12:00:00Z,-18.174997,147.42499,2.1878453038674035,26.14
2009-10-10T12:00:00Z,-18.174997,147.42499,2.2099447513812156,26.21
2009-10-11T12:00:00Z,-18.174997,147.42499,2.2320441988950277,25.87
2009-10-12T12:00:00Z,-18.174997,147.42499,2.25414364640884,26.13
2009-10-13T12:00:00Z,-18.174997,147.42499,2.276243093922652,26.36
2009-10-14T12:00:00Z,-18.174997,147.42499,2.298342541436464,26.47
2009-10-15T12:00:00Z,-18.174997,147.42499,2.320441988950276,26.85
2009-10-16T12:00:00Z,-18.174997,147.42499,2.342541436464088,26.96
2009-10-17T12:00:00Z,-18.174997,147.42499,2.3646408839779007,26.57
2009-10-18T12:00:00Z,-18.174997,147.42499,2.386740331491713,26.33
2009-10-19T12:00:00Z,-18.174997,147.42499,2.408839779005525,26.36
2009-10-20T12:00:00Z,-18.174997,147.42499,2.430939226519337,26.29
2009-10-21T12:00:00Z,-18.174997,147.42499,2.453038674033149,26.25
2009-10-22T12:00:00Z,-18.174997,147.42499,2.4751381215469612,26.56
2009-10-23T12:00:00Z,-18.174997,147.42499,2.4972375690607733,26.53
2009-10-24T12:00:00Z,-18.174997,147.42499,2.5193370165745854,26.44
2009-10-25T12:00:00Z,-18.174997,147.42499,2.541436464088398,26.38
2009-10-26T12:00:00Z,-18.174997,147.42499,2.56353591160221,26.46
2009-10-27T12:00:00Z,-18.174997,147.42499,2.585635359116022,26.24
2009-10-28T12:00:00Z,-18.174997,147.42499,2.6077348066298343,26.36
2009-10-29T12:00:00Z,-18.174997,147.42499,2.6298342541436464,26.32
2009-10-30T12:00:00Z,-18.174997,147.42499,2.6519337016574585,26.27
2009-10-31T12:00:00Z,-18.174997,147.42499,2.6740331491712706,26.16
2009-11-01T12:00:00Z,-18.174997,147.42499,2.696132596685083,26.19
2009-11-02T12:00:00Z,-18.174997,147.42499,2.718232044198895,26.23
2009-11-03T12:00:00Z,-18.174997,147.42499,2.7403314917127073,26.31
2009-11-04T12:00:00Z,-18.174997,147.42499,2.7624309392265194,26.28
2009-11-05T12:00:00Z,-18.174997,147.42499,2.7845303867403315,26.55
2009-11-06T12:00:00Z,-18.174997,147.42499,2.8066298342541436,26.27
2009-11-07T12:00:00Z,-18.174997,147.42499,2.8287292817679557,26.38
2009-11-08T12:00:00Z,-18.174997,147.42499,2.850828729281768,26.35
2009-11-09T12:00:00Z,-18.174997,147.42499,2.8729281767955803,26.33
2009-11-10T12:00:00Z,-18.174997,147.42499,2.8950276243093924,26.36
2009-11-11T12:00:00Z,-18.174997,147.42499,2.9171270718232045,26.28
2009-11-12T12:00:00Z,-18.174997,147.42499,2.9392265193370166,26.37
2009-11-13T12:00:00Z,-18.174997,147.42499,2.9613259668508287,26.14
2009-11-14T12:00:00Z,-18.174997,147.42499,2.983425414364641,26.15
2009-11-15T12:00:00Z,-18.174997,147.42499,3.005524861878453,26.39
2009-11-16T12:00:00Z,-18.174997,147.42499,3.027624309392265,26.47
2009-11-17T12:00:00Z,-18.174997,147.42499,3.0497237569060776,26.64
2009-11-18T12:00:00Z,-18.174997,147.42499,3.0718232044198897,26.7
2009-11-19T12:00:00Z,-18.174997,147.42499,3.0939226519337018,26.62
2009-11-20T12:00:00Z,-18.174997,147.42499,3.116022099447514,26.61
2009-11-21T12:00:00Z,-18.174997,147.42499,3.138121546961326,26.72
2009-11-22T12:00:00Z,-18.174997,147.42499,3.160220994475138,26.85
2009-11-23T12:00:00Z,-18.174997,147.42499,3.18232044198895,27.0
2009-11-24T12:00:00Z,-18.174997,147.42499,3.2044198895027622,27.04
2009-11-25T12:00:00Z,-18.174997,147.42499,3.226519337016575,26.83
2009-11-26T12:00:00Z,-18.174997,147.42499,3.248618784530387,26.9
2009-11-27T12:00:00Z,-18.174997,147.42499,3.270718232044199,27.11
2009-11-28T12:00:00Z,-18.174997,147.42499,3.292817679558011,27.42
2009-11-29T12:00:00Z,-18.174997,147.42499,3.314917127071823,27.35
2009-11-30T12:00:00Z,-18.174997,147.42499,3.3370165745856353,27.32
2009-12-01T12:00:00Z,-18.174997,147.42499,3.3591160220994474,27.21
2009-12-02T12:00:00Z,-18.174997,147.42499,3.3812154696132595,27.85
2009-12-03T12:00:00Z,-18.174997,147.42499,3.403314917127072,27.64
2009-12-04T12:00:00Z,-18.174997,147.42499,3.425414364640884,27.64
2009-12-05T12:00:00Z,-18.174997,147.42499,3.447513812154696,27.55
2009-12-06T12:00:00Z,-18.174997,147.42499,3.4696132596685083,27.6
2009-12-07T12:00:00Z,-18.174997,147.42499,3.4917127071823204,27.7
2009-12-08T12:00:00Z,-18.174997,147.42499,3.5138121546961325,27.66
2009-12-09T12:00:00Z,-18.174997,147.42499,3.5359116022099446,27.76
2009-12-10T12:00:00Z,-18.174997,147.42499,3.5580110497237567,27.82
2009-12-11T12:00:00Z,-18.174997,147.42499,3.5801104972375692,27.86
2009-12-12T12:00:00Z,-18.174997,147.42499,3.6022099447513813,27.68
2009-12-13T12:00:00Z,-18.174997,147.42499,3.6243093922651934,27.79
2009-12-14T12:00:00Z,-18.174997,147.42499,3.6464088397790055,27.75
2009-12-15T12:00:00Z,-18.174997,147.42499,3.6685082872928176,27.61
2009-12-16T12:00:00Z,-18.174997,147.42499,3.6906077348066297,27.7
2009-12-17T12:00:00Z,-18.174997,147.42499,3.712707182320442,27.65
2009-12-18T12:00:00Z,-18.174997,147.42499,3.734806629834254,27.87
2009-12-19T12:00:00Z,-18.174997,147.42499,3.7569060773480665,28.15
2009-12-20T12:00:00Z,-18.174997,147.42499,3.7790055248618786,28.17
2009-12-21T12:00:00Z,-18.174997,147.42499,3.8011049723756907,28.29
2009-12-22T12:00:00Z,-18.174997,147.42499,3.8232044198895028,28.7
2009-12-23T12:00:00Z,-18.174997,147.42499,3.845303867403315,28.56
2009-12-24T12:00:00Z,-18.174997,147.42499,3.867403314917127,28.66
2009-12-25T12:00:00Z,-18.174997,147.42499,3.889502762430939,28.7
2009-12-26T12:00:00Z,-18.174997,147.42499,3.911602209944751,28.88
2009-12-27T12:00:00Z,-18.174997,147.42499,3.9337016574585637,28.9
2009-12-28T12:00:00Z,-18.174997,147.42499,3.955801104972376,28.98
2009-12-29T12:00:00Z,-18.174997,147.42499,3.977900552486188,28.96
2009-12-30T12:00:00Z,-18.174997,147.42499,4.0,28.78
2009-12-31T12:00:00Z,-18.174997,147.42499,4.0220994475138125,28.84
2010-01-01T12:00:00Z,-18.174997,147.42499,4.0,28.74
2010-01-02T12:00:00Z,-18.174997,147.42499,3.977900552486188,28.66
2010-01-03T12:00:00Z,-18.174997,147.42499,3.955801104972376,28.71
2010-01-04T12:00:00Z,-18.174997,147.42499,3.9337016574585637,28.82
2010-01-05T12:00:00Z,-18.174997,147.42499,3.911602209944751,28.72
2010-01-06T12:00:00Z,-18.174997,147.42499,3.889502762430939,28.81
2010-01-07T12:00:00Z,-18.174997,147.42499,3.867403314917127,29.09
2010-01-08T12:00:00Z,-18.174997,147.42499,3.845303867403315,29.18
2010-01-09T12:00:00Z,-18.174997,147.42499,3.8232044198895028,28.54
2010-01-10T12:00:00Z,-18.174997,147.42499,3.8011049723756907,28.48
2010-01-11T12:00:00Z,-18.174997,147.42499,3.7790055248618786,28.62
2010-01-12T12:00:00Z,-18.174997,147.42499,3.7569060773480665,29.04
2010-01-13T12:00:00Z,-18.174997,147.42499,3.734806629834254,29.07
2010-01-14T12:00:00Z,-18.174997,147.42499,3.712707182320442,28.99
2010-01-15T12:00:00Z,-18.174997,147.42499,3.6906077348066297,29.25
2010-01-16T12:00:00Z,-18.174997,147.42499,3.6685082872928176,29.1
2010-01-17T12:00:00Z,-18.174997,147.42499,3.6464088397790055,29.04
2010-01-18T12:00:00Z,-18.174997,147.42499,3.6243093922651934,29.22
2010-01-19T12:00:00Z,-18.174997,147.42499,3.6022099447513813,29.14
2010-01-20T12:00:00Z,-18.174997,147.42499,3.5801104972375692,29.59
2010-01-21T12:00:00Z,-18.174997,147.42499,3.5580110497237567,28.78
2010-01-22T12:00:00Z,-18.174997,147.42499,3.5359116022099446,28.42
2010-01-23T12:00:00Z,-18.174997,147.42499,3.5138121546961325,28.37
2010-01-24T12:00:00Z,-18.174997,147.42499,3.4917127071823204,28.41
2010-01-25T12:00:00Z,-18.174997,147.42499,3.4696132596685083,28.34
2010-01-26T12:00:00Z,-18.174997,147.42499,3.447513812154696,28.4
2010-01-27T12:00:00Z,-18.174997,147.42499,3.425414364640884,28.58
2010-01-28T12:00:00Z,-18.174997,147.42499,3.403314917127072,28.58
2010-01-29T12:00:00Z,-18.174997,147.42499,3.3812154696132595,28.79
2010-01-30T12:00:00Z,-18.174997,147.42499,3.3591160220994474,28.52
2010-01-31T12:00:00Z,-18.174997,147.42499,3.3370165745856353,28.17
2010-02-01T12:00:00Z,-18.174997,147.42499,3.314917127071823,28.38
2010-02-02T12:00:00Z,-18.174997,147.42499,3.292817679558011,28.76
2010-02-03T12:00:00Z,-18.174997,147.42499,3.270718232044199,29.29
2010-02-04T12:00:00Z,-18.174997,147.42499,3.248618784530387,29.27
2010-02-05T12:00:00Z,-18.174997,147.42499,3.226519337016575,29.34
2010-02-06T12:00:00Z,-18.174997,147.42499,3.2044198895027622,29.41
2010-02-07T12:00:00Z,-18.174997,147.42499,3.18232044198895,29.35
2010-02-08T12:00:00Z,-18.174997,147.42499,3.160220994475138,29.29
2010-02-09T12:00:00Z,-18.174997,147.42499,3.138121546961326,29.02
2010-02-10T12:00:00Z,-18.174997,147.42499,3.116022099447514,28.85
2010-02-11T12:00:00Z,-18.174997,147.42499,3.0939226519337018,28.71
2010-02-12T12:00:00Z,-18.174997,147.42499,3.0718232044198897,28.74
2010-02-13T12:00:00Z,-18.174997,147.42499,3.0497237569060776,28.77
2010-02-14T12:00:00Z,-18.174997,147.42499,3.027624309392265,28.79
2010-02-15T12:00:00Z,-18.174997,147.42499,3.005524861878453,28.85
2010-02-16T12:00:00Z,-18.174997,147.42499,2.983425414364641,29.01
2010-02-17T12:00:00Z,-18.174997,147.42499,2.9613259668508287,29.24
2010-02-18T12:00:00Z,-18.174997,147.42499,2.9392265193370166,29.54
2010-02-19T12:00:00Z,-18.174997,147.42499,2.9171270718232045,28.49
2010-02-20T12:00:00Z,-18.174997,147.42499,2.8950276243093924,28.7
2010-02-21T12:00:00Z,-18.174997,147.42499,2.8729281767955803,28.82
2010-02-22T12:00:00Z,-18.174997,147.42499,2.850828729281768,28.62
2010-02-23T12:00:00Z,-18.174997,147.42499,2.8287292817679557,28.86
2010-02-24T12:00:00Z,-18.174997,147.42499,2.8066298342541436,29.14
2010-02-25T12:00:00Z,-18.174997,147.42499,2.7845303867403315,29.12
2010-02-26T12:00:00Z,-18.174997,147.42499,2.7624309392265194,28.96
2010-02-27T12:00:00Z,-18.174997,147.42499,2.7403314917127073,29.11
2010-02-28T12:00:00Z,-18.174997,147.42499,2.718232044198895,28.99
2010-03-01T12:00:00Z,-18.174997,147.42499,2.696132596685083,29.21
2010-03-02T12:00:00Z,-18.174997,147.42499,2.6740331491712706,29.05
2010-03-03T12:00:00Z,-18.174997,147.42499,2.6519337016574585,29.45
2010-03-04T12:00:00Z,-18.174997,147.42499,2.6298342541436464,29.79
2010-03-05T12:00:00Z,-18.174997,147.42499,2.6077348066298343,29.66
2010-03-06T12:00:00Z,-18.174997,147.42499,2.585635359116022,30.04
2010-03-07T12:00:00Z,-18.174997,147.42499,2.56353591160221,30.24
2010-03-08T12:00:00Z,-18.174997,147.42499,2.541436464088398,30.21
2010-03-09T12:00:00Z,-18.174997,147.42499,2.5193370165745854,29.7
2010-03-10T12:00:00Z,-18.174997,147.42499,2.4972375690607733,29.59
2010-03-11T12:00:00Z,-18.174997,147.42499,2.4751381215469612,29.49
2010-03-12T12:00:00Z,-18.174997,147.42499,2.453038674033149,29.07
2010-03-13T12:00:00Z,-18.174997,147.42499,2.430939226519337,28.84
2010-03-14T12:00:00Z,-18.174997,147.42499,2.408839779005525,28.52
2010-03-15T12:00:00Z,-18.174997,147.42499,2.386740331491713,28.33
2010-03-16T12:00:00Z,-18.174997,147.42499,2.3646408839779007,28.1
2010-03-17T12:00:00Z,-18.174997,147.42499,2.342541436464088,28.26
2010-03-18T12:00:00Z,-18.174997,147.42499,2.320441988950276,28.17
2010-03-19T12:00:00Z,-18.174997,147.42499,2.298342541436464,28.05
2010-03-20T12:00:00Z,-18.174997,147.42499,2.276243093922652,28.28
2010-03-21T12:00:00Z,-18.174997,147.42499,2.25414364640884,27.73
2010-03-22T12:00:00Z,-18.174997,147.42499,2.2320441988950277,28.11
2010-03-23T12:00:00Z,-18.174997,147.42499,2.2099447513812156,28.23
2010-03-24T12:00:00Z,-18.174997,147.42499,2.1878453038674035,28.09
2010-03-25T12:00:00Z,-18.174997,147.42499,2.165745856353591,28.13
2010-03-26T12:00:00Z,-18.174997,147.42499,2.143646408839779,28.19
2010-03-27T12:00:00Z,-18.174997,147.42499,2.1215469613259668,28.19
2010-03-28T12:00:00Z,-18.174997,147.42499,2.0994475138121547,27.91
2010-03-29T12:00:00Z,-18.174997,147.42499,2.0773480662983426,27.98
2010-03-30T12:00:00Z,-18.174997,147.42499,2.0552486187845305,28.12
2010-03-31T12:00:00Z,-18.174997,147.42499,2.0331491712707184,28.15
2010-04-01T12:00:00Z,-18.174997,147.42499,2.0110497237569063,28.06
2010-04-02T12:00:00Z,-18.174997,147.42499,1.988950276243094,28.19
2010-04-03T12:00:00Z,-18.174997,147.42499,1.9668508287292819,28.12
2010-04-04T12:00:00Z,-18.174997,147.42499,1.9447513812154695,27.17
2010-04-05T12:00:00Z,-18.174997,147.42499,1.9226519337016574,27.61
2010-04-06T12:00:00Z,-18.174997,147.42499,1.9005524861878453,27.76
2010-04-07T12:00:00Z,-18.174997,147.42499,1.8784530386740332,27.94
2010-04-08T12:00:00Z,-18.174997,147.42499,1.856353591160221,27.91
2010-04-09T12:00:00Z,-18.174997,147.42499,1.8342541436464088,28.21
2010-04-10T12:00:00Z,-18.174997,147.42499,1.8121546961325967,27.98
2010-04-11T12:00:00Z,-18.174997,147.42499,1.7900552486187846,28.01
2010-04-12T12:00:00Z,-18.174997,147.42499,1.7679558011049723,28.18
2010-04-13T12:00:00Z,-18.174997,147.42499,1.7458563535911602,27.95
2010-04-14T12:00:00Z,-18.174997,147.42499,1.723756906077348,27.79
2010-04-15T12:00:00Z,-18.174997,147.42499,1.701657458563536,27.78
2010-04-16T12:00:00Z,-18.174997,147.42499,1.6795580110497237,27.8
2010-04-17T12:00:00Z,-18.174997,147.42499,1.6574585635359116,27.81
2010-04-18T12:00:00Z,-18.174997,147.42499,1.6353591160220995,27.81
2010-04-19T12:00:00Z,-18.174997,147.42499,1.6132596685082874,27.42
2010-04-20T12:00:00Z,-18.174997,147.42499,1.591160220994475,27.44
2010-04-21T12:00:00Z,-18.174997,147.42499,1.569060773480663,27.57
2010-04-22T12:00:00Z,-18.174997,147.42499,1.5469613259668509,27.52
2010-04-23T12:00:00Z,-18.174997,147.42499,1.5248618784530388,26.97
2010-04-24T12:00:00Z,-18.174997,147.42499,1.5027624309392265,27.2
2010-04-25T12:00:00Z,-18.174997,147.42499,1.4806629834254144,27.25
2010-04-26T12:00:00Z,-18.174997,147.42499,1.4585635359116023,27.42
2010-04-27T12:00:00Z,-18.174997,147.42499,1.4364640883977902,27.39
2010-04-28T12:00:00Z,-18.174997,147.42499,1.4143646408839778,27.54
2010-04-29T12:00:00Z,-18.174997,147.42499,1.3922651933701657,27.52
2010-04-30T12:00:00Z,-18.174997,147.42499,1.3701657458563536,27.42
2010-05-01T12:00:00Z,-18.174997,147.42499,1.3480662983425415,27.15
2010-05-02T12:00:00Z,-18.174997,147.42499,1.3259668508287292,27.15
2010-05-03T12:00:00Z,-18.174997,147.42499,1.3038674033149171,27.13
2010-05-04T12:00:00Z,-18.174997,147.42499,1.281767955801105,27.11
2010-05-05T12:00:00Z,-18.174997,147.42499,1.2596685082872927,27.38
2010-05-06T12:00:00Z,-18.174997,147.42499,1.2375690607734806,27.5
2010-05-07T12:00:00Z,-18.174997,147.42499,1.2154696132596685,27.31
2010-05-08T12:00:00Z,-18.174997,147.42499,1.1933701657458564,26.81
2010-05-09T12:00:00Z,-18.174997,147.42499,1.171270718232044,26.97
2010-05-10T12:00:00Z,-18.174997,147.42499,1.149171270718232,27.12
2010-05-11T12:00:00Z,-18.174997,147.42499,1.12707182320442,27.22
2010-05-12T12:00:00Z,-18.174997,147.42499,1.1049723756906078,27.11
2010-05-13T12:00:00Z,-18.174997,147.42499,1.0828729281767955,27.11
2010-05-14T12:00:00Z,-18.174997,147.42499,1.0607734806629834,27.01
2010-05-15T12:00:00Z,-18.174997,147.42499,1.0386740331491713,26.95
2010-05-16T12:00:00Z,-18.174997,147.42499,1.0165745856353592,26.85
2010-05-17T12:00:00Z,-18.174997,147.42499,0.994475138121547,26.76
2010-05-18T12:00:00Z,-18.174997,147.42499,0.9723756906077348,26.57
2010-05-19T12:00:00Z,-18.174997,147.42499,0.9502762430939227,26.46
2010-05-20T12:00:00Z,-18.174997,147.42499,0.9281767955801105,26.5
2010-05-21T12:00:00Z,-18.174997,147.42499,0.9060773480662984,26.44
2010-05-22T12:00:00Z,-18.174997,147.42499,0.8839779005524862,26.28
2010-05-23T12:00:00Z,-18.174997,147.42499,0.861878453038674,26.18
2010-05-24T12:00:00Z,-18.174997,147.42499,0.8397790055248618,26.09
2010-05-25T12:00:00Z,-18.174997,147.42499,0.8176795580110497,26.64
2010-05-26T12:00:00Z,-18.174997,147.42499,0.7955801104972375,26.54
2010-05-27T12:00:00Z,-18.174997,147.42499,0.7734806629834254,26.26
2010-05-28T12:00:00Z,-18.174997,147.42499,0.7513812154696132,26.4
2010-05-29T12:00:00Z,-18.174997,147.42499,0.7292817679558011,26.77
2010-05-30T12:00:00Z,-18.174997,147.42499,0.7071823204419889,26.8
2010-05-31T12:00:00Z,-18.174997,147.42499,0.6850828729281768,26.62
2010-06-01T12:00:00Z,-18.174997,147.42499,0.6629834254143646,26.56
2010-06-02T12:00:00Z,-18.174997,147.42499,0.6408839779005525,26.46
2010-06-03T12:00:00Z,-18.174997,147.42499,0.6187845303867403,26.48
2010-06-04T12:00:00Z,-18.174997,147.42499,0.5966850828729282,26.32
2010-06-05T12:00:00Z,-18.174997,147.42499,0.574585635359116,26.55
2010-06-06T12:00:00Z,-18.174997,147.42499,0.5524861878453039,26.65
2010-06-07T12:00:00Z,-18.174997,147.42499,0.5303867403314917,26.26
2010-06-08T12:00:00Z,-18.174997,147.42499,0.5082872928176796,26.28
2010-06-09T12:00:00Z,-18.174997,147.42499,0.4861878453038674,26.08
2010-06-10T12:00:00Z,-18.174997,147.42499,0.46408839779005523,26.3
2010-06-11T12:00:00Z,-18.174997,147.42499,0.4419889502762431,26.1
2010-06-12T12:00:00Z,-18.174997,147.42499,0.4198895027624309,26.13
2010-06-13T12:00:00Z,-18.174997,147.42499,0.39779005524861877,26.02
2010-06-14T12:00:00Z,-18.174997,147.42499,0.3756906077348066,26.07
2010-06-15T12:00:00Z,-18.174997,147.42499,0.35359116022099446,25.79
2010-06-16T12:00:00Z,-18.174997,147.42499,0.3314917127071823,25.68
2010-06-17T12:00:00Z,-18.174997,147.42499,0.30939226519337015,25.78
2010-06-18T12:00:00Z,-18.174997,147.42499,0.287292817679558,25.63
2010-06-19T12:00:00Z,-18.174997,147.42499,0.26519337016574585,25.6
2010-06-20T12:00:00Z,-18.174997,147.42499,0.2430939226519337,25.74
2010-06-21T12:00:00Z,-18.174997,147.42499,0.22099447513812154,25.42
2010-06-22T12:00:00Z,-18.174997,147.42499,0.19889502762430938,25.61
2010-06-23T12:00:00Z,-18.174997,147.42499,0.17679558011049723,25.57
2010-06-24T12:00:00Z,-18.174997,147.42499,0.15469613259668508,25.54
2010-06-25T12:00:00Z,-18.174997,147.42499,0.13259668508287292,25.45
2010-06-26T12:00:00Z,-18.174997,147.42499,0.11049723756906077,25.77
2010-06-27T12:00:00Z,-18.174997,147.42499,0.08839779005524862,25.66
2010-06-28T12:00:00Z,-18.174997,147.42499,0.06629834254143646,25.58
2010-06-29T12:00:00Z,-18.174997,147.42499,0.04419889502762431,25.54
2010-06-30T12:00:00Z,-18.174997,147.42499,0.022099447513812154,25.17
2010-07-01T12:00:00Z,-18.174997,147.42499,0.0,25.6
2010-07-02T12:00:00Z,-18.174997,147.42499,0.0,25.22
2010-07-03T12:00:00Z,-18.174997,147.42499,0.022099447513812154,25.2
2010-07-04T12:00:00Z,-18.174997,147.42499,0.04419889502762431,25.0
2010-07-05T12:00:00Z,-18.174997,147.42499,0.06629834254143646,25.29
2010-07-06T12:00:00Z,-18.174997,147.42499,0.08839779005524862,25.59
2010-07-07T12:00:00Z,-18.174997,147.42499,0.11049723756906077,25.64
2010-07-08T12:00:00Z,-18.174997,147.42499,0.13259668508287292,25.33
2010-07-09T12:00:00Z,-18.174997,147.42499,0.15469613259668508,25.31
2010-07-10T12:00:00Z,-18.174997,147.42499,0.17679558011049723,25.27
2010-07-11T12:00:00Z,-18.174997,147.42499,0.19889502762430938,25.23
2010-07-12T12:00:00Z,-18.174997,147.42499,0.22099447513812154,25.47
2010-07-13T12:00:00Z,-18.174997,147.42499,0.2430939226519337,25.58
2010-07-14T12:00:00Z,-18.174997,147.42499,0.26519337016574585,25.59
2010-07-15T12:00:00Z,-18.174997,147.42499,0.287292817679558,25.7
2010-07-16T12:00:00Z,-18.174997,147.42499,0.30939226519337015,25.5
2010-07-17T12:00:00Z,-18.174997,147.42499,0.3314917127071823,25.67
2010-07-18T12:00:00Z,-18.174997,147.42499,0.35359116022099446,25.38
2010-07-19T12:00:00Z,-18.174997,147.42499,0.3756906077348066,25.75
2010-07-20T12:00:00Z,-18.174997,147.42499,0.39779005524861877,25.61
2010-07-21T12:00:00Z,-18.174997,147.42499,0.4198895027624309,25.4
2010-07-22T12:00:00Z,-18.174997,147.42499,0.4419889502762431,25.36
2010-07-23T12:00:00Z,-18.174997,147.42499,0.46408839779005523,25.14
2010-07-24T12:00:00Z,-18.174997,147.42499,0.4861878453038674,25.62
2010-07-25T12:00:00Z,-18.174997,147.42499,0.5082872928176796,25.39
2010-07-26T12:00:00Z,-18.174997,147.42499,0.5303867403314917,25.32
2010-07-27T12:00:00Z,-18.174997,147.42499,0.5524861878453039,25.17
2010-07-28T12:00:00Z,-18.174997,147.42499,0.574585635359116,25.09
2010-07-29T12:00:00Z,-18.174997,147.42499,0.5966850828729282,25.12
2010-07-30T12:00:00Z,-18.174997,147.42499,0.6187845303867403,25.54
2010-07-31T12:00:00Z,-18.174997,147.42499,0.6408839779005525,25.75
2010-08-01T12:00:00Z,-18.174997,147.42499,0.6629834254143646,25.47
2010-08-02T12:00:00Z,-18.174997,147.42499,0.6850828729281768,25.59
2010-08-03T12:00:00Z,-18.174997,147.42499,0.7071823204419889,25.82
2010-08-04T12:00:00Z,-18.174997,147.42499,0.7292817679558011,25.51
2010-08-05T12:00:00Z,-18.174997,147.42499,0.7513812154696132,25.35
2010-08-06T12:00:00Z,-18.174997,147.42499,0.7734806629834254,25.42
2010-08-07T12:00:00Z,-18.174997,147.42499,0.7955801104972375,25.29
2010-08-08T12:00:00Z,-18.174997,147.42499,0.8176795580110497,25.29
2010-08-09T12:00:00Z,-18.174997,147.42499,0.8397790055248618,25.13
2010-08-10T12:00:00Z,-18.174997,147.42499,0.861878453038674,25.22
2010-08-11T12:00:00Z,-18.174997,147.42499,0.8839779005524862,25.21
2010-08-12T12:00:00Z,-18.174997,147.42499,0.9060773480662984,25.29
2010-08-13T12:00:00Z,-18.174997,147.42499,0.9281767955801105,25.0
2010-08-14T12:00:00Z,-18.174997,147.42499,0.9502762430939227,24.86
2010-08-15T12:00:00Z,-18.174997,147.42499,0.9723756906077348,25.49
2010-08-16T12:00:00Z,-18.174997,147.42499,0.994475138121547,25.58
2010-08-17T12:00:00Z,-18.174997,147.42499,1.0165745856353592,25.25
2010-08-18T12:00:00Z,-18.174997,147.42499,1.0386740331491713,25.29
2010-08-19T12:00:00Z,-18.174997,147.42499,1.0607734806629834,25.22
2010-08-20T12:00:00Z,-18.174997,147.42499,1.0828729281767955,25.54
2010-08-21T12:00:00Z,-18.174997,147.42499,1.1049723756906078,25.4
2010-08-22T12:00:00Z,-18.174997,147.42499,1.12707182320442,25.45
2010-08-23T12:00:00Z,-18.174997,147.42499,1.149171270718232,25.4
2010-08-24T12:00:00Z,-18.174997,147.42499,1.171270718232044,25.51
2010-08-25T12:00:00Z,-18.174997,147.42499,1.1933701657458564,25.25
2010-08-26T12:00:00Z,-18.174997,147.42499,1.2154696132596685,25.58
2010-08-27T12:00:00Z,-18.174997,147.42499,1.2375690607734806,25.63
2010-08-28T12:00:00Z,-18.174997,147.42499,1.2596685082872927,25.27
2010-08-29T12:00:00Z,-18.174997,147.42499,1.281767955801105,24.78
2010-08-30T12:00:00Z,-18.174997,147.42499,1.3038674033149171,24.91
2010-08-31T12:00:00Z,-18.174997,147.42499,1.3259668508287292,25.34
2010-09-01T12:00:00Z,-18.174997,147.42499,1.3480662983425415,25.22
2010-09-02T12:00:00Z,-18.174997,147.42499,1.3701657458563536,24.99
2010-09-03T12:00:00Z,-18.174997,147.42499,1.3922651933701657,25.18
2010-09-04T12:00:00Z,-18.174997,147.42499,1.4143646408839778,25.5
2010-09-05T12:00:00Z,-18.174997,147.42499,1.4364640883977902,25.76
2010-09-06T12:00:00Z,-18.174997,147.42499,1.4585635359116023,25.34
2010-09-07T12:00:00Z,-18.174997,147.42499,1.4806629834254144,25.3
2010-09-08T12:00:00Z,-18.174997,147.42499,1.5027624309392265,25.59
2010-09-09T12:00:00Z,-18.174997,147.42499,1.5248618784530388,25.89
2010-09-10T12:00:00Z,-18.174997,147.42499,1.5469613259668509,26.18
2010-09-11T12:00:00Z,-18.174997,147.42499,1.569060773480663,26.33
2010-09-12T12:00:00Z,-18.174997,147.42499,1.591160220994475,26.01
2010-09-13T12:00:00Z,-18.174997,147.42499,1.6132596685082874,26.12
2010-09-14T12:00:00Z,-18.174997,147.42499,1.6353591160220995,26.46
2010-09-15T12:00:00Z,-18.174997,147.42499,1.6574585635359116,26.66
2010-09-16T12:00:00Z,-18.174997,147.42499,1.6795580110497237,26.7
2010-09-17T12:00:00Z,-18.174997,147.42499,1.701657458563536,26.7
2010-09-18T12:00:00Z,-18.174997,147.42499,1.723756906077348,26.47
2010-09-19T12:00:00Z,-18.174997,147.42499,1.7458563535911602,26.38
2010-09-20T12:00:00Z,-18.174997,147.42499,1.7679558011049723,26.3
2010-09-21T12:00:00Z,-18.174997,147.42499,1.7900552486187846,26.51
2010-09-22T12:00:00Z,-18.174997,147.42499,1.8121546961325967,26.5
2010-09-23T12:00:00Z,-18.174997,147.42499,1.8342541436464088,26.43
2010-09-24T12:00:00Z,-18.174997,147.42499,1.856353591160221,26.52
2010-09-25T12:00:00Z,-18.174997,147.42499,1.8784530386740332,26.59
2010-09-26T12:00:00Z,-18.174997,147.42499,1.9005524861878453,26.75
2010-09-27T12:00:00Z,-18.174997,147.42499,1.9226519337016574,26.75
2010-09-28T12:00:00Z,-18.174997,147.42499,1.9447513812154695,26.84
2010-09-29T12:00:00Z,-18.174997,147.42499,1.9668508287292819,26.89
2010-09-30T12:00:00Z,-18.174997,147.42499,1.988950276243094,26.48
2010-10-01T12:00:00Z,-18.174997,147.42499,2.0110497237569063,26.34
2010-10-02T12:00:00Z,-18.174997,147.42499,2.0331491712707184,26.28
2010-10-03T12:00:00Z,-18.174997,147.42499,2.0552486187845305,26.34
2010-10-04T12:00:00Z,-18.174997,147.42499,2.0773480662983426,26.67
2010-10-05T12:00:00Z,-18.174997,147.42499,2.0994475138121547,26.75
2010-10-06T12:00:00Z,-18.174997,147.42499,2.1215469613259668,26.75
2010-10-07T12:00:00Z,-18.174997,147.42499,2.143646408839779,26.58
2010-10-08T12:00:00Z,-18.174997,147.42499,2.165745856353591,26.45
2010-10-09T12:00:00Z,-18.174997,147.42499,2.1878453038674035,26.66
2010-10-10T12:00:00Z,-18.174997,147.42499,2.2099447513812156,26.54
2010-10-11T12:00:00Z,-18.174997,147.42499,2.2320441988950277,26.6
2010-10-12T12:00:00Z,-18.174997,147.42499,2.25414364640884,26.73
2010-10-13T12:00:00Z,-18.174997,147.42499,2.276243093922652,26.76
2010-10-14T12:00:00Z,-18.174997,147.42499,2.298342541436464,26.69
2010-10-15T12:00:00Z,-18.174997,147.42499,2.320441988950276,26.78
2010-10-16T12:00:00Z,-18.174997,147.42499,2.342541436464088,26.88
2010-10-17T12:00:00Z,-18.174997,147.42499,2.3646408839779007,26.66
2010-10-18T12:00:00Z,-18.174997,147.42499,2.386740331491713,26.7
2010-10-19T12:00:00Z,-18.174997,147.42499,2.408839779005525,26.6
2010-10-20T12:00:00Z,-18.174997,147.42499,2.430939226519337,26.55
2010-10-21T12:00:00Z,-18.174997,147.42499,2.453038674033149,26.44
2010-10-22T12:00:00Z,-18.174997,147.42499,2.4751381215469612,26.24
2010-10-23T12:00:00Z,-18.174997,147.42499,2.4972375690607733,26.52
2010-10-24T12:00:00Z,-18.174997,147.42499,2.5193370165745854,26.37
2010-10-25T12:00:00Z,-18.174997,147.42499,2.541436464088398,26.16
2010-10-26T12:00:00Z,-18.174997,147.42499,2.56353591160221,26.26
2010-10-27T12:00:00Z,-18.174997,147.42499,2.585635359116022,26.62
2010-10-28T12:00:00Z,-18.174997,147.42499,2.6077348066298343,26.68
2010-10-29T12:00:00Z,-18.174997,147.42499,2.6298342541436464,26.56
2010-10-30T12:00:00Z,-18.174997,147.42499,2.6519337016574585,26.52
2010-10-31T12:00:00Z,-18.174997,147.42499,2.6740331491712706,26.75
2010-11-01T12:00:00Z,-18.174997,147.42499,2.696132596685083,27.36
2010-11-02T12:00:00Z,-18.174997,147.42499,2.718232044198895,27.23
2010-11-03T12:00:00Z,-18.174997,147.42499,2.7403314917127073,26.88
2010-11-04T12:00:00Z,-18.174997,147.42499,2.7624309392265194,26.87
2010-11-05T12:00:00Z,-18.174997,147.42499,2.7845303867403315,26.63
2010-11-06T12:00:00Z,-18.174997,147.42499,2.8066298342541436,26.95
2010-11-07T12:00:00Z,-18.174997,147.42499,2.8287292817679557,26.92
2010-11-08T12:00:00Z,-18.174997,147.42499,2.850828729281768,26.84
2010-11-09T12:00:00Z,-18.174997,147.42499,2.8729281767955803,26.65
2010-11-10T12:00:00Z,-18.174997,147.42499,2.8950276243093924,27.11
2010-11-11T12:00:00Z,-18.174997,147.42499,2.9171270718232045,27.1
2010-11-12T12:00:00Z,-18.174997,147.42499,2.9392265193370166,27.13
2010-11-13T12:00:00Z,-18.174997,147.42499,2.9613259668508287,27.13
2010-11-14T12:00:00Z,-18.174997,147.42499,2.983425414364641,27.2
2010-11-15T12:00:00Z,-18.174997,147.42499,3.005524861878453,27.17
2010-11-16T12:00:00Z,-18.174997,147.42499,3.027624309392265,27.11
2010-11-17T12:00:00Z,-18.174997,147.42499,3.0497237569060776,27.37
2010-11-18T12:00:00Z,-18.174997,147.42499,3.0718232044198897,27.63
2010-11-19T12:00:00Z,-18.174997,147.42499,3.0939226519337018,27.71
2010-11-20T12:00:00Z,-18.174997,147.42499,3.116022099447514,27.17
2010-11-21T12:00:00Z,-18.174997,147.42499,3.138121546961326,27.13
2010-11-22T12:00:00Z,-18.174997,147.42499,3.160220994475138,27.26
2010-11-23T12:00:00Z,-18.174997,147.42499,3.18232044198895,27.15
2010-11-24T12:00:00Z,-18.174997,147.42499,3.2044198895027622,27.07
2010-11-25T12:00:00Z,-18.174997,147.42499,3.226519337016575,27.09
2010-11-26T12:00:00Z,-18.174997,147.42499,3.248618784530387,27.09
2010-11-27T12:00:00Z,-18.174997,147.42499,3.270718232044199,27.18
2010-11-28T12:00:00Z,-18.174997,147.42499,3.292817679558011,27.34
2010-11-29T12:00:00Z,-18.174997,147.42499,3.314917127071823,27.64
2010-11-30T12:00:00Z,-18.174997,147.42499,3.3370165745856353,27.89
2010-12-01T12:00:00Z,-18.174997,147.42499,3.3591160220994474,27.89
2010-12-02T12:00:00Z,-18.174997,147.42499,3.3812154696132595,27.99
2010-12-03T12:00:00Z,-18.174997,147.42499,3.403314917127072,28.24
2010-12-04T12:00:00Z,-18.174997,147.42499,3.425414364640884,28.52
2010-12-05T12:00:00Z,-18.174997,147.42499,3.447513812154696,28.99
2010-12-06T12:00:00Z,-18.174997,147.42499,3.4696132596685083,29.1
2010-12-07T12:00:00Z,-18.174997,147.42499,3.4917127071823204,29.32
2010-12-08T12:00:00Z,-18.174997,147.42499,3.5138121546961325,28.98
2010-12-09T12:00:00Z,-18.174997,147.42499,3.5359116022099446,29.1
2010-12-10T12:00:00Z,-18.174997,147.42499,3.5580110497237567,29.2
2010-12-11T12:00:00Z,-18.174997,147.42499,3.5801104972375692,29.3
2010-12-12T12:00:00Z,-18.174997,147.42499,3.6022099447513813,29.26
2010-12-13T12:00:00Z,-18.174997,147.42499,3.6243093922651934,29.43
2010-12-14T12:00:00Z,-18.174997,147.42499,3.6464088397790055,29.62
2010-12-15T12:00:00Z,-18.174997,147.42499,3.6685082872928176,29.57
2010-12-16T12:00:00Z,-18.174997,147.42499,3.6906077348066297,29.75
2010-12-17T12:00:00Z,-18.174997,147.42499,3.712707182320442,29.79
2010-12-18T12:00:00Z,-18.174997,147.42499,3.734806629834254,29.57
2010-12-19T12:00:00Z,-18.174997,147.42499,3.7569060773480665,29.98
2010-12-20T12:00:00Z,-18.174997,147.42499,3.7790055248618786,29.35
2010-12-21T12:00:00Z,-18.174997,147.42499,3.8011049723756907,29.55
2010-12-22T12:00:00Z,-18.174997,147.42499,3.8232044198895028,29.31
2010-12-23T12:00:00Z,-18.174997,147.42499,3.845303867403315,29.22
2010-12-24T12:00:00Z,-18.174997,147.42499,3.867403314917127,29.26
2010-12-25T12:00:00Z,-18.174997,147.42499,3.889502762430939,29.07
2010-12-26T12:00:00Z,-18.174997,147.42499,3.911602209944751,28.94
2010-12-27T12:00:00Z,-18.174997,147.42499,3.9337016574585637,28.37
2010-12-28T12:00:00Z,-18.174997,147.42499,3.955801104972376,28.49
2010-12-29T12:00:00Z,-18.174997,147.42499,3.977900552486188,28.87
2010-12-30T12:00:00Z,-18.174997,147.42499,4.0,29.2
2010-12-31T12:00:00Z,-18.174997,147.42499,4.0220994475138125,29.16
2011-01-01T12:00:00Z,-18.174997,147.42499,4.0,28.9
2011-01-02T12:00:00Z,-18.174997,147.42499,3.977900552486188,28.84
2011-01-03T12:00:00Z,-18.174997,147.42499,3.955801104972376,29.09
2011-01-04T12:00:00Z,-18.174997,147.42499,3.9337016574585637,29.06
2011-01-05T12:00:00Z,-18.174997,147.42499,3.911602209944751,29.07
2011-01-06T12:00:00Z,-18.174997,147.42499,3.889502762430939,29.44
2011-01-07T12:00:00Z,-18.174997,147.42499,3.867403314917127,29.41
2011-01-08T12:00:00Z,-18.174997,147.42499,3.845303867403315,29.63
2011-01-09T12:00:00Z,-18.174997,147.42499,3.8232044198895028,29.74
2011-01-10T12:00:00Z,-18.174997,147.42499,3.8011049723756907,29.94
2011-01-11T12:00:00Z,-18.174997,147.42499,3.7790055248618786,29.53
2011-01-12T12:00:00Z,-18.174997,147.42499,3.7569060773480665,29.56
2011-01-13T12:00:00Z,-18.174997,147.42499,3.734806629834254,29.47
2011-01-14T12:00:00Z,-18.174997,147.42499,3.712707182320442,29.3
2011-01-15T12:00:00Z,-18.174997,147.42499,3.6906077348066297,28.95
2011-01-16T12:00:00Z,-18.174997,147.42499,3.6685082872928176,29.16
2011-01-17T12:00:00Z,-18.174997,147.42499,3.6464088397790055,29.46
2011-01-18T12:00:00Z,-18.174997,147.42499,3.6243093922651934,29.52
2011-01-19T12:00:00Z,-18.174997,147.42499,3.6022099447513813,29.45
2011-01-20T12:00:00Z,-18.174997,147.42499,3.5801104972375692,29.69
2011-01-21T12:00:00Z,-18.174997,147.42499,3.5580110497237567,29.51
2011-01-22T12:00:00Z,-18.174997,147.42499,3.5359116022099446,29.4
2011-01-23T12:00:00Z,-18.174997,147.42499,3.5138121546961325,29.01
2011-01-24T12:00:00Z,-18.174997,147.42499,3.4917127071823204,29.01
2011-01-25T12:00:00Z,-18.174997,147.42499,3.4696132596685083,29.02
2011-01-26T12:00:00Z,-18.174997,147.42499,3.447513812154696,28.88
2011-01-27T12:00:00Z,-18.174997,147.42499,3.425414364640884,28.96
2011-01-28T12:00:00Z,-18.174997,147.42499,3.403314917127072,28.99
2011-01-29T12:00:00Z,-18.174997,147.42499,3.3812154696132595,28.84
2011-01-30T12:00:00Z,-18.174997,147.42499,3.3591160220994474,28.76
2011-01-31T12:00:00Z,-18.174997,147.42499,3.3370165745856353,28.78
2011-02-01T12:00:00Z,-18.174997,147.42499,3.314917127071823,28.55
2011-02-02T12:00:00Z,-18.174997,147.42499,3.292817679558011,28.57
2011-02-03T12:00:00Z,-18.174997,147.42499,3.270718232044199,27.76
2011-02-04T12:00:00Z,-18.174997,147.42499,3.248618784530387,27.86
2011-02-05T12:00:00Z,-18.174997,147.42499,3.226519337016575,27.91
2011-02-06T12:00:00Z,-18.174997,147.42499,3.2044198895027622,28.0
2011-02-07T12:00:00Z,-18.174997,147.42499,3.18232044198895,28.11
2011-02-08T12:00:00Z,-18.174997,147.42499,3.160220994475138,28.13
2011-02-09T12:00:00Z,-18.174997,147.42499,3.138121546961326,28.11
2011-02-10T12:00:00Z,-18.174997,147.42499,3.116022099447514,28.19
2011-02-11T12:00:00Z,-18.174997,147.42499,3.0939226519337018,28.25
2011-02-12T12:00:00Z,-18.174997,147.42499,3.0718232044198897,28.43
2011-02-13T12:00:00Z,-18.174997,147.42499,3.0497237569060776,28.44
2011-02-14T12:00:00Z,-18.174997,147.42499,3.027624309392265,28.41
2011-02-15T12:00:00Z,-18.174997,147.42499,3.005524861878453,28.62
2011-02-16T12:00:00Z,-18.174997,147.42499,2.983425414364641,28.22
2011-02-17T12:00:00Z,-18.174997,147.42499,2.9613259668508287,28.27
2011-02-18T12:00:00Z,-18.174997,147.42499,2.9392265193370166,28.48
2011-02-19T12:00:00Z,-18.174997,147.42499,2.9171270718232045,28.66
2011-02-20T12:00:00Z,-18.174997,147.42499,2.8950276243093924,28.86
2011-02-21T12:00:00Z,-18.174997,147.42499,2.8729281767955803,28.82
2011-02-22T12:00:00Z,-18.174997,147.42499,2.850828729281768,28.84
2011-02-23T12:00:00Z,-18.174997,147.42499,2.8287292817679557,28.64
2011-02-24T12:00:00Z,-18.174997,147.42499,2.8066298342541436,28.55
2011-02-25T12:00:00Z,-18.174997,147.42499,2.7845303867403315,28.17
2011-02-26T12:00:00Z,-18.174997,147.42499,2.7624309392265194,28.19
2011-02-27T12:00:00Z,-18.174997,147.42499,2.7403314917127073,28.42
2011-02-28T12:00:00Z,-18.174997,147.42499,2.718232044198895,28.3
2011-03-01T12:00:00Z,-18.174997,147.42499,2.696132596685083,28.33
2011-03-02T12:00:00Z,-18.174997,147.42499,2.6740331491712706,28.31
2011-03-03T12:00:00Z,-18.174997,147.42499,2.6519337016574585,28.25
2011-03-04T12:00:00Z,-18.174997,147.42499,2.6298342541436464,28.45
2011-03-05T12:00:00Z,-18.174997,147.42499,2.6077348066298343,28.39
2011-03-06T12:00:00Z,-18.174997,147.42499,2.585635359116022,28.25
2011-03-07T12:00:00Z,-18.174997,147.42499,2.56353591160221,28.64
2011-03-08T12:00:00Z,-18.174997,147.42499,2.541436464088398,28.46
2011-03-09T12:00:00Z,-18.174997,147.42499,2.5193370165745854,28.34
2011-03-10T12:00:00Z,-18.174997,147.42499,2.4972375690607733,28.19
2011-03-11T12:00:00Z,-18.174997,147.42499,2.4751381215469612,28.3
2011-03-12T12:00:00Z,-18.174997,147.42499,2.453038674033149,28.12
2011-03-13T12:00:00Z,-18.174997,147.42499,2.430939226519337,28.22
2011-03-14T12:00:00Z,-18.174997,147.42499,2.408839779005525,28.13
2011-03-15T12:00:00Z,-18.174997,147.42499,2.386740331491713,27.99
2011-03-16T12:00:00Z,-18.174997,147.42499,2.3646408839779007,28.0
2011-03-17T12:00:00Z,-18.174997,147.42499,2.342541436464088,27.93
2011-03-18T12:00:00Z,-18.174997,147.42499,2.320441988950276,28.28
2011-03-19T12:00:00Z,-18.174997,147.42499,2.298342541436464,28.22
2011-03-20T12:00:00Z,-18.174997,147.42499,2.276243093922652,28.45
2011-03-21T12:00:00Z,-18.174997,147.42499,2.25414364640884,28.38
2011-03-22T12:00:00Z,-18.174997,147.42499,2.2320441988950277,28.61
2011-03-23T12:00:00Z,-18.174997,147.42499,2.2099447513812156,28.86
2011-03-24T12:00:00Z,-18.174997,147.42499,2.1878453038674035,29.12
2011-03-25T12:00:00Z,-18.174997,147.42499,2.165745856353591,28.95
2011-03-26T12:00:00Z,-18.174997,147.42499,2.143646408839779,28.81
2011-03-27T12:00:00Z,-18.174997,147.42499,2.1215469613259668,28.53
2011-03-28T12:00:00Z,-18.174997,147.42499,2.0994475138121547,28.46
2011-03-29T12:00:00Z,-18.174997,147.42499,2.0773480662983426,28.36
2011-03-30T12:00:00Z,-18.174997,147.42499,2.0552486187845305,28.57
2011-03-31T12:00:00Z,-18.174997,147.42499,2.0331491712707184,28.57
2011-04-01T12:00:00Z,-18.174997,147.42499,2.0110497237569063,28.57
2011-04-02T12:00:00Z,-18.174997,147.42499,1.988950276243094,28.49
2011-04-03T12:00:00Z,-18.174997,147.42499,1.9668508287292819,28.36
2011-04-04T12:00:00Z,-18.174997,147.42499,1.9447513812154695,28.09
2011-04-05T12:00:00Z,-18.174997,147.42499,1.9226519337016574,27.24
2011-04-06T12:00:00Z,-18.174997,147.42499,1.9005524861878453,27.45
2011-04-07T12:00:00Z,-18.174997,147.42499,1.8784530386740332,27.42
2011-04-08T12:00:00Z,-18.174997,147.42499,1.856353591160221,27.69
2011-04-09T12:00:00Z,-18.174997,147.42499,1.8342541436464088,27.3
2011-04-10T12:00:00Z,-18.174997,147.42499,1.8121546961325967,27.17
2011-04-11T12:00:00Z,-18.174997,147.42499,1.7900552486187846,27.38
2011-04-12T12:00:00Z,-18.174997,147.42499,1.7679558011049723,27.4
2011-04-13T12:00:00Z,-18.174997,147.42499,1.7458563535911602,27.1
2011-04-14T12:00:00Z,-18.174997,147.42499,1.723756906077348,27.2
2011-04-15T12:00:00Z,-18.174997,147.42499,1.701657458563536,27.22
2011-04-16T12:00:00Z,-18.174997,147.42499,1.6795580110497237,27.04
2011-04-17T12:00:00Z,-18.174997,147.42499,1.6574585635359116,27.02
2011-04-18T12:00:00Z,-18.174997,147.42499,1.6353591160220995,26.86
2011-04-19T12:00:00Z,-18.174997,147.42499,1.6132596685082874,26.93
2011-04-20T12:00:00Z,-18.174997,147.42499,1.591160220994475,26.96
2011-04-21T12:00:00Z,-18.174997,147.42499,1.569060773480663,27.41
2011-04-22T12:00:00Z,-18.174997,147.42499,1.5469613259668509,27.06
2011-04-23T12:00:00Z,-18.174997,147.42499,1.5248618784530388,27.11
2011-04-24T12:00:00Z,-18.174997,147.42499,1.5027624309392265,27.14
2011-04-25T12:00:00Z,-18.174997,147.42499,1.4806629834254144,26.96
2011-04-26T12:00:00Z,-18.174997,147.42499,1.4585635359116023,26.99
2011-04-27T12:00:00Z,-18.174997,147.42499,1.4364640883977902,26.91
2011-04-28T12:00:00Z,-18.174997,147.42499,1.4143646408839778,26.8
2011-04-29T12:00:00Z,-18.174997,147.42499,1.3922651933701657,27.03
2011-04-30T12:00:00Z,-18.174997,147.42499,1.3701657458563536,27.28
2011-05-01T12:00:00Z,-18.174997,147.42499,1.3480662983425415,27.0
2011-05-02T12:00:00Z,-18.174997,147.42499,1.3259668508287292,27.17
2011-05-03T12:00:00Z,-18.174997,147.42499,1.3038674033149171,27.06
2011-05-04T12:00:00Z,-18.174997,147.42499,1.281767955801105,27.12
2011-05-05T12:00:00Z,-18.174997,147.42499,1.2596685082872927,27.0
2011-05-06T12:00:00Z,-18.174997,147.42499,1.2375690607734806,26.62
2011-05-07T12:00:00Z,-18.174997,147.42499,1.2154696132596685,26.53
2011-05-08T12:00:00Z,-18.174997,147.42499,1.1933701657458564,26.36
2011-05-09T12:00:00Z,-18.174997,147.42499,1.171270718232044,26.83
2011-05-10T12:00:00Z,-18.174997,147.42499,1.149171270718232,26.6
2011-05-11T12:00:00Z,-18.174997,147.42499,1.12707182320442,26.29
2011-05-12T12:00:00Z,-18.174997,147.42499,1.1049723756906078,26.14
2011-05-13T12:00:00Z,-18.174997,147.42499,1.0828729281767955,26.12
2011-05-14T12:00:00Z,-18.174997,147.42499,1.0607734806629834,26.24
2011-05-15T12:00:00Z,-18.174997,147.42499,1.0386740331491713,26.08
2011-05-16T12:00:00Z,-18.174997,147.42499,1.0165745856353592,25.89
2011-05-17T12:00:00Z,-18.174997,147.42499,0.994475138121547,25.89
2011-05-18T12:00:00Z,-18.174997,147.42499,0.9723756906077348,25.85
2011-05-19T12:00:00Z,-18.174997,147.42499,0.9502762430939227,25.79
2011-05-20T12:00:00Z,-18.174997,147.42499,0.9281767955801105,25.73
2011-05-21T12:00:00Z,-18.174997,147.42499,0.9060773480662984,25.43
2011-05-22T12:00:00Z,-18.174997,147.42499,0.8839779005524862,25.55
2011-05-23T12:00:00Z,-18.174997,147.42499,0.861878453038674,25.7
2011-05-24T12:00:00Z,-18.174997,147.42499,0.8397790055248618,25.5
2011-05-25T12:00:00Z,-18.174997,147.42499,0.8176795580110497,25.36
2011-05-26T12:00:00Z,-18.174997,147.42499,0.7955801104972375,25.12
2011-05-27T12:00:00Z,-18.174997,147.42499,0.7734806629834254,25.02
2011-05-28T12:00:00Z,-18.174997,147.42499,0.7513812154696132,24.89
2011-05-29T12:00:00Z,-18.174997,147.42499,0.7292817679558011,24.71
2011-05-30T12:00:00Z,-18.174997,147.42499,0.7071823204419889,24.97
2011-05-31T12:00:00Z,-18.174997,147.42499,0.6850828729281768,24.9
2011-06-01T12:00:00Z,-18.174997,147.42499,0.6629834254143646,24.87
2011-06-02T12:00:00Z,-18.174997,147.42499,0.6408839779005525,24.77
2011-06-03T12:00:00Z,-18.174997,147.42499,0.6187845303867403,24.82
2011-06-04T12:00:00Z,-18.174997,147.42499,0.5966850828729282,24.87
2011-06-05T12:00:00Z,-18.174997,147.42499,0.574585635359116,24.82
2011-06-06T12:00:00Z,-18.174997,147.42499,0.5524861878453039,24.89
2011-06-07T12:00:00Z,-18.174997,147.42499,0.5303867403314917,24.84
2011-06-08T12:00:00Z,-18.174997,147.42499,0.5082872928176796,24.91
2011-06-09T12:00:00Z,-18.174997,147.42499,0.4861878453038674,25.09
2011-06-10T12:00:00Z,-18.174997,147.42499,0.46408839779005523,24.68
2011-06-11T12:00:00Z,-18.174997,147.42499,0.4419889502762431,24.94
2011-06-12T12:00:00Z,-18.174997,147.42499,0.4198895027624309,24.84
2011-06-13T12:00:00Z,-18.174997,147.42499,0.39779005524861877,24.98
2011-06-14T12:00:00Z,-18.174997,147.42499,0.3756906077348066,24.73
2011-06-15T12:00:00Z,-18.174997,147.42499,0.35359116022099446,24.69
2011-06-16T12:00:00Z,-18.174997,147.42499,0.3314917127071823,24.7
2011-06-17T12:00:00Z,-18.174997,147.42499,0.30939226519337015,24.81
2011-06-18T12:00:00Z,-18.174997,147.42499,0.287292817679558,24.78
2011-06-19T12:00:00Z,-18.174997,147.42499,0.26519337016574585,24.85
2011-06-20T12:00:00Z,-18.174997,147.42499,0.2430939226519337,24.71
2011-06-21T12:00:00Z,-18.174997,147.42499,0.22099447513812154,24.78
2011-06-22T12:00:00Z,-18.174997,147.42499,0.19889502762430938,24.71
2011-06-23T12:00:00Z,-18.174997,147.42499,0.17679558011049723,24.49
2011-06-24T12:00:00Z,-18.174997,147.42499,0.15469613259668508,24.33
2011-06-25T12:00:00Z,-18.174997,147.42499,0.13259668508287292,24.24
2011-06-26T12:00:00Z,-18.174997,147.42499,0.11049723756906077,24.22
2011-06-27T12:00:00Z,-18.174997,147.42499,0.08839779005524862,23.98
2011-06-28T12:00:00Z,-18.174997,147.42499,0.06629834254143646,23.86
2011-06-29T12:00:00Z,-18.174997,147.42499,0.04419889502762431,23.91
2011-06-30T12:00:00Z,-18.174997,147.42499,0.022099447513812154,23.79
2011-07-01T12:00:00Z,-18.174997,147.42499,0.0,23.96
2011-07-02T12:00:00Z,-18.174997,147.42499,0.0,23.9
2011-07-03T12:00:00Z,-18.174997,147.42499,0.022099447513812154,24.13
2011-07-04T12:00:00Z,-18.174997,147.42499,0.04419889502762431,23.81
2011-07-05T12:00:00Z,-18.174997,147.42499,0.06629834254143646,23.94
2011-07-06T12:00:00Z,-18.174997,147.42499,0.08839779005524862,23.98
2011-07-07T12:00:00Z,-18.174997,147.42499,0.11049723756906077,24.07
2011-07-08T12:00:00Z,-18.174997,147.42499,0.13259668508287292,23.78
2011-07-09T12:00:00Z,-18.174997,147.42499,0.15469613259668508,23.81
2011-07-10T12:00:00Z,-18.174997,147.42499,0.17679558011049723,23.84
2011-07-11T12:00:00Z,-18.174997,147.42499,0.19889502762430938,23.95
2011-07-12T12:00:00Z,-18.174997,147.42499,0.22099447513812154,23.7
2011-07-13T12:00:00Z,-18.174997,147.42499,0.2430939226519337,23.8
2011-07-14T12:00:00Z,-18.174997,147.42499,0.26519337016574585,23.68
2011-07-15T12:00:00Z,-18.174997,147.42499,0.287292817679558,23.79
2011-07-16T12:00:00Z,-18.174997,147.42499,0.30939226519337015,23.68
2011-07-17T12:00:00Z,-18.174997,147.42499,0.3314917127071823,23.58
2011-07-18T12:00:00Z,-18.174997,147.42499,0.35359116022099446,23.86
2011-07-19T12:00:00Z,-18.174997,147.42499,0.3756906077348066,23.85
2011-07-20T12:00:00Z,-18.174997,147.42499,0.39779005524861877,23.86
2011-07-21T12:00:00Z,-18.174997,147.42499,0.4198895027624309,23.85
2011-07-22T12:00:00Z,-18.174997,147.42499,0.4419889502762431,23.65
2011-07-23T12:00:00Z,-18.174997,147.42499,0.46408839779005523,23.57
2011-07-24T12:00:00Z,-18.174997,147.42499,0.4861878453038674,23.7
2011-07-25T12:00:00Z,-18.174997,147.42499,0.5082872928176796,23.68
2011-07-26T12:00:00Z,-18.174997,147.42499,0.5303867403314917,23.75
2011-07-27T12:00:00Z,-18.174997,147.42499,0.5524861878453039,24.11
2011-07-28T12:00:00Z,-18.174997,147.42499,0.574585635359116,23.69
2011-07-29T12:00:00Z,-18.174997,147.42499,0.5966850828729282,23.85
2011-07-30T12:00:00Z,-18.174997,147.42499,0.6187845303867403,23.84
2011-07-31T12:00:00Z,-18.174997,147.42499,0.6408839779005525,23.97
2011-08-01T12:00:00Z,-18.174997,147.42499,0.6629834254143646,23.83
2011-08-02T12:00:00Z,-18.174997,147.42499,0.6850828729281768,23.82
2011-08-03T12:00:00Z,-18.174997,147.42499,0.7071823204419889,23.68
2011-08-04T12:00:00Z,-18.174997,147.42499,0.7292817679558011,23.66
2011-08-05T12:00:00Z,-18.174997,147.42499,0.7513812154696132,23.83
2011-08-06T12:00:00Z,-18.174997,147.42499,0.7734806629834254,23.96
2011-08-07T12:00:00Z,-18.174997,147.42499,0.7955801104972375,23.71
2011-08-08T12:00:00Z,-18.174997,147.42499,0.8176795580110497,24.02
2011-08-09T12:00:00Z,-18.174997,147.42499,0.8397790055248618,24.39
2011-08-10T12:00:00Z,-18.174997,147.42499,0.861878453038674,24.35
2011-08-11T12:00:00Z,-18.174997,147.42499,0.8839779005524862,24.06
2011-08-12T12:00:00Z,-18.174997,147.42499,0.9060773480662984,23.6
2011-08-13T12:00:00Z,-18.174997,147.42499,0.9281767955801105,23.73
2011-08-14T12:00:00Z,-18.174997,147.42499,0.9502762430939227,23.84
2011-08-15T12:00:00Z,-18.174997,147.42499,0.9723756906077348,24.12
2011-08-16T12:00:00Z,-18.174997,147.42499,0.994475138121547,24.09
2011-08-17T12:00:00Z,-18.174997,147.42499,1.0165745856353592,24.21
2011-08-18T12:00:00Z,-18.174997,147.42499,1.0386740331491713,24.46
2011-08-19T12:00:00Z,-18.174997,147.42499,1.0607734806629834,24.34
2011-08-20T12:00:00Z,-18.174997,147.42499,1.0828729281767955,24.15
2011-08-21T12:00:00Z,-18.174997,147.42499,1.1049723756906078,24.23
2011-08-22T12:00:00Z,-18.174997,147.42499,1.12707182320442,24.12
2011-08-23T12:00:00Z,-18.174997,147.42499,1.149171270718232,24.11
2011-08-24T12:00:00Z,-18.174997,147.42499,1.171270718232044,23.99
2011-08-25T12:00:00Z,-18.174997,147.42499,1.1933701657458564,23.98
2011-08-26T12:00:00Z,-18.174997,147.42499,1.2154696132596685,23.97
2011-08-27T12:00:00Z,-18.174997,147.42499,1.2375690607734806,24.18
2011-08-28T12:00:00Z,-18.174997,147.42499,1.2596685082872927,24.33
2011-08-29T12:00:00Z,-18.174997,147.42499,1.281767955801105,24.39
2011-08-30T12:00:00Z,-18.174997,147.42499,1.3038674033149171,24.44
2011-08-31T12:00:00Z,-18.174997,147.42499,1.3259668508287292,24.27
2011-09-01T12:00:00Z,-18.174997,147.42499,1.3480662983425415,24.22
2011-09-02T12:00:00Z,-18.174997,147.42499,1.3701657458563536,24.27
2011-09-03T12:00:00Z,-18.174997,147.42499,1.3922651933701657,24.36
2011-09-04T12:00:00Z,-18.174997,147.42499,1.4143646408839778,24.38
2011-09-05T12:00:00Z,-18.174997,147.42499,1.4364640883977902,24.36
2011-09-06T12:00:00Z,-18.174997,147.42499,1.4585635359116023,24.87
2011-09-07T12:00:00Z,-18.174997,147.42499,1.4806629834254144,24.43
2011-09-08T12:00:00Z,-18.174997,147.42499,1.5027624309392265,24.68
2011-09-09T12:00:00Z,-18.174997,147.42499,1.5248618784530388,24.81
2011-09-10T12:00:00Z,-18.174997,147.42499,1.5469613259668509,23.86
2011-09-11T12:00:00Z,-18.174997,147.42499,1.569060773480663,24.85
2011-09-12T12:00:00Z,-18.174997,147.42499,1.591160220994475,24.39
2011-09-13T12:00:00Z,-18.174997,147.42499,1.6132596685082874,24.29
2011-09-14T12:00:00Z,-18.174997,147.42499,1.6353591160220995,24.12
2011-09-15T12:00:00Z,-18.174997,147.42499,1.6574585635359116,24.23
2011-09-16T12:00:00Z,-18.174997,147.42499,1.6795580110497237,24.35
2011-09-17T12:00:00Z,-18.174997,147.42499,1.701657458563536,24.38
2011-09-18T12:00:00Z,-18.174997,147.42499,1.723756906077348,24.22
2011-09-19T12:00:00Z,-18.174997,147.42499,1.7458563535911602,24.25
2011-09-20T12:00:00Z,-18.174997,147.42499,1.7679558011049723,24.47
2011-09-21T12:00:00Z,-18.174997,147.42499,1.7900552486187846,24.37
2011-09-22T12:00:00Z,-18.174997,147.42499,1.8121546961325967,24.36
2011-09-23T12:00:00Z,-18.174997,147.42499,1.8342541436464088,24.44
2011-09-24T12:00:00Z,-18.174997,147.42499,1.856353591160221,24.55
2011-09-25T12:00:00Z,-18.174997,147.42499,1.8784530386740332,24.55
2011-09-26T12:00:00Z,-18.174997,147.42499,1.9005524861878453,24.8
2011-09-27T12:00:00Z,-18.174997,147.42499,1.9226519337016574,24.45
2011-09-28T12:00:00Z,-18.174997,147.42499,1.9447513812154695,24.82
2011-09-29T12:00:00Z,-18.174997,147.42499,1.9668508287292819,24.84
2011-09-30T12:00:00Z,-18.174997,147.42499,1.988950276243094,24.97
2011-10-01T12:00:00Z,-18.174997,147.42499,2.0110497237569063,25.25
2011-10-02T12:00:00Z,-18.174997,147.42499,2.0331491712707184,25.13
2011-10-03T12:00:00Z,-18.174997,147.42499,2.0552486187845305,25.04
2011-10-04T12:00:00Z,-18.174997,147.42499,2.0773480662983426,25.06
2011-10-05T12:00:00Z,-18.174997,147.42499,2.0994475138121547,25.01
2011-10-06T12:00:00Z,-18.174997,147.42499,2.1215469613259668,25.06
2011-10-07T12:00:00Z,-18.174997,147.42499,2.143646408839779,25.65
2011-10-08T12:00:00Z,-18.174997,147.42499,2.165745856353591,25.88
2011-10-09T12:00:00Z,-18.174997,147.42499,2.1878453038674035,26.13
2011-10-10T12:00:00Z,-18.174997,147.42499,2.2099447513812156,26.19
2011-10-11T12:00:00Z,-18.174997,147.42499,2.2320441988950277,26.26
2011-10-12T12:00:00Z,-18.174997,147.42499,2.25414364640884,26.06
2011-10-13T12:00:00Z,-18.174997,147.42499,2.276243093922652,26.17
2011-10-14T12:00:00Z,-18.174997,147.42499,2.298342541436464,26.32
2011-10-15T12:00:00Z,-18.174997,147.42499,2.320441988950276,26.35
2011-10-16T12:00:00Z,-18.174997,147.42499,2.342541436464088,26.52
2011-10-17T12:00:00Z,-18.174997,147.42499,2.3646408839779007,26.26
2011-10-18T12:00:00Z,-18.174997,147.42499,2.386740331491713,26.27
2011-10-19T12:00:00Z,-18.174997,147.42499,2.408839779005525,26.06
2011-10-20T12:00:00Z,-18.174997,147.42499,2.430939226519337,25.49
2011-10-21T12:00:00Z,-18.174997,147.42499,2.453038674033149,25.58
2011-10-22T12:00:00Z,-18.174997,147.42499,2.4751381215469612,25.81
2011-10-23T12:00:00Z,-18.174997,147.42499,2.4972375690607733,25.81
2011-10-24T12:00:00Z,-18.174997,147.42499,2.5193370165745854,25.72
2011-10-25T12:00:00Z,-18.174997,147.42499,2.541436464088398,26.0
2011-10-26T12:00:00Z,-18.174997,147.42499,2.56353591160221,26.19
2011-10-27T12:00:00Z,-18.174997,147.42499,2.585635359116022,26.24
2011-10-28T12:00:00Z,-18.174997,147.42499,2.6077348066298343,26.42
2011-10-29T12:00:00Z,-18.174997,147.42499,2.6298342541436464,26.63
2011-10-30T12:00:00Z,-18.174997,147.42499,2.6519337016574585,26.85
2011-10-31T12:00:00Z,-18.174997,147.42499,2.6740331491712706,26.63
2011-11-01T12:00:00Z,-18.174997,147.42499,2.696132596685083,26.48
2011-11-02T12:00:00Z,-18.174997,147.42499,2.718232044198895,26.37
2011-11-03T12:00:00Z,-18.174997,147.42499,2.7403314917127073,26.47
2011-11-04T12:00:00Z,-18.174997,147.42499,2.7624309392265194,26.75
2011-11-05T12:00:00Z,-18.174997,147.42499,2.7845303867403315,26.58
2011-11-06T12:00:00Z,-18.174997,147.42499,2.8066298342541436,26.77
2011-11-07T12:00:00Z,-18.174997,147.42499,2.8287292817679557,26.77
2011-11-08T12:00:00Z,-18.174997,147.42499,2.850828729281768,26.9
2011-11-09T12:00:00Z,-18.174997,147.42499,2.8729281767955803,26.96
2011-11-10T12:00:00Z,-18.174997,147.42499,2.8950276243093924,26.95
2011-11-11T12:00:00Z,-18.174997,147.42499,2.9171270718232045,27.06
2011-11-12T12:00:00Z,-18.174997,147.42499,2.9392265193370166,26.96
2011-11-13T12:00:00Z,-18.174997,147.42499,2.9613259668508287,27.1
2011-11-14T12:00:00Z,-18.174997,147.42499,2.983425414364641,27.17
2011-11-15T12:00:00Z,-18.174997,147.42499,3.005524861878453,27.1
2011-11-16T12:00:00Z,-18.174997,147.42499,3.027624309392265,27.05
2011-11-17T12:00:00Z,-18.174997,147.42499,3.0497237569060776,27.1
2011-11-18T12:00:00Z,-18.174997,147.42499,3.0718232044198897,27.25
2011-11-19T12:00:00Z,-18.174997,147.42499,3.0939226519337018,27.09
2011-11-20T12:00:00Z,-18.174997,147.42499,3.116022099447514,27.22
2011-11-21T12:00:00Z,-18.174997,147.42499,3.138121546961326,27.23
2011-11-22T12:00:00Z,-18.174997,147.42499,3.160220994475138,27.6
2011-11-23T12:00:00Z,-18.174997,147.42499,3.18232044198895,27.3
2011-11-24T12:00:00Z,-18.174997,147.42499,3.2044198895027622,27.26
2011-11-25T12:00:00Z,-18.174997,147.42499,3.226519337016575,27.59
2011-11-26T12:00:00Z,-18.174997,147.42499,3.248618784530387,27.74
2011-11-27T12:00:00Z,-18.174997,147.42499,3.270718232044199,27.86
2011-11-28T12:00:00Z,-18.174997,147.42499,3.292817679558011,27.87
2011-11-29T12:00:00Z,-18.174997,147.42499,3.314917127071823,27.88
2011-11-30T12:00:00Z,-18.174997,147.42499,3.3370165745856353,27.96
2011-12-01T12:00:00Z,-18.174997,147.42499,3.3591160220994474,28.35
2011-12-02T12:00:00Z,-18.174997,147.42499,3.3812154696132595,28.63
2011-12-03T12:00:00Z,-18.174997,147.42499,3.403314917127072,28.52
2011-12-04T12:00:00Z,-18.174997,147.42499,3.425414364640884,28.44
2011-12-05T12:00:00Z,-18.174997,147.42499,3.447513812154696,28.2
2011-12-06T12:00:00Z,-18.174997,147.42499,3.4696132596685083,28.64
2011-12-07T12:00:00Z,-18.174997,147.42499,3.4917127071823204,29.07
2011-12-08T12:00:00Z,-18.174997,147.42499,3.5138121546961325,29.14
2011-12-09T12:00:00Z,-18.174997,147.42499,3.5359116022099446,29.4
2011-12-10T12:00:00Z,-18.174997,147.42499,3.5580110497237567,29.08
2011-12-11T12:00:00Z,-18.174997,147.42499,3.5801104972375692,29.06
2011-12-12T12:00:00Z,-18.174997,147.42499,3.6022099447513813,29.25
2011-12-13T12:00:00Z,-18.174997,147.42499,3.6243093922651934,29.42
2011-12-14T12:00:00Z,-18.174997,147.42499,3.6464088397790055,29.01
2011-12-15T12:00:00Z,-18.174997,147.42499,3.6685082872928176,29.0
2011-12-16T12:00:00Z,-18.174997,147.42499,3.6906077348066297,28.99
2011-12-17T12:00:00Z,-18.174997,147.42499,3.712707182320442,28.76
2011-12-18T12:00:00Z,-18.174997,147.42499,3.734806629834254,28.68
2011-12-19T12:00:00Z,-18.174997,147.42499,3.7569060773480665,28.5
2011-12-20T12:00:00Z,-18.174997,147.42499,3.7790055248618786,28.42
2011-12-21T12:00:00Z,-18.174997,147.42499,3.8011049723756907,28.62
2011-12-22T12:00:00Z,-18.174997,147.42499,3.8232044198895028,28.77
2011-12-23T12:00:00Z,-18.174997,147.42499,3.845303867403315,28.56
2011-12-24T12:00:00Z,-18.174997,147.42499,3.867403314917127,28.91
2011-12-25T12:00:00Z,-18.174997,147.42499,3.889502762430939,29.02
2011-12-26T12:00:00Z,-18.174997,147.42499,3.911602209944751,29.04
2011-12-27T12:00:00Z,-18.174997,147.42499,3.9337016574585637,29.29
2011-12-28T12:00:00Z,-18.174997,147.42499,3.955801104972376,29.41
2011-12-29T12:00:00Z,-18.174997,147.42499,3.977900552486188,28.91
2011-12-30T12:00:00Z,-18.174997,147.42499,4.0,28.73
2011-12-31T12:00:00Z,-18.174997,147.42499,4.0220994475138125,28.61
2012-01-01T12:00:00Z,-18.174997,147.42499,4.0,28.42
2012-01-02T12:00:00Z,-18.174997,147.42499,3.977900552486188,28.52
2012-01-03T12:00:00Z,-18.174997,147.42499,3.955801104972376,28.4
2012-01-04T12:00:00Z,-18.174997,147.42499,3.9337016574585637,28.29
2012-01-05T12:00:00Z,-18.174997,147.42499,3.911602209944751,28.27
2012-01-06T12:00:00Z,-18.174997,147.42499,3.889502762430939,28.25
2012-01-07T12:00:00Z,-18.174997,147.42499,3.867403314917127,28.26
2012-01-08T12:00:00Z,-18.174997,147.42499,3.845303867403315,28.16
2012-01-09T12:00:00Z,-18.174997,147.42499,3.8232044198895028,28.34
2012-01-10T12:00:00Z,-18.174997,147.42499,3.8011049723756907,28.82
2012-01-11T12:00:00Z,-18.174997,147.42499,3.7790055248618786,28.83
2012-01-12T12:00:00Z,-18.174997,147.42499,3.7569060773480665,28.91
2012-01-13T12:00:00Z,-18.174997,147.42499,3.734806629834254,29.0
2012-01-14T12:00:00Z,-18.174997,147.42499,3.712707182320442,29.11
2012-01-15T12:00:00Z,-18.174997,147.42499,3.6906077348066297,29.02
2012-01-16T12:00:00Z,-18.174997,147.42499,3.6685082872928176,28.99
2012-01-17T12:00:00Z,-18.174997,147.42499,3.6464088397790055,28.78
2012-01-18T12:00:00Z,-18.174997,147.42499,3.6243093922651934,28.74
2012-01-19T12:00:00Z,-18.174997,147.42499,3.6022099447513813,28.78
2012-01-20T12:00:00Z,-18.174997,147.42499,3.5801104972375692,28.9
2012-01-21T12:00:00Z,-18.174997,147.42499,3.5580110497237567,29.07
2012-01-22T12:00:00Z,-18.174997,147.42499,3.5359116022099446,29.18
2012-01-23T12:00:00Z,-18.174997,147.42499,3.5138121546961325,29.47
2012-01-24T12:00:00Z,-18.174997,147.42499,3.4917127071823204,29.19
2012-01-25T12:00:00Z,-18.174997,147.42499,3.4696132596685083,29.38
2012-01-26T12:00:00Z,-18.174997,147.42499,3.447513812154696,29.28
2012-01-27T12:00:00Z,-18.174997,147.42499,3.425414364640884,29.29
2012-01-28T12:00:00Z,-18.174997,147.42499,3.403314917127072,28.45
2012-01-29T12:00:00Z,-18.174997,147.42499,3.3812154696132595,29.16
2012-01-30T12:00:00Z,-18.174997,147.42499,3.3591160220994474,29.17
2012-01-31T12:00:00Z,-18.174997,147.42499,3.3370165745856353,29.53
2012-02-01T12:00:00Z,-18.174997,147.42499,3.314917127071823,29.64
2012-02-02T12:00:00Z,-18.174997,147.42499,3.292817679558011,29.65
2012-02-03T12:00:00Z,-18.174997,147.42499,3.270718232044199,29.56
2012-02-04T12:00:00Z,-18.174997,147.42499,3.248618784530387,29.27
2012-02-05T12:00:00Z,-18.174997,147.42499,3.226519337016575,28.98
2012-02-06T12:00:00Z,-18.174997,147.42499,3.2044198895027622,29.17
2012-02-07T12:00:00Z,-18.174997,147.42499,3.18232044198895,29.06
2012-02-08T12:00:00Z,-18.174997,147.42499,3.160220994475138,29.05
2012-02-09T12:00:00Z,-18.174997,147.42499,3.138121546961326,29.21
2012-02-10T12:00:00Z,-18.174997,147.42499,3.116022099447514,29.42
2012-02-11T12:00:00Z,-18.174997,147.42499,3.0939226519337018,29.7
2012-02-12T12:00:00Z,-18.174997,147.42499,3.0718232044198897,29.89
2012-02-13T12:00:00Z,-18.174997,147.42499,3.0497237569060776,29.67
2012-02-14T12:00:00Z,-18.174997,147.42499,3.027624309392265,29.42
2012-02-15T12:00:00Z,-18.174997,147.42499,3.005524861878453,29.37
2012-02-16T12:00:00Z,-18.174997,147.42499,2.983425414364641,29.11
2012-02-17T12:00:00Z,-18.174997,147.42499,2.9613259668508287,28.99
2012-02-18T12:00:00Z,-18.174997,147.42499,2.9392265193370166,29.02
2012-02-19T12:00:00Z,-18.174997,147.42499,2.9171270718232045,29.08
2012-02-20T12:00:00Z,-18.174997,147.42499,2.8950276243093924,28.98
2012-02-21T12:00:00Z,-18.174997,147.42499,2.8729281767955803,29.04
2012-02-22T12:00:00Z,-18.174997,147.42499,2.850828729281768,29.08
2012-02-23T12:00:00Z,-18.174997,147.42499,2.8287292817679557,29.01
2012-02-24T12:00:00Z,-18.174997,147.42499,2.8066298342541436,28.8
2012-02-25T12:00:00Z,-18.174997,147.42499,2.7845303867403315,28.77
2012-02-26T12:00:00Z,-18.174997,147.42499,2.7624309392265194,28.75
2012-02-27T12:00:00Z,-18.174997,147.42499,2.7403314917127073,28.75
2012-02-28T12:00:00Z,-18.174997,147.42499,2.718232044198895,28.46
2012-02-29T12:00:00Z,-18.174997,147.42499,2.696132596685083,28.57
2012-03-01T12:00:00Z,-18.174997,147.42499,2.6740331491712706,28.7
2012-03-02T12:00:00Z,-18.174997,147.42499,2.6519337016574585,28.81
2012-03-03T12:00:00Z,-18.174997,147.42499,2.6298342541436464,28.95
2012-03-04T12:00:00Z,-18.174997,147.42499,2.6077348066298343,28.89
2012-03-05T12:00:00Z,-18.174997,147.42499,2.585635359116022,29.05
2012-03-06T12:00:00Z,-18.174997,147.42499,2.56353591160221,29.48
2012-03-07T12:00:00Z,-18.174997,147.42499,2.541436464088398,29.13
2012-03-08T12:00:00Z,-18.174997,147.42499,2.5193370165745854,29.27
2012-03-09T12:00:00Z,-18.174997,147.42499,2.4972375690607733,29.2
2012-03-10T12:00:00Z,-18.174997,147.42499,2.4751381215469612,29.05
2012-03-11T12:00:00Z,-18.174997,147.42499,2.453038674033149,28.75
2012-03-12T12:00:00Z,-18.174997,147.42499,2.430939226519337,28.68
2012-03-13T12:00:00Z,-18.174997,147.42499,2.408839779005525,28.7
2012-03-14T12:00:00Z,-18.174997,147.42499,2.386740331491713,28.48
2012-03-15T12:00:00Z,-18.174997,147.42499,2.3646408839779007,28.56
2012-03-16T12:00:00Z,-18.174997,147.42499,2.342541436464088,28.7
2012-03-17T12:00:00Z,-18.174997,147.42499,2.320441988950276,28.79
2012-03-18T12:00:00Z,-18.174997,147.42499,2.298342541436464,28.73
2012-03-19T12:00:00Z,-18.174997,147.42499,2.276243093922652,28.28
2012-03-20T12:00:00Z,-18.174997,147.42499,2.25414364640884,27.79
2012-03-21T12:00:00Z,-18.174997,147.42499,2.2320441988950277,28.39
2012-03-22T12:00:00Z,-18.174997,147.42499,2.2099447513812156,28.32
2012-03-23T12:00:00Z,-18.174997,147.42499,2.1878453038674035,28.47
2012-03-24T12:00:00Z,-18.174997,147.42499,2.165745856353591,28.56
2012-03-25T12:00:00Z,-18.174997,147.42499,2.143646408839779,28.43
2012-03-26T12:00:00Z,-18.174997,147.42499,2.1215469613259668,28.02
2012-03-27T12:00:00Z,-18.174997,147.42499,2.0994475138121547,28.2
2012-03-28T12:00:00Z,-18.174997,147.42499,2.0773480662983426,28.13
2012-03-29T12:00:00Z,-18.174997,147.42499,2.0552486187845305,28.05
2012-03-30T12:00:00Z,-18.174997,147.42499,2.0331491712707184,28.34
2012-03-31T12:00:00Z,-18.174997,147.42499,2.0110497237569063,28.2
2012-04-01T12:00:00Z,-18.174997,147.42499,1.988950276243094,28.0
2012-04-02T12:00:00Z,-18.174997,147.42499,1.9668508287292819,27.8
2012-04-03T12:00:00Z,-18.174997,147.42499,1.9447513812154695,27.93
2012-04-04T12:00:00Z,-18.174997,147.42499,1.9226519337016574,27.97
2012-04-05T12:00:00Z,-18.174997,147.42499,1.9005524861878453,27.79
2012-04-06T12:00:00Z,-18.174997,147.42499,1.8784530386740332,27.85
2012-04-07T12:00:00Z,-18.174997,147.42499,1.856353591160221,27.99
2012-04-08T12:00:00Z,-18.174997,147.42499,1.8342541436464088,27.88
2012-04-09T12:00:00Z,-18.174997,147.42499,1.8121546961325967,27.67
2012-04-10T12:00:00Z,-18.174997,147.42499,1.7900552486187846,27.84
2012-04-11T12:00:00Z,-18.174997,147.42499,1.7679558011049723,27.79
2012-04-12T12:00:00Z,-18.174997,147.42499,1.7458563535911602,27.23
2012-04-13T12:00:00Z,-18.174997,147.42499,1.723756906077348,27.31
2012-04-14T12:00:00Z,-18.174997,147.42499,1.701657458563536,27.35
2012-04-15T12:00:00Z,-18.174997,147.42499,1.6795580110497237,27.31
2012-04-16T12:00:00Z,-18.174997,147.42499,1.6574585635359116,26.78
2012-04-17T12:00:00Z,-18.174997,147.42499,1.6353591160220995,27.0
2012-04-18T12:00:00Z,-18.174997,147.42499,1.6132596685082874,26.68
2012-04-19T12:00:00Z,-18.174997,147.42499,1.591160220994475,26.63
2012-04-20T12:00:00Z,-18.174997,147.42499,1.569060773480663,26.93
2012-04-21T12:00:00Z,-18.174997,147.42499,1.5469613259668509,27.27
2012-04-22T12:00:00Z,-18.174997,147.42499,1.5248618784530388,27.2
2012-04-23T12:00:00Z,-18.174997,147.42499,1.5027624309392265,27.4
2012-04-24T12:00:00Z,-18.174997,147.42499,1.4806629834254144,27.53
2012-04-25T12:00:00Z,-18.174997,147.42499,1.4585635359116023,27.4
2012-04-26T12:00:00Z,-18.174997,147.42499,1.4364640883977902,27.4
2012-04-27T12:00:00Z,-18.174997,147.42499,1.4143646408839778,27.25
2012-04-28T12:00:00Z,-18.174997,147.42499,1.3922651933701657,27.36
2012-04-29T12:00:00Z,-18.174997,147.42499,1.3701657458563536,26.91
2012-04-30T12:00:00Z,-18.174997,147.42499,1.3480662983425415,26.9
2012-05-01T12:00:00Z,-18.174997,147.42499,1.3259668508287292,26.82
2012-05-02T12:00:00Z,-18.174997,147.42499,1.3038674033149171,26.86
2012-05-03T12:00:00Z,-18.174997,147.42499,1.281767955801105,26.82
2012-05-04T12:00:00Z,-18.174997,147.42499,1.2596685082872927,26.7
2012-05-05T12:00:00Z,-18.174997,147.42499,1.2375690607734806,26.34
2012-05-06T12:00:00Z,-18.174997,147.42499,1.2154696132596685,26.16
2012-05-07T12:00:00Z,-18.174997,147.42499,1.1933701657458564,25.88
2012-05-08T12:00:00Z,-18.174997,147.42499,1.171270718232044,25.81
2012-05-09T12:00:00Z,-18.174997,147.42499,1.149171270718232,25.81
2012-05-10T12:00:00Z,-18.174997,147.42499,1.12707182320442,25.85
2012-05-11T12:00:00Z,-18.174997,147.42499,1.1049723756906078,25.97
2012-05-12T12:00:00Z,-18.174997,147.42499,1.0828729281767955,25.89
2012-05-13T12:00:00Z,-18.174997,147.42499,1.0607734806629834,26.1
2012-05-14T12:00:00Z,-18.174997,147.42499,1.0386740331491713,25.99
2012-05-15T12:00:00Z,-18.174997,147.42499,1.0165745856353592,25.94
2012-05-16T12:00:00Z,-18.174997,147.42499,0.994475138121547,25.72
2012-05-17T12:00:00Z,-18.174997,147.42499,0.9723756906077348,25.74
2012-05-18T12:00:00Z,-18.174997,147.42499,0.9502762430939227,25.85
2012-05-19T12:00:00Z,-18.174997,147.42499,0.9281767955801105,25.82
2012-05-20T12:00:00Z,-18.174997,147.42499,0.9060773480662984,25.55
2012-05-21T12:00:00Z,-18.174997,147.42499,0.8839779005524862,25.68
2012-05-22T12:00:00Z,-18.174997,147.42499,0.861878453038674,25.63
2012-05-23T12:00:00Z,-18.174997,147.42499,0.8397790055248618,25.38
2012-05-24T12:00:00Z,-18.174997,147.42499,0.8176795580110497,25.5
2012-05-25T12:00:00Z,-18.174997,147.42499,0.7955801104972375,25.57
2012-05-26T12:00:00Z,-18.174997,147.42499,0.7734806629834254,25.49
2012-05-27T12:00:00Z,-18.174997,147.42499,0.7513812154696132,25.14
2012-05-28T12:00:00Z,-18.174997,147.42499,0.7292817679558011,25.14
2012-05-29T12:00:00Z,-18.174997,147.42499,0.7071823204419889,24.98
2012-05-30T12:00:00Z,-18.174997,147.42499,0.6850828729281768,24.42
2012-05-31T12:00:00Z,-18.174997,147.42499,0.6629834254143646,24.46
2012-06-01T12:00:00Z,-18.174997,147.42499,0.6408839779005525,24.58
2012-06-02T12:00:00Z,-18.174997,147.42499,0.6187845303867403,24.81
2012-06-03T12:00:00Z,-18.174997,147.42499,0.5966850828729282,25.06
2012-06-04T12:00:00Z,-18.174997,147.42499,0.574585635359116,24.96
2012-06-05T12:00:00Z,-18.174997,147.42499,0.5524861878453039,24.94
2012-06-06T12:00:00Z,-18.174997,147.42499,0.5303867403314917,24.87
2012-06-07T12:00:00Z,-18.174997,147.42499,0.5082872928176796,24.73
2012-06-08T12:00:00Z,-18.174997,147.42499,0.4861878453038674,24.6
2012-06-09T12:00:00Z,-18.174997,147.42499,0.46408839779005523,24.51
2012-06-10T12:00:00Z,-18.174997,147.42499,0.4419889502762431,24.74
2012-06-11T12:00:00Z,-18.174997,147.42499,0.4198895027624309,23.84
2012-06-12T12:00:00Z,-18.174997,147.42499,0.39779005524861877,23.58
2012-06-13T12:00:00Z,-18.174997,147.42499,0.3756906077348066,24.18
2012-06-14T12:00:00Z,-18.174997,147.42499,0.35359116022099446,23.88
2012-06-15T12:00:00Z,-18.174997,147.42499,0.3314917127071823,23.9
2012-06-16T12:00:00Z,-18.174997,147.42499,0.30939226519337015,24.31
2012-06-17T12:00:00Z,-18.174997,147.42499,0.287292817679558,24.21
2012-06-18T12:00:00Z,-18.174997,147.42499,0.26519337016574585,24.11
2012-06-19T12:00:00Z,-18.174997,147.42499,0.2430939226519337,23.93
2012-06-20T12:00:00Z,-18.174997,147.42499,0.22099447513812154,24.13
2012-06-21T12:00:00Z,-18.174997,147.42499,0.19889502762430938,24.15
2012-06-22T12:00:00Z,-18.174997,147.42499,0.17679558011049723,24.24
2012-06-23T12:00:00Z,-18.174997,147.42499,0.15469613259668508,24.5
2012-06-24T12:00:00Z,-18.174997,147.42499,0.13259668508287292,24.9
2012-06-25T12:00:00Z,-18.174997,147.42499,0.11049723756906077,24.62
2012-06-26T12:00:00Z,-18.174997,147.42499,0.08839779005524862,24.18
2012-06-27T12:00:00Z,-18.174997,147.42499,0.06629834254143646,24.12
2012-06-28T12:00:00Z,-18.174997,147.42499,0.04419889502762431,24.24
2012-06-29T12:00:00Z,-18.174997,147.42499,0.022099447513812154,24.16
2012-06-30T12:00:00Z,-18.174997,147.42499,0.0,24.14
2012-07-01T12:00:00Z,-18.174997,147.42499,-0.022099447513812154,24.24
2012-07-02T12:00:00Z,-18.174997,147.42499,0.0,23.74
2012-07-03T12:00:00Z,-18.174997,147.42499,0.022099447513812154,23.9
2012-07-04T12:00:00Z,-18.174997,147.42499,0.04419889502762431,23.61
2012-07-05T12:00:00Z,-18.174997,147.42499,0.06629834254143646,23.53
2012-07-06T12:00:00Z,-18.174997,147.42499,0.08839779005524862,23.04
2012-07-07T12:00:00Z,-18.174997,147.42499,0.11049723756906077,22.94
2012-07-08T12:00:00Z,-18.174997,147.42499,0.13259668508287292,22.72
2012-07-09T12:00:00Z,-18.174997,147.42499,0.15469613259668508,23.12
2012-07-10T12:00:00Z,-18.174997,147.42499,0.17679558011049723,23.23
2012-07-11T12:00:00Z,-18.174997,147.42499,0.19889502762430938,23.18
2012-07-12T12:00:00Z,-18.174997,147.42499,0.22099447513812154,23.32
2012-07-13T12:00:00Z,-18.174997,147.42499,0.2430939226519337,23.65
2012-07-14T12:00:00Z,-18.174997,147.42499,0.26519337016574585,24.05
2012-07-15T12:00:00Z,-18.174997,147.42499,0.287292817679558,24.06
2012-07-16T12:00:00Z,-18.174997,147.42499,0.30939226519337015,23.98
2012-07-17T12:00:00Z,-18.174997,147.42499,0.3314917127071823,23.5
2012-07-18T12:00:00Z,-18.174997,147.42499,0.35359116022099446,24.03
2012-07-19T12:00:00Z,-18.174997,147.42499,0.3756906077348066,24.53
2012-07-20T12:00:00Z,-18.174997,147.42499,0.39779005524861877,24.13
2012-07-21T12:00:00Z,-18.174997,147.42499,0.4198895027624309,23.92
2012-07-22T12:00:00Z,-18.174997,147.42499,0.4419889502762431,23.98
2012-07-23T12:00:00Z,-18.174997,147.42499,0.46408839779005523,23.76
2012-07-24T12:00:00Z,-18.174997,147.42499,0.4861878453038674,24.07
2012-07-25T12:00:00Z,-18.174997,147.42499,0.5082872928176796,23.77
2012-07-26T12:00:00Z,-18.174997,147.42499,0.5303867403314917,23.67
2012-07-27T12:00:00Z,-18.174997,147.42499,0.5524861878453039,23.66
2012-07-28T12:00:00Z,-18.174997,147.42499,0.574585635359116,23.26
2012-07-29T12:00:00Z,-18.174997,147.42499,0.5966850828729282,23.36
2012-07-30T12:00:00Z,-18.174997,147.42499,0.6187845303867403,23.52
2012-07-31T12:00:00Z,-18.174997,147.42499,0.6408839779005525,23.62
2012-08-01T12:00:00Z,-18.174997,147.42499,0.6629834254143646,23.21
2012-08-02T12:00:00Z,-18.174997,147.42499,0.6850828729281768,23.17
2012-08-03T12:00:00Z,-18.174997,147.42499,0.7071823204419889,23.32
2012-08-04T12:00:00Z,-18.174997,147.42499,0.7292817679558011,23.53
2012-08-05T12:00:00Z,-18.174997,147.42499,0.7513812154696132,23.82
2012-08-06T12:00:00Z,-18.174997,147.42499,0.7734806629834254,23.98
2012-08-07T12:00:00Z,-18.174997,147.42499,0.7955801104972375,24.09
2012-08-08T12:00:00Z,-18.174997,147.42499,0.8176795580110497,23.94
2012-08-09T12:00:00Z,-18.174997,147.42499,0.8397790055248618,24.12
2012-08-10T12:00:00Z,-18.174997,147.42499,0.861878453038674,23.98
2012-08-11T12:00:00Z,-18.174997,147.42499,0.8839779005524862,23.69
2012-08-12T12:00:00Z,-18.174997,147.42499,0.9060773480662984,23.72
2012-08-13T12:00:00Z,-18.174997,147.42499,0.9281767955801105,24.02
2012-08-14T12:00:00Z,-18.174997,147.42499,0.9502762430939227,23.68
2012-08-15T12:00:00Z,-18.174997,147.42499,0.9723756906077348,23.72
2012-08-16T12:00:00Z,-18.174997,147.42499,0.994475138121547,23.81
2012-08-17T12:00:00Z,-18.174997,147.42499,1.0165745856353592,24.25
2012-08-18T12:00:00Z,-18.174997,147.42499,1.0386740331491713,24.46
2012-08-19T12:00:00Z,-18.174997,147.42499,1.0607734806629834,24.43
2012-08-20T12:00:00Z,-18.174997,147.42499,1.0828729281767955,23.92
2012-08-21T12:00:00Z,-18.174997,147.42499,1.1049723756906078,23.06
2012-08-22T12:00:00Z,-18.174997,147.42499,1.12707182320442,23.97
2012-08-23T12:00:00Z,-18.174997,147.42499,1.149171270718232,24.32
2012-08-24T12:00:00Z,-18.174997,147.42499,1.171270718232044,24.7
2012-08-25T12:00:00Z,-18.174997,147.42499,1.1933701657458564,24.4
2012-08-26T12:00:00Z,-18.174997,147.42499,1.2154696132596685,24.32
2012-08-27T12:00:00Z,-18.174997,147.42499,1.2375690607734806,24.26
2012-08-28T12:00:00Z,-18.174997,147.42499,1.2596685082872927,24.28
2012-08-29T12:00:00Z,-18.174997,147.42499,1.281767955801105,24.51
2012-08-30T12:00:00Z,-18.174997,147.42499,1.3038674033149171,24.52
2012-08-31T12:00:00Z,-18.174997,147.42499,1.3259668508287292,24.56
2012-09-01T12:00:00Z,-18.174997,147.42499,1.3480662983425415,24.56
2012-09-02T12:00:00Z,-18.174997,147.42499,1.3701657458563536,24.8
2012-09-03T12:00:00Z,-18.174997,147.42499,1.3922651933701657,24.77
2012-09-04T12:00:00Z,-18.174997,147.42499,1.4143646408839778,24.83
2012-09-05T12:00:00Z,-18.174997,147.42499,1.4364640883977902,24.92
2012-09-06T12:00:00Z,-18.174997,147.42499,1.4585635359116023,24.87
2012-09-07T12:00:00Z,-18.174997,147.42499,1.4806629834254144,24.95
2012-09-08T12:00:00Z,-18.174997,147.42499,1.5027624309392265,25.19
2012-09-09T12:00:00Z,-18.174997,147.42499,1.5248618784530388,25.05
2012-09-10T12:00:00Z,-18.174997,147.42499,1.5469613259668509,24.48
2012-09-11T12:00:00Z,-18.174997,147.42499,1.569060773480663,24.5
2012-09-12T12:00:00Z,-18.174997,147.42499,1.591160220994475,24.5
2012-09-13T12:00:00Z,-18.174997,147.42499,1.6132596685082874,24.74
2012-09-14T12:00:00Z,-18.174997,147.42499,1.6353591160220995,24.96
2012-09-15T12:00:00Z,-18.174997,147.42499,1.6574585635359116,24.43
2012-09-16T12:00:00Z,-18.174997,147.42499,1.6795580110497237,24.44
2012-09-17T12:00:00Z,-18.174997,147.42499,1.701657458563536,24.59
2012-09-18T12:00:00Z,-18.174997,147.42499,1.723756906077348,24.75
2012-09-19T12:00:00Z,-18.174997,147.42499,1.7458563535911602,24.88
2012-09-20T12:00:00Z,-18.174997,147.42499,1.7679558011049723,25.3
2012-09-21T12:00:00Z,-18.174997,147.42499,1.7900552486187846,25.52
2012-09-22T12:00:00Z,-18.174997,147.42499,1.8121546961325967,25.55
2012-09-23T12:00:00Z,-18.174997,147.42499,1.8342541436464088,25.49
2012-09-24T12:00:00Z,-18.174997,147.42499,1.856353591160221,25.75
2012-09-25T12:00:00Z,-18.174997,147.42499,1.8784530386740332,25.63
2012-09-26T12:00:00Z,-18.174997,147.42499,1.9005524861878453,25.82
2012-09-27T12:00:00Z,-18.174997,147.42499,1.9226519337016574,25.6
2012-09-28T12:00:00Z,-18.174997,147.42499,1.9447513812154695,25.64
2012-09-29T12:00:00Z,-18.174997,147.42499,1.9668508287292819,25.91
2012-09-30T12:00:00Z,-18.174997,147.42499,1.988950276243094,25.88
2012-10-01T12:00:00Z,-18.174997,147.42499,2.0110497237569063,25.73
2012-10-02T12:00:00Z,-18.174997,147.42499,2.0331491712707184,25.69
2012-10-03T12:00:00Z,-18.174997,147.42499,2.0552486187845305,25.82
2012-10-04T12:00:00Z,-18.174997,147.42499,2.0773480662983426,25.65
2012-10-05T12:00:00Z,-18.174997,147.42499,2.0994475138121547,25.26
2012-10-06T12:00:00Z,-18.174997,147.42499,2.1215469613259668,25.54
2012-10-07T12:00:00Z,-18.174997,147.42499,2.143646408839779,26.0
2012-10-08T12:00:00Z,-18.174997,147.42499,2.165745856353591,25.97
2012-10-09T12:00:00Z,-18.174997,147.42499,2.1878453038674035,25.73
2012-10-10T12:00:00Z,-18.174997,147.42499,2.2099447513812156,25.48
2012-10-11T12:00:00Z,-18.174997,147.42499,2.2320441988950277,25.95
2012-10-12T12:00:00Z,-18.174997,147.42499,2.25414364640884,25.78
2012-10-13T12:00:00Z,-18.174997,147.42499,2.276243093922652,25.74
2012-10-14T12:00:00Z,-18.174997,147.42499,2.298342541436464,25.57
2012-10-15T12:00:00Z,-18.174997,147.42499,2.320441988950276,25.62
2012-10-16T12:00:00Z,-18.174997,147.42499,2.342541436464088,25.76
2012-10-17T12:00:00Z,-18.174997,147.42499,2.3646408839779007,25.76
2012-10-18T12:00:00Z,-18.174997,147.42499,2.386740331491713,25.83
2012-10-19T12:00:00Z,-18.174997,147.42499,2.408839779005525,25.69
2012-10-20T12:00:00Z,-18.174997,147.42499,2.430939226519337,25.8
2012-10-21T12:00:00Z,-18.174997,147.42499,2.453038674033149,25.82
2012-10-22T12:00:00Z,-18.174997,147.42499,2.4751381215469612,25.65
2012-10-23T12:00:00Z,-18.174997,147.42499,2.4972375690607733,25.93
2012-10-24T12:00:00Z,-18.174997,147.42499,2.5193370165745854,26.08
2012-10-25T12:00:00Z,-18.174997,147.42499,2.541436464088398,26.01
2012-10-26T12:00:00Z,-18.174997,147.42499,2.56353591160221,26.31
2012-10-27T12:00:00Z,-18.174997,147.42499,2.585635359116022,26.2
2012-10-28T12:00:00Z,-18.174997,147.42499,2.6077348066298343,26.12
2012-10-29T12:00:00Z,-18.174997,147.42499,2.6298342541436464,26.26
2012-10-30T12:00:00Z,-18.174997,147.42499,2.6519337016574585,26.4
2012-10-31T12:00:00Z,-18.174997,147.42499,2.6740331491712706,26.64
2012-11-01T12:00:00Z,-18.174997,147.42499,2.696132596685083,26.88
2012-11-02T12:00:00Z,-18.174997,147.42499,2.718232044198895,27.17
2012-11-03T12:00:00Z,-18.174997,147.42499,2.7403314917127073,26.92
2012-11-04T12:00:00Z,-18.174997,147.42499,2.7624309392265194,26.85
2012-11-05T12:00:00Z,-18.174997,147.42499,2.7845303867403315,26.39
2012-11-06T12:00:00Z,-18.174997,147.42499,2.8066298342541436,26.49
2012-11-07T12:00:00Z,-18.174997,147.42499,2.8287292817679557,26.46
2012-11-08T12:00:00Z,-18.174997,147.42499,2.850828729281768,26.61
2012-11-09T12:00:00Z,-18.174997,147.42499,2.8729281767955803,26.52
2012-11-10T12:00:00Z,-18.174997,147.42499,2.8950276243093924,26.34
2012-11-11T12:00:00Z,-18.174997,147.42499,2.9171270718232045,26.38
2012-11-12T12:00:00Z,-18.174997,147.42499,2.9392265193370166,26.44
2012-11-13T12:00:00Z,-18.174997,147.42499,2.9613259668508287,26.41
2012-11-14T12:00:00Z,-18.174997,147.42499,2.983425414364641,26.24
2012-11-15T12:00:00Z,-18.174997,147.42499,3.005524861878453,26.24
2012-11-16T12:00:00Z,-18.174997,147.42499,3.027624309392265,26.52
2012-11-17T12:00:00Z,-18.174997,147.42499,3.0497237569060776,26.82
2012-11-18T12:00:00Z,-18.174997,147.42499,3.0718232044198897,27.04
2012-11-19T12:00:00Z,-18.174997,147.42499,3.0939226519337018,26.92
2012-11-20T12:00:00Z,-18.174997,147.42499,3.116022099447514,26.86
2012-11-21T12:00:00Z,-18.174997,147.42499,3.138121546961326,27.15
2012-11-22T12:00:00Z,-18.174997,147.42499,3.160220994475138,27.44
2012-11-23T12:00:00Z,-18.174997,147.42499,3.18232044198895,27.71
2012-11-24T12:00:00Z,-18.174997,147.42499,3.2044198895027622,27.47
2012-11-25T12:00:00Z,-18.174997,147.42499,3.226519337016575,27.42
2012-11-26T12:00:00Z,-18.174997,147.42499,3.248618784530387,27.55
2012-11-27T12:00:00Z,-18.174997,147.42499,3.270718232044199,27.32
2012-11-28T12:00:00Z,-18.174997,147.42499,3.292817679558011,27.39
2012-11-29T12:00:00Z,-18.174997,147.42499,3.314917127071823,27.51
2012-11-30T12:00:00Z,-18.174997,147.42499,3.3370165745856353,27.35
2012-12-01T12:00:00Z,-18.174997,147.42499,3.3591160220994474,27.36
2012-12-02T12:00:00Z,-18.174997,147.42499,3.3812154696132595,27.53
2012-12-03T12:00:00Z,-18.174997,147.42499,3.403314917127072,27.57
2012-12-04T12:00:00Z,-18.174997,147.42499,3.425414364640884,27.88
2012-12-05T12:00:00Z,-18.174997,147.42499,3.447513812154696,28.46
2012-12-06T12:00:00Z,-18.174997,147.42499,3.4696132596685083,28.25
2012-12-07T12:00:00Z,-18.174997,147.42499,3.4917127071823204,28.16
2012-12-08T12:00:00Z,-18.174997,147.42499,3.5138121546961325,28.02
2012-12-09T12:00:00Z,-18.174997,147.42499,3.5359116022099446,28.16
2012-12-10T12:00:00Z,-18.174997,147.42499,3.5580110497237567,28.18
2012-12-11T12:00:00Z,-18.174997,147.42499,3.5801104972375692,27.95
2012-12-12T12:00:00Z,-18.174997,147.42499,3.6022099447513813,27.8
2012-12-13T12:00:00Z,-18.174997,147.42499,3.6243093922651934,27.56
2012-12-14T12:00:00Z,-18.174997,147.42499,3.6464088397790055,27.36
2012-12-15T12:00:00Z,-18.174997,147.42499,3.6685082872928176,27.68
2012-12-16T12:00:00Z,-18.174997,147.42499,3.6906077348066297,27.67
2012-12-17T12:00:00Z,-18.174997,147.42499,3.712707182320442,27.86
2012-12-18T12:00:00Z,-18.174997,147.42499,3.734806629834254,27.78
2012-12-19T12:00:00Z,-18.174997,147.42499,3.7569060773480665,28.36
2012-12-20T12:00:00Z,-18.174997,147.42499,3.7790055248618786,28.1
2012-12-21T12:00:00Z,-18.174997,147.42499,3.8011049723756907,28.23
2012-12-22T12:00:00Z,-18.174997,147.42499,3.8232044198895028,28.18
2012-12-23T12:00:00Z,-18.174997,147.42499,3.845303867403315,28.05
2012-12-24T12:00:00Z,-18.174997,147.42499,3.867403314917127,27.93
2012-12-25T12:00:00Z,-18.174997,147.42499,3.889502762430939,28.33
2012-12-26T12:00:00Z,-18.174997,147.42499,3.911602209944751,28.41
2012-12-27T12:00:00Z,-18.174997,147.42499,3.9337016574585637,28.52
2012-12-28T12:00:00Z,-18.174997,147.42499,3.955801104972376,28.32
2012-12-29T12:00:00Z,-18.174997,147.42499,3.977900552486188,28.46
2012-12-30T12:00:00Z,-18.174997,147.42499,4.0,28.44
2012-12-31T12:00:00Z,-18.174997,147.42499,4.0220994475138125,28.42
2013-01-01T12:00:00Z,-18.174997,147.42499,4.0,28.57
2013-01-02T12:00:00Z,-18.174997,147.42499,3.977900552486188,28.71
2013-01-03T12:00:00Z,-18.174997,147.42499,3.955801104972376,28.41
2013-01-04T12:00:00Z,-18.174997,147.42499,3.9337016574585637,28.5
2013-01-05T12:00:00Z,-18.174997,147.42499,3.911602209944751,28.41
2013-01-06T12:00:00Z,-18.174997,147.42499,3.889502762430939,28.26
2013-01-07T12:00:00Z,-18.174997,147.42499,3.867403314917127,28.2
2013-01-08T12:00:00Z,-18.174997,147.42499,3.845303867403315,27.98
2013-01-09T12:00:00Z,-18.174997,147.42499,3.8232044198895028,27.9
2013-01-10T12:00:00Z,-18.174997,147.42499,3.8011049723756907,28.14
2013-01-11T12:00:00Z,-18.174997,147.42499,3.7790055248618786,28.05
2013-01-12T12:00:00Z,-18.174997,147.42499,3.7569060773480665,28.19
2013-01-13T12:00:00Z,-18.174997,147.42499,3.734806629834254,28.68
2013-01-14T12:00:00Z,-18.174997,147.42499,3.712707182320442,29.0
2013-01-15T12:00:00Z,-18.174997,147.42499,3.6906077348066297,29.0
2013-01-16T12:00:00Z,-18.174997,147.42499,3.6685082872928176,28.85
2013-01-17T12:00:00Z,-18.174997,147.42499,3.6464088397790055,29.07
2013-01-18T12:00:00Z,-18.174997,147.42499,3.6243093922651934,28.98
2013-01-19T12:00:00Z,-18.174997,147.42499,3.6022099447513813,28.87
2013-01-20T12:00:00Z,-18.174997,147.42499,3.5801104972375692,28.84
2013-01-21T12:00:00Z,-18.174997,147.42499,3.5580110497237567,28.81
2013-01-22T12:00:00Z,-18.174997,147.42499,3.5359116022099446,28.81
2013-01-23T12:00:00Z,-18.174997,147.42499,3.5138121546961325,28.4
2013-01-24T12:00:00Z,-18.174997,147.42499,3.4917127071823204,27.88
2013-01-25T12:00:00Z,-18.174997,147.42499,3.4696132596685083,28.52
2013-01-26T12:00:00Z,-18.174997,147.42499,3.447513812154696,28.44
2013-01-27T12:00:00Z,-18.174997,147.42499,3.425414364640884,28.92
2013-01-28T12:00:00Z,-18.174997,147.42499,3.403314917127072,29.08
2013-01-29T12:00:00Z,-18.174997,147.42499,3.3812154696132595,29.59
2013-01-30T12:00:00Z,-18.174997,147.42499,3.3591160220994474,29.26
2013-01-31T12:00:00Z,-18.174997,147.42499,3.3370165745856353,29.21
2013-02-01T12:00:00Z,-18.174997,147.42499,3.314917127071823,29.36
2013-02-02T12:00:00Z,-18.174997,147.42499,3.292817679558011,29.5
2013-02-03T12:00:00Z,-18.174997,147.42499,3.270718232044199,29.44
2013-02-04T12:00:00Z,-18.174997,147.42499,3.248618784530387,29.55
2013-02-05T12:00:00Z,-18.174997,147.42499,3.226519337016575,29.27
2013-02-06T12:00:00Z,-18.174997,147.42499,3.2044198895027622,28.67
2013-02-07T12:00:00Z,-18.174997,147.42499,3.18232044198895,28.61
2013-02-08T12:00:00Z,-18.174997,147.42499,3.160220994475138,28.65
2013-02-09T12:00:00Z,-18.174997,147.42499,3.138121546961326,28.71
2013-02-10T12:00:00Z,-18.174997,147.42499,3.116022099447514,28.83
2013-02-11T12:00:00Z,-18.174997,147.42499,3.0939226519337018,28.8
2013-02-12T12:00:00Z,-18.174997,147.42499,3.0718232044198897,28.77
2013-02-13T12:00:00Z,-18.174997,147.42499,3.0497237569060776,28.71
2013-02-14T12:00:00Z,-18.174997,147.42499,3.027624309392265,28.84
2013-02-15T12:00:00Z,-18.174997,147.42499,3.005524861878453,28.9
2013-02-16T12:00:00Z,-18.174997,147.42499,2.983425414364641,28.95
2013-02-17T12:00:00Z,-18.174997,147.42499,2.9613259668508287,28.78
2013-02-18T12:00:00Z,-18.174997,147.42499,2.9392265193370166,29.35
2013-02-19T12:00:00Z,-18.174997,147.42499,2.9171270718232045,29.2
2013-02-20T12:00:00Z,-18.174997,147.42499,2.8950276243093924,29.56
2013-02-21T12:00:00Z,-18.174997,147.42499,2.8729281767955803,29.63
2013-02-22T12:00:00Z,-18.174997,147.42499,2.850828729281768,29.54
2013-02-23T12:00:00Z,-18.174997,147.42499,2.8287292817679557,29.33
2013-02-24T12:00:00Z,-18.174997,147.42499,2.8066298342541436,29.48
2013-02-25T12:00:00Z,-18.174997,147.42499,2.7845303867403315,29.54
2013-02-26T12:00:00Z,-18.174997,147.42499,2.7624309392265194,29.92
2013-02-27T12:00:00Z,-18.174997,147.42499,2.7403314917127073,29.64
2013-02-28T12:00:00Z,-18.174997,147.42499,2.718232044198895,29.65
2013-03-01T12:00:00Z,-18.174997,147.42499,2.696132596685083,29.66
2013-03-02T12:00:00Z,-18.174997,147.42499,2.6740331491712706,29.36
2013-03-03T12:00:00Z,-18.174997,147.42499,2.6519337016574585,29.13
2013-03-04T12:00:00Z,-18.174997,147.42499,2.6298342541436464,29.16
2013-03-05T12:00:00Z,-18.174997,147.42499,2.6077348066298343,29.19
2013-03-06T12:00:00Z,-18.174997,147.42499,2.585635359116022,29.2
2013-03-07T12:00:00Z,-18.174997,147.42499,2.56353591160221,28.93
2013-03-08T12:00:00Z,-18.174997,147.42499,2.541436464088398,28.99
2013-03-09T12:00:00Z,-18.174997,147.42499,2.5193370165745854,28.95
2013-03-10T12:00:00Z,-18.174997,147.42499,2.4972375690607733,28.86
2013-03-11T12:00:00Z,-18.174997,147.42499,2.4751381215469612,28.75
2013-03-12T12:00:00Z,-18.174997,147.42499,2.453038674033149,28.89
2013-03-13T12:00:00Z,-18.174997,147.42499,2.430939226519337,28.42
2013-03-14T12:00:00Z,-18.174997,147.42499,2.408839779005525,28.72
2013-03-15T12:00:00Z,-18.174997,147.42499,2.386740331491713,28.44
2013-03-16T12:00:00Z,-18.174997,147.42499,2.3646408839779007,28.42
2013-03-17T12:00:00Z,-18.174997,147.42499,2.342541436464088,28.62
2013-03-18T12:00:00Z,-18.174997,147.42499,2.320441988950276,28.55
2013-03-19T12:00:00Z,-18.174997,147.42499,2.298342541436464,28.7
2013-03-20T12:00:00Z,-18.174997,147.42499,2.276243093922652,28.54
2013-03-21T12:00:00Z,-18.174997,147.42499,2.25414364640884,28.55
2013-03-22T12:00:00Z,-18.174997,147.42499,2.2320441988950277,28.46
2013-03-23T12:00:00Z,-18.174997,147.42499,2.2099447513812156,28.37
2013-03-24T12:00:00Z,-18.174997,147.42499,2.1878453038674035,28.26
2013-03-25T12:00:00Z,-18.174997,147.42499,2.165745856353591,28.23
2013-03-26T12:00:00Z,-18.174997,147.42499,2.143646408839779,28.23
2013-03-27T12:00:00Z,-18.174997,147.42499,2.1215469613259668,28.36
2013-03-28T12:00:00Z,-18.174997,147.42499,2.0994475138121547,28.32
2013-03-29T12:00:00Z,-18.174997,147.42499,2.0773480662983426,28.62
2013-03-30T12:00:00Z,-18.174997,147.42499,2.0552486187845305,28.61
2013-03-31T12:00:00Z,-18.174997,147.42499,2.0331491712707184,28.54
2013-04-01T12:00:00Z,-18.174997,147.42499,2.0110497237569063,28.54
2013-04-02T12:00:00Z,-18.174997,147.42499,1.988950276243094,28.4
2013-04-03T12:00:00Z,-18.174997,147.42499,1.9668508287292819,28.26
2013-04-04T12:00:00Z,-18.174997,147.42499,1.9447513812154695,28.06
2013-04-05T12:00:00Z,-18.174997,147.42499,1.9226519337016574,27.84
2013-04-06T12:00:00Z,-18.174997,147.42499,1.9005524861878453,27.8
2013-04-07T12:00:00Z,-18.174997,147.42499,1.8784530386740332,27.43
2013-04-08T12:00:00Z,-18.174997,147.42499,1.856353591160221,27.54
2013-04-09T12:00:00Z,-18.174997,147.42499,1.8342541436464088,27.52
2013-04-10T12:00:00Z,-18.174997,147.42499,1.8121546961325967,27.39
2013-04-11T12:00:00Z,-18.174997,147.42499,1.7900552486187846,27.18
2013-04-12T12:00:00Z,-18.174997,147.42499,1.7679558011049723,27.1
2013-04-13T12:00:00Z,-18.174997,147.42499,1.7458563535911602,27.01
2013-04-14T12:00:00Z,-18.174997,147.42499,1.723756906077348,27.09
2013-04-15T12:00:00Z,-18.174997,147.42499,1.701657458563536,27.21
2013-04-16T12:00:00Z,-18.174997,147.42499,1.6795580110497237,27.07
2013-04-17T12:00:00Z,-18.174997,147.42499,1.6574585635359116,27.44
2013-04-18T12:00:00Z,-18.174997,147.42499,1.6353591160220995,27.44
2013-04-19T12:00:00Z,-18.174997,147.42499,1.6132596685082874,27.66
2013-04-20T12:00:00Z,-18.174997,147.42499,1.591160220994475,27.62
2013-04-21T12:00:00Z,-18.174997,147.42499,1.569060773480663,27.49
2013-04-22T12:00:00Z,-18.174997,147.42499,1.5469613259668509,27.83
2013-04-23T12:00:00Z,-18.174997,147.42499,1.5248618784530388,27.46
2013-04-24T12:00:00Z,-18.174997,147.42499,1.5027624309392265,27.45
2013-04-25T12:00:00Z,-18.174997,147.42499,1.4806629834254144,27.32
2013-04-26T12:00:00Z,-18.174997,147.42499,1.4585635359116023,27.13
2013-04-27T12:00:00Z,-18.174997,147.42499,1.4364640883977902,27.09
2013-04-28T12:00:00Z,-18.174997,147.42499,1.4143646408839778,26.9
2013-04-29T12:00:00Z,-18.174997,147.42499,1.3922651933701657,26.92
2013-04-30T12:00:00Z,-18.174997,147.42499,1.3701657458563536,26.9
2013-05-01T12:00:00Z,-18.174997,147.42499,1.3480662983425415,26.7
2013-05-02T12:00:00Z,-18.174997,147.42499,1.3259668508287292,26.58
2013-05-03T12:00:00Z,-18.174997,147.42499,1.3038674033149171,26.84
2013-05-04T12:00:00Z,-18.174997,147.42499,1.281767955801105,26.69
2013-05-05T12:00:00Z,-18.174997,147.42499,1.2596685082872927,26.57
2013-05-06T12:00:00Z,-18.174997,147.42499,1.2375690607734806,26.6
2013-05-07T12:00:00Z,-18.174997,147.42499,1.2154696132596685,26.38
2013-05-08T12:00:00Z,-18.174997,147.42499,1.1933701657458564,26.61
2013-05-09T12:00:00Z,-18.174997,147.42499,1.171270718232044,26.4
2013-05-10T12:00:00Z,-18.174997,147.42499,1.149171270718232,26.21
2013-05-11T12:00:00Z,-18.174997,147.42499,1.12707182320442,26.17
2013-05-12T12:00:00Z,-18.174997,147.42499,1.1049723756906078,26.16
2013-05-13T12:00:00Z,-18.174997,147.42499,1.0828729281767955,26.01
2013-05-14T12:00:00Z,-18.174997,147.42499,1.0607734806629834,26.13
2013-05-15T12:00:00Z,-18.174997,147.42499,1.0386740331491713,26.06
2013-05-16T12:00:00Z,-18.174997,147.42499,1.0165745856353592,26.29
2013-05-17T12:00:00Z,-18.174997,147.42499,0.994475138121547,26.23
2013-05-18T12:00:00Z,-18.174997,147.42499,0.9723756906077348,26.1
2013-05-19T12:00:00Z,-18.174997,147.42499,0.9502762430939227,25.96
2013-05-20T12:00:00Z,-18.174997,147.42499,0.9281767955801105,26.01
2013-05-21T12:00:00Z,-18.174997,147.42499,0.9060773480662984,26.35
2013-05-22T12:00:00Z,-18.174997,147.42499,0.8839779005524862,26.6
2013-05-23T12:00:00Z,-18.174997,147.42499,0.861878453038674,26.15
2013-05-24T12:00:00Z,-18.174997,147.42499,0.8397790055248618,26.38
2013-05-25T12:00:00Z,-18.174997,147.42499,0.8176795580110497,25.99
2013-05-26T12:00:00Z,-18.174997,147.42499,0.7955801104972375,25.69
2013-05-27T12:00:00Z,-18.174997,147.42499,0.7734806629834254,25.91
2013-05-28T12:00:00Z,-18.174997,147.42499,0.7513812154696132,25.83
2013-05-29T12:00:00Z,-18.174997,147.42499,0.7292817679558011,25.76
2013-05-30T12:00:00Z,-18.174997,147.42499,0.7071823204419889,25.62
2013-05-31T12:00:00Z,-18.174997,147.42499,0.6850828729281768,25.78
2013-06-01T12:00:00Z,-18.174997,147.42499,0.6629834254143646,25.78
2013-06-02T12:00:00Z,-18.174997,147.42499,0.6408839779005525,25.81
2013-06-03T12:00:00Z,-18.174997,147.42499,0.6187845303867403,25.68
2013-06-04T12:00:00Z,-18.174997,147.42499,0.5966850828729282,25.61
2013-06-05T12:00:00Z,-18.174997,147.42499,0.574585635359116,25.65
2013-06-06T12:00:00Z,-18.174997,147.42499,0.5524861878453039,25.42
2013-06-07T12:00:00Z,-18.174997,147.42499,0.5303867403314917,25.38
2013-06-08T12:00:00Z,-18.174997,147.42499,0.5082872928176796,25.38
2013-06-09T12:00:00Z,-18.174997,147.42499,0.4861878453038674,25.46
2013-06-10T12:00:00Z,-18.174997,147.42499,0.46408839779005523,25.44
2013-06-11T12:00:00Z,-18.174997,147.42499,0.4419889502762431,25.47
2013-06-12T12:00:00Z,-18.174997,147.42499,0.4198895027624309,25.7
2013-06-13T12:00:00Z,-18.174997,147.42499,0.39779005524861877,25.75
2013-06-14T12:00:00Z,-18.174997,147.42499,0.3756906077348066,25.7
2013-06-15T12:00:00Z,-18.174997,147.42499,0.35359116022099446,25.55
2013-06-16T12:00:00Z,-18.174997,147.42499,0.3314917127071823,25.44
2013-06-17T12:00:00Z,-18.174997,147.42499,0.30939226519337015,25.28
2013-06-18T12:00:00Z,-18.174997,147.42499,0.287292817679558,25.3
2013-06-19T12:00:00Z,-18.174997,147.42499,0.26519337016574585,25.37
2013-06-20T12:00:00Z,-18.174997,147.42499,0.2430939226519337,25.3
2013-06-21T12:00:00Z,-18.174997,147.42499,0.22099447513812154,24.99
2013-06-22T12:00:00Z,-18.174997,147.42499,0.19889502762430938,25.05
2013-06-23T12:00:00Z,-18.174997,147.42499,0.17679558011049723,25.13
2013-06-24T12:00:00Z,-18.174997,147.42499,0.15469613259668508,25.27
2013-06-25T12:00:00Z,-18.174997,147.42499,0.13259668508287292,25.1
2013-06-26T12:00:00Z,-18.174997,147.42499,0.11049723756906077,24.87
2013-06-27T12:00:00Z,-18.174997,147.42499,0.08839779005524862,24.97
2013-06-28T12:00:00Z,-18.174997,147.42499,0.06629834254143646,24.94
2013-06-29T12:00:00Z,-18.174997,147.42499,0.04419889502762431,25.09
2013-06-30T12:00:00Z,-18.174997,147.42499,0.022099447513812154,25.34
2013-07-01T12:00:00Z,-18.174997,147.42499,0.0,25.13
2013-07-02T12:00:00Z,-18.174997,147.42499,0.0,24.82
2013-07-03T12:00:00Z,-18.174997,147.42499,0.022099447513812154,24.66
2013-07-04T12:00:00Z,-18.174997,147.42499,0.04419889502762431,24.66
2013-07-05T12:00:00Z,-18.174997,147.42499,0.06629834254143646,24.59
2013-07-06T12:00:00Z,-18.174997,147.42499,0.08839779005524862,24.68
2013-07-07T12:00:00Z,-18.174997,147.42499,0.11049723756906077,24.84
2013-07-08T12:00:00Z,-18.174997,147.42499,0.13259668508287292,24.94
2013-07-09T12:00:00Z,-18.174997,147.42499,0.15469613259668508,24.98
2013-07-10T12:00:00Z,-18.174997,147.42499,0.17679558011049723,24.55
2013-07-11T12:00:00Z,-18.174997,147.42499,0.19889502762430938,24.6
2013-07-12T12:00:00Z,-18.174997,147.42499,0.22099447513812154,24.5
2013-07-13T12:00:00Z,-18.174997,147.42499,0.2430939226519337,24.52
2013-07-14T12:00:00Z,-18.174997,147.42499,0.26519337016574585,24.38
2013-07-15T12:00:00Z,-18.174997,147.42499,0.287292817679558,24.35
2013-07-16T12:00:00Z,-18.174997,147.42499,0.30939226519337015,24.32
2013-07-17T12:00:00Z,-18.174997,147.42499,0.3314917127071823,24.46
2013-07-18T12:00:00Z,-18.174997,147.42499,0.35359116022099446,24.46
2013-07-19T12:00:00Z,-18.174997,147.42499,0.3756906077348066,24.64
2013-07-20T12:00:00Z,-18.174997,147.42499,0.39779005524861877,24.7
2013-07-21T12:00:00Z,-18.174997,147.42499,0.4198895027624309,24.52
2013-07-22T12:00:00Z,-18.174997,147.42499,0.4419889502762431,24.42
2013-07-23T12:00:00Z,-18.174997,147.42499,0.46408839779005523,24.31
2013-07-24T12:00:00Z,-18.174997,147.42499,0.4861878453038674,23.99
2013-07-25T12:00:00Z,-18.174997,147.42499,0.5082872928176796,23.96
2013-07-26T12:00:00Z,-18.174997,147.42499,0.5303867403314917,24.15
2013-07-27T12:00:00Z,-18.174997,147.42499,0.5524861878453039,24.22
2013-07-28T12:00:00Z,-18.174997,147.42499,0.574585635359116,24.3
2013-07-29T12:00:00Z,-18.174997,147.42499,0.5966850828729282,24.24
2013-07-30T12:00:00Z,-18.174997,147.42499,0.6187845303867403,24.16
2013-07-31T12:00:00Z,-18.174997,147.42499,0.6408839779005525,24.25
2013-08-01T12:00:00Z,-18.174997,147.42499,0.6629834254143646,24.31
2013-08-02T12:00:00Z,-18.174997,147.42499,0.6850828729281768,24.34
2013-08-03T12:00:00Z,-18.174997,147.42499,0.7071823204419889,23.97
2013-08-04T12:00:00Z,-18.174997,147.42499,0.7292817679558011,24.35
2013-08-05T12:00:00Z,-18.174997,147.42499,0.7513812154696132,24.53
2013-08-06T12:00:00Z,-18.174997,147.42499,0.7734806629834254,24.51
2013-08-07T12:00:00Z,-18.174997,147.42499,0.7955801104972375,24.53
2013-08-08T12:00:00Z,-18.174997,147.42499,0.8176795580110497,24.69
2013-08-09T12:00:00Z,-18.174997,147.42499,0.8397790055248618,24.88
2013-08-10T12:00:00Z,-18.174997,147.42499,0.861878453038674,24.87
2013-08-11T12:00:00Z,-18.174997,147.42499,0.8839779005524862,24.82
2013-08-12T12:00:00Z,-18.174997,147.42499,0.9060773480662984,25.06
2013-08-13T12:00:00Z,-18.174997,147.42499,0.9281767955801105,25.29
2013-08-14T12:00:00Z,-18.174997,147.42499,0.9502762430939227,25.36
2013-08-15T12:00:00Z,-18.174997,147.42499,0.9723756906077348,25.11
2013-08-16T12:00:00Z,-18.174997,147.42499,0.994475138121547,25.17
2013-08-17T12:00:00Z,-18.174997,147.42499,1.0165745856353592,25.08
2013-08-18T12:00:00Z,-18.174997,147.42499,1.0386740331491713,25.02
2013-08-19T12:00:00Z,-18.174997,147.42499,1.0607734806629834,25.71
2013-08-20T12:00:00Z,-18.174997,147.42499,1.0828729281767955,25.61
2013-08-21T12:00:00Z,-18.174997,147.42499,1.1049723756906078,25.5
2013-08-22T12:00:00Z,-18.174997,147.42499,1.12707182320442,25.29
2013-08-23T12:00:00Z,-18.174997,147.42499,1.149171270718232,25.42
2013-08-24T12:00:00Z,-18.174997,147.42499,1.171270718232044,25.34
2013-08-25T12:00:00Z,-18.174997,147.42499,1.1933701657458564,25.15
2013-08-26T12:00:00Z,-18.174997,147.42499,1.2154696132596685,25.18
2013-08-27T12:00:00Z,-18.174997,147.42499,1.2375690607734806,25.2
2013-08-28T12:00:00Z,-18.174997,147.42499,1.2596685082872927,25.16
2013-08-29T12:00:00Z,-18.174997,147.42499,1.281767955801105,25.31
2013-08-30T12:00:00Z,-18.174997,147.42499,1.3038674033149171,25.32
2013-08-31T12:00:00Z,-18.174997,147.42499,1.3259668508287292,25.21
2013-09-01T12:00:00Z,-18.174997,147.42499,1.3480662983425415,25.01
2013-09-02T12:00:00Z,-18.174997,147.42499,1.3701657458563536,24.9
2013-09-03T12:00:00Z,-18.174997,147.42499,1.3922651933701657,24.81
2013-09-04T12:00:00Z,-18.174997,147.42499,1.4143646408839778,24.78
2013-09-05T12:00:00Z,-18.174997,147.42499,1.4364640883977902,24.57
2013-09-06T12:00:00Z,-18.174997,147.42499,1.4585635359116023,24.62
2013-09-07T12:00:00Z,-18.174997,147.42499,1.4806629834254144,24.57
2013-09-08T12:00:00Z,-18.174997,147.42499,1.5027624309392265,24.78
2013-09-09T12:00:00Z,-18.174997,147.42499,1.5248618784530388,24.85
2013-09-10T12:00:00Z,-18.174997,147.42499,1.5469613259668509,24.93
2013-09-11T12:00:00Z,-18.174997,147.42499,1.569060773480663,25.04
2013-09-12T12:00:00Z,-18.174997,147.42499,1.591160220994475,25.46
2013-09-13T12:00:00Z,-18.174997,147.42499,1.6132596685082874,25.34
2013-09-14T12:00:00Z,-18.174997,147.42499,1.6353591160220995,25.32
2013-09-15T12:00:00Z,-18.174997,147.42499,1.6574585635359116,25.42
2013-09-16T12:00:00Z,-18.174997,147.42499,1.6795580110497237,25.29
2013-09-17T12:00:00Z,-18.174997,147.42499,1.701657458563536,25.35
2013-09-18T12:00:00Z,-18.174997,147.42499,1.723756906077348,25.43
2013-09-19T12:00:00Z,-18.174997,147.42499,1.7458563535911602,25.41
2013-09-20T12:00:00Z,-18.174997,147.42499,1.7679558011049723,25.87
2013-09-21T12:00:00Z,-18.174997,147.42499,1.7900552486187846,26.17
2013-09-22T12:00:00Z,-18.174997,147.42499,1.8121546961325967,25.81
2013-09-23T12:00:00Z,-18.174997,147.42499,1.8342541436464088,25.92
2013-09-24T12:00:00Z,-18.174997,147.42499,1.856353591160221,25.82
2013-09-25T12:00:00Z,-18.174997,147.42499,1.8784530386740332,25.84
2013-09-26T12:00:00Z,-18.174997,147.42499,1.9005524861878453,25.97
2013-09-27T12:00:00Z,-18.174997,147.42499,1.9226519337016574,25.86
2013-09-28T12:00:00Z,-18.174997,147.42499,1.9447513812154695,25.94
2013-09-29T12:00:00Z,-18.174997,147.42499,1.9668508287292819,26.01
2013-09-30T12:00:00Z,-18.174997,147.42499,1.988950276243094,26.04
2013-10-01T12:00:00Z,-18.174997,147.42499,2.0110497237569063,26.05
2013-10-02T12:00:00Z,-18.174997,147.42499,2.0331491712707184,25.97
2013-10-03T12:00:00Z,-18.174997,147.42499,2.0552486187845305,26.09
2013-10-04T12:00:00Z,-18.174997,147.42499,2.0773480662983426,25.99
2013-10-05T12:00:00Z,-18.174997,147.42499,2.0994475138121547,25.96
2013-10-06T12:00:00Z,-18.174997,147.42499,2.1215469613259668,26.08
2013-10-07T12:00:00Z,-18.174997,147.42499,2.143646408839779,26.24
2013-10-08T12:00:00Z,-18.174997,147.42499,2.165745856353591,26.41
2013-10-09T12:00:00Z,-18.174997,147.42499,2.1878453038674035,26.14
2013-10-10T12:00:00Z,-18.174997,147.42499,2.2099447513812156,26.07
2013-10-11T12:00:00Z,-18.174997,147.42499,2.2320441988950277,26.07
2013-10-12T12:00:00Z,-18.174997,147.42499,2.25414364640884,26.11
2013-10-13T12:00:00Z,-18.174997,147.42499,2.276243093922652,26.15
2013-10-14T12:00:00Z,-18.174997,147.42499,2.298342541436464,26.08
2013-10-15T12:00:00Z,-18.174997,147.42499,2.320441988950276,25.92
2013-10-16T12:00:00Z,-18.174997,147.42499,2.342541436464088,25.86
2013-10-17T12:00:00Z,-18.174997,147.42499,2.3646408839779007,26.11
2013-10-18T12:00:00Z,-18.174997,147.42499,2.386740331491713,26.26
2013-10-19T12:00:00Z,-18.174997,147.42499,2.408839779005525,26.37
2013-10-20T12:00:00Z,-18.174997,147.42499,2.430939226519337,26.33
2013-10-21T12:00:00Z,-18.174997,147.42499,2.453038674033149,26.09
2013-10-22T12:00:00Z,-18.174997,147.42499,2.4751381215469612,25.99
2013-10-23T12:00:00Z,-18.174997,147.42499,2.4972375690607733,26.27
2013-10-24T12:00:00Z,-18.174997,147.42499,2.5193370165745854,26.39
2013-10-25T12:00:00Z,-18.174997,147.42499,2.541436464088398,26.48
2013-10-26T12:00:00Z,-18.174997,147.42499,2.56353591160221,26.45
2013-10-27T12:00:00Z,-18.174997,147.42499,2.585635359116022,26.44
2013-10-28T12:00:00Z,-18.174997,147.42499,2.6077348066298343,26.54
2013-10-29T12:00:00Z,-18.174997,147.42499,2.6298342541436464,26.59
2013-10-30T12:00:00Z,-18.174997,147.42499,2.6519337016574585,26.7
2013-10-31T12:00:00Z,-18.174997,147.42499,2.6740331491712706,26.73
2013-11-01T12:00:00Z,-18.174997,147.42499,2.696132596685083,26.56
2013-11-02T12:00:00Z,-18.174997,147.42499,2.718232044198895,26.53
2013-11-03T12:00:00Z,-18.174997,147.42499,2.7403314917127073,26.35
2013-11-04T12:00:00Z,-18.174997,147.42499,2.7624309392265194,26.56
2013-11-05T12:00:00Z,-18.174997,147.42499,2.7845303867403315,26.52
2013-11-06T12:00:00Z,-18.174997,147.42499,2.8066298342541436,26.51
2013-11-07T12:00:00Z,-18.174997,147.42499,2.8287292817679557,26.54
2013-11-08T12:00:00Z,-18.174997,147.42499,2.850828729281768,26.51
2013-11-09T12:00:00Z,-18.174997,147.42499,2.8729281767955803,26.61
2013-11-10T12:00:00Z,-18.174997,147.42499,2.8950276243093924,26.59
2013-11-11T12:00:00Z,-18.174997,147.42499,2.9171270718232045,26.56
2013-11-12T12:00:00Z,-18.174997,147.42499,2.9392265193370166,26.76
2013-11-13T12:00:00Z,-18.174997,147.42499,2.9613259668508287,26.7
2013-11-14T12:00:00Z,-18.174997,147.42499,2.983425414364641,27.04
2013-11-15T12:00:00Z,-18.174997,147.42499,3.005524861878453,27.02
2013-11-16T12:00:00Z,-18.174997,147.42499,3.027624309392265,27.23
2013-11-17T12:00:00Z,-18.174997,147.42499,3.0497237569060776,27.21
2013-11-18T12:00:00Z,-18.174997,147.42499,3.0718232044198897,27.06
2013-11-19T12:00:00Z,-18.174997,147.42499,3.0939226519337018,27.41
2013-11-20T12:00:00Z,-18.174997,147.42499,3.116022099447514,27.62
2013-11-21T12:00:00Z,-18.174997,147.42499,3.138121546961326,27.94
2013-11-22T12:00:00Z,-18.174997,147.42499,3.160220994475138,27.92
2013-11-23T12:00:00Z,-18.174997,147.42499,3.18232044198895,28.0
2013-11-24T12:00:00Z,-18.174997,147.42499,3.2044198895027622,27.67
2013-11-25T12:00:00Z,-18.174997,147.42499,3.226519337016575,27.86
2013-11-26T12:00:00Z,-18.174997,147.42499,3.248618784530387,28.5
2013-11-27T12:00:00Z,-18.174997,147.42499,3.270718232044199,28.23
2013-11-28T12:00:00Z,-18.174997,147.42499,3.292817679558011,27.57
2013-11-29T12:00:00Z,-18.174997,147.42499,3.314917127071823,27.65
2013-11-30T12:00:00Z,-18.174997,147.42499,3.3370165745856353,27.88
2013-12-01T12:00:00Z,-18.174997,147.42499,3.3591160220994474,27.95
2013-12-02T12:00:00Z,-18.174997,147.42499,3.3812154696132595,27.94
2013-12-03T12:00:00Z,-18.174997,147.42499,3.403314917127072,27.89
2013-12-04T12:00:00Z,-18.174997,147.42499,3.425414364640884,27.69
2013-12-05T12:00:00Z,-18.174997,147.42499,3.447513812154696,27.94
2013-12-06T12:00:00Z,-18.174997,147.42499,3.4696132596685083,28.08
2013-12-07T12:00:00Z,-18.174997,147.42499,3.4917127071823204,28.02
2013-12-08T12:00:00Z,-18.174997,147.42499,3.5138121546961325,27.84
2013-12-09T12:00:00Z,-18.174997,147.42499,3.5359116022099446,27.93
2013-12-10T12:00:00Z,-18.174997,147.42499,3.5580110497237567,28.14
2013-12-11T12:00:00Z,-18.174997,147.42499,3.5801104972375692,28.51
2013-12-12T12:00:00Z,-18.174997,147.42499,3.6022099447513813,28.5
2013-12-13T12:00:00Z,-18.174997,147.42499,3.6243093922651934,28.56
2013-12-14T12:00:00Z,-18.174997,147.42499,3.6464088397790055,28.42
2013-12-15T12:00:00Z,-18.174997,147.42499,3.6685082872928176,28.43
2013-12-16T12:00:00Z,-18.174997,147.42499,3.6906077348066297,28.44
2013-12-17T12:00:00Z,-18.174997,147.42499,3.712707182320442,28.05
2013-12-18T12:00:00Z,-18.174997,147.42499,3.734806629834254,28.02
2013-12-19T12:00:00Z,-18.174997,147.42499,3.7569060773480665,27.95
2013-12-20T12:00:00Z,-18.174997,147.42499,3.7790055248618786,28.16
2013-12-21T12:00:00Z,-18.174997,147.42499,3.8011049723756907,28.06
2013-12-22T12:00:00Z,-18.174997,147.42499,3.8232044198895028,27.93
2013-12-23T12:00:00Z,-18.174997,147.42499,3.845303867403315,27.93
2013-12-24T12:00:00Z,-18.174997,147.42499,3.867403314917127,28.13
2013-12-25T12:00:00Z,-18.174997,147.42499,3.889502762430939,28.24
2013-12-26T12:00:00Z,-18.174997,147.42499,3.911602209944751,28.26
2013-12-27T12:00:00Z,-18.174997,147.42499,3.9337016574585637,28.22
2013-12-28T12:00:00Z,-18.174997,147.42499,3.955801104972376,28.28
2013-12-29T12:00:00Z,-18.174997,147.42499,3.977900552486188,28.66
2013-12-30T12:00:00Z,-18.174997,147.42499,4.0,28.89
2013-12-31T12:00:00Z,-18.174997,147.42499,4.0220994475138125,28.88
2014-01-01T12:00:00Z,-18.174997,147.42499,4.0,28.48
2014-01-02T12:00:00Z,-18.174997,147.42499,3.977900552486188,28.47
2014-01-03T12:00:00Z,-18.174997,147.42499,3.955801104972376,28.97
2014-01-04T12:00:00Z,-18.174997,147.42499,3.9337016574585637,29.38
2014-01-05T12:00:00Z,-18.174997,147.42499,3.911602209944751,29.25
2014-01-06T12:00:00Z,-18.174997,147.42499,3.889502762430939,29.24
2014-01-07T12:00:00Z,-18.174997,147.42499,3.867403314917127,29.24
2014-01-08T12:00:00Z,-18.174997,147.42499,3.845303867403315,29.23
2014-01-09T12:00:00Z,-18.174997,147.42499,3.8232044198895028,29.11
2014-01-10T12:00:00Z,-18.174997,147.42499,3.8011049723756907,28.79
2014-01-11T12:00:00Z,-18.174997,147.42499,3.7790055248618786,28.63
2014-01-12T12:00:00Z,-18.174997,147.42499,3.7569060773480665,28.6
2014-01-13T12:00:00Z,-18.174997,147.42499,3.734806629834254,28.59
2014-01-14T12:00:00Z,-18.174997,147.42499,3.712707182320442,28.55
2014-01-15T12:00:00Z,-18.174997,147.42499,3.6906077348066297,28.23
2014-01-16T12:00:00Z,-18.174997,147.42499,3.6685082872928176,28.23
2014-01-17T12:00:00Z,-18.174997,147.42499,3.6464088397790055,28.55
2014-01-18T12:00:00Z,-18.174997,147.42499,3.6243093922651934,28.5
2014-01-19T12:00:00Z,-18.174997,147.42499,3.6022099447513813,28.31
2014-01-20T12:00:00Z,-18.174997,147.42499,3.5801104972375692,28.57
2014-01-21T12:00:00Z,-18.174997,147.42499,3.5580110497237567,28.95
2014-01-22T12:00:00Z,-18.174997,147.42499,3.5359116022099446,28.8
2014-01-23T12:00:00Z,-18.174997,147.42499,3.5138121546961325,28.81
2014-01-24T12:00:00Z,-18.174997,147.42499,3.4917127071823204,28.69
2014-01-25T12:00:00Z,-18.174997,147.42499,3.4696132596685083,28.47
2014-01-26T12:00:00Z,-18.174997,147.42499,3.447513812154696,28.52
2014-01-27T12:00:00Z,-18.174997,147.42499,3.425414364640884,28.69
2014-01-28T12:00:00Z,-18.174997,147.42499,3.403314917127072,28.54
2014-01-29T12:00:00Z,-18.174997,147.42499,3.3812154696132595,28.57
2014-01-30T12:00:00Z,-18.174997,147.42499,3.3591160220994474,27.97
2014-01-31T12:00:00Z,-18.174997,147.42499,3.3370165745856353,28.42
2014-02-01T12:00:00Z,-18.174997,147.42499,3.314917127071823,28.45
2014-02-02T12:00:00Z,-18.174997,147.42499,3.292817679558011,28.53
2014-02-03T12:00:00Z,-18.174997,147.42499,3.270718232044199,28.36
2014-02-04T12:00:00Z,-18.174997,147.42499,3.248618784530387,28.25
2014-02-05T12:00:00Z,-18.174997,147.42499,3.226519337016575,28.17
2014-02-06T12:00:00Z,-18.174997,147.42499,3.2044198895027622,27.94
2014-02-07T12:00:00Z,-18.174997,147.42499,3.18232044198895,27.89
2014-02-08T12:00:00Z,-18.174997,147.42499,3.160220994475138,27.99
2014-02-09T12:00:00Z,-18.174997,147.42499,3.138121546961326,28.25
2014-02-10T12:00:00Z,-18.174997,147.42499,3.116022099447514,28.41
2014-02-11T12:00:00Z,-18.174997,147.42499,3.0939226519337018,28.19
2014-02-12T12:00:00Z,-18.174997,147.42499,3.0718232044198897,28.17
2014-02-13T12:00:00Z,-18.174997,147.42499,3.0497237569060776,28.06
2014-02-14T12:00:00Z,-18.174997,147.42499,3.027624309392265,28.38
2014-02-15T12:00:00Z,-18.174997,147.42499,3.005524861878453,28.43
2014-02-16T12:00:00Z,-18.174997,147.42499,2.983425414364641,28.29
2014-02-17T12:00:00Z,-18.174997,147.42499,2.9613259668508287,28.39
2014-02-18T12:00:00Z,-18.174997,147.42499,2.9392265193370166,28.51
2014-02-19T12:00:00Z,-18.174997,147.42499,2.9171270718232045,28.4
2014-02-20T12:00:00Z,-18.174997,147.42499,2.8950276243093924,28.69
2014-02-21T12:00:00Z,-18.174997,147.42499,2.8729281767955803,28.8
2014-02-22T12:00:00Z,-18.174997,147.42499,2.850828729281768,28.6
2014-02-23T12:00:00Z,-18.174997,147.42499,2.8287292817679557,28.62
2014-02-24T12:00:00Z,-18.174997,147.42499,2.8066298342541436,28.46
2014-02-25T12:00:00Z,-18.174997,147.42499,2.7845303867403315,28.68
2014-02-26T12:00:00Z,-18.174997,147.42499,2.7624309392265194,28.52
2014-02-27T12:00:00Z,-18.174997,147.42499,2.7403314917127073,28.36
2014-02-28T12:00:00Z,-18.174997,147.42499,2.718232044198895,28.25
2014-03-01T12:00:00Z,-18.174997,147.42499,2.696132596685083,28.26
2014-03-02T12:00:00Z,-18.174997,147.42499,2.6740331491712706,28.42
2014-03-03T12:00:00Z,-18.174997,147.42499,2.6519337016574585,28.38
2014-03-04T12:00:00Z,-18.174997,147.42499,2.6298342541436464,28.17
2014-03-05T12:00:00Z,-18.174997,147.42499,2.6077348066298343,28.38
2014-03-06T12:00:00Z,-18.174997,147.42499,2.585635359116022,28.4
2014-03-07T12:00:00Z,-18.174997,147.42499,2.56353591160221,28.25
2014-03-08T12:00:00Z,-18.174997,147.42499,2.541436464088398,28.0
2014-03-09T12:00:00Z,-18.174997,147.42499,2.5193370165745854,28.0
2014-03-10T12:00:00Z,-18.174997,147.42499,2.4972375690607733,28.06
2014-03-11T12:00:00Z,-18.174997,147.42499,2.4751381215469612,27.36
2014-03-12T12:00:00Z,-18.174997,147.42499,2.453038674033149,27.19
2014-03-13T12:00:00Z,-18.174997,147.42499,2.430939226519337,27.38
2014-03-14T12:00:00Z,-18.174997,147.42499,2.408839779005525,27.12
2014-03-15T12:00:00Z,-18.174997,147.42499,2.386740331491713,27.31
2014-03-16T12:00:00Z,-18.174997,147.42499,2.3646408839779007,27.39
2014-03-17T12:00:00Z,-18.174997,147.42499,2.342541436464088,27.76
2014-03-18T12:00:00Z,-18.174997,147.42499,2.320441988950276,27.63
2014-03-19T12:00:00Z,-18.174997,147.42499,2.298342541436464,27.4
2014-03-20T12:00:00Z,-18.174997,147.42499,2.276243093922652,27.46
2014-03-21T12:00:00Z,-18.174997,147.42499,2.25414364640884,27.61
2014-03-22T12:00:00Z,-18.174997,147.42499,2.2320441988950277,27.61
2014-03-23T12:00:00Z,-18.174997,147.42499,2.2099447513812156,27.59
2014-03-24T12:00:00Z,-18.174997,147.42499,2.1878453038674035,27.47
2014-03-25T12:00:00Z,-18.174997,147.42499,2.165745856353591,27.21
2014-03-26T12:00:00Z,-18.174997,147.42499,2.143646408839779,27.3
2014-03-27T12:00:00Z,-18.174997,147.42499,2.1215469613259668,27.53
2014-03-28T12:00:00Z,-18.174997,147.42499,2.0994475138121547,27.83
2014-03-29T12:00:00Z,-18.174997,147.42499,2.0773480662983426,27.96
2014-03-30T12:00:00Z,-18.174997,147.42499,2.0552486187845305,27.88
2014-03-31T12:00:00Z,-18.174997,147.42499,2.0331491712707184,27.74
2014-04-01T12:00:00Z,-18.174997,147.42499,2.0110497237569063,27.55
2014-04-02T12:00:00Z,-18.174997,147.42499,1.988950276243094,27.62
2014-04-03T12:00:00Z,-18.174997,147.42499,1.9668508287292819,27.43
2014-04-04T12:00:00Z,-18.174997,147.42499,1.9447513812154695,27.41
2014-04-05T12:00:00Z,-18.174997,147.42499,1.9226519337016574,27.43
2014-04-06T12:00:00Z,-18.174997,147.42499,1.9005524861878453,26.98
2014-04-07T12:00:00Z,-18.174997,147.42499,1.8784530386740332,27.53
2014-04-08T12:00:00Z,-18.174997,147.42499,1.856353591160221,27.53
2014-04-09T12:00:00Z,-18.174997,147.42499,1.8342541436464088,27.39
2014-04-10T12:00:00Z,-18.174997,147.42499,1.8121546961325967,27.39
2014-04-11T12:00:00Z,-18.174997,147.42499,1.7900552486187846,27.53
2014-04-12T12:00:00Z,-18.174997,147.42499,1.7679558011049723,27.3
2014-04-13T12:00:00Z,-18.174997,147.42499,1.7458563535911602,27.27
2014-04-14T12:00:00Z,-18.174997,147.42499,1.723756906077348,27.06
2014-04-15T12:00:00Z,-18.174997,147.42499,1.701657458563536,27.27
2014-04-16T12:00:00Z,-18.174997,147.42499,1.6795580110497237,27.24
2014-04-17T12:00:00Z,-18.174997,147.42499,1.6574585635359116,27.39
2014-04-18T12:00:00Z,-18.174997,147.42499,1.6353591160220995,27.27
2014-04-19T12:00:00Z,-18.174997,147.42499,1.6132596685082874,27.33
2014-04-20T12:00:00Z,-18.174997,147.42499,1.591160220994475,27.26
2014-04-21T12:00:00Z,-18.174997,147.42499,1.569060773480663,27.39
2014-04-22T12:00:00Z,-18.174997,147.42499,1.5469613259668509,26.88
2014-04-23T12:00:00Z,-18.174997,147.42499,1.5248618784530388,26.99
2014-04-24T12:00:00Z,-18.174997,147.42499,1.5027624309392265,26.96
2014-04-25T12:00:00Z,-18.174997,147.42499,1.4806629834254144,27.27
2014-04-26T12:00:00Z,-18.174997,147.42499,1.4585635359116023,27.2
2014-04-27T12:00:00Z,-18.174997,147.42499,1.4364640883977902,27.22
2014-04-28T12:00:00Z,-18.174997,147.42499,1.4143646408839778,27.09
2014-04-29T12:00:00Z,-18.174997,147.42499,1.3922651933701657,27.03
2014-04-30T12:00:00Z,-18.174997,147.42499,1.3701657458563536,27.16
2014-05-01T12:00:00Z,-18.174997,147.42499,1.3480662983425415,27.31
2014-05-02T12:00:00Z,-18.174997,147.42499,1.3259668508287292,26.98
2014-05-03T12:00:00Z,-18.174997,147.42499,1.3038674033149171,27.14
2014-05-04T12:00:00Z,-18.174997,147.42499,1.281767955801105,26.89
2014-05-05T12:00:00Z,-18.174997,147.42499,1.2596685082872927,26.81
2014-05-06T12:00:00Z,-18.174997,147.42499,1.2375690607734806,26.82
2014-05-07T12:00:00Z,-18.174997,147.42499,1.2154696132596685,26.66
2014-05-08T12:00:00Z,-18.174997,147.42499,1.1933701657458564,26.93
2014-05-09T12:00:00Z,-18.174997,147.42499,1.171270718232044,26.77
2014-05-10T12:00:00Z,-18.174997,147.42499,1.149171270718232,26.74
2014-05-11T12:00:00Z,-18.174997,147.42499,1.12707182320442,26.47
2014-05-12T12:00:00Z,-18.174997,147.42499,1.1049723756906078,26.36
2014-05-13T12:00:00Z,-18.174997,147.42499,1.0828729281767955,26.39
2014-05-14T12:00:00Z,-18.174997,147.42499,1.0607734806629834,26.32
2014-05-15T12:00:00Z,-18.174997,147.42499,1.0386740331491713,26.4
2014-05-16T12:00:00Z,-18.174997,147.42499,1.0165745856353592,26.15
2014-05-17T12:00:00Z,-18.174997,147.42499,0.994475138121547,26.08
2014-05-18T12:00:00Z,-18.174997,147.42499,0.9723756906077348,26.05
2014-05-19T12:00:00Z,-18.174997,147.42499,0.9502762430939227,25.92
2014-05-20T12:00:00Z,-18.174997,147.42499,0.9281767955801105,25.96
2014-05-21T12:00:00Z,-18.174997,147.42499,0.9060773480662984,25.95
2014-05-22T12:00:00Z,-18.174997,147.42499,0.8839779005524862,25.89
2014-05-23T12:00:00Z,-18.174997,147.42499,0.861878453038674,25.93
2014-05-24T12:00:00Z,-18.174997,147.42499,0.8397790055248618,26.02
2014-05-25T12:00:00Z,-18.174997,147.42499,0.8176795580110497,26.03
2014-05-26T12:00:00Z,-18.174997,147.42499,0.7955801104972375,26.16
2014-05-27T12:00:00Z,-18.174997,147.42499,0.7734806629834254,26.15
2014-05-28T12:00:00Z,-18.174997,147.42499,0.7513812154696132,26.12
2014-05-29T12:00:00Z,-18.174997,147.42499,0.7292817679558011,26.05
2014-05-30T12:00:00Z,-18.174997,147.42499,0.7071823204419889,26.05
2014-05-31T12:00:00Z,-18.174997,147.42499,0.6850828729281768,25.9
2014-06-01T12:00:00Z,-18.174997,147.42499,0.6629834254143646,25.74
2014-06-02T12:00:00Z,-18.174997,147.42499,0.6408839779005525,25.88
2014-06-03T12:00:00Z,-18.174997,147.42499,0.6187845303867403,26.05
2014-06-04T12:00:00Z,-18.174997,147.42499,0.5966850828729282,25.97
2014-06-05T12:00:00Z,-18.174997,147.42499,0.574585635359116,25.86
2014-06-06T12:00:00Z,-18.174997,147.42499,0.5524861878453039,25.78
2014-06-07T12:00:00Z,-18.174997,147.42499,0.5303867403314917,25.66
2014-06-08T12:00:00Z,-18.174997,147.42499,0.5082872928176796,25.42
2014-06-09T12:00:00Z,-18.174997,147.42499,0.4861878453038674,25.6
2014-06-10T12:00:00Z,-18.174997,147.42499,0.46408839779005523,25.23
2014-06-11T12:00:00Z,-18.174997,147.42499,0.4419889502762431,25.21
2014-06-12T12:00:00Z,-18.174997,147.42499,0.4198895027624309,25.43
2014-06-13T12:00:00Z,-18.174997,147.42499,0.39779005524861877,25.63
2014-06-14T12:00:00Z,-18.174997,147.42499,0.3756906077348066,25.62
2014-06-15T12:00:00Z,-18.174997,147.42499,0.35359116022099446,25.55
2014-06-16T12:00:00Z,-18.174997,147.42499,0.3314917127071823,25.16
2014-06-17T12:00:00Z,-18.174997,147.42499,0.30939226519337015,24.99
2014-06-18T12:00:00Z,-18.174997,147.42499,0.287292817679558,25.15
2014-06-19T12:00:00Z,-18.174997,147.42499,0.26519337016574585,25.38
2014-06-20T12:00:00Z,-18.174997,147.42499,0.2430939226519337,25.42
2014-06-21T12:00:00Z,-18.174997,147.42499,0.22099447513812154,25.3
2014-06-22T12:00:00Z,-18.174997,147.42499,0.19889502762430938,25.44
2014-06-23T12:00:00Z,-18.174997,147.42499,0.17679558011049723,25.64
2014-06-24T12:00:00Z,-18.174997,147.42499,0.15469613259668508,25.53
2014-06-25T12:00:00Z,-18.174997,147.42499,0.13259668508287292,25.31
2014-06-26T12:00:00Z,-18.174997,147.42499,0.11049723756906077,25.21
2014-06-27T12:00:00Z,-18.174997,147.42499,0.08839779005524862,25.32
2014-06-28T12:00:00Z,-18.174997,147.42499,0.06629834254143646,25.44
2014-06-29T12:00:00Z,-18.174997,147.42499,0.04419889502762431,25.2
2014-06-30T12:00:00Z,-18.174997,147.42499,0.022099447513812154,24.78
2014-07-01T12:00:00Z,-18.174997,147.42499,0.0,24.83
2014-07-02T12:00:00Z,-18.174997,147.42499,0.0,24.91
2014-07-03T12:00:00Z,-18.174997,147.42499,0.022099447513812154,24.93
2014-07-04T12:00:00Z,-18.174997,147.42499,0.04419889502762431,24.87
2014-07-05T12:00:00Z,-18.174997,147.42499,0.06629834254143646,24.92
2014-07-06T12:00:00Z,-18.174997,147.42499,0.08839779005524862,24.96
2014-07-07T12:00:00Z,-18.174997,147.42499,0.11049723756906077,24.99
2014-07-08T12:00:00Z,-18.174997,147.42499,0.13259668508287292,24.93
2014-07-09T12:00:00Z,-18.174997,147.42499,0.15469613259668508,24.88
2014-07-10T12:00:00Z,-18.174997,147.42499,0.17679558011049723,24.78
2014-07-11T12:00:00Z,-18.174997,147.42499,0.19889502762430938,24.65
2014-07-12T12:00:00Z,-18.174997,147.42499,0.22099447513812154,24.63
2014-07-13T12:00:00Z,-18.174997,147.42499,0.2430939226519337,24.66
2014-07-14T12:00:00Z,-18.174997,147.42499,0.26519337016574585,24.55
2014-07-15T12:00:00Z,-18.174997,147.42499,0.287292817679558,24.52
2014-07-16T12:00:00Z,-18.174997,147.42499,0.30939226519337015,24.51
2014-07-17T12:00:00Z,-18.174997,147.42499,0.3314917127071823,24.89
2014-07-18T12:00:00Z,-18.174997,147.42499,0.35359116022099446,24.68
2014-07-19T12:00:00Z,-18.174997,147.42499,0.3756906077348066,24.48
2014-07-20T12:00:00Z,-18.174997,147.42499,0.39779005524861877,24.31
2014-07-21T12:00:00Z,-18.174997,147.42499,0.4198895027624309,24.42
2014-07-22T12:00:00Z,-18.174997,147.42499,0.4419889502762431,24.25
2014-07-23T12:00:00Z,-18.174997,147.42499,0.46408839779005523,24.38
2014-07-24T12:00:00Z,-18.174997,147.42499,0.4861878453038674,24.57
2014-07-25T12:00:00Z,-18.174997,147.42499,0.5082872928176796,24.51
2014-07-26T12:00:00Z,-18.174997,147.42499,0.5303867403314917,24.47
2014-07-27T12:00:00Z,-18.174997,147.42499,0.5524861878453039,24.29
2014-07-28T12:00:00Z,-18.174997,147.42499,0.574585635359116,24.43
2014-07-29T12:00:00Z,-18.174997,147.42499,0.5966850828729282,24.4
2014-07-30T12:00:00Z,-18.174997,147.42499,0.6187845303867403,24.27
2014-07-31T12:00:00Z,-18.174997,147.42499,0.6408839779005525,24.41
2014-08-01T12:00:00Z,-18.174997,147.42499,0.6629834254143646,24.57
2014-08-02T12:00:00Z,-18.174997,147.42499,0.6850828729281768,24.27
2014-08-03T12:00:00Z,-18.174997,147.42499,0.7071823204419889,24.16
2014-08-04T12:00:00Z,-18.174997,147.42499,0.7292817679558011,24.43
2014-08-05T12:00:00Z,-18.174997,147.42499,0.7513812154696132,24.5
2014-08-06T12:00:00Z,-18.174997,147.42499,0.7734806629834254,24.24
2014-08-07T12:00:00Z,-18.174997,147.42499,0.7955801104972375,24.24
2014-08-08T12:00:00Z,-18.174997,147.42499,0.8176795580110497,24.24
2014-08-09T12:00:00Z,-18.174997,147.42499,0.8397790055248618,24.17
2014-08-10T12:00:00Z,-18.174997,147.42499,0.861878453038674,24.03
2014-08-11T12:00:00Z,-18.174997,147.42499,0.8839779005524862,24.23
2014-08-12T12:00:00Z,-18.174997,147.42499,0.9060773480662984,24.09
2014-08-13T12:00:00Z,-18.174997,147.42499,0.9281767955801105,24.03
2014-08-14T12:00:00Z,-18.174997,147.42499,0.9502762430939227,23.9
2014-08-15T12:00:00Z,-18.174997,147.42499,0.9723756906077348,23.67
2014-08-16T12:00:00Z,-18.174997,147.42499,0.994475138121547,23.91
2014-08-17T12:00:00Z,-18.174997,147.42499,1.0165745856353592,24.03
2014-08-18T12:00:00Z,-18.174997,147.42499,1.0386740331491713,23.95
2014-08-19T12:00:00Z,-18.174997,147.42499,1.0607734806629834,23.95
2014-08-20T12:00:00Z,-18.174997,147.42499,1.0828729281767955,23.98
2014-08-21T12:00:00Z,-18.174997,147.42499,1.1049723756906078,23.91
2014-08-22T12:00:00Z,-18.174997,147.42499,1.12707182320442,23.66
2014-08-23T12:00:00Z,-18.174997,147.42499,1.149171270718232,24.03
2014-08-24T12:00:00Z,-18.174997,147.42499,1.171270718232044,24.14
2014-08-25T12:00:00Z,-18.174997,147.42499,1.1933701657458564,24.15
2014-08-26T12:00:00Z,-18.174997,147.42499,1.2154696132596685,23.98
2014-08-27T12:00:00Z,-18.174997,147.42499,1.2375690607734806,23.85
2014-08-28T12:00:00Z,-18.174997,147.42499,1.2596685082872927,24.0
2014-08-29T12:00:00Z,-18.174997,147.42499,1.281767955801105,23.98
2014-08-30T12:00:00Z,-18.174997,147.42499,1.3038674033149171,24.17
2014-08-31T12:00:00Z,-18.174997,147.42499,1.3259668508287292,24.04
2014-09-01T12:00:00Z,-18.174997,147.42499,1.3480662983425415,24.05
2014-09-02T12:00:00Z,-18.174997,147.42499,1.3701657458563536,24.4
2014-09-03T12:00:00Z,-18.174997,147.42499,1.3922651933701657,24.22
2014-09-04T12:00:00Z,-18.174997,147.42499,1.4143646408839778,24.14
2014-09-05T12:00:00Z,-18.174997,147.42499,1.4364640883977902,24.28
2014-09-06T12:00:00Z,-18.174997,147.42499,1.4585635359116023,24.15
2014-09-07T12:00:00Z,-18.174997,147.42499,1.4806629834254144,24.17
2014-09-08T12:00:00Z,-18.174997,147.42499,1.5027624309392265,24.49
2014-09-09T12:00:00Z,-18.174997,147.42499,1.5248618784530388,24.74
2014-09-10T12:00:00Z,-18.174997,147.42499,1.5469613259668509,24.61
2014-09-11T12:00:00Z,-18.174997,147.42499,1.569060773480663,24.87
2014-09-12T12:00:00Z,-18.174997,147.42499,1.591160220994475,24.53
2014-09-13T12:00:00Z,-18.174997,147.42499,1.6132596685082874,24.23
2014-09-14T12:00:00Z,-18.174997,147.42499,1.6353591160220995,24.28
2014-09-15T12:00:00Z,-18.174997,147.42499,1.6574585635359116,24.28
2014-09-16T12:00:00Z,-18.174997,147.42499,1.6795580110497237,24.39
2014-09-17T12:00:00Z,-18.174997,147.42499,1.701657458563536,24.39
2014-09-18T12:00:00Z,-18.174997,147.42499,1.723756906077348,24.46
2014-09-19T12:00:00Z,-18.174997,147.42499,1.7458563535911602,24.38
2014-09-20T12:00:00Z,-18.174997,147.42499,1.7679558011049723,24.34
2014-09-21T12:00:00Z,-18.174997,147.42499,1.7900552486187846,24.2
2014-09-22T12:00:00Z,-18.174997,147.42499,1.8121546961325967,24.39
2014-09-23T12:00:00Z,-18.174997,147.42499,1.8342541436464088,24.51
2014-09-24T12:00:00Z,-18.174997,147.42499,1.856353591160221,24.7
2014-09-25T12:00:00Z,-18.174997,147.42499,1.8784530386740332,24.82
2014-09-26T12:00:00Z,-18.174997,147.42499,1.9005524861878453,25.18
2014-09-27T12:00:00Z,-18.174997,147.42499,1.9226519337016574,25.17
2014-09-28T12:00:00Z,-18.174997,147.42499,1.9447513812154695,25.05
2014-09-29T12:00:00Z,-18.174997,147.42499,1.9668508287292819,25.19
2014-09-30T12:00:00Z,-18.174997,147.42499,1.988950276243094,24.93
2014-10-01T12:00:00Z,-18.174997,147.42499,2.0110497237569063,25.07
2014-10-02T12:00:00Z,-18.174997,147.42499,2.0331491712707184,24.88
2014-10-03T12:00:00Z,-18.174997,147.42499,2.0552486187845305,24.86
2014-10-04T12:00:00Z,-18.174997,147.42499,2.0773480662983426,24.82
2014-10-05T12:00:00Z,-18.174997,147.42499,2.0994475138121547,24.84
2014-10-06T12:00:00Z,-18.174997,147.42499,2.1215469613259668,24.83
2014-10-07T12:00:00Z,-18.174997,147.42499,2.143646408839779,25.09
2014-10-08T12:00:00Z,-18.174997,147.42499,2.165745856353591,25.15
2014-10-09T12:00:00Z,-18.174997,147.42499,2.1878453038674035,25.25
2014-10-10T12:00:00Z,-18.174997,147.42499,2.2099447513812156,25.25
2014-10-11T12:00:00Z,-18.174997,147.42499,2.2320441988950277,25.32
2014-10-12T12:00:00Z,-18.174997,147.42499,2.25414364640884,25.36
2014-10-13T12:00:00Z,-18.174997,147.42499,2.276243093922652,25.33
2014-10-14T12:00:00Z,-18.174997,147.42499,2.298342541436464,25.41
2014-10-15T12:00:00Z,-18.174997,147.42499,2.320441988950276,25.33
2014-10-16T12:00:00Z,-18.174997,147.42499,2.342541436464088,25.18
2014-10-17T12:00:00Z,-18.174997,147.42499,2.3646408839779007,25.11
2014-10-18T12:00:00Z,-18.174997,147.42499,2.386740331491713,25.24
2014-10-19T12:00:00Z,-18.174997,147.42499,2.408839779005525,24.98
2014-10-20T12:00:00Z,-18.174997,147.42499,2.430939226519337,25.2
2014-10-21T12:00:00Z,-18.174997,147.42499,2.453038674033149,25.15
2014-10-22T12:00:00Z,-18.174997,147.42499,2.4751381215469612,24.85
2014-10-23T12:00:00Z,-18.174997,147.42499,2.4972375690607733,25.03
2014-10-24T12:00:00Z,-18.174997,147.42499,2.5193370165745854,25.04
2014-10-25T12:00:00Z,-18.174997,147.42499,2.541436464088398,25.12
2014-10-26T12:00:00Z,-18.174997,147.42499,2.56353591160221,25.06
2014-10-27T12:00:00Z,-18.174997,147.42499,2.585635359116022,25.41
2014-10-28T12:00:00Z,-18.174997,147.42499,2.6077348066298343,25.66
2014-10-29T12:00:00Z,-18.174997,147.42499,2.6298342541436464,25.92
2014-10-30T12:00:00Z,-18.174997,147.42499,2.6519337016574585,25.71
2014-10-31T12:00:00Z,-18.174997,147.42499,2.6740331491712706,25.86
2014-11-01T12:00:00Z,-18.174997,147.42499,2.696132596685083,25.88
2014-11-02T12:00:00Z,-18.174997,147.42499,2.718232044198895,26.2
2014-11-03T12:00:00Z,-18.174997,147.42499,2.7403314917127073,26.13
2014-11-04T12:00:00Z,-18.174997,147.42499,2.7624309392265194,26.14
2014-11-05T12:00:00Z,-18.174997,147.42499,2.7845303867403315,26.32
2014-11-06T12:00:00Z,-18.174997,147.42499,2.8066298342541436,26.22
2014-11-07T12:00:00Z,-18.174997,147.42499,2.8287292817679557,26.28
2014-11-08T12:00:00Z,-18.174997,147.42499,2.850828729281768,26.42
2014-11-09T12:00:00Z,-18.174997,147.42499,2.8729281767955803,26.55
2014-11-10T12:00:00Z,-18.174997,147.42499,2.8950276243093924,26.57
2014-11-11T12:00:00Z,-18.174997,147.42499,2.9171270718232045,26.58
2014-11-12T12:00:00Z,-18.174997,147.42499,2.9392265193370166,26.62
2014-11-13T12:00:00Z,-18.174997,147.42499,2.9613259668508287,26.67
2014-11-14T12:00:00Z,-18.174997,147.42499,2.983425414364641,26.53
2014-11-15T12:00:00Z,-18.174997,147.42499,3.005524861878453,26.63
2014-11-16T12:00:00Z,-18.174997,147.42499,3.027624309392265,26.88
2014-11-17T12:00:00Z,-18.174997,147.42499,3.0497237569060776,27.12
2014-11-18T12:00:00Z,-18.174997,147.42499,3.0718232044198897,27.35
2014-11-19T12:00:00Z,-18.174997,147.42499,3.0939226519337018,27.23
2014-11-20T12:00:00Z,-18.174997,147.42499,3.116022099447514,27.37
2014-11-21T12:00:00Z,-18.174997,147.42499,3.138121546961326,27.36
2014-11-22T12:00:00Z,-18.174997,147.42499,3.160220994475138,27.33
2014-11-23T12:00:00Z,-18.174997,147.42499,3.18232044198895,27.26
2014-11-24T12:00:00Z,-18.174997,147.42499,3.2044198895027622,27.35
2014-11-25T12:00:00Z,-18.174997,147.42499,3.226519337016575,27.52
2014-11-26T12:00:00Z,-18.174997,147.42499,3.248618784530387,27.47
2014-11-27T12:00:00Z,-18.174997,147.42499,3.270718232044199,27.53
2014-11-28T12:00:00Z,-18.174997,147.42499,3.292817679558011,27.48
2014-11-29T12:00:00Z,-18.174997,147.42499,3.314917127071823,27.28
2014-11-30T12:00:00Z,-18.174997,147.42499,3.3370165745856353,27.23
2014-12-01T12:00:00Z,-18.174997,147.42499,3.3591160220994474,27.39
2014-12-02T12:00:00Z,-18.174997,147.42499,3.3812154696132595,27.47
2014-12-03T12:00:00Z,-18.174997,147.42499,3.403314917127072,27.47
2014-12-04T12:00:00Z,-18.174997,147.42499,3.425414364640884,27.64
2014-12-05T12:00:00Z,-18.174997,147.42499,3.447513812154696,27.58
2014-12-06T12:00:00Z,-18.174997,147.42499,3.4696132596685083,27.35
2014-12-07T12:00:00Z,-18.174997,147.42499,3.4917127071823204,27.64
2014-12-08T12:00:00Z,-18.174997,147.42499,3.5138121546961325,27.66
2014-12-09T12:00:00Z,-18.174997,147.42499,3.5359116022099446,28.43
2014-12-10T12:00:00Z,-18.174997,147.42499,3.5580110497237567,28.55
2014-12-11T12:00:00Z,-18.174997,147.42499,3.5801104972375692,28.51
2014-12-12T12:00:00Z,-18.174997,147.42499,3.6022099447513813,28.44
2014-12-13T12:00:00Z,-18.174997,147.42499,3.6243093922651934,28.38
2014-12-14T12:00:00Z,-18.174997,147.42499,3.6464088397790055,28.42
2014-12-15T12:00:00Z,-18.174997,147.42499,3.6685082872928176,28.52
2014-12-16T12:00:00Z,-18.174997,147.42499,3.6906077348066297,28.89
2014-12-17T12:00:00Z,-18.174997,147.42499,3.712707182320442,28.92
2014-12-18T12:00:00Z,-18.174997,147.42499,3.734806629834254,28.93
2014-12-19T12:00:00Z,-18.174997,147.42499,3.7569060773480665,28.65
2014-12-20T12:00:00Z,-18.174997,147.42499,3.7790055248618786,28.59
2014-12-21T12:00:00Z,-18.174997,147.42499,3.8011049723756907,28.59
2014-12-22T12:00:00Z,-18.174997,147.42499,3.8232044198895028,28.91
2014-12-23T12:00:00Z,-18.174997,147.42499,3.845303867403315,28.86
2014-12-24T12:00:00Z,-18.174997,147.42499,3.867403314917127,28.93
2014-12-25T12:00:00Z,-18.174997,147.42499,3.889502762430939,28.84
2014-12-26T12:00:00Z,-18.174997,147.42499,3.911602209944751,28.8
2014-12-27T12:00:00Z,-18.174997,147.42499,3.9337016574585637,28.91
2014-12-28T12:00:00Z,-18.174997,147.42499,3.955801104972376,28.85
2014-12-29T12:00:00Z,-18.174997,147.42499,3.977900552486188,29.16
2014-12-30T12:00:00Z,-18.174997,147.42499,4.0,28.99
2014-12-31T12:00:00Z,-18.174997,147.42499,4.0220994475138125,29.09
2015-01-01T12:00:00Z,-18.174997,147.42499,4.0,29.27
2015-01-02T12:00:00Z,-18.174997,147.42499,3.977900552486188,29.17
2015-01-03T12:00:00Z,-18.174997,147.42499,3.955801104972376,28.87
2015-01-04T12:00:00Z,-18.174997,147.42499,3.9337016574585637,29.05
2015-01-05T12:00:00Z,-18.174997,147.42499,3.911602209944751,28.87
2015-01-06T12:00:00Z,-18.174997,147.42499,3.889502762430939,29.01
2015-01-07T12:00:00Z,-18.174997,147.42499,3.867403314917127,28.77
2015-01-08T12:00:00Z,-18.174997,147.42499,3.845303867403315,28.79
2015-01-09T12:00:00Z,-18.174997,147.42499,3.8232044198895028,28.76
2015-01-10T12:00:00Z,-18.174997,147.42499,3.8011049723756907,28.62
2015-01-11T12:00:00Z,-18.174997,147.42499,3.7790055248618786,28.51
2015-01-12T12:00:00Z,-18.174997,147.42499,3.7569060773480665,28.99
2015-01-13T12:00:00Z,-18.174997,147.42499,3.734806629834254,29.36
2015-01-14T12:00:00Z,-18.174997,147.42499,3.712707182320442,28.75
2015-01-15T12:00:00Z,-18.174997,147.42499,3.6906077348066297,29.68
2015-01-16T12:00:00Z,-18.174997,147.42499,3.6685082872928176,29.99
2015-01-17T12:00:00Z,-18.174997,147.42499,3.6464088397790055,29.5
2015-01-18T12:00:00Z,-18.174997,147.42499,3.6243093922651934,29.61
2015-01-19T12:00:00Z,-18.174997,147.42499,3.6022099447513813,29.75
2015-01-20T12:00:00Z,-18.174997,147.42499,3.5801104972375692,29.87
2015-01-21T12:00:00Z,-18.174997,147.42499,3.5580110497237567,29.67
2015-01-22T12:00:00Z,-18.174997,147.42499,3.5359116022099446,29.23
2015-01-23T12:00:00Z,-18.174997,147.42499,3.5138121546961325,28.89
2015-01-24T12:00:00Z,-18.174997,147.42499,3.4917127071823204,29.35
2015-01-25T12:00:00Z,-18.174997,147.42499,3.4696132596685083,29.49
2015-01-26T12:00:00Z,-18.174997,147.42499,3.447513812154696,29.71
2015-01-27T12:00:00Z,-18.174997,147.42499,3.425414364640884,29.31
2015-01-28T12:00:00Z,-18.174997,147.42499,3.403314917127072,29.54
2015-01-29T12:00:00Z,-18.174997,147.42499,3.3812154696132595,29.65
2015-01-30T12:00:00Z,-18.174997,147.42499,3.3591160220994474,29.6
2015-01-31T12:00:00Z,-18.174997,147.42499,3.3370165745856353,29.58
2015-02-01T12:00:00Z,-18.174997,147.42499,3.314917127071823,29.85
2015-02-02T12:00:00Z,-18.174997,147.42499,3.292817679558011,29.29
2015-02-03T12:00:00Z,-18.174997,147.42499,3.270718232044199,29.57
2015-02-04T12:00:00Z,-18.174997,147.42499,3.248618784530387,29.51
2015-02-05T12:00:00Z,-18.174997,147.42499,3.226519337016575,29.48
2015-02-06T12:00:00Z,-18.174997,147.42499,3.2044198895027622,29.36
2015-02-07T12:00:00Z,-18.174997,147.42499,3.18232044198895,29.16
2015-02-08T12:00:00Z,-18.174997,147.42499,3.160220994475138,28.9
2015-02-09T12:00:00Z,-18.174997,147.42499,3.138121546961326,28.93
2015-02-10T12:00:00Z,-18.174997,147.42499,3.116022099447514,28.65
2015-02-11T12:00:00Z,-18.174997,147.42499,3.0939226519337018,28.84
2015-02-12T12:00:00Z,-18.174997,147.42499,3.0718232044198897,28.74
2015-02-13T12:00:00Z,-18.174997,147.42499,3.0497237569060776,28.75
2015-02-14T12:00:00Z,-18.174997,147.42499,3.027624309392265,28.23
2015-02-15T12:00:00Z,-18.174997,147.42499,3.005524861878453,28.36
2015-02-16T12:00:00Z,-18.174997,147.42499,2.983425414364641,28.09
2015-02-17T12:00:00Z,-18.174997,147.42499,2.9613259668508287,28.22
2015-02-18T12:00:00Z,-18.174997,147.42499,2.9392265193370166,28.22
2015-02-19T12:00:00Z,-18.174997,147.42499,2.9171270718232045,28.25
2015-02-20T12:00:00Z,-18.174997,147.42499,2.8950276243093924,28.62
2015-02-21T12:00:00Z,-18.174997,147.42499,2.8729281767955803,28.87
2015-02-22T12:00:00Z,-18.174997,147.42499,2.850828729281768,29.17
2015-02-23T12:00:00Z,-18.174997,147.42499,2.8287292817679557,29.67
2015-02-24T12:00:00Z,-18.174997,147.42499,2.8066298342541436,29.54
2015-02-25T12:00:00Z,-18.174997,147.42499,2.7845303867403315,29.6
2015-02-26T12:00:00Z,-18.174997,147.42499,2.7624309392265194,29.39
2015-02-27T12:00:00Z,-18.174997,147.42499,2.7403314917127073,29.36
2015-02-28T12:00:00Z,-18.174997,147.42499,2.718232044198895,29.52
2015-03-01T12:00:00Z,-18.174997,147.42499,2.696132596685083,29.64
2015-03-02T12:00:00Z,-18.174997,147.42499,2.6740331491712706,29.64
2015-03-03T12:00:00Z,-18.174997,147.42499,2.6519337016574585,29.33
2015-03-04T12:00:00Z,-18.174997,147.42499,2.6298342541436464,29.28
2015-03-05T12:00:00Z,-18.174997,147.42499,2.6077348066298343,29.7
2015-03-06T12:00:00Z,-18.174997,147.42499,2.585635359116022,29.78
2015-03-07T12:00:00Z,-18.174997,147.42499,2.56353591160221,29.51
2015-03-08T12:00:00Z,-18.174997,147.42499,2.541436464088398,29.2
2015-03-09T12:00:00Z,-18.174997,147.42499,2.5193370165745854,29.18
2015-03-10T12:00:00Z,-18.174997,147.42499,2.4972375690607733,29.1
2015-03-11T12:00:00Z,-18.174997,147.42499,2.4751381215469612,28.72
2015-03-12T12:00:00Z,-18.174997,147.42499,2.453038674033149,28.26
2015-03-13T12:00:00Z,-18.174997,147.42499,2.430939226519337,28.36
2015-03-14T12:00:00Z,-18.174997,147.42499,2.408839779005525,28.8
2015-03-15T12:00:00Z,-18.174997,147.42499,2.386740331491713,28.88
2015-03-16T12:00:00Z,-18.174997,147.42499,2.3646408839779007,28.66
2015-03-17T12:00:00Z,-18.174997,147.42499,2.342541436464088,28.43
2015-03-18T12:00:00Z,-18.174997,147.42499,2.320441988950276,28.3
2015-03-19T12:00:00Z,-18.174997,147.42499,2.298342541436464,28.37
2015-03-20T12:00:00Z,-18.174997,147.42499,2.276243093922652,28.69
2015-03-21T12:00:00Z,-18.174997,147.42499,2.25414364640884,28.56
2015-03-22T12:00:00Z,-18.174997,147.42499,2.2320441988950277,28.52
2015-03-23T12:00:00Z,-18.174997,147.42499,2.2099447513812156,28.54
2015-03-24T12:00:00Z,-18.174997,147.42499,2.1878453038674035,28.83
2015-03-25T12:00:00Z,-18.174997,147.42499,2.165745856353591,28.9
2015-03-26T12:00:00Z,-18.174997,147.42499,2.143646408839779,28.64
2015-03-27T12:00:00Z,-18.174997,147.42499,2.1215469613259668,28.48
2015-03-28T12:00:00Z,-18.174997,147.42499,2.0994475138121547,28.33
2015-03-29T12:00:00Z,-18.174997,147.42499,2.0773480662983426,28.51
2015-03-30T12:00:00Z,-18.174997,147.42499,2.0552486187845305,28.53
2015-03-31T12:00:00Z,-18.174997,147.42499,2.0331491712707184,28.35
2015-04-01T12:00:00Z,-18.174997,147.42499,2.0110497237569063,28.26
2015-04-02T12:00:00Z,-18.174997,147.42499,1.988950276243094,28.18
2015-04-03T12:00:00Z,-18.174997,147.42499,1.9668508287292819,28.44
2015-04-04T12:00:00Z,-18.174997,147.42499,1.9447513812154695,28.52
2015-04-05T12:00:00Z,-18.174997,147.42499,1.9226519337016574,28.82
2015-04-06T12:00:00Z,-18.174997,147.42499,1.9005524861878453,28.5
2015-04-07T12:00:00Z,-18.174997,147.42499,1.8784530386740332,28.44
2015-04-08T12:00:00Z,-18.174997,147.42499,1.856353591160221,28.24
2015-04-09T12:00:00Z,-18.174997,147.42499,1.8342541436464088,27.92
2015-04-10T12:00:00Z,-18.174997,147.42499,1.8121546961325967,27.84
2015-04-11T12:00:00Z,-18.174997,147.42499,1.7900552486187846,27.98
2015-04-12T12:00:00Z,-18.174997,147.42499,1.7679558011049723,27.99
2015-04-13T12:00:00Z,-18.174997,147.42499,1.7458563535911602,27.94
2015-04-14T12:00:00Z,-18.174997,147.42499,1.723756906077348,27.85
2015-04-15T12:00:00Z,-18.174997,147.42499,1.701657458563536,27.8
2015-04-16T12:00:00Z,-18.174997,147.42499,1.6795580110497237,27.78
2015-04-17T12:00:00Z,-18.174997,147.42499,1.6574585635359116,27.67
2015-04-18T12:00:00Z,-18.174997,147.42499,1.6353591160220995,27.83
2015-04-19T12:00:00Z,-18.174997,147.42499,1.6132596685082874,27.71
2015-04-20T12:00:00Z,-18.174997,147.42499,1.591160220994475,27.57
2015-04-21T12:00:00Z,-18.174997,147.42499,1.569060773480663,27.37
2015-04-22T12:00:00Z,-18.174997,147.42499,1.5469613259668509,27.61
2015-04-23T12:00:00Z,-18.174997,147.42499,1.5248618784530388,27.54
2015-04-24T12:00:00Z,-18.174997,147.42499,1.5027624309392265,27.38
2015-04-25T12:00:00Z,-18.174997,147.42499,1.4806629834254144,27.84
2015-04-26T12:00:00Z,-18.174997,147.42499,1.4585635359116023,27.49
2015-04-27T12:00:00Z,-18.174997,147.42499,1.4364640883977902,27.44
2015-04-28T12:00:00Z,-18.174997,147.42499,1.4143646408839778,27.41
2015-04-29T12:00:00Z,-18.174997,147.42499,1.3922651933701657,27.22
2015-04-30T12:00:00Z,-18.174997,147.42499,1.3701657458563536,27.09
2015-05-01T12:00:00Z,-18.174997,147.42499,1.3480662983425415,27.12
2015-05-02T12:00:00Z,-18.174997,147.42499,1.3259668508287292,27.37
2015-05-03T12:00:00Z,-18.174997,147.42499,1.3038674033149171,27.4
2015-05-04T12:00:00Z,-18.174997,147.42499,1.281767955801105,27.47
2015-05-05T12:00:00Z,-18.174997,147.42499,1.2596685082872927,27.33
2015-05-06T12:00:00Z,-18.174997,147.42499,1.2375690607734806,27.34
2015-05-07T12:00:00Z,-18.174997,147.42499,1.2154696132596685,27.27
2015-05-08T12:00:00Z,-18.174997,147.42499,1.1933701657458564,27.13
2015-05-09T12:00:00Z,-18.174997,147.42499,1.171270718232044,27.07
2015-05-10T12:00:00Z,-18.174997,147.42499,1.149171270718232,26.94
2015-05-11T12:00:00Z,-18.174997,147.42499,1.12707182320442,26.99
2015-05-12T12:00:00Z,-18.174997,147.42499,1.1049723756906078,26.89
2015-05-13T12:00:00Z,-18.174997,147.42499,1.0828729281767955,26.83
2015-05-14T12:00:00Z,-18.174997,147.42499,1.0607734806629834,26.64
2015-05-15T12:00:00Z,-18.174997,147.42499,1.0386740331491713,26.37
2015-05-16T12:00:00Z,-18.174997,147.42499,1.0165745856353592,26.39
2015-05-17T12:00:00Z,-18.174997,147.42499,0.994475138121547,26.03
2015-05-18T12:00:00Z,-18.174997,147.42499,0.9723756906077348,25.84
2015-05-19T12:00:00Z,-18.174997,147.42499,0.9502762430939227,26.01
2015-05-20T12:00:00Z,-18.174997,147.42499,0.9281767955801105,26.07
2015-05-21T12:00:00Z,-18.174997,147.42499,0.9060773480662984,26.18
2015-05-22T12:00:00Z,-18.174997,147.42499,0.8839779005524862,26.14
2015-05-23T12:00:00Z,-18.174997,147.42499,0.861878453038674,25.95
2015-05-24T12:00:00Z,-18.174997,147.42499,0.8397790055248618,25.8
2015-05-25T12:00:00Z,-18.174997,147.42499,0.8176795580110497,25.71
2015-05-26T12:00:00Z,-18.174997,147.42499,0.7955801104972375,25.6
2015-05-27T12:00:00Z,-18.174997,147.42499,0.7734806629834254,25.61
2015-05-28T12:00:00Z,-18.174997,147.42499,0.7513812154696132,25.56
2015-05-29T12:00:00Z,-18.174997,147.42499,0.7292817679558011,25.53
2015-05-30T12:00:00Z,-18.174997,147.42499,0.7071823204419889,25.46
2015-05-31T12:00:00Z,-18.174997,147.42499,0.6850828729281768,26.15
2015-06-01T12:00:00Z,-18.174997,147.42499,0.6629834254143646,26.01
2015-06-02T12:00:00Z,-18.174997,147.42499,0.6408839779005525,25.78
2015-06-03T12:00:00Z,-18.174997,147.42499,0.6187845303867403,25.66
2015-06-04T12:00:00Z,-18.174997,147.42499,0.5966850828729282,25.73
2015-06-05T12:00:00Z,-18.174997,147.42499,0.574585635359116,25.62
2015-06-06T12:00:00Z,-18.174997,147.42499,0.5524861878453039,25.67
2015-06-07T12:00:00Z,-18.174997,147.42499,0.5303867403314917,25.7
2015-06-08T12:00:00Z,-18.174997,147.42499,0.5082872928176796,25.42
2015-06-09T12:00:00Z,-18.174997,147.42499,0.4861878453038674,25.24
2015-06-10T12:00:00Z,-18.174997,147.42499,0.46408839779005523,25.07
2015-06-11T12:00:00Z,-18.174997,147.42499,0.4419889502762431,25.18
2015-06-12T12:00:00Z,-18.174997,147.42499,0.4198895027624309,25.08
2015-06-13T12:00:00Z,-18.174997,147.42499,0.39779005524861877,25.07
2015-06-14T12:00:00Z,-18.174997,147.42499,0.3756906077348066,25.05
2015-06-15T12:00:00Z,-18.174997,147.42499,0.35359116022099446,24.87
2015-06-16T12:00:00Z,-18.174997,147.42499,0.3314917127071823,25.09
2015-06-17T12:00:00Z,-18.174997,147.42499,0.30939226519337015,25.4
2015-06-18T12:00:00Z,-18.174997,147.42499,0.287292817679558,25.31
2015-06-19T12:00:00Z,-18.174997,147.42499,0.26519337016574585,25.4
2015-06-20T12:00:00Z,-18.174997,147.42499,0.2430939226519337,25.13
2015-06-21T12:00:00Z,-18.174997,147.42499,0.22099447513812154,24.93
2015-06-22T12:00:00Z,-18.174997,147.42499,0.19889502762430938,25.12
2015-06-23T12:00:00Z,-18.174997,147.42499,0.17679558011049723,25.1
2015-06-24T12:00:00Z,-18.174997,147.42499,0.15469613259668508,24.96
2015-06-25T12:00:00Z,-18.174997,147.42499,0.13259668508287292,25.25
2015-06-26T12:00:00Z,-18.174997,147.42499,0.11049723756906077,25.11
2015-06-27T12:00:00Z,-18.174997,147.42499,0.08839779005524862,24.96
2015-06-28T12:00:00Z,-18.174997,147.42499,0.06629834254143646,24.96
2015-06-29T12:00:00Z,-18.174997,147.42499,0.04419889502762431,25.0
2015-06-30T12:00:00Z,-18.174997,147.42499,0.022099447513812154,24.87
2015-07-01T12:00:00Z,-18.174997,147.42499,0.0,25.05
2015-07-02T12:00:00Z,-18.174997,147.42499,0.0,25.28
2015-07-03T12:00:00Z,-18.174997,147.42499,0.022099447513812154,25.27
2015-07-04T12:00:00Z,-18.174997,147.42499,0.04419889502762431,25.15
2015-07-05T12:00:00Z,-18.174997,147.42499,0.06629834254143646,25.08
2015-07-06T12:00:00Z,-18.174997,147.42499,0.08839779005524862,25.27
2015-07-07T12:00:00Z,-18.174997,147.42499,0.11049723756906077,25.35
2015-07-08T12:00:00Z,-18.174997,147.42499,0.13259668508287292,25.18
2015-07-09T12:00:00Z,-18.174997,147.42499,0.15469613259668508,25.05
2015-07-10T12:00:00Z,-18.174997,147.42499,0.17679558011049723,24.95
2015-07-11T12:00:00Z,-18.174997,147.42499,0.19889502762430938,24.95
2015-07-12T12:00:00Z,-18.174997,147.42499,0.22099447513812154,24.84
2015-07-13T12:00:00Z,-18.174997,147.42499,0.2430939226519337,24.42
2015-07-14T12:00:00Z,-18.174997,147.42499,0.26519337016574585,25.05
2015-07-15T12:00:00Z,-18.174997,147.42499,0.287292817679558,24.73
2015-07-16T12:00:00Z,-18.174997,147.42499,0.30939226519337015,24.81
2015-07-17T12:00:00Z,-18.174997,147.42499,0.3314917127071823,24.73
2015-07-18T12:00:00Z,-18.174997,147.42499,0.35359116022099446,24.65
2015-07-19T12:00:00Z,-18.174997,147.42499,0.3756906077348066,24.5
2015-07-20T12:00:00Z,-18.174997,147.42499,0.39779005524861877,23.74
2015-07-21T12:00:00Z,-18.174997,147.42499,0.4198895027624309,24.0
2015-07-22T12:00:00Z,-18.174997,147.42499,0.4419889502762431,24.35
2015-07-23T12:00:00Z,-18.174997,147.42499,0.46408839779005523,24.46
2015-07-24T12:00:00Z,-18.174997,147.42499,0.4861878453038674,24.67
2015-07-25T12:00:00Z,-18.174997,147.42499,0.5082872928176796,24.61
2015-07-26T12:00:00Z,-18.174997,147.42499,0.5303867403314917,24.7
2015-07-27T12:00:00Z,-18.174997,147.42499,0.5524861878453039,24.74
2015-07-28T12:00:00Z,-18.174997,147.42499,0.574585635359116,24.48
2015-07-29T12:00:00Z,-18.174997,147.42499,0.5966850828729282,24.38
2015-07-30T12:00:00Z,-18.174997,147.42499,0.6187845303867403,24.18
2015-07-31T12:00:00Z,-18.174997,147.42499,0.6408839779005525,24.32
2015-08-01T12:00:00Z,-18.174997,147.42499,0.6629834254143646,24.35
2015-08-02T12:00:00Z,-18.174997,147.42499,0.6850828729281768,24.5
2015-08-03T12:00:00Z,-18.174997,147.42499,0.7071823204419889,24.4
2015-08-04T12:00:00Z,-18.174997,147.42499,0.7292817679558011,24.49
2015-08-05T12:00:00Z,-18.174997,147.42499,0.7513812154696132,24.5
2015-08-06T12:00:00Z,-18.174997,147.42499,0.7734806629834254,24.5
2015-08-07T12:00:00Z,-18.174997,147.42499,0.7955801104972375,24.33
2015-08-08T12:00:00Z,-18.174997,147.42499,0.8176795580110497,24.19
2015-08-09T12:00:00Z,-18.174997,147.42499,0.8397790055248618,24.18
2015-08-10T12:00:00Z,-18.174997,147.42499,0.861878453038674,24.38
2015-08-11T12:00:00Z,-18.174997,147.42499,0.8839779005524862,24.75
2015-08-12T12:00:00Z,-18.174997,147.42499,0.9060773480662984,23.99
2015-08-13T12:00:00Z,-18.174997,147.42499,0.9281767955801105,24.36
2015-08-14T12:00:00Z,-18.174997,147.42499,0.9502762430939227,24.29
2015-08-15T12:00:00Z,-18.174997,147.42499,0.9723756906077348,24.18
2015-08-16T12:00:00Z,-18.174997,147.42499,0.994475138121547,24.19
2015-08-17T12:00:00Z,-18.174997,147.42499,1.0165745856353592,24.39
2015-08-18T12:00:00Z,-18.174997,147.42499,1.0386740331491713,24.4
2015-08-19T12:00:00Z,-18.174997,147.42499,1.0607734806629834,24.54
2015-08-20T12:00:00Z,-18.174997,147.42499,1.0828729281767955,24.02
2015-08-21T12:00:00Z,-18.174997,147.42499,1.1049723756906078,24.44
2015-08-22T12:00:00Z,-18.174997,147.42499,1.12707182320442,24.47
2015-08-23T12:00:00Z,-18.174997,147.42499,1.149171270718232,24.64
2015-08-24T12:00:00Z,-18.174997,147.42499,1.171270718232044,24.78
2015-08-25T12:00:00Z,-18.174997,147.42499,1.1933701657458564,24.78
2015-08-26T12:00:00Z,-18.174997,147.42499,1.2154696132596685,24.96
2015-08-27T12:00:00Z,-18.174997,147.42499,1.2375690607734806,25.03
2015-08-28T12:00:00Z,-18.174997,147.42499,1.2596685082872927,24.88
2015-08-29T12:00:00Z,-18.174997,147.42499,1.281767955801105,24.9
2015-08-30T12:00:00Z,-18.174997,147.42499,1.3038674033149171,25.09
2015-08-31T12:00:00Z,-18.174997,147.42499,1.3259668508287292,25.07
2015-09-01T12:00:00Z,-18.174997,147.42499,1.3480662983425415,25.07
2015-09-02T12:00:00Z,-18.174997,147.42499,1.3701657458563536,25.38
2015-09-03T12:00:00Z,-18.174997,147.42499,1.3922651933701657,25.47
2015-09-04T12:00:00Z,-18.174997,147.42499,1.4143646408839778,25.37
2015-09-05T12:00:00Z,-18.174997,147.42499,1.4364640883977902,25.37
2015-09-06T12:00:00Z,-18.174997,147.42499,1.4585635359116023,25.32
2015-09-07T12:00:00Z,-18.174997,147.42499,1.4806629834254144,25.24
2015-09-08T12:00:00Z,-18.174997,147.42499,1.5027624309392265,25.2
2015-09-09T12:00:00Z,-18.174997,147.42499,1.5248618784530388,25.18
2015-09-10T12:00:00Z,-18.174997,147.42499,1.5469613259668509,25.05
2015-09-11T12:00:00Z,-18.174997,147.42499,1.569060773480663,24.89
2015-09-12T12:00:00Z,-18.174997,147.42499,1.591160220994475,24.79
2015-09-13T12:00:00Z,-18.174997,147.42499,1.6132596685082874,24.78
2015-09-14T12:00:00Z,-18.174997,147.42499,1.6353591160220995,24.93
2015-09-15T12:00:00Z,-18.174997,147.42499,1.6574585635359116,25.19
2015-09-16T12:00:00Z,-18.174997,147.42499,1.6795580110497237,25.3
2015-09-17T12:00:00Z,-18.174997,147.42499,1.701657458563536,25.47
2015-09-18T12:00:00Z,-18.174997,147.42499,1.723756906077348,25.33
2015-09-19T12:00:00Z,-18.174997,147.42499,1.7458563535911602,25.19
2015-09-20T12:00:00Z,-18.174997,147.42499,1.7679558011049723,25.27
2015-09-21T12:00:00Z,-18.174997,147.42499,1.7900552486187846,25.35
2015-09-22T12:00:00Z,-18.174997,147.42499,1.8121546961325967,25.32
2015-09-23T12:00:00Z,-18.174997,147.42499,1.8342541436464088,25.23
2015-09-24T12:00:00Z,-18.174997,147.42499,1.856353591160221,25.04
2015-09-25T12:00:00Z,-18.174997,147.42499,1.8784530386740332,24.94
2015-09-26T12:00:00Z,-18.174997,147.42499,1.9005524861878453,25.01
2015-09-27T12:00:00Z,-18.174997,147.42499,1.9226519337016574,24.88
2015-09-28T12:00:00Z,-18.174997,147.42499,1.9447513812154695,24.98
2015-09-29T12:00:00Z,-18.174997,147.42499,1.9668508287292819,25.04
2015-09-30T12:00:00Z,-18.174997,147.42499,1.988950276243094,25.01
2015-10-01T12:00:00Z,-18.174997,147.42499,2.0110497237569063,24.84
2015-10-02T12:00:00Z,-18.174997,147.42499,2.0331491712707184,24.78
2015-10-03T12:00:00Z,-18.174997,147.42499,2.0552486187845305,24.72
2015-10-04T12:00:00Z,-18.174997,147.42499,2.0773480662983426,24.93
2015-10-05T12:00:00Z,-18.174997,147.42499,2.0994475138121547,24.71
2015-10-06T12:00:00Z,-18.174997,147.42499,2.1215469613259668,24.85
2015-10-07T12:00:00Z,-18.174997,147.42499,2.143646408839779,24.97
2015-10-08T12:00:00Z,-18.174997,147.42499,2.165745856353591,24.98
2015-10-09T12:00:00Z,-18.174997,147.42499,2.1878453038674035,24.86
2015-10-10T12:00:00Z,-18.174997,147.42499,2.2099447513812156,24.68
2015-10-11T12:00:00Z,-18.174997,147.42499,2.2320441988950277,24.76
2015-10-12T12:00:00Z,-18.174997,147.42499,2.25414364640884,24.82
2015-10-13T12:00:00Z,-18.174997,147.42499,2.276243093922652,24.81
2015-10-14T12:00:00Z,-18.174997,147.42499,2.298342541436464,24.9
2015-10-15T12:00:00Z,-18.174997,147.42499,2.320441988950276,24.88
2015-10-16T12:00:00Z,-18.174997,147.42499,2.342541436464088,24.88
2015-10-17T12:00:00Z,-18.174997,147.42499,2.3646408839779007,24.82
2015-10-18T12:00:00Z,-18.174997,147.42499,2.386740331491713,24.88
2015-10-19T12:00:00Z,-18.174997,147.42499,2.408839779005525,24.92
2015-10-20T12:00:00Z,-18.174997,147.42499,2.430939226519337,24.91
2015-10-21T12:00:00Z,-18.174997,147.42499,2.453038674033149,25.15
2015-10-22T12:00:00Z,-18.174997,147.42499,2.4751381215469612,25.67
2015-10-23T12:00:00Z,-18.174997,147.42499,2.4972375690607733,25.89
2015-10-24T12:00:00Z,-18.174997,147.42499,2.5193370165745854,25.65
2015-10-25T12:00:00Z,-18.174997,147.42499,2.541436464088398,25.78
2015-10-26T12:00:00Z,-18.174997,147.42499,2.56353591160221,25.75
2015-10-27T12:00:00Z,-18.174997,147.42499,2.585635359116022,25.76
2015-10-28T12:00:00Z,-18.174997,147.42499,2.6077348066298343,25.86
2015-10-29T12:00:00Z,-18.174997,147.42499,2.6298342541436464,25.95
2015-10-30T12:00:00Z,-18.174997,147.42499,2.6519337016574585,25.85
2015-10-31T12:00:00Z,-18.174997,147.42499,2.6740331491712706,25.93
2015-11-01T12:00:00Z,-18.174997,147.42499,2.696132596685083,26.19
2015-11-02T12:00:00Z,-18.174997,147.42499,2.718232044198895,26.24
2015-11-03T12:00:00Z,-18.174997,147.42499,2.7403314917127073,26.3
2015-11-04T12:00:00Z,-18.174997,147.42499,2.7624309392265194,26.24
2015-11-05T12:00:00Z,-18.174997,147.42499,2.7845303867403315,26.23
2015-11-06T12:00:00Z,-18.174997,147.42499,2.8066298342541436,26.57
2015-11-07T12:00:00Z,-18.174997,147.42499,2.8287292817679557,26.65
2015-11-08T12:00:00Z,-18.174997,147.42499,2.850828729281768,26.65
2015-11-09T12:00:00Z,-18.174997,147.42499,2.8729281767955803,26.64
2015-11-10T12:00:00Z,-18.174997,147.42499,2.8950276243093924,26.94
2015-11-11T12:00:00Z,-18.174997,147.42499,2.9171270718232045,27.12
2015-11-12T12:00:00Z,-18.174997,147.42499,2.9392265193370166,27.03
2015-11-13T12:00:00Z,-18.174997,147.42499,2.9613259668508287,27.08
2015-11-14T12:00:00Z,-18.174997,147.42499,2.983425414364641,27.36
2015-11-15T12:00:00Z,-18.174997,147.42499,3.005524861878453,27.31
2015-11-16T12:00:00Z,-18.174997,147.42499,3.027624309392265,27.29
2015-11-17T12:00:00Z,-18.174997,147.42499,3.0497237569060776,27.35
2015-11-18T12:00:00Z,-18.174997,147.42499,3.0718232044198897,27.25
2015-11-19T12:00:00Z,-18.174997,147.42499,3.0939226519337018,27.35
2015-11-20T12:00:00Z,-18.174997,147.42499,3.116022099447514,27.22
2015-11-21T12:00:00Z,-18.174997,147.42499,3.138121546961326,27.2
2015-11-22T12:00:00Z,-18.174997,147.42499,3.160220994475138,27.18
2015-11-23T12:00:00Z,-18.174997,147.42499,3.18232044198895,27.13
2015-11-24T12:00:00Z,-18.174997,147.42499,3.2044198895027622,27.31
2015-11-25T12:00:00Z,-18.174997,147.42499,3.226519337016575,27.49
2015-11-26T12:00:00Z,-18.174997,147.42499,3.248618784530387,27.66
2015-11-27T12:00:00Z,-18.174997,147.42499,3.270718232044199,27.98
2015-11-28T12:00:00Z,-18.174997,147.42499,3.292817679558011,27.99
2015-11-29T12:00:00Z,-18.174997,147.42499,3.314917127071823,28.09
2015-11-30T12:00:00Z,-18.174997,147.42499,3.3370165745856353,27.85
2015-12-01T12:00:00Z,-18.174997,147.42499,3.3591160220994474,27.8
2015-12-02T12:00:00Z,-18.174997,147.42499,3.3812154696132595,27.74
2015-12-03T12:00:00Z,-18.174997,147.42499,3.403314917127072,27.68
2015-12-04T12:00:00Z,-18.174997,147.42499,3.425414364640884,27.75
2015-12-05T12:00:00Z,-18.174997,147.42499,3.447513812154696,27.77
2015-12-06T12:00:00Z,-18.174997,147.42499,3.4696132596685083,27.81
2015-12-07T12:00:00Z,-18.174997,147.42499,3.4917127071823204,27.9
2015-12-08T12:00:00Z,-18.174997,147.42499,3.5138121546961325,27.87
2015-12-09T12:00:00Z,-18.174997,147.42499,3.5359116022099446,27.85
2015-12-10T12:00:00Z,-18.174997,147.42499,3.5580110497237567,28.04
2015-12-11T12:00:00Z,-18.174997,147.42499,3.5801104972375692,28.39
2015-12-12T12:00:00Z,-18.174997,147.42499,3.6022099447513813,28.2
2015-12-13T12:00:00Z,-18.174997,147.42499,3.6243093922651934,28.03
2015-12-14T12:00:00Z,-18.174997,147.42499,3.6464088397790055,28.34
2015-12-15T12:00:00Z,-18.174997,147.42499,3.6685082872928176,28.26
2015-12-16T12:00:00Z,-18.174997,147.42499,3.6906077348066297,28.3
2015-12-17T12:00:00Z,-18.174997,147.42499,3.712707182320442,28.24
2015-12-18T12:00:00Z,-18.174997,147.42499,3.734806629834254,27.91
2015-12-19T12:00:00Z,-18.174997,147.42499,3.7569060773480665,28.14
2015-12-20T12:00:00Z,-18.174997,147.42499,3.7790055248618786,28.08
2015-12-21T12:00:00Z,-18.174997,147.42499,3.8011049723756907,27.74
2015-12-22T12:00:00Z,-18.174997,147.42499,3.8232044198895028,27.86
2015-12-23T12:00:00Z,-18.174997,147.42499,3.845303867403315,27.89
2015-12-24T12:00:00Z,-18.174997,147.42499,3.867403314917127,28.28
2015-12-25T12:00:00Z,-18.174997,147.42499,3.889502762430939,28.13
2015-12-26T12:00:00Z,-18.174997,147.42499,3.911602209944751,28.37
2015-12-27T12:00:00Z,-18.174997,147.42499,3.9337016574585637,28.17
2015-12-28T12:00:00Z,-18.174997,147.42499,3.955801104972376,28.25
2015-12-29T12:00:00Z,-18.174997,147.42499,3.977900552486188,28.4
2015-12-30T12:00:00Z,-18.174997,147.42499,4.0,28.38
2015-12-31T12:00:00Z,-18.174997,147.42499,4.0220994475138125,28.06
2016-01-01T12:00:00Z,-18.174997,147.42499,4.0,28.06
2016-01-02T12:00:00Z,-18.174997,147.42499,3.977900552486188,27.91
2016-01-03T12:00:00Z,-18.174997,147.42499,3.955801104972376,28.22
2016-01-04T12:00:00Z,-18.174997,147.42499,3.9337016574585637,28.73
2016-01-05T12:00:00Z,-18.174997,147.42499,3.911602209944751,28.92
2016-01-06T12:00:00Z,-18.174997,147.42499,3.889502762430939,28.96
2016-01-07T12:00:00Z,-18.174997,147.42499,3.867403314917127,28.63
2016-01-08T12:00:00Z,-18.174997,147.42499,3.845303867403315,29.09
2016-01-09T12:00:00Z,-18.174997,147.42499,3.8232044198895028,29.11
2016-01-10T12:00:00Z,-18.174997,147.42499,3.8011049723756907,28.86
2016-01-11T12:00:00Z,-18.174997,147.42499,3.7790055248618786,28.52
2016-01-12T12:00:00Z,-18.174997,147.42499,3.7569060773480665,28.78
2016-01-13T12:00:00Z,-18.174997,147.42499,3.734806629834254,28.93
2016-01-14T12:00:00Z,-18.174997,147.42499,3.712707182320442,28.81
2016-01-15T12:00:00Z,-18.174997,147.42499,3.6906077348066297,28.92
2016-01-16T12:00:00Z,-18.174997,147.42499,3.6685082872928176,28.72
2016-01-17T12:00:00Z,-18.174997,147.42499,3.6464088397790055,29.03
2016-01-18T12:00:00Z,-18.174997,147.42499,3.6243093922651934,28.88
2016-01-19T12:00:00Z,-18.174997,147.42499,3.6022099447513813,29.1
2016-01-20T12:00:00Z,-18.174997,147.42499,3.5801104972375692,29.09
2016-01-21T12:00:00Z,-18.174997,147.42499,3.5580110497237567,28.93
2016-01-22T12:00:00Z,-18.174997,147.42499,3.5359116022099446,29.15
2016-01-23T12:00:00Z,-18.174997,147.42499,3.5138121546961325,29.45
2016-01-24T12:00:00Z,-18.174997,147.42499,3.4917127071823204,29.32
2016-01-25T12:00:00Z,-18.174997,147.42499,3.4696132596685083,29.17
2016-01-26T12:00:00Z,-18.174997,147.42499,3.447513812154696,28.84
2016-01-27T12:00:00Z,-18.174997,147.42499,3.425414364640884,29.28
2016-01-28T12:00:00Z,-18.174997,147.42499,3.403314917127072,29.44
2016-01-29T12:00:00Z,-18.174997,147.42499,3.3812154696132595,29.37
2016-01-30T12:00:00Z,-18.174997,147.42499,3.3591160220994474,29.42
2016-01-31T12:00:00Z,-18.174997,147.42499,3.3370165745856353,29.46
2016-02-01T12:00:00Z,-18.174997,147.42499,3.314917127071823,29.4
2016-02-02T12:00:00Z,-18.174997,147.42499,3.292817679558011,29.9
2016-02-03T12:00:00Z,-18.174997,147.42499,3.270718232044199,29.76
2016-02-04T12:00:00Z,-18.174997,147.42499,3.248618784530387,29.85
2016-02-05T12:00:00Z,-18.174997,147.42499,3.226519337016575,29.75
2016-02-06T12:00:00Z,-18.174997,147.42499,3.2044198895027622,29.6
2016-02-07T12:00:00Z,-18.174997,147.42499,3.18232044198895,30.18
2016-02-08T12:00:00Z,-18.174997,147.42499,3.160220994475138,29.46
2016-02-09T12:00:00Z,-18.174997,147.42499,3.138121546961326,29.7
2016-02-10T12:00:00Z,-18.174997,147.42499,3.116022099447514,29.44
2016-02-11T12:00:00Z,-18.174997,147.42499,3.0939226519337018,29.58
2016-02-12T12:00:00Z,-18.174997,147.42499,3.0718232044198897,29.52
2016-02-13T12:00:00Z,-18.174997,147.42499,3.0497237569060776,29.63
2016-02-14T12:00:00Z,-18.174997,147.42499,3.027624309392265,29.85
2016-02-15T12:00:00Z,-18.174997,147.42499,3.005524861878453,29.73
2016-02-16T12:00:00Z,-18.174997,147.42499,2.983425414364641,29.72
2016-02-17T12:00:00Z,-18.174997,147.42499,2.9613259668508287,30.65
2016-02-18T12:00:00Z,-18.174997,147.42499,2.9392265193370166,30.08
2016-02-19T12:00:00Z,-18.174997,147.42499,2.9171270718232045,30.15
2016-02-20T12:00:00Z,-18.174997,147.42499,2.8950276243093924,30.45
2016-02-21T12:00:00Z,-18.174997,147.42499,2.8729281767955803,29.85
2016-02-22T12:00:00Z,-18.174997,147.42499,2.850828729281768,29.59
2016-02-23T12:00:00Z,-18.174997,147.42499,2.8287292817679557,29.58
2016-02-24T12:00:00Z,-18.174997,147.42499,2.8066298342541436,29.73
2016-02-25T12:00:00Z,-18.174997,147.42499,2.7845303867403315,29.69
2016-02-26T12:00:00Z,-18.174997,147.42499,2.7624309392265194,29.99
2016-02-27T12:00:00Z,-18.174997,147.42499,2.7403314917127073,29.91
2016-02-28T12:00:00Z,-18.174997,147.42499,2.718232044198895,30.09
2016-02-29T12:00:00Z,-18.174997,147.42499,2.696132596685083,30.12
2016-03-01T12:00:00Z,-18.174997,147.42499,2.6740331491712706,30.13
2016-03-02T12:00:00Z,-18.174997,147.42499,2.6519337016574585,29.99
2016-03-03T12:00:00Z,-18.174997,147.42499,2.6298342541436464,29.8
2016-03-04T12:00:00Z,-18.174997,147.42499,2.6077348066298343,29.51
2016-03-05T12:00:00Z,-18.174997,147.42499,2.585635359116022,29.42
2016-03-06T12:00:00Z,-18.174997,147.42499,2.56353591160221,29.41
2016-03-07T12:00:00Z,-18.174997,147.42499,2.541436464088398,29.46
2016-03-08T12:00:00Z,-18.174997,147.42499,2.5193370165745854,29.24
2016-03-09T12:00:00Z,-18.174997,147.42499,2.4972375690607733,29.14
2016-03-10T12:00:00Z,-18.174997,147.42499,2.4751381215469612,29.44
2016-03-11T12:00:00Z,-18.174997,147.42499,2.453038674033149,29.41
2016-03-12T12:00:00Z,-18.174997,147.42499,2.430939226519337,29.11
2016-03-13T12:00:00Z,-18.174997,147.42499,2.408839779005525,29.39
2016-03-14T12:00:00Z,-18.174997,147.42499,2.386740331491713,29.21
2016-03-15T12:00:00Z,-18.174997,147.42499,2.3646408839779007,29.24
2016-03-16T12:00:00Z,-18.174997,147.42499,2.342541436464088,29.58
2016-03-17T12:00:00Z,-18.174997,147.42499,2.320441988950276,29.54
2016-03-18T12:00:00Z,-18.174997,147.42499,2.298342541436464,29.14
2016-03-19T12:00:00Z,-18.174997,147.42499,2.276243093922652,29.13
2016-03-20T12:00:00Z,-18.174997,147.42499,2.25414364640884,29.2
2016-03-21T12:00:00Z,-18.174997,147.42499,2.2320441988950277,29.42
2016-03-22T12:00:00Z,-18.174997,147.42499,2.2099447513812156,29.59
2016-03-23T12:00:00Z,-18.174997,147.42499,2.1878453038674035,29.64
2016-03-24T12:00:00Z,-18.174997,147.42499,2.165745856353591,29.59
2016-03-25T12:00:00Z,-18.174997,147.42499,2.143646408839779,29.63
2016-03-26T12:00:00Z,-18.174997,147.42499,2.1215469613259668,29.43
2016-03-27T12:00:00Z,-18.174997,147.42499,2.0994475138121547,29.5
2016-03-28T12:00:00Z,-18.174997,147.42499,2.0773480662983426,29.44
2016-03-29T12:00:00Z,-18.174997,147.42499,2.0552486187845305,29.38
2016-03-30T12:00:00Z,-18.174997,147.42499,2.0331491712707184,29.49
2016-03-31T12:00:00Z,-18.174997,147.42499,2.0110497237569063,29.32
2016-04-01T12:00:00Z,-18.174997,147.42499,1.988950276243094,29.19
2016-04-02T12:00:00Z,-18.174997,147.42499,1.9668508287292819,29.21
2016-04-03T12:00:00Z,-18.174997,147.42499,1.9447513812154695,28.95
2016-04-04T12:00:00Z,-18.174997,147.42499,1.9226519337016574,28.78
2016-04-05T12:00:00Z,-18.174997,147.42499,1.9005524861878453,28.74
2016-04-06T12:00:00Z,-18.174997,147.42499,1.8784530386740332,28.73
2016-04-07T12:00:00Z,-18.174997,147.42499,1.856353591160221,28.5
2016-04-08T12:00:00Z,-18.174997,147.42499,1.8342541436464088,28.66
2016-04-09T12:00:00Z,-18.174997,147.42499,1.8121546961325967,28.57
2016-04-10T12:00:00Z,-18.174997,147.42499,1.7900552486187846,28.6
2016-04-11T12:00:00Z,-18.174997,147.42499,1.7679558011049723,28.62
2016-04-12T12:00:00Z,-18.174997,147.42499,1.7458563535911602,28.53
2016-04-13T12:00:00Z,-18.174997,147.42499,1.723756906077348,28.16
2016-04-14T12:00:00Z,-18.174997,147.42499,1.701657458563536,28.06
2016-04-15T12:00:00Z,-18.174997,147.42499,1.6795580110497237,28.08
2016-04-16T12:00:00Z,-18.174997,147.42499,1.6574585635359116,28.12
2016-04-17T12:00:00Z,-18.174997,147.42499,1.6353591160220995,27.75
2016-04-18T12:00:00Z,-18.174997,147.42499,1.6132596685082874,27.9
2016-04-19T12:00:00Z,-18.174997,147.42499,1.591160220994475,28.01
2016-04-20T12:00:00Z,-18.174997,147.42499,1.569060773480663,27.96
2016-04-21T12:00:00Z,-18.174997,147.42499,1.5469613259668509,28.11
2016-04-22T12:00:00Z,-18.174997,147.42499,1.5248618784530388,28.05
2016-04-23T12:00:00Z,-18.174997,147.42499,1.5027624309392265,27.79
2016-04-24T12:00:00Z,-18.174997,147.42499,1.4806629834254144,27.93
2016-04-25T12:00:00Z,-18.174997,147.42499,1.4585635359116023,27.81
2016-04-26T12:00:00Z,-18.174997,147.42499,1.4364640883977902,27.65
2016-04-27T12:00:00Z,-18.174997,147.42499,1.4143646408839778,27.75
2016-04-28T12:00:00Z,-18.174997,147.42499,1.3922651933701657,27.77
2016-04-29T12:00:00Z,-18.174997,147.42499,1.3701657458563536,27.74
2016-04-30T12:00:00Z,-18.174997,147.42499,1.3480662983425415,27.64
2016-05-01T12:00:00Z,-18.174997,147.42499,1.3259668508287292,27.71
2016-05-02T12:00:00Z,-18.174997,147.42499,1.3038674033149171,27.86
2016-05-03T12:00:00Z,-18.174997,147.42499,1.281767955801105,27.91
2016-05-04T12:00:00Z,-18.174997,147.42499,1.2596685082872927,27.93
2016-05-05T12:00:00Z,-18.174997,147.42499,1.2375690607734806,28.0
2016-05-06T12:00:00Z,-18.174997,147.42499,1.2154696132596685,27.92
2016-05-07T12:00:00Z,-18.174997,147.42499,1.1933701657458564,27.75
2016-05-08T12:00:00Z,-18.174997,147.42499,1.171270718232044,27.78
2016-05-09T12:00:00Z,-18.174997,147.42499,1.149171270718232,27.75
2016-05-10T12:00:00Z,-18.174997,147.42499,1.12707182320442,28.06
2016-05-11T12:00:00Z,-18.174997,147.42499,1.1049723756906078,27.62
2016-05-12T12:00:00Z,-18.174997,147.42499,1.0828729281767955,27.55
2016-05-13T12:00:00Z,-18.174997,147.42499,1.0607734806629834,27.36
2016-05-14T12:00:00Z,-18.174997,147.42499,1.0386740331491713,27.43
2016-05-15T12:00:00Z,-18.174997,147.42499,1.0165745856353592,27.61
2016-05-16T12:00:00Z,-18.174997,147.42499,0.994475138121547,27.46
2016-05-17T12:00:00Z,-18.174997,147.42499,0.9723756906077348,27.49
2016-05-18T12:00:00Z,-18.174997,147.42499,0.9502762430939227,27.59
2016-05-19T12:00:00Z,-18.174997,147.42499,0.9281767955801105,27.43
2016-05-20T12:00:00Z,-18.174997,147.42499,0.9060773480662984,26.96
2016-05-21T12:00:00Z,-18.174997,147.42499,0.8839779005524862,26.97
2016-05-22T12:00:00Z,-18.174997,147.42499,0.861878453038674,27.06
2016-05-23T12:00:00Z,-18.174997,147.42499,0.8397790055248618,27.32
2016-05-24T12:00:00Z,-18.174997,147.42499,0.8176795580110497,27.08
2016-05-25T12:00:00Z,-18.174997,147.42499,0.7955801104972375,27.02
2016-05-26T12:00:00Z,-18.174997,147.42499,0.7734806629834254,26.92
2016-05-27T12:00:00Z,-18.174997,147.42499,0.7513812154696132,27.47
2016-05-28T12:00:00Z,-18.174997,147.42499,0.7292817679558011,27.35
2016-05-29T12:00:00Z,-18.174997,147.42499,0.7071823204419889,27.06
2016-05-30T12:00:00Z,-18.174997,147.42499,0.6850828729281768,27.15
2016-05-31T12:00:00Z,-18.174997,147.42499,0.6629834254143646,27.12
2016-06-01T12:00:00Z,-18.174997,147.42499,0.6408839779005525,27.26
2016-06-02T12:00:00Z,-18.174997,147.42499,0.6187845303867403,27.04
2016-06-03T12:00:00Z,-18.174997,147.42499,0.5966850828729282,26.93
2016-06-04T12:00:00Z,-18.174997,147.42499,0.574585635359116,27.15
2016-06-05T12:00:00Z,-18.174997,147.42499,0.5524861878453039,27.03
2016-06-06T12:00:00Z,-18.174997,147.42499,0.5303867403314917,26.88
2016-06-07T12:00:00Z,-18.174997,147.42499,0.5082872928176796,26.89
2016-06-08T12:00:00Z,-18.174997,147.42499,0.4861878453038674,26.92
2016-06-09T12:00:00Z,-18.174997,147.42499,0.46408839779005523,26.84
2016-06-10T12:00:00Z,-18.174997,147.42499,0.4419889502762431,27.09
2016-06-11T12:00:00Z,-18.174997,147.42499,0.4198895027624309,26.87
2016-06-12T12:00:00Z,-18.174997,147.42499,0.39779005524861877,26.81
2016-06-13T12:00:00Z,-18.174997,147.42499,0.3756906077348066,26.54
2016-06-14T12:00:00Z,-18.174997,147.42499,0.35359116022099446,26.44
2016-06-15T12:00:00Z,-18.174997,147.42499,0.3314917127071823,26.21
2016-06-16T12:00:00Z,-18.174997,147.42499,0.30939226519337015,26.19
2016-06-17T12:00:00Z,-18.174997,147.42499,0.287292817679558,26.48
2016-06-18T12:00:00Z,-18.174997,147.42499,0.26519337016574585,26.34
2016-06-19T12:00:00Z,-18.174997,147.42499,0.2430939226519337,26.09
2016-06-20T12:00:00Z,-18.174997,147.42499,0.22099447513812154,25.99
2016-06-21T12:00:00Z,-18.174997,147.42499,0.19889502762430938,26.27
2016-06-22T12:00:00Z,-18.174997,147.42499,0.17679558011049723,26.45
2016-06-23T12:00:00Z,-18.174997,147.42499,0.15469613259668508,26.39
2016-06-24T12:00:00Z,-18.174997,147.42499,0.13259668508287292,26.62
2016-06-25T12:00:00Z,-18.174997,147.42499,0.11049723756906077,26.3
2016-06-26T12:00:00Z,-18.174997,147.42499,0.08839779005524862,26.4
2016-06-27T12:00:00Z,-18.174997,147.42499,0.06629834254143646,26.74
2016-06-28T12:00:00Z,-18.174997,147.42499,0.04419889502762431,26.7
2016-06-29T12:00:00Z,-18.174997,147.42499,0.022099447513812154,26.45
2016-06-30T12:00:00Z,-18.174997,147.42499,0.0,26.49
2016-07-01T12:00:00Z,-18.174997,147.42499,-0.022099447513812154,26.59
2016-07-02T12:00:00Z,-18.174997,147.42499,0.0,26.31
2016-07-03T12:00:00Z,-18.174997,147.42499,0.022099447513812154,26.05
2016-07-04T12:00:00Z,-18.174997,147.42499,0.04419889502762431,26.07
2016-07-05T12:00:00Z,-18.174997,147.42499,0.06629834254143646,26.39
2016-07-06T12:00:00Z,-18.174997,147.42499,0.08839779005524862,26.55
2016-07-07T12:00:00Z,-18.174997,147.42499,0.11049723756906077,26.27
2016-07-08T12:00:00Z,-18.174997,147.42499,0.13259668508287292,26.2
2016-07-09T12:00:00Z,-18.174997,147.42499,0.15469613259668508,25.93
2016-07-10T12:00:00Z,-18.174997,147.42499,0.17679558011049723,25.98
2016-07-11T12:00:00Z,-18.174997,147.42499,0.19889502762430938,26.02
2016-07-12T12:00:00Z,-18.174997,147.42499,0.22099447513812154,26.01
2016-07-13T12:00:00Z,-18.174997,147.42499,0.2430939226519337,25.88
2016-07-14T12:00:00Z,-18.174997,147.42499,0.26519337016574585,25.67
2016-07-15T12:00:00Z,-18.174997,147.42499,0.287292817679558,25.42
2016-07-16T12:00:00Z,-18.174997,147.42499,0.30939226519337015,25.43
2016-07-17T12:00:00Z,-18.174997,147.42499,0.3314917127071823,25.52
2016-07-18T12:00:00Z,-18.174997,147.42499,0.35359116022099446,25.13
2016-07-19T12:00:00Z,-18.174997,147.42499,0.3756906077348066,25.05
2016-07-20T12:00:00Z,-18.174997,147.42499,0.39779005524861877,25.46
2016-07-21T12:00:00Z,-18.174997,147.42499,0.4198895027624309,25.5
2016-07-22T12:00:00Z,-18.174997,147.42499,0.4419889502762431,25.62
2016-07-23T12:00:00Z,-18.174997,147.42499,0.46408839779005523,25.85
2016-07-24T12:00:00Z,-18.174997,147.42499,0.4861878453038674,25.98
2016-07-25T12:00:00Z,-18.174997,147.42499,0.5082872928176796,25.94
2016-07-26T12:00:00Z,-18.174997,147.42499,0.5303867403314917,26.02
2016-07-27T12:00:00Z,-18.174997,147.42499,0.5524861878453039,26.11
2016-07-28T12:00:00Z,-18.174997,147.42499,0.574585635359116,26.02
2016-07-29T12:00:00Z,-18.174997,147.42499,0.5966850828729282,25.74
2016-07-30T12:00:00Z,-18.174997,147.42499,0.6187845303867403,25.61
2016-07-31T12:00:00Z,-18.174997,147.42499,0.6408839779005525,25.59
2016-08-01T12:00:00Z,-18.174997,147.42499,0.6629834254143646,25.52
2016-08-02T12:00:00Z,-18.174997,147.42499,0.6850828729281768,25.65
2016-08-03T12:00:00Z,-18.174997,147.42499,0.7071823204419889,25.84
2016-08-04T12:00:00Z,-18.174997,147.42499,0.7292817679558011,25.65
2016-08-05T12:00:00Z,-18.174997,147.42499,0.7513812154696132,25.09
2016-08-06T12:00:00Z,-18.174997,147.42499,0.7734806629834254,24.71
2016-08-07T12:00:00Z,-18.174997,147.42499,0.7955801104972375,24.72
2016-08-08T12:00:00Z,-18.174997,147.42499,0.8176795580110497,24.95
2016-08-09T12:00:00Z,-18.174997,147.42499,0.8397790055248618,24.86
2016-08-10T12:00:00Z,-18.174997,147.42499,0.861878453038674,24.93
2016-08-11T12:00:00Z,-18.174997,147.42499,0.8839779005524862,24.97
2016-08-12T12:00:00Z,-18.174997,147.42499,0.9060773480662984,24.92
2016-08-13T12:00:00Z,-18.174997,147.42499,0.9281767955801105,24.98
2016-08-14T12:00:00Z,-18.174997,147.42499,0.9502762430939227,24.81
2016-08-15T12:00:00Z,-18.174997,147.42499,0.9723756906077348,24.62
2016-08-16T12:00:00Z,-18.174997,147.42499,0.994475138121547,24.48
2016-08-17T12:00:00Z,-18.174997,147.42499,1.0165745856353592,24.41
2016-08-18T12:00:00Z,-18.174997,147.42499,1.0386740331491713,24.52
2016-08-19T12:00:00Z,-18.174997,147.42499,1.0607734806629834,24.37
2016-08-20T12:00:00Z,-18.174997,147.42499,1.0828729281767955,24.48
2016-08-21T12:00:00Z,-18.174997,147.42499,1.1049723756906078,24.5
2016-08-22T12:00:00Z,-18.174997,147.42499,1.12707182320442,24.45
2016-08-23T12:00:00Z,-18.174997,147.42499,1.149171270718232,25.06
2016-08-24T12:00:00Z,-18.174997,147.42499,1.171270718232044,25.19
2016-08-25T12:00:00Z,-18.174997,147.42499,1.1933701657458564,24.62
2016-08-26T12:00:00Z,-18.174997,147.42499,1.2154696132596685,24.95
2016-08-27T12:00:00Z,-18.174997,147.42499,1.2375690607734806,25.22
2016-08-28T12:00:00Z,-18.174997,147.42499,1.2596685082872927,25.1
2016-08-29T12:00:00Z,-18.174997,147.42499,1.281767955801105,24.94
2016-08-30T12:00:00Z,-18.174997,147.42499,1.3038674033149171,24.9
2016-08-31T12:00:00Z,-18.174997,147.42499,1.3259668508287292,24.91
2016-09-01T12:00:00Z,-18.174997,147.42499,1.3480662983425415,25.21
2016-09-02T12:00:00Z,-18.174997,147.42499,1.3701657458563536,25.1
2016-09-03T12:00:00Z,-18.174997,147.42499,1.3922651933701657,25.63
2016-09-04T12:00:00Z,-18.174997,147.42499,1.4143646408839778,25.39
2016-09-05T12:00:00Z,-18.174997,147.42499,1.4364640883977902,25.35
2016-09-06T12:00:00Z,-18.174997,147.42499,1.4585635359116023,25.3
2016-09-07T12:00:00Z,-18.174997,147.42499,1.4806629834254144,25.17
2016-09-08T12:00:00Z,-18.174997,147.42499,1.5027624309392265,25.07
2016-09-09T12:00:00Z,-18.174997,147.42499,1.5248618784530388,25.38
2016-09-10T12:00:00Z,-18.174997,147.42499,1.5469613259668509,25.48
2016-09-11T12:00:00Z,-18.174997,147.42499,1.569060773480663,25.57
2016-09-12T12:00:00Z,-18.174997,147.42499,1.591160220994475,25.59
2016-09-13T12:00:00Z,-18.174997,147.42499,1.6132596685082874,25.66
2016-09-14T12:00:00Z,-18.174997,147.42499,1.6353591160220995,25.66
2016-09-15T12:00:00Z,-18.174997,147.42499,1.6574585635359116,25.63
2016-09-16T12:00:00Z,-18.174997,147.42499,1.6795580110497237,25.6
2016-09-17T12:00:00Z,-18.174997,147.42499,1.701657458563536,25.92
2016-09-18T12:00:00Z,-18.174997,147.42499,1.723756906077348,26.15
2016-09-19T12:00:00Z,-18.174997,147.42499,1.7458563535911602,26.14
2016-09-20T12:00:00Z,-18.174997,147.42499,1.7679558011049723,26.25
2016-09-21T12:00:00Z,-18.174997,147.42499,1.7900552486187846,26.28
2016-09-22T12:00:00Z,-18.174997,147.42499,1.8121546961325967,26.17
2016-09-23T12:00:00Z,-18.174997,147.42499,1.8342541436464088,25.9
2016-09-24T12:00:00Z,-18.174997,147.42499,1.856353591160221,26.06
2016-09-25T12:00:00Z,-18.174997,147.42499,1.8784530386740332,26.27
2016-09-26T12:00:00Z,-18.174997,147.42499,1.9005524861878453,27.43
2016-09-27T12:00:00Z,-18.174997,147.42499,1.9226519337016574,27.42
2016-09-28T12:00:00Z,-18.174997,147.42499,1.9447513812154695,27.1
2016-09-29T12:00:00Z,-18.174997,147.42499,1.9668508287292819,26.8
2016-09-30T12:00:00Z,-18.174997,147.42499,1.988950276243094,26.97
2016-10-01T12:00:00Z,-18.174997,147.42499,2.0110497237569063,27.11
2016-10-02T12:00:00Z,-18.174997,147.42499,2.0331491712707184,27.07
2016-10-03T12:00:00Z,-18.174997,147.42499,2.0552486187845305,26.99
2016-10-04T12:00:00Z,-18.174997,147.42499,2.0773480662983426,27.03
2016-10-05T12:00:00Z,-18.174997,147.42499,2.0994475138121547,26.73
2016-10-06T12:00:00Z,-18.174997,147.42499,2.1215469613259668,26.53
2016-10-07T12:00:00Z,-18.174997,147.42499,2.143646408839779,26.55
2016-10-08T12:00:00Z,-18.174997,147.42499,2.165745856353591,26.39
2016-10-09T12:00:00Z,-18.174997,147.42499,2.1878453038674035,26.42
2016-10-10T12:00:00Z,-18.174997,147.42499,2.2099447513812156,26.51
2016-10-11T12:00:00Z,-18.174997,147.42499,2.2320441988950277,26.48
2016-10-12T12:00:00Z,-18.174997,147.42499,2.25414364640884,26.75
2016-10-13T12:00:00Z,-18.174997,147.42499,2.276243093922652,26.74
2016-10-14T12:00:00Z,-18.174997,147.42499,2.298342541436464,26.7
2016-10-15T12:00:00Z,-18.174997,147.42499,2.320441988950276,26.47
2016-10-16T12:00:00Z,-18.174997,147.42499,2.342541436464088,26.71
2016-10-17T12:00:00Z,-18.174997,147.42499,2.3646408839779007,26.92
2016-10-18T12:00:00Z,-18.174997,147.42499,2.386740331491713,26.71
2016-10-19T12:00:00Z,-18.174997,147.42499,2.408839779005525,26.7
2016-10-20T12:00:00Z,-18.174997,147.42499,2.430939226519337,26.8
2016-10-21T12:00:00Z,-18.174997,147.42499,2.453038674033149,26.86
2016-10-22T12:00:00Z,-18.174997,147.42499,2.4751381215469612,26.87
2016-10-23T12:00:00Z,-18.174997,147.42499,2.4972375690607733,26.66
2016-10-24T12:00:00Z,-18.174997,147.42499,2.5193370165745854,26.61
2016-10-25T12:00:00Z,-18.174997,147.42499,2.541436464088398,26.62
2016-10-26T12:00:00Z,-18.174997,147.42499,2.56353591160221,26.73
2016-10-27T12:00:00Z,-18.174997,147.42499,2.585635359116022,26.7
2016-10-28T12:00:00Z,-18.174997,147.42499,2.6077348066298343,26.88
2016-10-29T12:00:00Z,-18.174997,147.42499,2.6298342541436464,26.87
2016-10-30T12:00:00Z,-18.174997,147.42499,2.6519337016574585,26.93
2016-10-31T12:00:00Z,-18.174997,147.42499,2.6740331491712706,26.99
2016-11-01T12:00:00Z,-18.174997,147.42499,2.696132596685083,27.15
2016-11-02T12:00:00Z,-18.174997,147.42499,2.718232044198895,27.24
2016-11-03T12:00:00Z,-18.174997,147.42499,2.7403314917127073,27.06
2016-11-04T12:00:00Z,-18.174997,147.42499,2.7624309392265194,26.9
2016-11-05T12:00:00Z,-18.174997,147.42499,2.7845303867403315,26.91
2016-11-06T12:00:00Z,-18.174997,147.42499,2.8066298342541436,27.33
2016-11-07T12:00:00Z,-18.174997,147.42499,2.8287292817679557,27.35
2016-11-08T12:00:00Z,-18.174997,147.42499,2.850828729281768,27.39
2016-11-09T12:00:00Z,-18.174997,147.42499,2.8729281767955803,27.55
2016-11-10T12:00:00Z,-18.174997,147.42499,2.8950276243093924,27.64
2016-11-11T12:00:00Z,-18.174997,147.42499,2.9171270718232045,28.09
2016-11-12T12:00:00Z,-18.174997,147.42499,2.9392265193370166,27.88
2016-11-13T12:00:00Z,-18.174997,147.42499,2.9613259668508287,27.68
2016-11-14T12:00:00Z,-18.174997,147.42499,2.983425414364641,27.61
2016-11-15T12:00:00Z,-18.174997,147.42499,3.005524861878453,27.89
2016-11-16T12:00:00Z,-18.174997,147.42499,3.027624309392265,27.84
2016-11-17T12:00:00Z,-18.174997,147.42499,3.0497237569060776,27.56
2016-11-18T12:00:00Z,-18.174997,147.42499,3.0718232044198897,27.34
2016-11-19T12:00:00Z,-18.174997,147.42499,3.0939226519337018,27.22
2016-11-20T12:00:00Z,-18.174997,147.42499,3.116022099447514,27.24
2016-11-21T12:00:00Z,-18.174997,147.42499,3.138121546961326,27.11
2016-11-22T12:00:00Z,-18.174997,147.42499,3.160220994475138,27.03
2016-11-23T12:00:00Z,-18.174997,147.42499,3.18232044198895,27.32
2016-11-24T12:00:00Z,-18.174997,147.42499,3.2044198895027622,27.71
2016-11-25T12:00:00Z,-18.174997,147.42499,3.226519337016575,27.72
2016-11-26T12:00:00Z,-18.174997,147.42499,3.248618784530387,27.6
2016-11-27T12:00:00Z,-18.174997,147.42499,3.270718232044199,27.55
2016-11-28T12:00:00Z,-18.174997,147.42499,3.292817679558011,27.47
2016-11-29T12:00:00Z,-18.174997,147.42499,3.314917127071823,27.52
2016-11-30T12:00:00Z,-18.174997,147.42499,3.3370165745856353,27.92
2016-12-01T12:00:00Z,-18.174997,147.42499,3.3591160220994474,28.0
2016-12-02T12:00:00Z,-18.174997,147.42499,3.3812154696132595,28.24
2016-12-03T12:00:00Z,-18.174997,147.42499,3.403314917127072,28.32
2016-12-04T12:00:00Z,-18.174997,147.42499,3.425414364640884,28.22
2016-12-05T12:00:00Z,-18.174997,147.42499,3.447513812154696,28.13
2016-12-06T12:00:00Z,-18.174997,147.42499,3.4696132596685083,28.25
2016-12-07T12:00:00Z,-18.174997,147.42499,3.4917127071823204,28.04
2016-12-08T12:00:00Z,-18.174997,147.42499,3.5138121546961325,28.14
2016-12-09T12:00:00Z,-18.174997,147.42499,3.5359116022099446,28.16
2016-12-10T12:00:00Z,-18.174997,147.42499,3.5580110497237567,28.39
2016-12-11T12:00:00Z,-18.174997,147.42499,3.5801104972375692,28.37
2016-12-12T12:00:00Z,-18.174997,147.42499,3.6022099447513813,28.11
2016-12-13T12:00:00Z,-18.174997,147.42499,3.6243093922651934,28.16
2016-12-14T12:00:00Z,-18.174997,147.42499,3.6464088397790055,28.26
2016-12-15T12:00:00Z,-18.174997,147.42499,3.6685082872928176,28.34
2016-12-16T12:00:00Z,-18.174997,147.42499,3.6906077348066297,28.45
2016-12-17T12:00:00Z,-18.174997,147.42499,3.712707182320442,28.54
2016-12-18T12:00:00Z,-18.174997,147.42499,3.734806629834254,28.57
2016-12-19T12:00:00Z,-18.174997,147.42499,3.7569060773480665,28.56
2016-12-20T12:00:00Z,-18.174997,147.42499,3.7790055248618786,28.45
2016-12-21T12:00:00Z,-18.174997,147.42499,3.8011049723756907,28.48
2016-12-22T12:00:00Z,-18.174997,147.42499,3.8232044198895028,28.45
2016-12-23T12:00:00Z,-18.174997,147.42499,3.845303867403315,28.51
2016-12-24T12:00:00Z,-18.174997,147.42499,3.867403314917127,28.56
2016-12-25T12:00:00Z,-18.174997,147.42499,3.889502762430939,28.4
2016-12-26T12:00:00Z,-18.174997,147.42499,3.911602209944751,28.41
2016-12-27T12:00:00Z,-18.174997,147.42499,3.9337016574585637,28.42
2016-12-28T12:00:00Z,-18.174997,147.42499,3.955801104972376,28.51
2016-12-29T12:00:00Z,-18.174997,147.42499,3.977900552486188,28.55
2016-12-30T12:00:00Z,-18.174997,147.42499,4.0,28.77
2016-12-31T12:00:00Z,-18.174997,147.42499,4.0220994475138125,28.83
2017-01-01T12:00:00Z,-18.174997,147.42499,4.0,28.97
2017-01-02T12:00:00Z,-18.174997,147.42499,3.977900552486188,28.94
2017-01-03T12:00:00Z,-18.174997,147.42499,3.955801104972376,29.26
2017-01-04T12:00:00Z,-18.174997,147.42499,3.9337016574585637,29.27
2017-01-05T12:00:00Z,-18.174997,147.42499,3.911602209944751,29.16
2017-01-06T12:00:00Z,-18.174997,147.42499,3.889502762430939,29.19
2017-01-07T12:00:00Z,-18.174997,147.42499,3.867403314917127,29.21
2017-01-08T12:00:00Z,-18.174997,147.42499,3.845303867403315,28.94
2017-01-09T12:00:00Z,-18.174997,147.42499,3.8232044198895028,28.82
2017-01-10T12:00:00Z,-18.174997,147.42499,3.8011049723756907,28.7
2017-01-11T12:00:00Z,-18.174997,147.42499,3.7790055248618786,28.67
2017-01-12T12:00:00Z,-18.174997,147.42499,3.7569060773480665,29.25
2017-01-13T12:00:00Z,-18.174997,147.42499,3.734806629834254,29.32
2017-01-14T12:00:00Z,-18.174997,147.42499,3.712707182320442,29.29
2017-01-15T12:00:00Z,-18.174997,147.42499,3.6906077348066297,29.13
2017-01-16T12:00:00Z,-18.174997,147.42499,3.6685082872928176,29.38
2017-01-17T12:00:00Z,-18.174997,147.42499,3.6464088397790055,29.52
2017-01-18T12:00:00Z,-18.174997,147.42499,3.6243093922651934,29.35
2017-01-19T12:00:00Z,-18.174997,147.42499,3.6022099447513813,29.31
2017-01-20T12:00:00Z,-18.174997,147.42499,3.5801104972375692,29.56
2017-01-21T12:00:00Z,-18.174997,147.42499,3.5580110497237567,29.9
2017-01-22T12:00:00Z,-18.174997,147.42499,3.5359116022099446,29.88
2017-01-23T12:00:00Z,-18.174997,147.42499,3.5138121546961325,29.93
2017-01-24T12:00:00Z,-18.174997,147.42499,3.4917127071823204,29.74
2017-01-25T12:00:00Z,-18.174997,147.42499,3.4696132596685083,29.73
2017-01-26T12:00:00Z,-18.174997,147.42499,3.447513812154696,29.66
2017-01-27T12:00:00Z,-18.174997,147.42499,3.425414364640884,29.73
2017-01-28T12:00:00Z,-18.174997,147.42499,3.403314917127072,29.65
2017-01-29T12:00:00Z,-18.174997,147.42499,3.3812154696132595,29.75
2017-01-30T12:00:00Z,-18.174997,147.42499,3.3591160220994474,29.6
2017-01-31T12:00:00Z,-18.174997,147.42499,3.3370165745856353,29.39
2017-02-01T12:00:00Z,-18.174997,147.42499,3.314917127071823,29.44
2017-02-02T12:00:00Z,-18.174997,147.42499,3.292817679558011,29.57
2017-02-03T12:00:00Z,-18.174997,147.42499,3.270718232044199,29.36
2017-02-04T12:00:00Z,-18.174997,147.42499,3.248618784530387,29.41
2017-02-05T12:00:00Z,-18.174997,147.42499,3.226519337016575,29.21
2017-02-06T12:00:00Z,-18.174997,147.42499,3.2044198895027622,28.95
2017-02-07T12:00:00Z,-18.174997,147.42499,3.18232044198895,29.03
2017-02-08T12:00:00Z,-18.174997,147.42499,3.160220994475138,29.15
2017-02-09T12:00:00Z,-18.174997,147.42499,3.138121546961326,28.92
2017-02-10T12:00:00Z,-18.174997,147.42499,3.116022099447514,29.04
2017-02-11T12:00:00Z,-18.174997,147.42499,3.0939226519337018,29.19
2017-02-12T12:00:00Z,-18.174997,147.42499,3.0718232044198897,29.19
2017-02-13T12:00:00Z,-18.174997,147.42499,3.0497237569060776,29.57
2017-02-14T12:00:00Z,-18.174997,147.42499,3.027624309392265,29.5
2017-02-15T12:00:00Z,-18.174997,147.42499,3.005524861878453,29.29
2017-02-16T12:00:00Z,-18.174997,147.42499,2.983425414364641,29.21
2017-02-17T12:00:00Z,-18.174997,147.42499,2.9613259668508287,29.28
2017-02-18T12:00:00Z,-18.174997,147.42499,2.9392265193370166,29.41
2017-02-19T12:00:00Z,-18.174997,147.42499,2.9171270718232045,29.81
2017-02-20T12:00:00Z,-18.174997,147.42499,2.8950276243093924,29.46
2017-02-21T12:00:00Z,-18.174997,147.42499,2.8729281767955803,29.65
2017-02-22T12:00:00Z,-18.174997,147.42499,2.850828729281768,29.68
2017-02-23T12:00:00Z,-18.174997,147.42499,2.8287292817679557,29.5
2017-02-24T12:00:00Z,-18.174997,147.42499,2.8066298342541436,29.67
2017-02-25T12:00:00Z,-18.174997,147.42499,2.7845303867403315,29.78
2017-02-26T12:00:00Z,-18.174997,147.42499,2.7624309392265194,29.62
2017-02-27T12:00:00Z,-18.174997,147.42499,2.7403314917127073,29.39
2017-02-28T12:00:00Z,-18.174997,147.42499,2.718232044198895,29.32
2017-03-01T12:00:00Z,-18.174997,147.42499,2.696132596685083,29.47
2017-03-02T12:00:00Z,-18.174997,147.42499,2.6740331491712706,29.27
2017-03-03T12:00:00Z,-18.174997,147.42499,2.6519337016574585,29.06
2017-03-04T12:00:00Z,-18.174997,147.42499,2.6298342541436464,28.98
2017-03-05T12:00:00Z,-18.174997,147.42499,2.6077348066298343,29.35
2017-03-06T12:00:00Z,-18.174997,147.42499,2.585635359116022,29.44
2017-03-07T12:00:00Z,-18.174997,147.42499,2.56353591160221,29.93
2017-03-08T12:00:00Z,-18.174997,147.42499,2.541436464088398,29.78
2017-03-09T12:00:00Z,-18.174997,147.42499,2.5193370165745854,29.87
2017-03-10T12:00:00Z,-18.174997,147.42499,2.4972375690607733,29.52
2017-03-11T12:00:00Z,-18.174997,147.42499,2.4751381215469612,29.53
2017-03-12T12:00:00Z,-18.174997,147.42499,2.453038674033149,29.41
2017-03-13T12:00:00Z,-18.174997,147.42499,2.430939226519337,30.01
2017-03-14T12:00:00Z,-18.174997,147.42499,2.408839779005525,29.84
2017-03-15T12:00:00Z,-18.174997,147.42499,2.386740331491713,29.76
2017-03-16T12:00:00Z,-18.174997,147.42499,2.3646408839779007,29.72
2017-03-17T12:00:00Z,-18.174997,147.42499,2.342541436464088,29.89
2017-03-18T12:00:00Z,-18.174997,147.42499,2.320441988950276,29.91
2017-03-19T12:00:00Z,-18.174997,147.42499,2.298342541436464,29.72
2017-03-20T12:00:00Z,-18.174997,147.42499,2.276243093922652,29.44
2017-03-21T12:00:00Z,-18.174997,147.42499,2.25414364640884,29.8
2017-03-22T12:00:00Z,-18.174997,147.42499,2.2320441988950277,29.8
2017-03-23T12:00:00Z,-18.174997,147.42499,2.2099447513812156,29.9
2017-03-24T12:00:00Z,-18.174997,147.42499,2.1878453038674035,29.57
2017-03-25T12:00:00Z,-18.174997,147.42499,2.165745856353591,29.86
2017-03-26T12:00:00Z,-18.174997,147.42499,2.143646408839779,29.76
2017-03-27T12:00:00Z,-18.174997,147.42499,2.1215469613259668,29.59
2017-03-28T12:00:00Z,-18.174997,147.42499,2.0994475138121547,28.76
2017-03-29T12:00:00Z,-18.174997,147.42499,2.0773480662983426,29.33
2017-03-30T12:00:00Z,-18.174997,147.42499,2.0552486187845305,28.91
2017-03-31T12:00:00Z,-18.174997,147.42499,2.0331491712707184,29.49
2017-04-01T12:00:00Z,-18.174997,147.42499,2.0110497237569063,29.17
2017-04-02T12:00:00Z,-18.174997,147.42499,1.988950276243094,29.46
2017-04-03T12:00:00Z,-18.174997,147.42499,1.9668508287292819,29.35
2017-04-04T12:00:00Z,-18.174997,147.42499,1.9447513812154695,29.13
2017-04-05T12:00:00Z,-18.174997,147.42499,1.9226519337016574,29.13
2017-04-06T12:00:00Z,-18.174997,147.42499,1.9005524861878453,28.9
2017-04-07T12:00:00Z,-18.174997,147.42499,1.8784530386740332,28.74
2017-04-08T12:00:00Z,-18.174997,147.42499,1.856353591160221,28.63
2017-04-09T12:00:00Z,-18.174997,147.42499,1.8342541436464088,28.58
2017-04-10T12:00:00Z,-18.174997,147.42499,1.8121546961325967,28.48
2017-04-11T12:00:00Z,-18.174997,147.42499,1.7900552486187846,28.31
2017-04-12T12:00:00Z,-18.174997,147.42499,1.7679558011049723,28.42
2017-04-13T12:00:00Z,-18.174997,147.42499,1.7458563535911602,28.17
2017-04-14T12:00:00Z,-18.174997,147.42499,1.723756906077348,28.34
2017-04-15T12:00:00Z,-18.174997,147.42499,1.701657458563536,28.35
2017-04-16T12:00:00Z,-18.174997,147.42499,1.6795580110497237,28.22
2017-04-17T12:00:00Z,-18.174997,147.42499,1.6574585635359116,28.01
2017-04-18T12:00:00Z,-18.174997,147.42499,1.6353591160220995,27.93
2017-04-19T12:00:00Z,-18.174997,147.42499,1.6132596685082874,27.74
2017-04-20T12:00:00Z,-18.174997,147.42499,1.591160220994475,27.45
2017-04-21T12:00:00Z,-18.174997,147.42499,1.569060773480663,27.28
2017-04-22T12:00:00Z,-18.174997,147.42499,1.5469613259668509,27.26
2017-04-23T12:00:00Z,-18.174997,147.42499,1.5248618784530388,27.17
2017-04-24T12:00:00Z,-18.174997,147.42499,1.5027624309392265,27.19
2017-04-25T12:00:00Z,-18.174997,147.42499,1.4806629834254144,26.97
2017-04-26T12:00:00Z,-18.174997,147.42499,1.4585635359116023,26.98
2017-04-27T12:00:00Z,-18.174997,147.42499,1.4364640883977902,27.04
2017-04-28T12:00:00Z,-18.174997,147.42499,1.4143646408839778,26.59
2017-04-29T12:00:00Z,-18.174997,147.42499,1.3922651933701657,26.58
2017-04-30T12:00:00Z,-18.174997,147.42499,1.3701657458563536,26.61
2017-05-01T12:00:00Z,-18.174997,147.42499,1.3480662983425415,26.46
2017-05-02T12:00:00Z,-18.174997,147.42499,1.3259668508287292,26.31
2017-05-03T12:00:00Z,-18.174997,147.42499,1.3038674033149171,26.42
2017-05-04T12:00:00Z,-18.174997,147.42499,1.281767955801105,26.36
2017-05-05T12:00:00Z,-18.174997,147.42499,1.2596685082872927,26.43
2017-05-06T12:00:00Z,-18.174997,147.42499,1.2375690607734806,26.21
2017-05-07T12:00:00Z,-18.174997,147.42499,1.2154696132596685,26.49
2017-05-08T12:00:00Z,-18.174997,147.42499,1.1933701657458564,26.37
2017-05-09T12:00:00Z,-18.174997,147.42499,1.171270718232044,26.22
2017-05-10T12:00:00Z,-18.174997,147.42499,1.149171270718232,26.22
2017-05-11T12:00:00Z,-18.174997,147.42499,1.12707182320442,26.16
2017-05-12T12:00:00Z,-18.174997,147.42499,1.1049723756906078,25.97
2017-05-13T12:00:00Z,-18.174997,147.42499,1.0828729281767955,25.97
2017-05-14T12:00:00Z,-18.174997,147.42499,1.0607734806629834,26.1
2017-05-15T12:00:00Z,-18.174997,147.42499,1.0386740331491713,26.33
2017-05-16T12:00:00Z,-18.174997,147.42499,1.0165745856353592,26.23
2017-05-17T12:00:00Z,-18.174997,147.42499,0.994475138121547,26.04
2017-05-18T12:00:00Z,-18.174997,147.42499,0.9723756906077348,25.93
2017-05-19T12:00:00Z,-18.174997,147.42499,0.9502762430939227,25.75
2017-05-20T12:00:00Z,-18.174997,147.42499,0.9281767955801105,25.92
2017-05-21T12:00:00Z,-18.174997,147.42499,0.9060773480662984,25.95
2017-05-22T12:00:00Z,-18.174997,147.42499,0.8839779005524862,25.86
2017-05-23T12:00:00Z,-18.174997,147.42499,0.861878453038674,26.03
2017-05-24T12:00:00Z,-18.174997,147.42499,0.8397790055248618,26.1
2017-05-25T12:00:00Z,-18.174997,147.42499,0.8176795580110497,26.1
2017-05-26T12:00:00Z,-18.174997,147.42499,0.7955801104972375,26.12
2017-05-27T12:00:00Z,-18.174997,147.42499,0.7734806629834254,26.1
2017-05-28T12:00:00Z,-18.174997,147.42499,0.7513812154696132,26.15
2017-05-29T12:00:00Z,-18.174997,147.42499,0.7292817679558011,25.95
2017-05-30T12:00:00Z,-18.174997,147.42499,0.7071823204419889,25.63
2017-05-31T12:00:00Z,-18.174997,147.42499,0.6850828729281768,25.57
2017-06-01T12:00:00Z,-18.174997,147.42499,0.6629834254143646,25.67
2017-06-02T12:00:00Z,-18.174997,147.42499,0.6408839779005525,25.66
2017-06-03T12:00:00Z,-18.174997,147.42499,0.6187845303867403,25.76
2017-06-04T12:00:00Z,-18.174997,147.42499,0.5966850828729282,25.72
2017-06-05T12:00:00Z,-18.174997,147.42499,0.574585635359116,25.6
2017-06-06T12:00:00Z,-18.174997,147.42499,0.5524861878453039,25.48
2017-06-07T12:00:00Z,-18.174997,147.42499,0.5303867403314917,25.47
2017-06-08T12:00:00Z,-18.174997,147.42499,0.5082872928176796,25.54
2017-06-09T12:00:00Z,-18.174997,147.42499,0.4861878453038674,25.37
2017-06-10T12:00:00Z,-18.174997,147.42499,0.46408839779005523,24.99
2017-06-11T12:00:00Z,-18.174997,147.42499,0.4419889502762431,24.75
2017-06-12T12:00:00Z,-18.174997,147.42499,0.4198895027624309,25.1
2017-06-13T12:00:00Z,-18.174997,147.42499,0.39779005524861877,25.22
2017-06-14T12:00:00Z,-18.174997,147.42499,0.3756906077348066,24.8
2017-06-15T12:00:00Z,-18.174997,147.42499,0.35359116022099446,24.75
2017-06-16T12:00:00Z,-18.174997,147.42499,0.3314917127071823,24.87
2017-06-17T12:00:00Z,-18.174997,147.42499,0.30939226519337015,24.83
2017-06-18T12:00:00Z,-18.174997,147.42499,0.287292817679558,25.0
2017-06-19T12:00:00Z,-18.174997,147.42499,0.26519337016574585,24.98
2017-06-20T12:00:00Z,-18.174997,147.42499,0.2430939226519337,24.86
2017-06-21T12:00:00Z,-18.174997,147.42499,0.22099447513812154,24.96
2017-06-22T12:00:00Z,-18.174997,147.42499,0.19889502762430938,24.69
2017-06-23T12:00:00Z,-18.174997,147.42499,0.17679558011049723,24.57
2017-06-24T12:00:00Z,-18.174997,147.42499,0.15469613259668508,24.68
2017-06-25T12:00:00Z,-18.174997,147.42499,0.13259668508287292,24.84
2017-06-26T12:00:00Z,-18.174997,147.42499,0.11049723756906077,24.81
2017-06-27T12:00:00Z,-18.174997,147.42499,0.08839779005524862,24.7
2017-06-28T12:00:00Z,-18.174997,147.42499,0.06629834254143646,24.53
2017-06-29T12:00:00Z,-18.174997,147.42499,0.04419889502762431,24.61
2017-06-30T12:00:00Z,-18.174997,147.42499,0.022099447513812154,24.64
2017-07-01T12:00:00Z,-18.174997,147.42499,0.0,24.54
2017-07-02T12:00:00Z,-18.174997,147.42499,0.0,24.47
2017-07-03T12:00:00Z,-18.174997,147.42499,0.022099447513812154,24.69
2017-07-04T12:00:00Z,-18.174997,147.42499,0.04419889502762431,24.73
2017-07-05T12:00:00Z,-18.174997,147.42499,0.06629834254143646,24.84
2017-07-06T12:00:00Z,-18.174997,147.42499,0.08839779005524862,24.74
2017-07-07T12:00:00Z,-18.174997,147.42499,0.11049723756906077,24.98
2017-07-08T12:00:00Z,-18.174997,147.42499,0.13259668508287292,24.91
2017-07-09T12:00:00Z,-18.174997,147.42499,0.15469613259668508,24.88
2017-07-10T12:00:00Z,-18.174997,147.42499,0.17679558011049723,24.94
2017-07-11T12:00:00Z,-18.174997,147.42499,0.19889502762430938,24.84
2017-07-12T12:00:00Z,-18.174997,147.42499,0.22099447513812154,24.81
2017-07-13T12:00:00Z,-18.174997,147.42499,0.2430939226519337,24.75
2017-07-14T12:00:00Z,-18.174997,147.42499,0.26519337016574585,24.51
2017-07-15T12:00:00Z,-18.174997,147.42499,0.287292817679558,24.67
2017-07-16T12:00:00Z,-18.174997,147.42499,0.30939226519337015,24.54
2017-07-17T12:00:00Z,-18.174997,147.42499,0.3314917127071823,24.69
2017-07-18T12:00:00Z,-18.174997,147.42499,0.35359116022099446,24.49
2017-07-19T12:00:00Z,-18.174997,147.42499,0.3756906077348066,24.78
2017-07-20T12:00:00Z,-18.174997,147.42499,0.39779005524861877,24.42
2017-07-21T12:00:00Z,-18.174997,147.42499,0.4198895027624309,24.33
2017-07-22T12:00:00Z,-18.174997,147.42499,0.4419889502762431,24.37
2017-07-23T12:00:00Z,-18.174997,147.42499,0.46408839779005523,24.39
2017-07-24T12:00:00Z,-18.174997,147.42499,0.4861878453038674,24.5
2017-07-25T12:00:00Z,-18.174997,147.42499,0.5082872928176796,24.3
2017-07-26T12:00:00Z,-18.174997,147.42499,0.5303867403314917,24.31
2017-07-27T12:00:00Z,-18.174997,147.42499,0.5524861878453039,24.07
2017-07-28T12:00:00Z,-18.174997,147.42499,0.574585635359116,24.13
2017-07-29T12:00:00Z,-18.174997,147.42499,0.5966850828729282,24.49
2017-07-30T12:00:00Z,-18.174997,147.42499,0.6187845303867403,24.49
2017-07-31T12:00:00Z,-18.174997,147.42499,0.6408839779005525,24.68
2017-08-01T12:00:00Z,-18.174997,147.42499,0.6629834254143646,24.68
2017-08-02T12:00:00Z,-18.174997,147.42499,0.6850828729281768,24.65
2017-08-03T12:00:00Z,-18.174997,147.42499,0.7071823204419889,24.87
2017-08-04T12:00:00Z,-18.174997,147.42499,0.7292817679558011,24.6
2017-08-05T12:00:00Z,-18.174997,147.42499,0.7513812154696132,24.46
2017-08-06T12:00:00Z,-18.174997,147.42499,0.7734806629834254,24.87
2017-08-07T12:00:00Z,-18.174997,147.42499,0.7955801104972375,25.35
2017-08-08T12:00:00Z,-18.174997,147.42499,0.8176795580110497,25.38
2017-08-09T12:00:00Z,-18.174997,147.42499,0.8397790055248618,25.24
2017-08-10T12:00:00Z,-18.174997,147.42499,0.861878453038674,25.31
2017-08-11T12:00:00Z,-18.174997,147.42499,0.8839779005524862,25.34
2017-08-12T12:00:00Z,-18.174997,147.42499,0.9060773480662984,25.38
2017-08-13T12:00:00Z,-18.174997,147.42499,0.9281767955801105,25.27
2017-08-14T12:00:00Z,-18.174997,147.42499,0.9502762430939227,25.26
2017-08-15T12:00:00Z,-18.174997,147.42499,0.9723756906077348,25.29
2017-08-16T12:00:00Z,-18.174997,147.42499,0.994475138121547,25.5
2017-08-17T12:00:00Z,-18.174997,147.42499,1.0165745856353592,25.41
2017-08-18T12:00:00Z,-18.174997,147.42499,1.0386740331491713,25.48
2017-08-19T12:00:00Z,-18.174997,147.42499,1.0607734806629834,25.42
2017-08-20T12:00:00Z,-18.174997,147.42499,1.0828729281767955,25.41
2017-08-21T12:00:00Z,-18.174997,147.42499,1.1049723756906078,25.22
2017-08-22T12:00:00Z,-18.174997,147.42499,1.12707182320442,25.16
2017-08-23T12:00:00Z,-18.174997,147.42499,1.149171270718232,25.13
2017-08-24T12:00:00Z,-18.174997,147.42499,1.171270718232044,25.23
2017-08-25T12:00:00Z,-18.174997,147.42499,1.1933701657458564,25.17
2017-08-26T12:00:00Z,-18.174997,147.42499,1.2154696132596685,25.21
2017-08-27T12:00:00Z,-18.174997,147.42499,1.2375690607734806,25.31
2017-08-28T12:00:00Z,-18.174997,147.42499,1.2596685082872927,24.7
2017-08-29T12:00:00Z,-18.174997,147.42499,1.281767955801105,25.09
2017-08-30T12:00:00Z,-18.174997,147.42499,1.3038674033149171,25.02
2017-08-31T12:00:00Z,-18.174997,147.42499,1.3259668508287292,24.94
2017-09-01T12:00:00Z,-18.174997,147.42499,1.3480662983425415,24.68
2017-09-02T12:00:00Z,-18.174997,147.42499,1.3701657458563536,24.87
2017-09-03T12:00:00Z,-18.174997,147.42499,1.3922651933701657,25.02
2017-09-04T12:00:00Z,-18.174997,147.42499,1.4143646408839778,25.05
2017-09-05T12:00:00Z,-18.174997,147.42499,1.4364640883977902,24.9
2017-09-06T12:00:00Z,-18.174997,147.42499,1.4585635359116023,25.14
2017-09-07T12:00:00Z,-18.174997,147.42499,1.4806629834254144,25.1
2017-09-08T12:00:00Z,-18.174997,147.42499,1.5027624309392265,25.1
2017-09-09T12:00:00Z,-18.174997,147.42499,1.5248618784530388,25.06
2017-09-10T12:00:00Z,-18.174997,147.42499,1.5469613259668509,25.14
2017-09-11T12:00:00Z,-18.174997,147.42499,1.569060773480663,25.0
2017-09-12T12:00:00Z,-18.174997,147.42499,1.591160220994475,24.72
2017-09-13T12:00:00Z,-18.174997,147.42499,1.6132596685082874,24.85
2017-09-14T12:00:00Z,-18.174997,147.42499,1.6353591160220995,24.24
2017-09-15T12:00:00Z,-18.174997,147.42499,1.6574585635359116,24.73
2017-09-16T12:00:00Z,-18.174997,147.42499,1.6795580110497237,24.72
2017-09-17T12:00:00Z,-18.174997,147.42499,1.701657458563536,24.59
2017-09-18T12:00:00Z,-18.174997,147.42499,1.723756906077348,24.62
2017-09-19T12:00:00Z,-18.174997,147.42499,1.7458563535911602,24.63
2017-09-20T12:00:00Z,-18.174997,147.42499,1.7679558011049723,24.74
2017-09-21T12:00:00Z,-18.174997,147.42499,1.7900552486187846,24.79
2017-09-22T12:00:00Z,-18.174997,147.42499,1.8121546961325967,25.01
2017-09-23T12:00:00Z,-18.174997,147.42499,1.8342541436464088,25.05
2017-09-24T12:00:00Z,-18.174997,147.42499,1.856353591160221,25.03
2017-09-25T12:00:00Z,-18.174997,147.42499,1.8784530386740332,25.11
2017-09-26T12:00:00Z,-18.174997,147.42499,1.9005524861878453,25.1
2017-09-27T12:00:00Z,-18.174997,147.42499,1.9226519337016574,25.34
2017-09-28T12:00:00Z,-18.174997,147.42499,1.9447513812154695,25.46
2017-09-29T12:00:00Z,-18.174997,147.42499,1.9668508287292819,24.95
2017-09-30T12:00:00Z,-18.174997,147.42499,1.988950276243094,25.23
2017-10-01T12:00:00Z,-18.174997,147.42499,2.0110497237569063,25.64
2017-10-02T12:00:00Z,-18.174997,147.42499,2.0331491712707184,25.44
2017-10-03T12:00:00Z,-18.174997,147.42499,2.0552486187845305,25.58
2017-10-04T12:00:00Z,-18.174997,147.42499,2.0773480662983426,25.51
2017-10-05T12:00:00Z,-18.174997,147.42499,2.0994475138121547,25.63
2017-10-06T12:00:00Z,-18.174997,147.42499,2.1215469613259668,25.84
2017-10-07T12:00:00Z,-18.174997,147.42499,2.143646408839779,25.84
2017-10-08T12:00:00Z,-18.174997,147.42499,2.165745856353591,26.12
2017-10-09T12:00:00Z,-18.174997,147.42499,2.1878453038674035,26.15
2017-10-10T12:00:00Z,-18.174997,147.42499,2.2099447513812156,26.07
2017-10-11T12:00:00Z,-18.174997,147.42499,2.2320441988950277,26.15
2017-10-12T12:00:00Z,-18.174997,147.42499,2.25414364640884,26.1
2017-10-13T12:00:00Z,-18.174997,147.42499,2.276243093922652,26.13
2017-10-14T12:00:00Z,-18.174997,147.42499,2.298342541436464,26.1
2017-10-15T12:00:00Z,-18.174997,147.42499,2.320441988950276,26.02
2017-10-16T12:00:00Z,-18.174997,147.42499,2.342541436464088,26.03
2017-10-17T12:00:00Z,-18.174997,147.42499,2.3646408839779007,25.98
2017-10-18T12:00:00Z,-18.174997,147.42499,2.386740331491713,26.23
2017-10-19T12:00:00Z,-18.174997,147.42499,2.408839779005525,25.9
2017-10-20T12:00:00Z,-18.174997,147.42499,2.430939226519337,25.79
2017-10-21T12:00:00Z,-18.174997,147.42499,2.453038674033149,25.93
2017-10-22T12:00:00Z,-18.174997,147.42499,2.4751381215469612,25.98
2017-10-23T12:00:00Z,-18.174997,147.42499,2.4972375690607733,26.19
2017-10-24T12:00:00Z,-18.174997,147.42499,2.5193370165745854,26.3
2017-10-25T12:00:00Z,-18.174997,147.42499,2.541436464088398,26.21
2017-10-26T12:00:00Z,-18.174997,147.42499,2.56353591160221,26.31
2017-10-27T12:00:00Z,-18.174997,147.42499,2.585635359116022,26.46
2017-10-28T12:00:00Z,-18.174997,147.42499,2.6077348066298343,26.38
2017-10-29T12:00:00Z,-18.174997,147.42499,2.6298342541436464,26.62
2017-10-30T12:00:00Z,-18.174997,147.42499,2.6519337016574585,26.72
2017-10-31T12:00:00Z,-18.174997,147.42499,2.6740331491712706,26.98
2017-11-01T12:00:00Z,-18.174997,147.42499,2.696132596685083,27.19
2017-11-02T12:00:00Z,-18.174997,147.42499,2.718232044198895,27.28
2017-11-03T12:00:00Z,-18.174997,147.42499,2.7403314917127073,27.36
2017-11-04T12:00:00Z,-18.174997,147.42499,2.7624309392265194,27.27
2017-11-05T12:00:00Z,-18.174997,147.42499,2.7845303867403315,27.1
2017-11-06T12:00:00Z,-18.174997,147.42499,2.8066298342541436,27.07
2017-11-07T12:00:00Z,-18.174997,147.42499,2.8287292817679557,27.13
2017-11-08T12:00:00Z,-18.174997,147.42499,2.850828729281768,27.2
2017-11-09T12:00:00Z,-18.174997,147.42499,2.8729281767955803,27.07
2017-11-10T12:00:00Z,-18.174997,147.42499,2.8950276243093924,26.94
2017-11-11T12:00:00Z,-18.174997,147.42499,2.9171270718232045,26.71
2017-11-12T12:00:00Z,-18.174997,147.42499,2.9392265193370166,26.71
2017-11-13T12:00:00Z,-18.174997,147.42499,2.9613259668508287,26.67
2017-11-14T12:00:00Z,-18.174997,147.42499,2.983425414364641,26.46
2017-11-15T12:00:00Z,-18.174997,147.42499,3.005524861878453,26.44
2017-11-16T12:00:00Z,-18.174997,147.42499,3.027624309392265,26.46
2017-11-17T12:00:00Z,-18.174997,147.42499,3.0497237569060776,26.64
2017-11-18T12:00:00Z,-18.174997,147.42499,3.0718232044198897,26.78
2017-11-19T12:00:00Z,-18.174997,147.42499,3.0939226519337018,26.91
2017-11-20T12:00:00Z,-18.174997,147.42499,3.116022099447514,26.85
2017-11-21T12:00:00Z,-18.174997,147.42499,3.138121546961326,26.89
2017-11-22T12:00:00Z,-18.174997,147.42499,3.160220994475138,26.71
2017-11-23T12:00:00Z,-18.174997,147.42499,3.18232044198895,26.61
2017-11-24T12:00:00Z,-18.174997,147.42499,3.2044198895027622,26.86
2017-11-25T12:00:00Z,-18.174997,147.42499,3.226519337016575,27.16
2017-11-26T12:00:00Z,-18.174997,147.42499,3.248618784530387,27.25
2017-11-27T12:00:00Z,-18.174997,147.42499,3.270718232044199,27.12
2017-11-28T12:00:00Z,-18.174997,147.42499,3.292817679558011,27.35
2017-11-29T12:00:00Z,-18.174997,147.42499,3.314917127071823,27.36
2017-11-30T12:00:00Z,-18.174997,147.42499,3.3370165745856353,27.49
2017-12-01T12:00:00Z,-18.174997,147.42499,3.3591160220994474,27.61
2017-12-02T12:00:00Z,-18.174997,147.42499,3.3812154696132595,27.62
2017-12-03T12:00:00Z,-18.174997,147.42499,3.403314917127072,28.08
2017-12-04T12:00:00Z,-18.174997,147.42499,3.425414364640884,28.53
2017-12-05T12:00:00Z,-18.174997,147.42499,3.447513812154696,28.34
2017-12-06T12:00:00Z,-18.174997,147.42499,3.4696132596685083,28.62
2017-12-07T12:00:00Z,-18.174997,147.42499,3.4917127071823204,29.06
2017-12-08T12:00:00Z,-18.174997,147.42499,3.5138121546961325,28.8
2017-12-09T12:00:00Z,-18.174997,147.42499,3.5359116022099446,28.7
2017-12-10T12:00:00Z,-18.174997,147.42499,3.5580110497237567,28.49
2017-12-11T12:00:00Z,-18.174997,147.42499,3.5801104972375692,28.42
2017-12-12T12:00:00Z,-18.174997,147.42499,3.6022099447513813,28.3
2017-12-13T12:00:00Z,-18.174997,147.42499,3.6243093922651934,28.19
2017-12-14T12:00:00Z,-18.174997,147.42499,3.6464088397790055,28.15
2017-12-15T12:00:00Z,-18.174997,147.42499,3.6685082872928176,28.22
2017-12-16T12:00:00Z,-18.174997,147.42499,3.6906077348066297,28.21
2017-12-17T12:00:00Z,-18.174997,147.42499,3.712707182320442,28.19
2017-12-18T12:00:00Z,-18.174997,147.42499,3.734806629834254,28.04
2017-12-19T12:00:00Z,-18.174997,147.42499,3.7569060773480665,28.32
2017-12-20T12:00:00Z,-18.174997,147.42499,3.7790055248618786,28.44
2017-12-21T12:00:00Z,-18.174997,147.42499,3.8011049723756907,28.52
2017-12-22T12:00:00Z,-18.174997,147.42499,3.8232044198895028,28.5
2017-12-23T12:00:00Z,-18.174997,147.42499,3.845303867403315,28.48
2017-12-24T12:00:00Z,-18.174997,147.42499,3.867403314917127,28.6
2017-12-25T12:00:00Z,-18.174997,147.42499,3.889502762430939,28.65
2017-12-26T12:00:00Z,-18.174997,147.42499,3.911602209944751,28.69
2017-12-27T12:00:00Z,-18.174997,147.42499,3.9337016574585637,28.77
2017-12-28T12:00:00Z,-18.174997,147.42499,3.955801104972376,28.73
2017-12-29T12:00:00Z,-18.174997,147.42499,3.977900552486188,28.77
2017-12-30T12:00:00Z,-18.174997,147.42499,4.0,28.96
2017-12-31T12:00:00Z,-18.174997,147.42499,4.0220994475138125,29.24
2018-01-01T12:00:00Z,-18.174997,147.42499,4.0,29.08
2018-01-02T12:00:00Z,-18.174997,147.42499,3.977900552486188,28.95
2018-01-03T12:00:00Z,-18.174997,147.42499,3.955801104972376,28.92
2018-01-04T12:00:00Z,-18.174997,147.42499,3.9337016574585637,29.24
2018-01-05T12:00:00Z,-18.174997,147.42499,3.911602209944751,29.28
2018-01-06T12:00:00Z,-18.174997,147.42499,3.889502762430939,29.27
2018-01-07T12:00:00Z,-18.174997,147.42499,3.867403314917127,29.16
2018-01-08T12:00:00Z,-18.174997,147.42499,3.845303867403315,28.78
2018-01-09T12:00:00Z,-18.174997,147.42499,3.8232044198895028,28.89
2018-01-10T12:00:00Z,-18.174997,147.42499,3.8011049723756907,28.77
2018-01-11T12:00:00Z,-18.174997,147.42499,3.7790055248618786,28.79
2018-01-12T12:00:00Z,-18.174997,147.42499,3.7569060773480665,28.83
2018-01-13T12:00:00Z,-18.174997,147.42499,3.734806629834254,28.8
2018-01-14T12:00:00Z,-18.174997,147.42499,3.712707182320442,28.78
2018-01-15T12:00:00Z,-18.174997,147.42499,3.6906077348066297,28.96
2018-01-16T12:00:00Z,-18.174997,147.42499,3.6685082872928176,28.95
2018-01-17T12:00:00Z,-18.174997,147.42499,3.6464088397790055,28.77
2018-01-18T12:00:00Z,-18.174997,147.42499,3.6243093922651934,28.57
2018-01-19T12:00:00Z,-18.174997,147.42499,3.6022099447513813,28.67
2018-01-20T12:00:00Z,-18.174997,147.42499,3.5801104972375692,28.65
2018-01-21T12:00:00Z,-18.174997,147.42499,3.5580110497237567,28.43
2018-01-22T12:00:00Z,-18.174997,147.42499,3.5359116022099446,28.41
2018-01-23T12:00:00Z,-18.174997,147.42499,3.5138121546961325,28.39
2018-01-24T12:00:00Z,-18.174997,147.42499,3.4917127071823204,28.24
2018-01-25T12:00:00Z,-18.174997,147.42499,3.4696132596685083,28.63
2018-01-26T12:00:00Z,-18.174997,147.42499,3.447513812154696,28.42
2018-01-27T12:00:00Z,-18.174997,147.42499,3.425414364640884,28.41
2018-01-28T12:00:00Z,-18.174997,147.42499,3.403314917127072,28.42
2018-01-29T12:00:00Z,-18.174997,147.42499,3.3812154696132595,28.55
2018-01-30T12:00:00Z,-18.174997,147.42499,3.3591160220994474,28.63
2018-01-31T12:00:00Z,-18.174997,147.42499,3.3370165745856353,29.14
2018-02-01T12:00:00Z,-18.174997,147.42499,3.314917127071823,29.22
2018-02-02T12:00:00Z,-18.174997,147.42499,3.292817679558011,29.4
2018-02-03T12:00:00Z,-18.174997,147.42499,3.270718232044199,29.54
2018-02-04T12:00:00Z,-18.174997,147.42499,3.248618784530387,29.25
2018-02-05T12:00:00Z,-18.174997,147.42499,3.226519337016575,28.97
2018-02-06T12:00:00Z,-18.174997,147.42499,3.2044198895027622,28.83
2018-02-07T12:00:00Z,-18.174997,147.42499,3.18232044198895,28.61
2018-02-08T12:00:00Z,-18.174997,147.42499,3.160220994475138,28.43
2018-02-09T12:00:00Z,-18.174997,147.42499,3.138121546961326,28.45
2018-02-10T12:00:00Z,-18.174997,147.42499,3.116022099447514,28.45
2018-02-11T12:00:00Z,-18.174997,147.42499,3.0939226519337018,28.45
2018-02-12T12:00:00Z,-18.174997,147.42499,3.0718232044198897,28.58
2018-02-13T12:00:00Z,-18.174997,147.42499,3.0497237569060776,28.64
2018-02-14T12:00:00Z,-18.174997,147.42499,3.027624309392265,28.76
2018-02-15T12:00:00Z,-18.174997,147.42499,3.005524861878453,28.77
2018-02-16T12:00:00Z,-18.174997,147.42499,2.983425414364641,29.04
2018-02-17T12:00:00Z,-18.174997,147.42499,2.9613259668508287,29.15
2018-02-18T12:00:00Z,-18.174997,147.42499,2.9392265193370166,29.19
2018-02-19T12:00:00Z,-18.174997,147.42499,2.9171270718232045,29.12
2018-02-20T12:00:00Z,-18.174997,147.42499,2.8950276243093924,29.13
2018-02-21T12:00:00Z,-18.174997,147.42499,2.8729281767955803,29.2
2018-02-22T12:00:00Z,-18.174997,147.42499,2.850828729281768,29.54
2018-02-23T12:00:00Z,-18.174997,147.42499,2.8287292817679557,29.42
2018-02-24T12:00:00Z,-18.174997,147.42499,2.8066298342541436,28.81
2018-02-25T12:00:00Z,-18.174997,147.42499,2.7845303867403315,28.84
2018-02-26T12:00:00Z,-18.174997,147.42499,2.7624309392265194,28.94
2018-02-27T12:00:00Z,-18.174997,147.42499,2.7403314917127073,28.79
2018-02-28T12:00:00Z,-18.174997,147.42499,2.718232044198895,28.64
2018-03-01T12:00:00Z,-18.174997,147.42499,2.696132596685083,29.09
2018-03-02T12:00:00Z,-18.174997,147.42499,2.6740331491712706,28.84
2018-03-03T12:00:00Z,-18.174997,147.42499,2.6519337016574585,28.7
2018-03-04T12:00:00Z,-18.174997,147.42499,2.6298342541436464,28.91
2018-03-05T12:00:00Z,-18.174997,147.42499,2.6077348066298343,28.72
2018-03-06T12:00:00Z,-18.174997,147.42499,2.585635359116022,29.03
2018-03-07T12:00:00Z,-18.174997,147.42499,2.56353591160221,29.2
2018-03-08T12:00:00Z,-18.174997,147.42499,2.541436464088398,29.18
2018-03-09T12:00:00Z,-18.174997,147.42499,2.5193370165745854,28.78
2018-03-10T12:00:00Z,-18.174997,147.42499,2.4972375690607733,28.81
2018-03-11T12:00:00Z,-18.174997,147.42499,2.4751381215469612,28.63
2018-03-12T12:00:00Z,-18.174997,147.42499,2.453038674033149,28.5
2018-03-13T12:00:00Z,-18.174997,147.42499,2.430939226519337,28.39
2018-03-14T12:00:00Z,-18.174997,147.42499,2.408839779005525,28.32
2018-03-15T12:00:00Z,-18.174997,147.42499,2.386740331491713,28.54
2018-03-16T12:00:00Z,-18.174997,147.42499,2.3646408839779007,28.36
2018-03-17T12:00:00Z,-18.174997,147.42499,2.342541436464088,28.23
2018-03-18T12:00:00Z,-18.174997,147.42499,2.320441988950276,28.53
2018-03-19T12:00:00Z,-18.174997,147.42499,2.298342541436464,28.36
2018-03-20T12:00:00Z,-18.174997,147.42499,2.276243093922652,28.36
2018-03-21T12:00:00Z,-18.174997,147.42499,2.25414364640884,28.26
2018-03-22T12:00:00Z,-18.174997,147.42499,2.2320441988950277,28.11
2018-03-23T12:00:00Z,-18.174997,147.42499,2.2099447513812156,28.01
2018-03-24T12:00:00Z,-18.174997,147.42499,2.1878453038674035,28.09
2018-03-25T12:00:00Z,-18.174997,147.42499,2.165745856353591,28.12
2018-03-26T12:00:00Z,-18.174997,147.42499,2.143646408839779,28.2
2018-03-27T12:00:00Z,-18.174997,147.42499,2.1215469613259668,28.16
2018-03-28T12:00:00Z,-18.174997,147.42499,2.0994475138121547,27.99
2018-03-29T12:00:00Z,-18.174997,147.42499,2.0773480662983426,28.34
2018-03-30T12:00:00Z,-18.174997,147.42499,2.0552486187845305,28.38
2018-03-31T12:00:00Z,-18.174997,147.42499,2.0331491712707184,28.28
2018-04-01T12:00:00Z,-18.174997,147.42499,2.0110497237569063,28.29
2018-04-02T12:00:00Z,-18.174997,147.42499,1.988950276243094,28.11
2018-04-03T12:00:00Z,-18.174997,147.42499,1.9668508287292819,27.93
2018-04-04T12:00:00Z,-18.174997,147.42499,1.9447513812154695,28.19
2018-04-05T12:00:00Z,-18.174997,147.42499,1.9226519337016574,27.83
2018-04-06T12:00:00Z,-18.174997,147.42499,1.9005524861878453,27.59
2018-04-07T12:00:00Z,-18.174997,147.42499,1.8784530386740332,27.42
2018-04-08T12:00:00Z,-18.174997,147.42499,1.856353591160221,27.35
2018-04-09T12:00:00Z,-18.174997,147.42499,1.8342541436464088,27.34
2018-04-10T12:00:00Z,-18.174997,147.42499,1.8121546961325967,27.17
2018-04-11T12:00:00Z,-18.174997,147.42499,1.7900552486187846,27.26
2018-04-12T12:00:00Z,-18.174997,147.42499,1.7679558011049723,27.32
2018-04-13T12:00:00Z,-18.174997,147.42499,1.7458563535911602,27.35
2018-04-14T12:00:00Z,-18.174997,147.42499,1.723756906077348,27.39
2018-04-15T12:00:00Z,-18.174997,147.42499,1.701657458563536,27.32
2018-04-16T12:00:00Z,-18.174997,147.42499,1.6795580110497237,27.27
2018-04-17T12:00:00Z,-18.174997,147.42499,1.6574585635359116,27.31
2018-04-18T12:00:00Z,-18.174997,147.42499,1.6353591160220995,27.31
2018-04-19T12:00:00Z,-18.174997,147.42499,1.6132596685082874,27.21
2018-04-20T12:00:00Z,-18.174997,147.42499,1.591160220994475,27.18
2018-04-21T12:00:00Z,-18.174997,147.42499,1.569060773480663,27.26
2018-04-22T12:00:00Z,-18.174997,147.42499,1.5469613259668509,27.23
2018-04-23T12:00:00Z,-18.174997,147.42499,1.5248618784530388,27.06
2018-04-24T12:00:00Z,-18.174997,147.42499,1.5027624309392265,26.88
2018-04-25T12:00:00Z,-18.174997,147.42499,1.4806629834254144,26.75
2018-04-26T12:00:00Z,-18.174997,147.42499,1.4585635359116023,26.74
2018-04-27T12:00:00Z,-18.174997,147.42499,1.4364640883977902,26.69
2018-04-28T12:00:00Z,-18.174997,147.42499,1.4143646408839778,26.84
2018-04-29T12:00:00Z,-18.174997,147.42499,1.3922651933701657,26.83
2018-04-30T12:00:00Z,-18.174997,147.42499,1.3701657458563536,26.78
2018-05-01T12:00:00Z,-18.174997,147.42499,1.3480662983425415,26.62
2018-05-02T12:00:00Z,-18.174997,147.42499,1.3259668508287292,26.57
2018-05-03T12:00:00Z,-18.174997,147.42499,1.3038674033149171,26.51
2018-05-04T12:00:00Z,-18.174997,147.42499,1.281767955801105,26.38
2018-05-05T12:00:00Z,-18.174997,147.42499,1.2596685082872927,26.37
2018-05-06T12:00:00Z,-18.174997,147.42499,1.2375690607734806,26.33
2018-05-07T12:00:00Z,-18.174997,147.42499,1.2154696132596685,26.17
2018-05-08T12:00:00Z,-18.174997,147.42499,1.1933701657458564,26.26
2018-05-09T12:00:00Z,-18.174997,147.42499,1.171270718232044,26.47
2018-05-10T12:00:00Z,-18.174997,147.42499,1.149171270718232,26.32
2018-05-11T12:00:00Z,-18.174997,147.42499,1.12707182320442,26.53
2018-05-12T12:00:00Z,-18.174997,147.42499,1.1049723756906078,26.42
2018-05-13T12:00:00Z,-18.174997,147.42499,1.0828729281767955,26.4
2018-05-14T12:00:00Z,-18.174997,147.42499,1.0607734806629834,26.32
2018-05-15T12:00:00Z,-18.174997,147.42499,1.0386740331491713,26.25
2018-05-16T12:00:00Z,-18.174997,147.42499,1.0165745856353592,26.01
2018-05-17T12:00:00Z,-18.174997,147.42499,0.994475138121547,25.82
2018-05-18T12:00:00Z,-18.174997,147.42499,0.9723756906077348,25.87
2018-05-19T12:00:00Z,-18.174997,147.42499,0.9502762430939227,25.8
2018-05-20T12:00:00Z,-18.174997,147.42499,0.9281767955801105,25.94
2018-05-21T12:00:00Z,-18.174997,147.42499,0.9060773480662984,26.0
2018-05-22T12:00:00Z,-18.174997,147.42499,0.8839779005524862,25.78
2018-05-23T12:00:00Z,-18.174997,147.42499,0.861878453038674,25.59
2018-05-24T12:00:00Z,-18.174997,147.42499,0.8397790055248618,25.69
2018-05-25T12:00:00Z,-18.174997,147.42499,0.8176795580110497,25.49
2018-05-26T12:00:00Z,-18.174997,147.42499,0.7955801104972375,25.27
2018-05-27T12:00:00Z,-18.174997,147.42499,0.7734806629834254,25.25
2018-05-28T12:00:00Z,-18.174997,147.42499,0.7513812154696132,25.15
2018-05-29T12:00:00Z,-18.174997,147.42499,0.7292817679558011,25.09
2018-05-30T12:00:00Z,-18.174997,147.42499,0.7071823204419889,25.12
2018-05-31T12:00:00Z,-18.174997,147.42499,0.6850828729281768,25.04
2018-06-01T12:00:00Z,-18.174997,147.42499,0.6629834254143646,24.97
2018-06-02T12:00:00Z,-18.174997,147.42499,0.6408839779005525,24.85
2018-06-03T12:00:00Z,-18.174997,147.42499,0.6187845303867403,24.88
2018-06-04T12:00:00Z,-18.174997,147.42499,0.5966850828729282,24.88
2018-06-05T12:00:00Z,-18.174997,147.42499,0.574585635359116,24.87
2018-06-06T12:00:00Z,-18.174997,147.42499,0.5524861878453039,24.93
2018-06-07T12:00:00Z,-18.174997,147.42499,0.5303867403314917,24.86
2018-06-08T12:00:00Z,-18.174997,147.42499,0.5082872928176796,24.67
2018-06-09T12:00:00Z,-18.174997,147.42499,0.4861878453038674,24.72
2018-06-10T12:00:00Z,-18.174997,147.42499,0.46408839779005523,24.71
2018-06-11T12:00:00Z,-18.174997,147.42499,0.4419889502762431,24.81
2018-06-12T12:00:00Z,-18.174997,147.42499,0.4198895027624309,24.5
2018-06-13T12:00:00Z,-18.174997,147.42499,0.39779005524861877,24.76
2018-06-14T12:00:00Z,-18.174997,147.42499,0.3756906077348066,24.42
2018-06-15T12:00:00Z,-18.174997,147.42499,0.35359116022099446,24.71
2018-06-16T12:00:00Z,-18.174997,147.42499,0.3314917127071823,25.07
2018-06-17T12:00:00Z,-18.174997,147.42499,0.30939226519337015,25.02
2018-06-18T12:00:00Z,-18.174997,147.42499,0.287292817679558,25.0
2018-06-19T12:00:00Z,-18.174997,147.42499,0.26519337016574585,24.91
2018-06-20T12:00:00Z,-18.174997,147.42499,0.2430939226519337,24.78
2018-06-21T12:00:00Z,-18.174997,147.42499,0.22099447513812154,24.73
2018-06-22T12:00:00Z,-18.174997,147.42499,0.19889502762430938,24.69
2018-06-23T12:00:00Z,-18.174997,147.42499,0.17679558011049723,24.82
2018-06-24T12:00:00Z,-18.174997,147.42499,0.15469613259668508,24.87
2018-06-25T12:00:00Z,-18.174997,147.42499,0.13259668508287292,24.83
2018-06-26T12:00:00Z,-18.174997,147.42499,0.11049723756906077,24.71
2018-06-27T12:00:00Z,-18.174997,147.42499,0.08839779005524862,24.58
2018-06-28T12:00:00Z,-18.174997,147.42499,0.06629834254143646,24.5
2018-06-29T12:00:00Z,-18.174997,147.42499,0.04419889502762431,24.52
2018-06-30T12:00:00Z,-18.174997,147.42499,0.022099447513812154,24.5
2018-07-01T12:00:00Z,-18.174997,147.42499,0.0,24.56
2018-07-02T12:00:00Z,-18.174997,147.42499,0.0,24.54
2018-07-03T12:00:00Z,-18.174997,147.42499,0.022099447513812154,24.57
2018-07-04T12:00:00Z,-18.174997,147.42499,0.04419889502762431,24.54
2018-07-05T12:00:00Z,-18.174997,147.42499,0.06629834254143646,24.57
2018-07-06T12:00:00Z,-18.174997,147.42499,0.08839779005524862,24.75
2018-07-07T12:00:00Z,-18.174997,147.42499,0.11049723756906077,24.58
2018-07-08T12:00:00Z,-18.174997,147.42499,0.13259668508287292,24.52
2018-07-09T12:00:00Z,-18.174997,147.42499,0.15469613259668508,24.4
2018-07-10T12:00:00Z,-18.174997,147.42499,0.17679558011049723,24.35
2018-07-11T12:00:00Z,-18.174997,147.42499,0.19889502762430938,24.33
2018-07-12T12:00:00Z,-18.174997,147.42499,0.22099447513812154,24.3
2018-07-13T12:00:00Z,-18.174997,147.42499,0.2430939226519337,24.29
2018-07-14T12:00:00Z,-18.174997,147.42499,0.26519337016574585,24.27
2018-07-15T12:00:00Z,-18.174997,147.42499,0.287292817679558,24.27
2018-07-16T12:00:00Z,-18.174997,147.42499,0.30939226519337015,24.27
2018-07-17T12:00:00Z,-18.174997,147.42499,0.3314917127071823,24.17
2018-07-18T12:00:00Z,-18.174997,147.42499,0.35359116022099446,24.17
2018-07-19T12:00:00Z,-18.174997,147.42499,0.3756906077348066,24.15
2018-07-20T12:00:00Z,-18.174997,147.42499,0.39779005524861877,24.12
2018-07-21T12:00:00Z,-18.174997,147.42499,0.4198895027624309,24.21
2018-07-22T12:00:00Z,-18.174997,147.42499,0.4419889502762431,24.26
2018-07-23T12:00:00Z,-18.174997,147.42499,0.46408839779005523,24.28
2018-07-24T12:00:00Z,-18.174997,147.42499,0.4861878453038674,24.24
2018-07-25T12:00:00Z,-18.174997,147.42499,0.5082872928176796,24.23
2018-07-26T12:00:00Z,-18.174997,147.42499,0.5303867403314917,24.31
2018-07-27T12:00:00Z,-18.174997,147.42499,0.5524861878453039,24.28
2018-07-28T12:00:00Z,-18.174997,147.42499,0.574585635359116,24.3
2018-07-29T12:00:00Z,-18.174997,147.42499,0.5966850828729282,24.37
2018-07-30T12:00:00Z,-18.174997,147.42499,0.6187845303867403,24.39
2018-07-31T12:00:00Z,-18.174997,147.42499,0.6408839779005525,24.35
2018-08-01T12:00:00Z,-18.174997,147.42499,0.6629834254143646,24.48
2018-08-02T12:00:00Z,-18.174997,147.42499,0.6850828729281768,24.43
2018-08-03T12:00:00Z,-18.174997,147.42499,0.7071823204419889,24.5
2018-08-04T12:00:00Z,-18.174997,147.42499,0.7292817679558011,24.51
2018-08-05T12:00:00Z,-18.174997,147.42499,0.7513812154696132,24.72
2018-08-06T12:00:00Z,-18.174997,147.42499,0.7734806629834254,24.62
2018-08-07T12:00:00Z,-18.174997,147.42499,0.7955801104972375,24.75
2018-08-08T12:00:00Z,-18.174997,147.42499,0.8176795580110497,24.68
2018-08-09T12:00:00Z,-18.174997,147.42499,0.8397790055248618,24.56
2018-08-10T12:00:00Z,-18.174997,147.42499,0.861878453038674,24.62
2018-08-11T12:00:00Z,-18.174997,147.42499,0.8839779005524862,24.61
2018-08-12T12:00:00Z,-18.174997,147.42499,0.9060773480662984,24.59
2018-08-13T12:00:00Z,-18.174997,147.42499,0.9281767955801105,24.45
2018-08-14T12:00:00Z,-18.174997,147.42499,0.9502762430939227,24.55
2018-08-15T12:00:00Z,-18.174997,147.42499,0.9723756906077348,24.45
2018-08-16T12:00:00Z,-18.174997,147.42499,0.994475138121547,24.46
2018-08-17T12:00:00Z,-18.174997,147.42499,1.0165745856353592,24.62
2018-08-18T12:00:00Z,-18.174997,147.42499,1.0386740331491713,24.67
2018-08-19T12:00:00Z,-18.174997,147.42499,1.0607734806629834,24.86
2018-08-20T12:00:00Z,-18.174997,147.42499,1.0828729281767955,24.76
2018-08-21T12:00:00Z,-18.174997,147.42499,1.1049723756906078,24.64
2018-08-22T12:00:00Z,-18.174997,147.42499,1.12707182320442,24.56
2018-08-23T12:00:00Z,-18.174997,147.42499,1.149171270718232,24.67
2018-08-24T12:00:00Z,-18.174997,147.42499,1.171270718232044,24.68
2018-08-25T12:00:00Z,-18.174997,147.42499,1.1933701657458564,24.7
2018-08-26T12:00:00Z,-18.174997,147.42499,1.2154696132596685,24.73
2018-08-27T12:00:00Z,-18.174997,147.42499,1.2375690607734806,24.63
2018-08-28T12:00:00Z,-18.174997,147.42499,1.2596685082872927,24.78
2018-08-29T12:00:00Z,-18.174997,147.42499,1.281767955801105,24.81
2018-08-30T12:00:00Z,-18.174997,147.42499,1.3038674033149171,24.78
2018-08-31T12:00:00Z,-18.174997,147.42499,1.3259668508287292,24.62
2018-09-01T12:00:00Z,-18.174997,147.42499,1.3480662983425415,24.89
2018-09-02T12:00:00Z,-18.174997,147.42499,1.3701657458563536,24.82
2018-09-03T12:00:00Z,-18.174997,147.42499,1.3922651933701657,24.92
2018-09-04T12:00:00Z,-18.174997,147.42499,1.4143646408839778,24.52
2018-09-05T12:00:00Z,-18.174997,147.42499,1.4364640883977902,24.81
2018-09-06T12:00:00Z,-18.174997,147.42499,1.4585635359116023,24.86
2018-09-07T12:00:00Z,-18.174997,147.42499,1.4806629834254144,24.74
2018-09-08T12:00:00Z,-18.174997,147.42499,1.5027624309392265,24.89
2018-09-09T12:00:00Z,-18.174997,147.42499,1.5248618784530388,24.87
2018-09-10T12:00:00Z,-18.174997,147.42499,1.5469613259668509,24.82
2018-09-11T12:00:00Z,-18.174997,147.42499,1.569060773480663,24.77
2018-09-12T12:00:00Z,-18.174997,147.42499,1.591160220994475,24.87
2018-09-13T12:00:00Z,-18.174997,147.42499,1.6132596685082874,24.89
2018-09-14T12:00:00Z,-18.174997,147.42499,1.6353591160220995,24.82
2018-09-15T12:00:00Z,-18.174997,147.42499,1.6574585635359116,24.95
2018-09-16T12:00:00Z,-18.174997,147.42499,1.6795580110497237,24.98
2018-09-17T12:00:00Z,-18.174997,147.42499,1.701657458563536,25.01
2018-09-18T12:00:00Z,-18.174997,147.42499,1.723756906077348,24.95
2018-09-19T12:00:00Z,-18.174997,147.42499,1.7458563535911602,24.65
2018-09-20T12:00:00Z,-18.174997,147.42499,1.7679558011049723,24.8
2018-09-21T12:00:00Z,-18.174997,147.42499,1.7900552486187846,24.86
2018-09-22T12:00:00Z,-18.174997,147.42499,1.8121546961325967,24.92
2018-09-23T12:00:00Z,-18.174997,147.42499,1.8342541436464088,24.9
2018-09-24T12:00:00Z,-18.174997,147.42499,1.856353591160221,24.97
2018-09-25T12:00:00Z,-18.174997,147.42499,1.8784530386740332,24.96
2018-09-26T12:00:00Z,-18.174997,147.42499,1.9005524861878453,24.99
2018-09-27T12:00:00Z,-18.174997,147.42499,1.9226519337016574,25.02
2018-09-28T12:00:00Z,-18.174997,147.42499,1.9447513812154695,25.02
2018-09-29T12:00:00Z,-18.174997,147.42499,1.9668508287292819,25.01
2018-09-30T12:00:00Z,-18.174997,147.42499,1.988950276243094,24.97
2018-10-01T12:00:00Z,-18.174997,147.42499,2.0110497237569063,24.96
2018-10-02T12:00:00Z,-18.174997,147.42499,2.0331491712707184,24.93
2018-10-03T12:00:00Z,-18.174997,147.42499,2.0552486187845305,24.91
2018-10-04T12:00:00Z,-18.174997,147.42499,2.0773480662983426,24.97
2018-10-05T12:00:00Z,-18.174997,147.42499,2.0994475138121547,24.94
2018-10-06T12:00:00Z,-18.174997,147.42499,2.1215469613259668,24.93
2018-10-07T12:00:00Z,-18.174997,147.42499,2.143646408839779,25.07
2018-10-08T12:00:00Z,-18.174997,147.42499,2.165745856353591,25.14
2018-10-09T12:00:00Z,-18.174997,147.42499,2.1878453038674035,25.3
2018-10-10T12:00:00Z,-18.174997,147.42499,2.2099447513812156,25.45
2018-10-11T12:00:00Z,-18.174997,147.42499,2.2320441988950277,25.55
2018-10-12T12:00:00Z,-18.174997,147.42499,2.25414364640884,25.68
2018-10-13T12:00:00Z,-18.174997,147.42499,2.276243093922652,25.55
2018-10-14T12:00:00Z,-18.174997,147.42499,2.298342541436464,25.45
2018-10-15T12:00:00Z,-18.174997,147.42499,2.320441988950276,25.68
2018-10-16T12:00:00Z,-18.174997,147.42499,2.342541436464088,25.78
2018-10-17T12:00:00Z,-18.174997,147.42499,2.3646408839779007,26.43
2018-10-18T12:00:00Z,-18.174997,147.42499,2.386740331491713,26.5
2018-10-19T12:00:00Z,-18.174997,147.42499,2.408839779005525,26.4
2018-10-20T12:00:00Z,-18.174997,147.42499,2.430939226519337,26.61
2018-10-21T12:00:00Z,-18.174997,147.42499,2.453038674033149,26.68
2018-10-22T12:00:00Z,-18.174997,147.42499,2.4751381215469612,26.42
2018-10-23T12:00:00Z,-18.174997,147.42499,2.4972375690607733,26.45
2018-10-24T12:00:00Z,-18.174997,147.42499,2.5193370165745854,26.7
2018-10-25T12:00:00Z,-18.174997,147.42499,2.541436464088398,26.46
2018-10-26T12:00:00Z,-18.174997,147.42499,2.56353591160221,26.43
2018-10-27T12:00:00Z,-18.174997,147.42499,2.585635359116022,26.66
2018-10-28T12:00:00Z,-18.174997,147.42499,2.6077348066298343,26.67
2018-10-29T12:00:00Z,-18.174997,147.42499,2.6298342541436464,26.48
2018-10-30T12:00:00Z,-18.174997,147.42499,2.6519337016574585,26.6
2018-10-31T12:00:00Z,-18.174997,147.42499,2.6740331491712706,26.82
2018-11-01T12:00:00Z,-18.174997,147.42499,2.696132596685083,26.85
2018-11-02T12:00:00Z,-18.174997,147.42499,2.718232044198895,26.8
2018-11-03T12:00:00Z,-18.174997,147.42499,2.7403314917127073,26.75
2018-11-04T12:00:00Z,-18.174997,147.42499,2.7624309392265194,26.77
2018-11-05T12:00:00Z,-18.174997,147.42499,2.7845303867403315,26.97
2018-11-06T12:00:00Z,-18.174997,147.42499,2.8066298342541436,26.84
2018-11-07T12:00:00Z,-18.174997,147.42499,2.8287292817679557,27.05
2018-11-08T12:00:00Z,-18.174997,147.42499,2.850828729281768,26.99
2018-11-09T12:00:00Z,-18.174997,147.42499,2.8729281767955803,26.99
2018-11-10T12:00:00Z,-18.174997,147.42499,2.8950276243093924,27.07
2018-11-11T12:00:00Z,-18.174997,147.42499,2.9171270718232045,26.96
2018-11-12T12:00:00Z,-18.174997,147.42499,2.9392265193370166,27.01
2018-11-13T12:00:00Z,-18.174997,147.42499,2.9613259668508287,27.05
2018-11-14T12:00:00Z,-18.174997,147.42499,2.983425414364641,27.03
2018-11-15T12:00:00Z,-18.174997,147.42499,3.005524861878453,27.1
2018-11-16T12:00:00Z,-18.174997,147.42499,3.027624309392265,27.03
2018-11-17T12:00:00Z,-18.174997,147.42499,3.0497237569060776,27.07
2018-11-18T12:00:00Z,-18.174997,147.42499,3.0718232044198897,27.06
2018-11-19T12:00:00Z,-18.174997,147.42499,3.0939226519337018,27.27
2018-11-20T12:00:00Z,-18.174997,147.42499,3.116022099447514,27.34
2018-11-21T12:00:00Z,-18.174997,147.42499,3.138121546961326,27.49
2018-11-22T12:00:00Z,-18.174997,147.42499,3.160220994475138,27.55
2018-11-23T12:00:00Z,-18.174997,147.42499,3.18232044198895,27.45
2018-11-24T12:00:00Z,-18.174997,147.42499,3.2044198895027622,27.66
2018-11-25T12:00:00Z,-18.174997,147.42499,3.226519337016575,27.95
2018-11-26T12:00:00Z,-18.174997,147.42499,3.248618784530387,28.16
2018-11-27T12:00:00Z,-18.174997,147.42499,3.270718232044199,28.37
2018-11-28T12:00:00Z,-18.174997,147.42499,3.292817679558011,28.66
2018-11-29T12:00:00Z,-18.174997,147.42499,3.314917127071823,28.47
2018-11-30T12:00:00Z,-18.174997,147.42499,3.3370165745856353,28.43
2018-12-01T12:00:00Z,-18.174997,147.42499,3.3591160220994474,28.63
2018-12-02T12:00:00Z,-18.174997,147.42499,3.3812154696132595,28.76
2018-12-03T12:00:00Z,-18.174997,147.42499,3.403314917127072,28.73
2018-12-04T12:00:00Z,-18.174997,147.42499,3.425414364640884,28.74
2018-12-05T12:00:00Z,-18.174997,147.42499,3.447513812154696,28.9
2018-12-06T12:00:00Z,-18.174997,147.42499,3.4696132596685083,28.53
2018-12-07T12:00:00Z,-18.174997,147.42499,3.4917127071823204,28.13
2018-12-08T12:00:00Z,-18.174997,147.42499,3.5138121546961325,28.16
2018-12-09T12:00:00Z,-18.174997,147.42499,3.5359116022099446,28.26
2018-12-10T12:00:00Z,-18.174997,147.42499,3.5580110497237567,28.31
2018-12-11T12:00:00Z,-18.174997,147.42499,3.5801104972375692,28.17
2018-12-12T12:00:00Z,-18.174997,147.42499,3.6022099447513813,28.09
2018-12-13T12:00:00Z,-18.174997,147.42499,3.6243093922651934,28.21
2018-12-14T12:00:00Z,-18.174997,147.42499,3.6464088397790055,28.7
2018-12-15T12:00:00Z,-18.174997,147.42499,3.6685082872928176,28.82
2018-12-16T12:00:00Z,-18.174997,147.42499,3.6906077348066297,27.81
2018-12-17T12:00:00Z,-18.174997,147.42499,3.712707182320442,28.27
2018-12-18T12:00:00Z,-18.174997,147.42499,3.734806629834254,28.5
2018-12-19T12:00:00Z,-18.174997,147.42499,3.7569060773480665,28.83
2018-12-20T12:00:00Z,-18.174997,147.42499,3.7790055248618786,28.63
2018-12-21T12:00:00Z,-18.174997,147.42499,3.8011049723756907,28.87
2018-12-22T12:00:00Z,-18.174997,147.42499,3.8232044198895028,28.91
2018-12-23T12:00:00Z,-18.174997,147.42499,3.845303867403315,28.94
2018-12-24T12:00:00Z,-18.174997,147.42499,3.867403314917127,28.9
2018-12-25T12:00:00Z,-18.174997,147.42499,3.889502762430939,28.6
2018-12-26T12:00:00Z,-18.174997,147.42499,3.911602209944751,28.51
2018-12-27T12:00:00Z,-18.174997,147.42499,3.9337016574585637,28.23
2018-12-28T12:00:00Z,-18.174997,147.42499,3.955801104972376,28.17
2018-12-29T12:00:00Z,-18.174997,147.42499,3.977900552486188,28.0
2018-12-30T12:00:00Z,-18.174997,147.42499,4.0,27.98
2018-12-31T12:00:00Z,-18.174997,147.42499,4.0220994475138125,27.93
2019-01-01T12:00:00Z,-18.174997,147.42499,4.0,27.89
2019-01-02T12:00:00Z,-18.174997,147.42499,3.977900552486188,27.77
2019-01-03T12:00:00Z,-18.174997,147.42499,3.955801104972376,27.72
2019-01-04T12:00:00Z,-18.174997,147.42499,3.9337016574585637,27.6
2019-01-05T12:00:00Z,-18.174997,147.42499,3.911602209944751,27.78
2019-01-06T12:00:00Z,-18.174997,147.42499,3.889502762430939,27.93
2019-01-07T12:00:00Z,-18.174997,147.42499,3.867403314917127,28.04
2019-01-08T12:00:00Z,-18.174997,147.42499,3.845303867403315,28.24
2019-01-09T12:00:00Z,-18.174997,147.42499,3.8232044198895028,28.54
2019-01-10T12:00:00Z,-18.174997,147.42499,3.8011049723756907,28.36
2019-01-11T12:00:00Z,-18.174997,147.42499,3.7790055248618786,28.24
2019-01-12T12:00:00Z,-18.174997,147.42499,3.7569060773480665,28.42
2019-01-13T12:00:00Z,-18.174997,147.42499,3.734806629834254,28.45
2019-01-14T12:00:00Z,-18.174997,147.42499,3.712707182320442,28.23
2019-01-15T12:00:00Z,-18.174997,147.42499,3.6906077348066297,28.04
2019-01-16T12:00:00Z,-18.174997,147.42499,3.6685082872928176,28.17
2019-01-17T12:00:00Z,-18.174997,147.42499,3.6464088397790055,28.26
2019-01-18T12:00:00Z,-18.174997,147.42499,3.6243093922651934,28.39
2019-01-19T12:00:00Z,-18.174997,147.42499,3.6022099447513813,28.29
2019-01-20T12:00:00Z,-18.174997,147.42499,3.5801104972375692,28.36
2019-01-21T12:00:00Z,-18.174997,147.42499,3.5580110497237567,28.35
2019-01-22T12:00:00Z,-18.174997,147.42499,3.5359116022099446,28.34
2019-01-23T12:00:00Z,-18.174997,147.42499,3.5138121546961325,28.39
2019-01-24T12:00:00Z,-18.174997,147.42499,3.4917127071823204,28.55
2019-01-25T12:00:00Z,-18.174997,147.42499,3.4696132596685083,28.69
2019-01-26T12:00:00Z,-18.174997,147.42499,3.447513812154696,28.7
2019-01-27T12:00:00Z,-18.174997,147.42499,3.425414364640884,28.74
2019-01-28T12:00:00Z,-18.174997,147.42499,3.403314917127072,28.76
2019-01-29T12:00:00Z,-18.174997,147.42499,3.3812154696132595,28.93
2019-01-30T12:00:00Z,-18.174997,147.42499,3.3591160220994474,28.9
2019-01-31T12:00:00Z,-18.174997,147.42499,3.3370165745856353,28.67
2019-02-01T12:00:00Z,-18.174997,147.42499,3.314917127071823,28.46
2019-02-02T12:00:00Z,-18.174997,147.42499,3.292817679558011,28.41
2019-02-03T12:00:00Z,-18.174997,147.42499,3.270718232044199,28.34
2019-02-04T12:00:00Z,-18.174997,147.42499,3.248618784530387,28.32
2019-02-05T12:00:00Z,-18.174997,147.42499,3.226519337016575,28.29
2019-02-06T12:00:00Z,-18.174997,147.42499,3.2044198895027622,28.26
2019-02-07T12:00:00Z,-18.174997,147.42499,3.18232044198895,28.55
2019-02-08T12:00:00Z,-18.174997,147.42499,3.160220994475138,28.52
2019-02-09T12:00:00Z,-18.174997,147.42499,3.138121546961326,28.57
2019-02-10T12:00:00Z,-18.174997,147.42499,3.116022099447514,28.97
2019-02-11T12:00:00Z,-18.174997,147.42499,3.0939226519337018,28.81
2019-02-12T12:00:00Z,-18.174997,147.42499,3.0718232044198897,29.0
2019-02-13T12:00:00Z,-18.174997,147.42499,3.0497237569060776,29.16
2019-02-14T12:00:00Z,-18.174997,147.42499,3.027624309392265,28.67
2019-02-15T12:00:00Z,-18.174997,147.42499,3.005524861878453,28.68
2019-02-16T12:00:00Z,-18.174997,147.42499,2.983425414364641,28.6
2019-02-17T12:00:00Z,-18.174997,147.42499,2.9613259668508287,28.78
2019-02-18T12:00:00Z,-18.174997,147.42499,2.9392265193370166,29.03
2019-02-19T12:00:00Z,-18.174997,147.42499,2.9171270718232045,29.22
2019-02-20T12:00:00Z,-18.174997,147.42499,2.8950276243093924,29.34
2019-02-21T12:00:00Z,-18.174997,147.42499,2.8729281767955803,29.33
2019-02-22T12:00:00Z,-18.174997,147.42499,2.850828729281768,29.24
2019-02-23T12:00:00Z,-18.174997,147.42499,2.8287292817679557,29.17
2019-02-24T12:00:00Z,-18.174997,147.42499,2.8066298342541436,29.05
2019-02-25T12:00:00Z,-18.174997,147.42499,2.7845303867403315,28.89
2019-02-26T12:00:00Z,-18.174997,147.42499,2.7624309392265194,28.75
2019-02-27T12:00:00Z,-18.174997,147.42499,2.7403314917127073,28.38
2019-02-28T12:00:00Z,-18.174997,147.42499,2.718232044198895,27.97
2019-03-01T12:00:00Z,-18.174997,147.42499,2.696132596685083,28.07
2019-03-02T12:00:00Z,-18.174997,147.42499,2.6740331491712706,27.84
2019-03-03T12:00:00Z,-18.174997,147.42499,2.6519337016574585,27.82
2019-03-04T12:00:00Z,-18.174997,147.42499,2.6298342541436464,27.84
2019-03-05T12:00:00Z,-18.174997,147.42499,2.6077348066298343,27.91
2019-03-06T12:00:00Z,-18.174997,147.42499,2.585635359116022,28.14
2019-03-07T12:00:00Z,-18.174997,147.42499,2.56353591160221,28.02
2019-03-08T12:00:00Z,-18.174997,147.42499,2.541436464088398,28.1
2019-03-09T12:00:00Z,-18.174997,147.42499,2.5193370165745854,27.89
2019-03-10T12:00:00Z,-18.174997,147.42499,2.4972375690607733,28.01
2019-03-11T12:00:00Z,-18.174997,147.42499,2.4751381215469612,28.1
2019-03-12T12:00:00Z,-18.174997,147.42499,2.453038674033149,28.36
2019-03-13T12:00:00Z,-18.174997,147.42499,2.430939226519337,28.45
2019-03-14T12:00:00Z,-18.174997,147.42499,2.408839779005525,28.45
2019-03-15T12:00:00Z,-18.174997,147.42499,2.386740331491713,28.62
2019-03-16T12:00:00Z,-18.174997,147.42499,2.3646408839779007,28.68
2019-03-17T12:00:00Z,-18.174997,147.42499,2.342541436464088,28.8
2019-03-18T12:00:00Z,-18.174997,147.42499,2.320441988950276,28.66
2019-03-19T12:00:00Z,-18.174997,147.42499,2.298342541436464,28.71
2019-03-20T12:00:00Z,-18.174997,147.42499,2.276243093922652,28.63
2019-03-21T12:00:00Z,-18.174997,147.42499,2.25414364640884,28.58
2019-03-22T12:00:00Z,-18.174997,147.42499,2.2320441988950277,28.53
2019-03-23T12:00:00Z,-18.174997,147.42499,2.2099447513812156,28.26
2019-03-24T12:00:00Z,-18.174997,147.42499,2.1878453038674035,28.44
2019-03-25T12:00:00Z,-18.174997,147.42499,2.165745856353591,28.41
2019-03-26T12:00:00Z,-18.174997,147.42499,2.143646408839779,28.64
2019-03-27T12:00:00Z,-18.174997,147.42499,2.1215469613259668,28.6
2019-03-28T12:00:00Z,-18.174997,147.42499,2.0994475138121547,28.49
2019-03-29T12:00:00Z,-18.174997,147.42499,2.0773480662983426,28.47
2019-03-30T12:00:00Z,-18.174997,147.42499,2.0552486187845305,28.58
2019-03-31T12:00:00Z,-18.174997,147.42499,2.0331491712707184,28.51
2019-04-01T12:00:00Z,-18.174997,147.42499,2.0110497237569063,28.14
2019-04-02T12:00:00Z,-18.174997,147.42499,1.988950276243094,28.1
2019-04-03T12:00:00Z,-18.174997,147.42499,1.9668508287292819,28.08
2019-04-04T12:00:00Z,-18.174997,147.42499,1.9447513812154695,28.2
2019-04-05T12:00:00Z,-18.174997,147.42499,1.9226519337016574,27.96
2019-04-06T12:00:00Z,-18.174997,147.42499,1.9005524861878453,27.8
2019-04-07T12:00:00Z,-18.174997,147.42499,1.8784530386740332,27.94
2019-04-08T12:00:00Z,-18.174997,147.42499,1.856353591160221,28.22
2019-04-09T12:00:00Z,-18.174997,147.42499,1.8342541436464088,28.14
2019-04-10T12:00:00Z,-18.174997,147.42499,1.8121546961325967,27.82
2019-04-11T12:00:00Z,-18.174997,147.42499,1.7900552486187846,27.94
2019-04-12T12:00:00Z,-18.174997,147.42499,1.7679558011049723,27.77
2019-04-13T12:00:00Z,-18.174997,147.42499,1.7458563535911602,27.71
2019-04-14T12:00:00Z,-18.174997,147.42499,1.723756906077348,27.51
2019-04-15T12:00:00Z,-18.174997,147.42499,1.701657458563536,27.43
2019-04-16T12:00:00Z,-18.174997,147.42499,1.6795580110497237,27.54
2019-04-17T12:00:00Z,-18.174997,147.42499,1.6574585635359116,27.45
2019-04-18T12:00:00Z,-18.174997,147.42499,1.6353591160220995,27.43
2019-04-19T12:00:00Z,-18.174997,147.42499,1.6132596685082874,27.29
2019-04-20T12:00:00Z,-18.174997,147.42499,1.591160220994475,27.25
2019-04-21T12:00:00Z,-18.174997,147.42499,1.569060773480663,27.31
2019-04-22T12:00:00Z,-18.174997,147.42499,1.5469613259668509,27.27
2019-04-23T12:00:00Z,-18.174997,147.42499,1.5248618784530388,27.29
2019-04-24T12:00:00Z,-18.174997,147.42499,1.5027624309392265,27.32
2019-04-25T12:00:00Z,-18.174997,147.42499,1.4806629834254144,27.38
2019-04-26T12:00:00Z,-18.174997,147.42499,1.4585635359116023,27.53
2019-04-27T12:00:00Z,-18.174997,147.42499,1.4364640883977902,27.39
2019-04-28T12:00:00Z,-18.174997,147.42499,1.4143646408839778,27.26
2019-04-29T12:00:00Z,-18.174997,147.42499,1.3922651933701657,27.36
2019-04-30T12:00:00Z,-18.174997,147.42499,1.3701657458563536,27.13
2019-05-01T12:00:00Z,-18.174997,147.42499,1.3480662983425415,27.22
2019-05-02T12:00:00Z,-18.174997,147.42499,1.3259668508287292,27.14
2019-05-03T12:00:00Z,-18.174997,147.42499,1.3038674033149171,27.19
2019-05-04T12:00:00Z,-18.174997,147.42499,1.281767955801105,27.27
2019-05-05T12:00:00Z,-18.174997,147.42499,1.2596685082872927,27.15
2019-05-06T12:00:00Z,-18.174997,147.42499,1.2375690607734806,27.12
2019-05-07T12:00:00Z,-18.174997,147.42499,1.2154696132596685,27.11
2019-05-08T12:00:00Z,-18.174997,147.42499,1.1933701657458564,27.05
2019-05-09T12:00:00Z,-18.174997,147.42499,1.171270718232044,26.96
2019-05-10T12:00:00Z,-18.174997,147.42499,1.149171270718232,26.84
2019-05-11T12:00:00Z,-18.174997,147.42499,1.12707182320442,26.79
2019-05-12T12:00:00Z,-18.174997,147.42499,1.1049723756906078,26.83
2019-05-13T12:00:00Z,-18.174997,147.42499,1.0828729281767955,26.72
2019-05-14T12:00:00Z,-18.174997,147.42499,1.0607734806629834,26.72
2019-05-15T12:00:00Z,-18.174997,147.42499,1.0386740331491713,26.57
2019-05-16T12:00:00Z,-18.174997,147.42499,1.0165745856353592,26.64
2019-05-17T12:00:00Z,-18.174997,147.42499,0.994475138121547,26.44
2019-05-18T12:00:00Z,-18.174997,147.42499,0.9723756906077348,26.28
2019-05-19T12:00:00Z,-18.174997,147.42499,0.9502762430939227,26.25
2019-05-20T12:00:00Z,-18.174997,147.42499,0.9281767955801105,26.11
2019-05-21T12:00:00Z,-18.174997,147.42499,0.9060773480662984,26.0
2019-05-22T12:00:00Z,-18.174997,147.42499,0.8839779005524862,25.9
2019-05-23T12:00:00Z,-18.174997,147.42499,0.861878453038674,25.9
2019-05-24T12:00:00Z,-18.174997,147.42499,0.8397790055248618,26.06
2019-05-25T12:00:00Z,-18.174997,147.42499,0.8176795580110497,26.13
2019-05-26T12:00:00Z,-18.174997,147.42499,0.7955801104972375,25.85
2019-05-27T12:00:00Z,-18.174997,147.42499,0.7734806629834254,25.89
2019-05-28T12:00:00Z,-18.174997,147.42499,0.7513812154696132,26.01
2019-05-29T12:00:00Z,-18.174997,147.42499,0.7292817679558011,26.07
2019-05-30T12:00:00Z,-18.174997,147.42499,0.7071823204419889,26.04
2019-05-31T12:00:00Z,-18.174997,147.42499,0.6850828729281768,25.93
2019-06-01T12:00:00Z,-18.174997,147.42499,0.6629834254143646,25.73
2019-06-02T12:00:00Z,-18.174997,147.42499,0.6408839779005525,25.73
2019-06-03T12:00:00Z,-18.174997,147.42499,0.6187845303867403,25.79
2019-06-04T12:00:00Z,-18.174997,147.42499,0.5966850828729282,25.88
2019-06-05T12:00:00Z,-18.174997,147.42499,0.574585635359116,25.82
2019-06-06T12:00:00Z,-18.174997,147.42499,0.5524861878453039,25.51
2019-06-07T12:00:00Z,-18.174997,147.42499,0.5303867403314917,25.74
2019-06-08T12:00:00Z,-18.174997,147.42499,0.5082872928176796,25.49
2019-06-09T12:00:00Z,-18.174997,147.42499,0.4861878453038674,25.25
2019-06-10T12:00:00Z,-18.174997,147.42499,0.46408839779005523,25.16
2019-06-11T12:00:00Z,-18.174997,147.42499,0.4419889502762431,25.09
2019-06-12T12:00:00Z,-18.174997,147.42499,0.4198895027624309,25.12
2019-06-13T12:00:00Z,-18.174997,147.42499,0.39779005524861877,25.05
2019-06-14T12:00:00Z,-18.174997,147.42499,0.3756906077348066,25.16
2019-06-15T12:00:00Z,-18.174997,147.42499,0.35359116022099446,25.01
2019-06-16T12:00:00Z,-18.174997,147.42499,0.3314917127071823,25.09
2019-06-17T12:00:00Z,-18.174997,147.42499,0.30939226519337015,25.09
2019-06-18T12:00:00Z,-18.174997,147.42499,0.287292817679558,24.98
2019-06-19T12:00:00Z,-18.174997,147.42499,0.26519337016574585,24.95
2019-06-20T12:00:00Z,-18.174997,147.42499,0.2430939226519337,24.91
2019-06-21T12:00:00Z,-18.174997,147.42499,0.22099447513812154,24.89
2019-06-22T12:00:00Z,-18.174997,147.42499,0.19889502762430938,24.83
2019-06-23T12:00:00Z,-18.174997,147.42499,0.17679558011049723,24.65
2019-06-24T12:00:00Z,-18.174997,147.42499,0.15469613259668508,24.58
2019-06-25T12:00:00Z,-18.174997,147.42499,0.13259668508287292,24.44
2019-06-26T12:00:00Z,-18.174997,147.42499,0.11049723756906077,24.25
2019-06-27T12:00:00Z,-18.174997,147.42499,0.08839779005524862,24.3
2019-06-28T12:00:00Z,-18.174997,147.42499,0.06629834254143646,24.2
2019-06-29T12:00:00Z,-18.174997,147.42499,0.04419889502762431,24.3
2019-06-30T12:00:00Z,-18.174997,147.42499,0.022099447513812154,24.33
2019-07-01T12:00:00Z,-18.174997,147.42499,0.0,24.24
2019-07-02T12:00:00Z,-18.174997,147.42499,0.0,24.34
2019-07-03T12:00:00Z,-18.174997,147.42499,0.022099447513812154,24.22
2019-07-04T12:00:00Z,-18.174997,147.42499,0.04419889502762431,24.2
2019-07-05T12:00:00Z,-18.174997,147.42499,0.06629834254143646,24.2
2019-07-06T12:00:00Z,-18.174997,147.42499,0.08839779005524862,24.25
2019-07-07T12:00:00Z,-18.174997,147.42499,0.11049723756906077,24.2
2019-07-08T12:00:00Z,-18.174997,147.42499,0.13259668508287292,24.02
2019-07-09T12:00:00Z,-18.174997,147.42499,0.15469613259668508,24.25
2019-07-10T12:00:00Z,-18.174997,147.42499,0.17679558011049723,24.18
2019-07-11T12:00:00Z,-18.174997,147.42499,0.19889502762430938,24.26
2019-07-12T12:00:00Z,-18.174997,147.42499,0.22099447513812154,24.48
2019-07-13T12:00:00Z,-18.174997,147.42499,0.2430939226519337,24.43
2019-07-14T12:00:00Z,-18.174997,147.42499,0.26519337016574585,24.37
2019-07-15T12:00:00Z,-18.174997,147.42499,0.287292817679558,24.23
2019-07-16T12:00:00Z,-18.174997,147.42499,0.30939226519337015,23.95
2019-07-17T12:00:00Z,-18.174997,147.42499,0.3314917127071823,23.94
2019-07-18T12:00:00Z,-18.174997,147.42499,0.35359116022099446,23.9
2019-07-19T12:00:00Z,-18.174997,147.42499,0.3756906077348066,23.89
2019-07-20T12:00:00Z,-18.174997,147.42499,0.39779005524861877,23.74
2019-07-21T12:00:00Z,-18.174997,147.42499,0.4198895027624309,23.64
2019-07-22T12:00:00Z,-18.174997,147.42499,0.4419889502762431,23.58
2019-07-23T12:00:00Z,-18.174997,147.42499,0.46408839779005523,23.59
2019-07-24T12:00:00Z,-18.174997,147.42499,0.4861878453038674,23.61
2019-07-25T12:00:00Z,-18.174997,147.42499,0.5082872928176796,23.7
2019-07-26T12:00:00Z,-18.174997,147.42499,0.5303867403314917,23.78
2019-07-27T12:00:00Z,-18.174997,147.42499,0.5524861878453039,23.89
2019-07-28T12:00:00Z,-18.174997,147.42499,0.574585635359116,23.8
2019-07-29T12:00:00Z,-18.174997,147.42499,0.5966850828729282,23.75
2019-07-30T12:00:00Z,-18.174997,147.42499,0.6187845303867403,23.61
2019-07-31T12:00:00Z,-18.174997,147.42499,0.6408839779005525,23.49
2019-08-01T12:00:00Z,-18.174997,147.42499,0.6629834254143646,23.48
2019-08-02T12:00:00Z,-18.174997,147.42499,0.6850828729281768,23.36
2019-08-03T12:00:00Z,-18.174997,147.42499,0.7071823204419889,23.35
2019-08-04T12:00:00Z,-18.174997,147.42499,0.7292817679558011,23.39
2019-08-05T12:00:00Z,-18.174997,147.42499,0.7513812154696132,23.49
2019-08-06T12:00:00Z,-18.174997,147.42499,0.7734806629834254,23.46
2019-08-07T12:00:00Z,-18.174997,147.42499,0.7955801104972375,23.56
2019-08-08T12:00:00Z,-18.174997,147.42499,0.8176795580110497,23.79
2019-08-09T12:00:00Z,-18.174997,147.42499,0.8397790055248618,23.96
2019-08-10T12:00:00Z,-18.174997,147.42499,0.861878453038674,23.21
2019-08-11T12:00:00Z,-18.174997,147.42499,0.8839779005524862,23.51
2019-08-12T12:00:00Z,-18.174997,147.42499,0.9060773480662984,23.68
2019-08-13T12:00:00Z,-18.174997,147.42499,0.9281767955801105,23.52
2019-08-14T12:00:00Z,-18.174997,147.42499,0.9502762430939227,23.46
2019-08-15T12:00:00Z,-18.174997,147.42499,0.9723756906077348,23.5
2019-08-16T12:00:00Z,-18.174997,147.42499,0.994475138121547,23.55
2019-08-17T12:00:00Z,-18.174997,147.42499,1.0165745856353592,23.62
2019-08-18T12:00:00Z,-18.174997,147.42499,1.0386740331491713,23.64
2019-08-19T12:00:00Z,-18.174997,147.42499,1.0607734806629834,23.69
2019-08-20T12:00:00Z,-18.174997,147.42499,1.0828729281767955,23.57
2019-08-21T12:00:00Z,-18.174997,147.42499,1.1049723756906078,23.64
2019-08-22T12:00:00Z,-18.174997,147.42499,1.12707182320442,23.55
2019-08-23T12:00:00Z,-18.174997,147.42499,1.149171270718232,23.62
2019-08-24T12:00:00Z,-18.174997,147.42499,1.171270718232044,23.75
2019-08-25T12:00:00Z,-18.174997,147.42499,1.1933701657458564,23.76
2019-08-26T12:00:00Z,-18.174997,147.42499,1.2154696132596685,23.65
2019-08-27T12:00:00Z,-18.174997,147.42499,1.2375690607734806,23.7
2019-08-28T12:00:00Z,-18.174997,147.42499,1.2596685082872927,24.13
2019-08-29T12:00:00Z,-18.174997,147.42499,1.281767955801105,23.87
2019-08-30T12:00:00Z,-18.174997,147.42499,1.3038674033149171,23.8
2019-08-31T12:00:00Z,-18.174997,147.42499,1.3259668508287292,23.92
2019-09-01T12:00:00Z,-18.174997,147.42499,1.3480662983425415,23.95
2019-09-02T12:00:00Z,-18.174997,147.42499,1.3701657458563536,24.08
2019-09-03T12:00:00Z,-18.174997,147.42499,1.3922651933701657,24.09
2019-09-04T12:00:00Z,-18.174997,147.42499,1.4143646408839778,24.09
2019-09-05T12:00:00Z,-18.174997,147.42499,1.4364640883977902,24.26
2019-09-06T12:00:00Z,-18.174997,147.42499,1.4585635359116023,24.42
2019-09-07T12:00:00Z,-18.174997,147.42499,1.4806629834254144,24.25
2019-09-08T12:00:00Z,-18.174997,147.42499,1.5027624309392265,23.97
2019-09-09T12:00:00Z,-18.174997,147.42499,1.5248618784530388,23.95
2019-09-10T12:00:00Z,-18.174997,147.42499,1.5469613259668509,23.83
2019-09-11T12:00:00Z,-18.174997,147.42499,1.569060773480663,23.93
2019-09-12T12:00:00Z,-18.174997,147.42499,1.591160220994475,24.03
2019-09-13T12:00:00Z,-18.174997,147.42499,1.6132596685082874,24.03
2019-09-14T12:00:00Z,-18.174997,147.42499,1.6353591160220995,24.16
2019-09-15T12:00:00Z,-18.174997,147.42499,1.6574585635359116,24.04
2019-09-16T12:00:00Z,-18.174997,147.42499,1.6795580110497237,23.99
2019-09-17T12:00:00Z,-18.174997,147.42499,1.701657458563536,24.01
2019-09-18T12:00:00Z,-18.174997,147.42499,1.723756906077348,24.08
2019-09-19T12:00:00Z,-18.174997,147.42499,1.7458563535911602,24.2
2019-09-20T12:00:00Z,-18.174997,147.42499,1.7679558011049723,24.19
2019-09-21T12:00:00Z,-18.174997,147.42499,1.7900552486187846,24.27
2019-09-22T12:00:00Z,-18.174997,147.42499,1.8121546961325967,24.31
2019-09-23T12:00:00Z,-18.174997,147.42499,1.8342541436464088,24.21
2019-09-24T12:00:00Z,-18.174997,147.42499,1.856353591160221,24.24
2019-09-25T12:00:00Z,-18.174997,147.42499,1.8784530386740332,24.25
2019-09-26T12:00:00Z,-18.174997,147.42499,1.9005524861878453,24.29
2019-09-27T12:00:00Z,-18.174997,147.42499,1.9226519337016574,24.57
2019-09-28T12:00:00Z,-18.174997,147.42499,1.9447513812154695,25.01
2019-09-29T12:00:00Z,-18.174997,147.42499,1.9668508287292819,25.19
2019-09-30T12:00:00Z,-18.174997,147.42499,1.988950276243094,25.04
2019-10-01T12:00:00Z,-18.174997,147.42499,2.0110497237569063,25.29
2019-10-02T12:00:00Z,-18.174997,147.42499,2.0331491712707184,25.28
2019-10-03T12:00:00Z,-18.174997,147.42499,2.0552486187845305,25.16
2019-10-04T12:00:00Z,-18.174997,147.42499,2.0773480662983426,24.92
2019-10-05T12:00:00Z,-18.174997,147.42499,2.0994475138121547,25.18
2019-10-06T12:00:00Z,-18.174997,147.42499,2.1215469613259668,25.0
2019-10-07T12:00:00Z,-18.174997,147.42499,2.143646408839779,25.24
2019-10-08T12:00:00Z,-18.174997,147.42499,2.165745856353591,25.4
2019-10-09T12:00:00Z,-18.174997,147.42499,2.1878453038674035,25.28
2019-10-10T12:00:00Z,-18.174997,147.42499,2.2099447513812156,25.27
2019-10-11T12:00:00Z,-18.174997,147.42499,2.2320441988950277,25.32
2019-10-12T12:00:00Z,-18.174997,147.42499,2.25414364640884,25.5
2019-10-13T12:00:00Z,-18.174997,147.42499,2.276243093922652,25.79
2019-10-14T12:00:00Z,-18.174997,147.42499,2.298342541436464,25.7
2019-10-15T12:00:00Z,-18.174997,147.42499,2.320441988950276,25.68
2019-10-16T12:00:00Z,-18.174997,147.42499,2.342541436464088,25.66
2019-10-17T12:00:00Z,-18.174997,147.42499,2.3646408839779007,25.57
2019-10-18T12:00:00Z,-18.174997,147.42499,2.386740331491713,25.57
2019-10-19T12:00:00Z,-18.174997,147.42499,2.408839779005525,25.6
2019-10-20T12:00:00Z,-18.174997,147.42499,2.430939226519337,25.76
2019-10-21T12:00:00Z,-18.174997,147.42499,2.453038674033149,25.77
2019-10-22T12:00:00Z,-18.174997,147.42499,2.4751381215469612,25.7
2019-10-23T12:00:00Z,-18.174997,147.42499,2.4972375690607733,25.61
2019-10-24T12:00:00Z,-18.174997,147.42499,2.5193370165745854,25.74
2019-10-25T12:00:00Z,-18.174997,147.42499,2.541436464088398,25.62
2019-10-26T12:00:00Z,-18.174997,147.42499,2.56353591160221,25.66
2019-10-27T12:00:00Z,-18.174997,147.42499,2.585635359116022,25.82
2019-10-28T12:00:00Z,-18.174997,147.42499,2.6077348066298343,25.87
2019-10-29T12:00:00Z,-18.174997,147.42499,2.6298342541436464,25.99
2019-10-30T12:00:00Z,-18.174997,147.42499,2.6519337016574585,25.57
2019-10-31T12:00:00Z,-18.174997,147.42499,2.6740331491712706,25.69
2019-11-01T12:00:00Z,-18.174997,147.42499,2.696132596685083,25.74
2019-11-02T12:00:00Z,-18.174997,147.42499,2.718232044198895,25.78
2019-11-03T12:00:00Z,-18.174997,147.42499,2.7403314917127073,25.95
2019-11-04T12:00:00Z,-18.174997,147.42499,2.7624309392265194,25.76
2019-11-05T12:00:00Z,-18.174997,147.42499,2.7845303867403315,25.89
2019-11-06T12:00:00Z,-18.174997,147.42499,2.8066298342541436,26.0
2019-11-07T12:00:00Z,-18.174997,147.42499,2.8287292817679557,26.24
2019-11-08T12:00:00Z,-18.174997,147.42499,2.850828729281768,26.16
2019-11-09T12:00:00Z,-18.174997,147.42499,2.8729281767955803,26.18
2019-11-10T12:00:00Z,-18.174997,147.42499,2.8950276243093924,26.21
2019-11-11T12:00:00Z,-18.174997,147.42499,2.9171270718232045,26.19
2019-11-12T12:00:00Z,-18.174997,147.42499,2.9392265193370166,26.27
2019-11-13T12:00:00Z,-18.174997,147.42499,2.9613259668508287,26.31
2019-11-14T12:00:00Z,-18.174997,147.42499,2.983425414364641,26.31
2019-11-15T12:00:00Z,-18.174997,147.42499,3.005524861878453,26.37
2019-11-16T12:00:00Z,-18.174997,147.42499,3.027624309392265,26.57
2019-11-17T12:00:00Z,-18.174997,147.42499,3.0497237569060776,26.63
2019-11-18T12:00:00Z,-18.174997,147.42499,3.0718232044198897,26.6
2019-11-19T12:00:00Z,-18.174997,147.42499,3.0939226519337018,26.46
2019-11-20T12:00:00Z,-18.174997,147.42499,3.116022099447514,26.66
2019-11-21T12:00:00Z,-18.174997,147.42499,3.138121546961326,26.75
2019-11-22T12:00:00Z,-18.174997,147.42499,3.160220994475138,26.66
2019-11-23T12:00:00Z,-18.174997,147.42499,3.18232044198895,26.77
2019-11-24T12:00:00Z,-18.174997,147.42499,3.2044198895027622,26.79
2019-11-25T12:00:00Z,-18.174997,147.42499,3.226519337016575,26.77
2019-11-26T12:00:00Z,-18.174997,147.42499,3.248618784530387,26.83
2019-11-27T12:00:00Z,-18.174997,147.42499,3.270718232044199,27.08
2019-11-28T12:00:00Z,-18.174997,147.42499,3.292817679558011,27.09
2019-11-29T12:00:00Z,-18.174997,147.42499,3.314917127071823,26.98
2019-11-30T12:00:00Z,-18.174997,147.42499,3.3370165745856353,26.88
2019-12-01T12:00:00Z,-18.174997,147.42499,3.3591160220994474,26.95
2019-12-02T12:00:00Z,-18.174997,147.42499,3.3812154696132595,27.23
2019-12-03T12:00:00Z,-18.174997,147.42499,3.403314917127072,27.41
2019-12-04T12:00:00Z,-18.174997,147.42499,3.425414364640884,27.69
2019-12-05T12:00:00Z,-18.174997,147.42499,3.447513812154696,27.86
2019-12-06T12:00:00Z,-18.174997,147.42499,3.4696132596685083,27.82
2019-12-07T12:00:00Z,-18.174997,147.42499,3.4917127071823204,27.91
2019-12-08T12:00:00Z,-18.174997,147.42499,3.5138121546961325,28.01
2019-12-09T12:00:00Z,-18.174997,147.42499,3.5359116022099446,27.7
2019-12-10T12:00:00Z,-18.174997,147.42499,3.5580110497237567,27.5
2019-12-11T12:00:00Z,-18.174997,147.42499,3.5801104972375692,27.46
2019-12-12T12:00:00Z,-18.174997,147.42499,3.6022099447513813,27.55
2019-12-13T12:00:00Z,-18.174997,147.42499,3.6243093922651934,27.65
2019-12-14T12:00:00Z,-18.174997,147.42499,3.6464088397790055,27.85
2019-12-15T12:00:00Z,-18.174997,147.42499,3.6685082872928176,28.07
2019-12-16T12:00:00Z,-18.174997,147.42499,3.6906077348066297,28.28
2019-12-17T12:00:00Z,-18.174997,147.42499,3.712707182320442,28.36
2019-12-18T12:00:00Z,-18.174997,147.42499,3.734806629834254,28.24
2019-12-19T12:00:00Z,-18.174997,147.42499,3.7569060773480665,27.92
2019-12-20T12:00:00Z,-18.174997,147.42499,3.7790055248618786,27.96
2019-12-21T12:00:00Z,-18.174997,147.42499,3.8011049723756907,27.86
2019-12-22T12:00:00Z,-18.174997,147.42499,3.8232044198895028,28.05
2019-12-23T12:00:00Z,-18.174997,147.42499,3.845303867403315,27.91
2019-12-24T12:00:00Z,-18.174997,147.42499,3.867403314917127,27.93
2019-12-25T12:00:00Z,-18.174997,147.42499,3.889502762430939,28.21
2019-12-26T12:00:00Z,-18.174997,147.42499,3.911602209944751,28.37
2019-12-27T12:00:00Z,-18.174997,147.42499,3.9337016574585637,28.33
2019-12-28T12:00:00Z,-18.174997,147.42499,3.955801104972376,28.34
2019-12-29T12:00:00Z,-18.174997,147.42499,3.977900552486188,28.21
2019-12-30T12:00:00Z,-18.174997,147.42499,4.0,28.22
2019-12-31T12:00:00Z,-18.174997,147.42499,4.0220994475138125,28.27
2020-01-01T12:00:00Z,-18.174997,147.42499,4.0,28.43
2020-01-02T12:00:00Z,-18.174997,147.42499,3.977900552486188,28.86
2020-01-03T12:00:00Z,-18.174997,147.42499,3.955801104972376,28.89
2020-01-04T12:00:00Z,-18.174997,147.42499,3.9337016574585637,28.74
2020-01-05T12:00:00Z,-18.174997,147.42499,3.911602209944751,28.7
2020-01-06T12:00:00Z,-18.174997,147.42499,3.889502762430939,28.6
2020-01-07T12:00:00Z,-18.174997,147.42499,3.867403314917127,28.55
2020-01-08T12:00:00Z,-18.174997,147.42499,3.845303867403315,28.5
2020-01-09T12:00:00Z,-18.174997,147.42499,3.8232044198895028,28.54
2020-01-10T12:00:00Z,-18.174997,147.42499,3.8011049723756907,28.54
2020-01-11T12:00:00Z,-18.174997,147.42499,3.7790055248618786,28.34
2020-01-12T12:00:00Z,-18.174997,147.42499,3.7569060773480665,28.18
2020-01-13T12:00:00Z,-18.174997,147.42499,3.734806629834254,28.31
2020-01-14T12:00:00Z,-18.174997,147.42499,3.712707182320442,28.55
2020-01-15T12:00:00Z,-18.174997,147.42499,3.6906077348066297,28.73
2020-01-16T12:00:00Z,-18.174997,147.42499,3.6685082872928176,28.3
2020-01-17T12:00:00Z,-18.174997,147.42499,3.6464088397790055,28.49
2020-01-18T12:00:00Z,-18.174997,147.42499,3.6243093922651934,28.98
2020-01-19T12:00:00Z,-18.174997,147.42499,3.6022099447513813,29.2
2020-01-20T12:00:00Z,-18.174997,147.42499,3.5801104972375692,29.47
2020-01-21T12:00:00Z,-18.174997,147.42499,3.5580110497237567,29.4
2020-01-22T12:00:00Z,-18.174997,147.42499,3.5359116022099446,29.37
2020-01-23T12:00:00Z,-18.174997,147.42499,3.5138121546961325,29.68
2020-01-24T12:00:00Z,-18.174997,147.42499,3.4917127071823204,29.55
2020-01-25T12:00:00Z,-18.174997,147.42499,3.4696132596685083,29.6
2020-01-26T12:00:00Z,-18.174997,147.42499,3.447513812154696,29.25
2020-01-27T12:00:00Z,-18.174997,147.42499,3.425414364640884,29.36
2020-01-28T12:00:00Z,-18.174997,147.42499,3.403314917127072,29.38
2020-01-29T12:00:00Z,-18.174997,147.42499,3.3812154696132595,29.33
2020-01-30T12:00:00Z,-18.174997,147.42499,3.3591160220994474,29.41
2020-01-31T12:00:00Z,-18.174997,147.42499,3.3370165745856353,29.38
2020-02-01T12:00:00Z,-18.174997,147.42499,3.314917127071823,29.49
2020-02-02T12:00:00Z,-18.174997,147.42499,3.292817679558011,29.36
2020-02-03T12:00:00Z,-18.174997,147.42499,3.270718232044199,29.39
2020-02-04T12:00:00Z,-18.174997,147.42499,3.248618784530387,29.73
2020-02-05T12:00:00Z,-18.174997,147.42499,3.226519337016575,29.75
2020-02-06T12:00:00Z,-18.174997,147.42499,3.2044198895027622,29.75
2020-02-07T12:00:00Z,-18.174997,147.42499,3.18232044198895,29.79
2020-02-08T12:00:00Z,-18.174997,147.42499,3.160220994475138,30.13
2020-02-09T12:00:00Z,-18.174997,147.42499,3.138121546961326,30.34
2020-02-10T12:00:00Z,-18.174997,147.42499,3.116022099447514,30.07
2020-02-11T12:00:00Z,-18.174997,147.42499,3.0939226519337018,29.98
2020-02-13T12:00:00Z,-18.174997,147.42499,3.0497237569060776,30.37
2020-02-14T12:00:00Z,-18.174997,147.42499,3.027624309392265,30.36
2020-02-15T12:00:00Z,-18.174997,147.42499,3.005524861878453,30.54
2020-02-16T12:00:00Z,-18.174997,147.42499,2.983425414364641,30.32
2020-02-17T12:00:00Z,-18.174997,147.42499,2.9613259668508287,30.14
2020-02-18T12:00:00Z,-18.174997,147.42499,2.9392265193370166,30.15
2020-02-19T12:00:00Z,-18.174997,147.42499,2.9171270718232045,30.15
2020-02-20T12:00:00Z,-18.174997,147.42499,2.8950276243093924,30.1
2020-02-21T12:00:00Z,-18.174997,147.42499,2.8729281767955803,30.17
2020-02-22T12:00:00Z,-18.174997,147.42499,2.850828729281768,30.03
2020-02-23T12:00:00Z,-18.174997,147.42499,2.8287292817679557,29.81
2020-02-24T12:00:00Z,-18.174997,147.42499,2.8066298342541436,29.72
2020-02-26T12:00:00Z,-18.174997,147.42499,2.7624309392265194,29.63
2020-02-27T12:00:00Z,-18.174997,147.42499,2.7403314917127073,29.71
2020-02-28T12:00:00Z,-18.174997,147.42499,2.718232044198895,29.73
2020-03-01T12:00:00Z,-18.174997,147.42499,2.6740331491712706,29.78
2020-03-02T12:00:00Z,-18.174997,147.42499,2.6519337016574585,29.96
2020-03-03T12:00:00Z,-18.174997,147.42499,2.6298342541436464,29.71
2020-03-04T12:00:00Z,-18.174997,147.42499,2.6077348066298343,30.09
2020-03-05T12:00:00Z,-18.174997,147.42499,2.585635359116022,29.95
2020-03-06T12:00:00Z,-18.174997,147.42499,2.56353591160221,30.04
2020-03-07T12:00:00Z,-18.174997,147.42499,2.541436464088398,30.29
2020-03-08T12:00:00Z,-18.174997,147.42499,2.5193370165745854,30.16
2020-03-09T12:00:00Z,-18.174997,147.42499,2.4972375690607733,30.01
2020-03-10T12:00:00Z,-18.174997,147.42499,2.4751381215469612,29.94
2020-03-11T12:00:00Z,-18.174997,147.42499,2.453038674033149,29.96
2020-03-12T12:00:00Z,-18.174997,147.42499,2.430939226519337,29.74
2020-03-13T12:00:00Z,-18.174997,147.42499,2.408839779005525,29.59
2020-03-14T12:00:00Z,-18.174997,147.42499,2.386740331491713,29.22
2020-03-15T12:00:00Z,-18.174997,147.42499,2.3646408839779007,28.98
2020-03-16T12:00:00Z,-18.174997,147.42499,2.342541436464088,28.83
2020-03-17T12:00:00Z,-18.174997,147.42499,2.320441988950276,28.68
2020-03-18T12:00:00Z,-18.174997,147.42499,2.298342541436464,28.51
2020-03-19T12:00:00Z,-18.174997,147.42499,2.276243093922652,28.32
2020-03-20T12:00:00Z,-18.174997,147.42499,2.25414364640884,28.21
2020-03-21T12:00:00Z,-18.174997,147.42499,2.2320441988950277,28.24
2020-03-22T12:00:00Z,-18.174997,147.42499,2.2099447513812156,28.28
2020-03-24T12:00:00Z,-18.174997,147.42499,2.165745856353591,28.18
2020-03-25T12:00:00Z,-18.174997,147.42499,2.143646408839779,27.93
2020-03-26T12:00:00Z,-18.174997,147.42499,2.1215469613259668,27.93
2020-03-27T12:00:00Z,-18.174997,147.42499,2.0994475138121547,28.13
2020-03-28T12:00:00Z,-18.174997,147.42499,2.0773480662983426,28.13
2020-03-29T12:00:00Z,-18.174997,147.42499,2.0552486187845305,27.78
2020-03-30T12:00:00Z,-18.174997,147.42499,2.0331491712707184,28.03
2020-04-01T12:00:00Z,-18.174997,147.42499,1.988950276243094,27.99
2020-04-02T12:00:00Z,-18.174997,147.42499,1.9668508287292819,27.94
2020-04-03T12:00:00Z,-18.174997,147.42499,1.9447513812154695,27.91
2020-04-04T12:00:00Z,-18.174997,147.42499,1.9226519337016574,27.96
2020-04-05T12:00:00Z,-18.174997,147.42499,1.9005524861878453,28.24
2020-04-06T12:00:00Z,-18.174997,147.42499,1.8784530386740332,28.13
2020-04-07T12:00:00Z,-18.174997,147.42499,1.856353591160221,28.03
2020-04-08T12:00:00Z,-18.174997,147.42499,1.8342541436464088,28.14
2020-04-09T12:00:00Z,-18.174997,147.42499,1.8121546961325967,28.01
2020-04-10T12:00:00Z,-18.174997,147.42499,1.7900552486187846,27.91
2020-04-11T12:00:00Z,-18.174997,147.42499,1.7679558011049723,27.89
2020-04-12T12:00:00Z,-18.174997,147.42499,1.7458563535911602,28.02
2020-04-13T12:00:00Z,-18.174997,147.42499,1.723756906077348,27.97
2020-04-14T12:00:00Z,-18.174997,147.42499,1.701657458563536,27.88
2020-04-15T12:00:00Z,-18.174997,147.42499,1.6795580110497237,27.79
2020-04-16T12:00:00Z,-18.174997,147.42499,1.6574585635359116,27.75
2020-04-17T12:00:00Z,-18.174997,147.42499,1.6353591160220995,27.82
2020-04-18T12:00:00Z,-18.174997,147.42499,1.6132596685082874,28.07
2020-04-20T12:00:00Z,-18.174997,147.42499,1.569060773480663,28.2
2020-04-21T12:00:00Z,-18.174997,147.42499,1.5469613259668509,28.21
2020-04-22T12:00:00Z,-18.174997,147.42499,1.5248618784530388,28.12
2020-04-23T12:00:00Z,-18.174997,147.42499,1.5027624309392265,28.01
2020-04-24T12:00:00Z,-18.174997,147.42499,1.4806629834254144,28.06
2020-04-25T12:00:00Z,-18.174997,147.42499,1.4585635359116023,27.87
2020-04-26T12:00:00Z,-18.174997,147.42499,1.4364640883977902,27.87
2020-04-28T12:00:00Z,-18.174997,147.42499,1.3922651933701657,27.71
2020-04-29T12:00:00Z,-18.174997,147.42499,1.3701657458563536,27.66
2020-05-02T12:00:00Z,-18.174997,147.42499,1.3038674033149171,27.68
2020-05-03T12:00:00Z,-18.174997,147.42499,1.281767955801105,27.65
2020-05-04T12:00:00Z,-18.174997,147.42499,1.2596685082872927,27.51
2020-05-05T12:00:00Z,-18.174997,147.42499,1.2375690607734806,27.39
2020-05-06T12:00:00Z,-18.174997,147.42499,1.2154696132596685,27.26
2020-05-07T12:00:00Z,-18.174997,147.42499,1.1933701657458564,27.12
2020-05-08T12:00:00Z,-18.174997,147.42499,1.171270718232044,27.09
2020-05-09T12:00:00Z,-18.174997,147.42499,1.149171270718232,27.02
2020-05-10T12:00:00Z,-18.174997,147.42499,1.12707182320442,26.97
2020-05-11T12:00:00Z,-18.174997,147.42499,1.1049723756906078,27.0
2020-05-12T12:00:00Z,-18.174997,147.42499,1.0828729281767955,26.81
2020-05-13T12:00:00Z,-18.174997,147.42499,1.0607734806629834,26.91
2020-05-14T12:00:00Z,-18.174997,147.42499,1.0386740331491713,26.71
2020-05-15T12:00:00Z,-18.174997,147.42499,1.0165745856353592,26.76
2020-05-16T12:00:00Z,-18.174997,147.42499,0.994475138121547,26.37
2020-05-17T12:00:00Z,-18.174997,147.42499,0.9723756906077348,26.5
